Copyright 1986-2019 Xilinx, Inc. All Rights Reserved.
--------------------------------------------------------------------------------------------------------------------
| Tool Version : Vivado v.2019.2 (lin64) Build 2708876 Wed Nov  6 21:39:14 MST 2019
| Date         : Wed Aug  5 04:24:31 2026
| Host         : e0bc835a75ab running 64-bit Ubuntu 18.04.6 LTS
| Command      : report_timing -max_paths 20 -nworst 10 -file /workspace/run_vivado/project/impl_critical_paths.rpt
| Design       : thinpad_top
| Device       : 7a200t-fbg676
| Speed File   : -2  PRODUCTION 1.23 2018-06-13
--------------------------------------------------------------------------------------------------------------------

Timing Report

Slack (VIOLATED) :        -0.127ns  (required time - arrival time)
  Source:                 u_soc_top/u_cpu/u_core/reg_id_ex1_data/data_out_reg[123]_rep/C
                            (rising edge-triggered cell FDRE clocked by cpu_clk  {rise@0.000ns fall@5.000ns period=10.000ns})
  Destination:            u_soc_top/u_cpu/u_core/reg_ex_mem1_data/data_out_reg[104]/D
                            (rising edge-triggered cell FDRE clocked by cpu_clk  {rise@0.000ns fall@5.000ns period=10.000ns})
  Path Group:             cpu_clk
  Path Type:              Setup (Max at Slow Process Corner)
  Requirement:            10.000ns  (cpu_clk rise@10.000ns - cpu_clk rise@0.000ns)
  Data Path Delay:        9.804ns  (logic 2.385ns (24.328%)  route 7.419ns (75.672%))
  Logic Levels:           11  (LUT2=1 LUT3=1 LUT5=4 LUT6=3 MUXF7=2)
  Clock Path Skew:        -0.170ns (DCD - SCD + CPR)
    Destination Clock Delay (DCD):    -1.459ns = ( 8.541 - 10.000 ) 
    Source Clock Delay      (SCD):    -1.811ns
    Clock Pessimism Removal (CPR):    -0.522ns
  Clock Uncertainty:      0.094ns  ((TSJ^2 + DJ^2)^1/2) / 2 + PE
    Total System Jitter     (TSJ):    0.071ns
    Discrete Jitter          (DJ):    0.175ns
    Phase Error              (PE):    0.000ns

    Location             Delay type                Incr(ns)  Path(ns)    Netlist Resource(s)
  -------------------------------------------------------------------    -------------------
                         (clock cpu_clk rise edge)    0.000     0.000 r  
    K21                                               0.000     0.000 r  clk_50M (IN)
                         net (fo=0)                   0.000     0.000    u_soc_top/pll_clk.u_clk_pll/inst/clk_in1
    K21                  IBUF (Prop_ibuf_I_O)         1.394     1.394 r  u_soc_top/pll_clk.u_clk_pll/inst/clkin1_ibufg/O
                         net (fo=1, routed)           1.080     2.474    u_soc_top/pll_clk.u_clk_pll/inst/clk_in1_clk_pll
    PLLE2_ADV_X0Y3       PLLE2_ADV (Prop_plle2_adv_CLKIN1_CLKOUT0)
                                                     -7.629    -5.155 r  u_soc_top/pll_clk.u_clk_pll/inst/plle2_adv_inst/CLKOUT0
                         net (fo=1, routed)           1.557    -3.598    u_soc_top/pll_clk.u_clk_pll/inst/cpu_clk_clk_pll
    BUFGCTRL_X0Y16       BUFG (Prop_bufg_I_O)         0.081    -3.517 r  u_soc_top/pll_clk.u_clk_pll/inst/clkout1_buf/O
                         net (fo=4420, routed)        1.706    -1.811    u_soc_top/u_cpu/u_core/reg_id_ex1_data/cpu_clk
    SLICE_X48Y35         FDRE                                         r  u_soc_top/u_cpu/u_core/reg_id_ex1_data/data_out_reg[123]_rep/C
  -------------------------------------------------------------------    -------------------
    SLICE_X48Y35         FDRE (Prop_fdre_C_Q)         0.433    -1.378 r  u_soc_top/u_cpu/u_core/reg_id_ex1_data/data_out_reg[123]_rep/Q
                         net (fo=128, routed)         1.088    -0.290    u_soc_top/u_cpu/u_core/rf_unit/data_out_reg[68]_i_8_0
    SLICE_X49Y32         LUT6 (Prop_lut6_I2_O)        0.105    -0.185 f  u_soc_top/u_cpu/u_core/rf_unit/data_out[69]_i_10/O
                         net (fo=1, routed)           0.000    -0.185    u_soc_top/u_cpu/u_core/rf_unit/data_out[69]_i_10_n_0
    SLICE_X49Y32         MUXF7 (Prop_muxf7_I1_O)      0.182    -0.003 f  u_soc_top/u_cpu/u_core/rf_unit/data_out_reg[69]_i_5/O
                         net (fo=1, routed)           0.770     0.767    u_soc_top/u_cpu/u_core/rf_unit/data_out_reg[69]_i_5_n_0
    SLICE_X46Y36         LUT6 (Prop_lut6_I0_O)        0.252     1.019 f  u_soc_top/u_cpu/u_core/rf_unit/data_out[69]_i_4/O
                         net (fo=1, routed)           0.781     1.800    u_soc_top/u_cpu/u_core/reg_mem_wb1_data/rf_rd2_1[1]
    SLICE_X38Y45         LUT5 (Prop_lut5_I4_O)        0.105     1.905 f  u_soc_top/u_cpu/u_core/reg_mem_wb1_data/data_out[69]_i_2__0/O
                         net (fo=1, routed)           0.000     1.905    u_soc_top/u_cpu/u_core/reg_ex_mem0_ctrl/data_out_reg[69]_1
    SLICE_X38Y45         MUXF7 (Prop_muxf7_I0_O)      0.178     2.083 f  u_soc_top/u_cpu/u_core/reg_ex_mem0_ctrl/data_out_reg[69]_i_1/O
                         net (fo=2, routed)           0.746     2.829    u_soc_top/u_cpu/u_core/reg_id_ex1_data/D[1]
    SLICE_X37Y54         LUT3 (Prop_lut3_I2_O)        0.252     3.081 f  u_soc_top/u_cpu/u_core/reg_id_ex1_data/data_out[131]_i_12/O
                         net (fo=96, routed)          1.137     4.218    u_soc_top/u_cpu/u_core/reg_id_ex1_data/data_out_reg[113]_0[1]
    SLICE_X23Y51         LUT2 (Prop_lut2_I1_O)        0.124     4.342 r  u_soc_top/u_cpu/u_core/reg_id_ex1_data/data_out[131]_i_15/O
                         net (fo=29, routed)          0.777     5.119    u_soc_top/u_cpu/u_core/reg_id_ex1_data/data_out_reg[85]_0
    SLICE_X21Y51         LUT5 (Prop_lut5_I3_O)        0.277     5.396 r  u_soc_top/u_cpu/u_core/reg_id_ex1_data/data_out[40]_i_4__0/O
                         net (fo=2, routed)           0.529     5.925    u_soc_top/u_cpu/u_core/reg_id_ex1_data/data_out[40]_i_4__0_n_0
    SLICE_X22Y52         LUT5 (Prop_lut5_I4_O)        0.267     6.192 f  u_soc_top/u_cpu/u_core/reg_id_ex1_data/data_out[104]_i_4/O
                         net (fo=2, routed)           0.553     6.745    u_soc_top/u_cpu/u_core/reg_id_ex1_data/data_out[104]_i_4_n_0
    SLICE_X24Y52         LUT6 (Prop_lut6_I0_O)        0.105     6.850 f  u_soc_top/u_cpu/u_core/reg_id_ex1_data/data_out[104]_i_2/O
                         net (fo=2, routed)           0.642     7.492    u_soc_top/u_cpu/u_core/reg_id_ex1_data/data_out[104]_i_2_n_0
    SLICE_X30Y52         LUT5 (Prop_lut5_I0_O)        0.105     7.597 r  u_soc_top/u_cpu/u_core/reg_id_ex1_data/data_out[104]_i_1/O
                         net (fo=1, routed)           0.396     7.993    u_soc_top/u_cpu/u_core/reg_ex_mem1_data/data_out_reg[131]_0[68]
    SLICE_X31Y52         FDRE                                         r  u_soc_top/u_cpu/u_core/reg_ex_mem1_data/data_out_reg[104]/D
  -------------------------------------------------------------------    -------------------

                         (clock cpu_clk rise edge)   10.000    10.000 r  
    K21                                               0.000    10.000 r  clk_50M (IN)
                         net (fo=0)                   0.000    10.000    u_soc_top/pll_clk.u_clk_pll/inst/clk_in1
    K21                  IBUF (Prop_ibuf_I_O)         1.328    11.328 r  u_soc_top/pll_clk.u_clk_pll/inst/clkin1_ibufg/O
                         net (fo=1, routed)           1.019    12.347    u_soc_top/pll_clk.u_clk_pll/inst/clk_in1_clk_pll
    PLLE2_ADV_X0Y3       PLLE2_ADV (Prop_plle2_adv_CLKIN1_CLKOUT0)
                                                     -6.890     5.457 r  u_soc_top/pll_clk.u_clk_pll/inst/plle2_adv_inst/CLKOUT0
                         net (fo=1, routed)           1.484     6.942    u_soc_top/pll_clk.u_clk_pll/inst/cpu_clk_clk_pll
    BUFGCTRL_X0Y16       BUFG (Prop_bufg_I_O)         0.077     7.019 r  u_soc_top/pll_clk.u_clk_pll/inst/clkout1_buf/O
                         net (fo=4420, routed)        1.522     8.541    u_soc_top/u_cpu/u_core/reg_ex_mem1_data/cpu_clk
    SLICE_X31Y52         FDRE                                         r  u_soc_top/u_cpu/u_core/reg_ex_mem1_data/data_out_reg[104]/C
                         clock pessimism             -0.522     8.019    
                         clock uncertainty           -0.094     7.924    
    SLICE_X31Y52         FDRE (Setup_fdre_C_D)       -0.059     7.865    u_soc_top/u_cpu/u_core/reg_ex_mem1_data/data_out_reg[104]
  -------------------------------------------------------------------
                         required time                          7.865    
                         arrival time                          -7.993    
  -------------------------------------------------------------------
                         slack                                 -0.127    

Slack (VIOLATED) :        -0.127ns  (required time - arrival time)
  Source:                 u_soc_top/u_cpu/u_core/reg_id_ex1_data/data_out_reg[123]_rep/C
                            (rising edge-triggered cell FDRE clocked by cpu_clk  {rise@0.000ns fall@5.000ns period=10.000ns})
  Destination:            u_soc_top/u_cpu/u_core/reg_ex_mem1_data/data_out_reg[104]/D
                            (rising edge-triggered cell FDRE clocked by cpu_clk  {rise@0.000ns fall@5.000ns period=10.000ns})
  Path Group:             cpu_clk
  Path Type:              Setup (Max at Slow Process Corner)
  Requirement:            10.000ns  (cpu_clk rise@10.000ns - cpu_clk rise@0.000ns)
  Data Path Delay:        9.804ns  (logic 2.385ns (24.328%)  route 7.419ns (75.672%))
  Logic Levels:           11  (LUT2=1 LUT3=1 LUT5=4 LUT6=3 MUXF7=2)
  Clock Path Skew:        -0.170ns (DCD - SCD + CPR)
    Destination Clock Delay (DCD):    -1.459ns = ( 8.541 - 10.000 ) 
    Source Clock Delay      (SCD):    -1.811ns
    Clock Pessimism Removal (CPR):    -0.522ns
  Clock Uncertainty:      0.094ns  ((TSJ^2 + DJ^2)^1/2) / 2 + PE
    Total System Jitter     (TSJ):    0.071ns
    Discrete Jitter          (DJ):    0.175ns
    Phase Error              (PE):    0.000ns

    Location             Delay type                Incr(ns)  Path(ns)    Netlist Resource(s)
  -------------------------------------------------------------------    -------------------
                         (clock cpu_clk rise edge)    0.000     0.000 r  
    K21                                               0.000     0.000 r  clk_50M (IN)
                         net (fo=0)                   0.000     0.000    u_soc_top/pll_clk.u_clk_pll/inst/clk_in1
    K21                  IBUF (Prop_ibuf_I_O)         1.394     1.394 r  u_soc_top/pll_clk.u_clk_pll/inst/clkin1_ibufg/O
                         net (fo=1, routed)           1.080     2.474    u_soc_top/pll_clk.u_clk_pll/inst/clk_in1_clk_pll
    PLLE2_ADV_X0Y3       PLLE2_ADV (Prop_plle2_adv_CLKIN1_CLKOUT0)
                                                     -7.629    -5.155 r  u_soc_top/pll_clk.u_clk_pll/inst/plle2_adv_inst/CLKOUT0
                         net (fo=1, routed)           1.557    -3.598    u_soc_top/pll_clk.u_clk_pll/inst/cpu_clk_clk_pll
    BUFGCTRL_X0Y16       BUFG (Prop_bufg_I_O)         0.081    -3.517 r  u_soc_top/pll_clk.u_clk_pll/inst/clkout1_buf/O
                         net (fo=4420, routed)        1.706    -1.811    u_soc_top/u_cpu/u_core/reg_id_ex1_data/cpu_clk
    SLICE_X48Y35         FDRE                                         r  u_soc_top/u_cpu/u_core/reg_id_ex1_data/data_out_reg[123]_rep/C
  -------------------------------------------------------------------    -------------------
    SLICE_X48Y35         FDRE (Prop_fdre_C_Q)         0.433    -1.378 f  u_soc_top/u_cpu/u_core/reg_id_ex1_data/data_out_reg[123]_rep/Q
                         net (fo=128, routed)         1.088    -0.290    u_soc_top/u_cpu/u_core/rf_unit/data_out_reg[68]_i_8_0
    SLICE_X49Y32         LUT6 (Prop_lut6_I2_O)        0.105    -0.185 f  u_soc_top/u_cpu/u_core/rf_unit/data_out[69]_i_10/O
                         net (fo=1, routed)           0.000    -0.185    u_soc_top/u_cpu/u_core/rf_unit/data_out[69]_i_10_n_0
    SLICE_X49Y32         MUXF7 (Prop_muxf7_I1_O)      0.182    -0.003 f  u_soc_top/u_cpu/u_core/rf_unit/data_out_reg[69]_i_5/O
                         net (fo=1, routed)           0.770     0.767    u_soc_top/u_cpu/u_core/rf_unit/data_out_reg[69]_i_5_n_0
    SLICE_X46Y36         LUT6 (Prop_lut6_I0_O)        0.252     1.019 f  u_soc_top/u_cpu/u_core/rf_unit/data_out[69]_i_4/O
                         net (fo=1, routed)           0.781     1.800    u_soc_top/u_cpu/u_core/reg_mem_wb1_data/rf_rd2_1[1]
    SLICE_X38Y45         LUT5 (Prop_lut5_I4_O)        0.105     1.905 f  u_soc_top/u_cpu/u_core/reg_mem_wb1_data/data_out[69]_i_2__0/O
                         net (fo=1, routed)           0.000     1.905    u_soc_top/u_cpu/u_core/reg_ex_mem0_ctrl/data_out_reg[69]_1
    SLICE_X38Y45         MUXF7 (Prop_muxf7_I0_O)      0.178     2.083 f  u_soc_top/u_cpu/u_core/reg_ex_mem0_ctrl/data_out_reg[69]_i_1/O
                         net (fo=2, routed)           0.746     2.829    u_soc_top/u_cpu/u_core/reg_id_ex1_data/D[1]
    SLICE_X37Y54         LUT3 (Prop_lut3_I2_O)        0.252     3.081 f  u_soc_top/u_cpu/u_core/reg_id_ex1_data/data_out[131]_i_12/O
                         net (fo=96, routed)          1.137     4.218    u_soc_top/u_cpu/u_core/reg_id_ex1_data/data_out_reg[113]_0[1]
    SLICE_X23Y51         LUT2 (Prop_lut2_I1_O)        0.124     4.342 r  u_soc_top/u_cpu/u_core/reg_id_ex1_data/data_out[131]_i_15/O
                         net (fo=29, routed)          0.777     5.119    u_soc_top/u_cpu/u_core/reg_id_ex1_data/data_out_reg[85]_0
    SLICE_X21Y51         LUT5 (Prop_lut5_I3_O)        0.277     5.396 r  u_soc_top/u_cpu/u_core/reg_id_ex1_data/data_out[40]_i_4__0/O
                         net (fo=2, routed)           0.529     5.925    u_soc_top/u_cpu/u_core/reg_id_ex1_data/data_out[40]_i_4__0_n_0
    SLICE_X22Y52         LUT5 (Prop_lut5_I4_O)        0.267     6.192 f  u_soc_top/u_cpu/u_core/reg_id_ex1_data/data_out[104]_i_4/O
                         net (fo=2, routed)           0.553     6.745    u_soc_top/u_cpu/u_core/reg_id_ex1_data/data_out[104]_i_4_n_0
    SLICE_X24Y52         LUT6 (Prop_lut6_I0_O)        0.105     6.850 f  u_soc_top/u_cpu/u_core/reg_id_ex1_data/data_out[104]_i_2/O
                         net (fo=2, routed)           0.642     7.492    u_soc_top/u_cpu/u_core/reg_id_ex1_data/data_out[104]_i_2_n_0
    SLICE_X30Y52         LUT5 (Prop_lut5_I0_O)        0.105     7.597 r  u_soc_top/u_cpu/u_core/reg_id_ex1_data/data_out[104]_i_1/O
                         net (fo=1, routed)           0.396     7.993    u_soc_top/u_cpu/u_core/reg_ex_mem1_data/data_out_reg[131]_0[68]
    SLICE_X31Y52         FDRE                                         r  u_soc_top/u_cpu/u_core/reg_ex_mem1_data/data_out_reg[104]/D
  -------------------------------------------------------------------    -------------------

                         (clock cpu_clk rise edge)   10.000    10.000 r  
    K21                                               0.000    10.000 r  clk_50M (IN)
                         net (fo=0)                   0.000    10.000    u_soc_top/pll_clk.u_clk_pll/inst/clk_in1
    K21                  IBUF (Prop_ibuf_I_O)         1.328    11.328 r  u_soc_top/pll_clk.u_clk_pll/inst/clkin1_ibufg/O
                         net (fo=1, routed)           1.019    12.347    u_soc_top/pll_clk.u_clk_pll/inst/clk_in1_clk_pll
    PLLE2_ADV_X0Y3       PLLE2_ADV (Prop_plle2_adv_CLKIN1_CLKOUT0)
                                                     -6.890     5.457 r  u_soc_top/pll_clk.u_clk_pll/inst/plle2_adv_inst/CLKOUT0
                         net (fo=1, routed)           1.484     6.942    u_soc_top/pll_clk.u_clk_pll/inst/cpu_clk_clk_pll
    BUFGCTRL_X0Y16       BUFG (Prop_bufg_I_O)         0.077     7.019 r  u_soc_top/pll_clk.u_clk_pll/inst/clkout1_buf/O
                         net (fo=4420, routed)        1.522     8.541    u_soc_top/u_cpu/u_core/reg_ex_mem1_data/cpu_clk
    SLICE_X31Y52         FDRE                                         r  u_soc_top/u_cpu/u_core/reg_ex_mem1_data/data_out_reg[104]/C
                         clock pessimism             -0.522     8.019    
                         clock uncertainty           -0.094     7.924    
    SLICE_X31Y52         FDRE (Setup_fdre_C_D)       -0.059     7.865    u_soc_top/u_cpu/u_core/reg_ex_mem1_data/data_out_reg[104]
  -------------------------------------------------------------------
                         required time                          7.865    
                         arrival time                          -7.993    
  -------------------------------------------------------------------
                         slack                                 -0.127    

Slack (VIOLATED) :        -0.127ns  (required time - arrival time)
  Source:                 u_soc_top/u_cpu/u_core/reg_id_ex1_data/data_out_reg[123]_rep/C
                            (rising edge-triggered cell FDRE clocked by cpu_clk  {rise@0.000ns fall@5.000ns period=10.000ns})
  Destination:            u_soc_top/u_cpu/u_core/reg_ex_mem1_data/data_out_reg[104]/D
                            (rising edge-triggered cell FDRE clocked by cpu_clk  {rise@0.000ns fall@5.000ns period=10.000ns})
  Path Group:             cpu_clk
  Path Type:              Setup (Max at Slow Process Corner)
  Requirement:            10.000ns  (cpu_clk rise@10.000ns - cpu_clk rise@0.000ns)
  Data Path Delay:        9.804ns  (logic 2.385ns (24.328%)  route 7.419ns (75.672%))
  Logic Levels:           11  (LUT2=1 LUT3=1 LUT5=4 LUT6=3 MUXF7=2)
  Clock Path Skew:        -0.170ns (DCD - SCD + CPR)
    Destination Clock Delay (DCD):    -1.459ns = ( 8.541 - 10.000 ) 
    Source Clock Delay      (SCD):    -1.811ns
    Clock Pessimism Removal (CPR):    -0.522ns
  Clock Uncertainty:      0.094ns  ((TSJ^2 + DJ^2)^1/2) / 2 + PE
    Total System Jitter     (TSJ):    0.071ns
    Discrete Jitter          (DJ):    0.175ns
    Phase Error              (PE):    0.000ns

    Location             Delay type                Incr(ns)  Path(ns)    Netlist Resource(s)
  -------------------------------------------------------------------    -------------------
                         (clock cpu_clk rise edge)    0.000     0.000 r  
    K21                                               0.000     0.000 r  clk_50M (IN)
                         net (fo=0)                   0.000     0.000    u_soc_top/pll_clk.u_clk_pll/inst/clk_in1
    K21                  IBUF (Prop_ibuf_I_O)         1.394     1.394 r  u_soc_top/pll_clk.u_clk_pll/inst/clkin1_ibufg/O
                         net (fo=1, routed)           1.080     2.474    u_soc_top/pll_clk.u_clk_pll/inst/clk_in1_clk_pll
    PLLE2_ADV_X0Y3       PLLE2_ADV (Prop_plle2_adv_CLKIN1_CLKOUT0)
                                                     -7.629    -5.155 r  u_soc_top/pll_clk.u_clk_pll/inst/plle2_adv_inst/CLKOUT0
                         net (fo=1, routed)           1.557    -3.598    u_soc_top/pll_clk.u_clk_pll/inst/cpu_clk_clk_pll
    BUFGCTRL_X0Y16       BUFG (Prop_bufg_I_O)         0.081    -3.517 r  u_soc_top/pll_clk.u_clk_pll/inst/clkout1_buf/O
                         net (fo=4420, routed)        1.706    -1.811    u_soc_top/u_cpu/u_core/reg_id_ex1_data/cpu_clk
    SLICE_X48Y35         FDRE                                         r  u_soc_top/u_cpu/u_core/reg_id_ex1_data/data_out_reg[123]_rep/C
  -------------------------------------------------------------------    -------------------
    SLICE_X48Y35         FDRE (Prop_fdre_C_Q)         0.433    -1.378 r  u_soc_top/u_cpu/u_core/reg_id_ex1_data/data_out_reg[123]_rep/Q
                         net (fo=128, routed)         1.088    -0.290    u_soc_top/u_cpu/u_core/rf_unit/data_out_reg[68]_i_8_0
    SLICE_X49Y32         LUT6 (Prop_lut6_I2_O)        0.105    -0.185 r  u_soc_top/u_cpu/u_core/rf_unit/data_out[69]_i_10/O
                         net (fo=1, routed)           0.000    -0.185    u_soc_top/u_cpu/u_core/rf_unit/data_out[69]_i_10_n_0
    SLICE_X49Y32         MUXF7 (Prop_muxf7_I1_O)      0.182    -0.003 r  u_soc_top/u_cpu/u_core/rf_unit/data_out_reg[69]_i_5/O
                         net (fo=1, routed)           0.770     0.767    u_soc_top/u_cpu/u_core/rf_unit/data_out_reg[69]_i_5_n_0
    SLICE_X46Y36         LUT6 (Prop_lut6_I0_O)        0.252     1.019 r  u_soc_top/u_cpu/u_core/rf_unit/data_out[69]_i_4/O
                         net (fo=1, routed)           0.781     1.800    u_soc_top/u_cpu/u_core/reg_mem_wb1_data/rf_rd2_1[1]
    SLICE_X38Y45         LUT5 (Prop_lut5_I4_O)        0.105     1.905 r  u_soc_top/u_cpu/u_core/reg_mem_wb1_data/data_out[69]_i_2__0/O
                         net (fo=1, routed)           0.000     1.905    u_soc_top/u_cpu/u_core/reg_ex_mem0_ctrl/data_out_reg[69]_1
    SLICE_X38Y45         MUXF7 (Prop_muxf7_I0_O)      0.178     2.083 r  u_soc_top/u_cpu/u_core/reg_ex_mem0_ctrl/data_out_reg[69]_i_1/O
                         net (fo=2, routed)           0.746     2.829    u_soc_top/u_cpu/u_core/reg_id_ex1_data/D[1]
    SLICE_X37Y54         LUT3 (Prop_lut3_I2_O)        0.252     3.081 r  u_soc_top/u_cpu/u_core/reg_id_ex1_data/data_out[131]_i_12/O
                         net (fo=96, routed)          1.137     4.218    u_soc_top/u_cpu/u_core/reg_id_ex1_data/data_out_reg[113]_0[1]
    SLICE_X23Y51         LUT2 (Prop_lut2_I1_O)        0.124     4.342 f  u_soc_top/u_cpu/u_core/reg_id_ex1_data/data_out[131]_i_15/O
                         net (fo=29, routed)          0.777     5.119    u_soc_top/u_cpu/u_core/reg_id_ex1_data/data_out_reg[85]_0
    SLICE_X21Y51         LUT5 (Prop_lut5_I3_O)        0.277     5.396 f  u_soc_top/u_cpu/u_core/reg_id_ex1_data/data_out[40]_i_4__0/O
                         net (fo=2, routed)           0.529     5.925    u_soc_top/u_cpu/u_core/reg_id_ex1_data/data_out[40]_i_4__0_n_0
    SLICE_X22Y52         LUT5 (Prop_lut5_I4_O)        0.267     6.192 r  u_soc_top/u_cpu/u_core/reg_id_ex1_data/data_out[104]_i_4/O
                         net (fo=2, routed)           0.553     6.745    u_soc_top/u_cpu/u_core/reg_id_ex1_data/data_out[104]_i_4_n_0
    SLICE_X24Y52         LUT6 (Prop_lut6_I0_O)        0.105     6.850 r  u_soc_top/u_cpu/u_core/reg_id_ex1_data/data_out[104]_i_2/O
                         net (fo=2, routed)           0.642     7.492    u_soc_top/u_cpu/u_core/reg_id_ex1_data/data_out[104]_i_2_n_0
    SLICE_X30Y52         LUT5 (Prop_lut5_I0_O)        0.105     7.597 f  u_soc_top/u_cpu/u_core/reg_id_ex1_data/data_out[104]_i_1/O
                         net (fo=1, routed)           0.396     7.993    u_soc_top/u_cpu/u_core/reg_ex_mem1_data/data_out_reg[131]_0[68]
    SLICE_X31Y52         FDRE                                         f  u_soc_top/u_cpu/u_core/reg_ex_mem1_data/data_out_reg[104]/D
  -------------------------------------------------------------------    -------------------

                         (clock cpu_clk rise edge)   10.000    10.000 r  
    K21                                               0.000    10.000 r  clk_50M (IN)
                         net (fo=0)                   0.000    10.000    u_soc_top/pll_clk.u_clk_pll/inst/clk_in1
    K21                  IBUF (Prop_ibuf_I_O)         1.328    11.328 r  u_soc_top/pll_clk.u_clk_pll/inst/clkin1_ibufg/O
                         net (fo=1, routed)           1.019    12.347    u_soc_top/pll_clk.u_clk_pll/inst/clk_in1_clk_pll
    PLLE2_ADV_X0Y3       PLLE2_ADV (Prop_plle2_adv_CLKIN1_CLKOUT0)
                                                     -6.890     5.457 r  u_soc_top/pll_clk.u_clk_pll/inst/plle2_adv_inst/CLKOUT0
                         net (fo=1, routed)           1.484     6.942    u_soc_top/pll_clk.u_clk_pll/inst/cpu_clk_clk_pll
    BUFGCTRL_X0Y16       BUFG (Prop_bufg_I_O)         0.077     7.019 r  u_soc_top/pll_clk.u_clk_pll/inst/clkout1_buf/O
                         net (fo=4420, routed)        1.522     8.541    u_soc_top/u_cpu/u_core/reg_ex_mem1_data/cpu_clk
    SLICE_X31Y52         FDRE                                         r  u_soc_top/u_cpu/u_core/reg_ex_mem1_data/data_out_reg[104]/C
                         clock pessimism             -0.522     8.019    
                         clock uncertainty           -0.094     7.924    
    SLICE_X31Y52         FDRE (Setup_fdre_C_D)       -0.059     7.865    u_soc_top/u_cpu/u_core/reg_ex_mem1_data/data_out_reg[104]
  -------------------------------------------------------------------
                         required time                          7.865    
                         arrival time                          -7.993    
  -------------------------------------------------------------------
                         slack                                 -0.127    

Slack (VIOLATED) :        -0.127ns  (required time - arrival time)
  Source:                 u_soc_top/u_cpu/u_core/reg_id_ex1_data/data_out_reg[123]_rep/C
                            (rising edge-triggered cell FDRE clocked by cpu_clk  {rise@0.000ns fall@5.000ns period=10.000ns})
  Destination:            u_soc_top/u_cpu/u_core/reg_ex_mem1_data/data_out_reg[104]/D
                            (rising edge-triggered cell FDRE clocked by cpu_clk  {rise@0.000ns fall@5.000ns period=10.000ns})
  Path Group:             cpu_clk
  Path Type:              Setup (Max at Slow Process Corner)
  Requirement:            10.000ns  (cpu_clk rise@10.000ns - cpu_clk rise@0.000ns)
  Data Path Delay:        9.804ns  (logic 2.385ns (24.328%)  route 7.419ns (75.672%))
  Logic Levels:           11  (LUT2=1 LUT3=1 LUT5=4 LUT6=3 MUXF7=2)
  Clock Path Skew:        -0.170ns (DCD - SCD + CPR)
    Destination Clock Delay (DCD):    -1.459ns = ( 8.541 - 10.000 ) 
    Source Clock Delay      (SCD):    -1.811ns
    Clock Pessimism Removal (CPR):    -0.522ns
  Clock Uncertainty:      0.094ns  ((TSJ^2 + DJ^2)^1/2) / 2 + PE
    Total System Jitter     (TSJ):    0.071ns
    Discrete Jitter          (DJ):    0.175ns
    Phase Error              (PE):    0.000ns

    Location             Delay type                Incr(ns)  Path(ns)    Netlist Resource(s)
  -------------------------------------------------------------------    -------------------
                         (clock cpu_clk rise edge)    0.000     0.000 r  
    K21                                               0.000     0.000 r  clk_50M (IN)
                         net (fo=0)                   0.000     0.000    u_soc_top/pll_clk.u_clk_pll/inst/clk_in1
    K21                  IBUF (Prop_ibuf_I_O)         1.394     1.394 r  u_soc_top/pll_clk.u_clk_pll/inst/clkin1_ibufg/O
                         net (fo=1, routed)           1.080     2.474    u_soc_top/pll_clk.u_clk_pll/inst/clk_in1_clk_pll
    PLLE2_ADV_X0Y3       PLLE2_ADV (Prop_plle2_adv_CLKIN1_CLKOUT0)
                                                     -7.629    -5.155 r  u_soc_top/pll_clk.u_clk_pll/inst/plle2_adv_inst/CLKOUT0
                         net (fo=1, routed)           1.557    -3.598    u_soc_top/pll_clk.u_clk_pll/inst/cpu_clk_clk_pll
    BUFGCTRL_X0Y16       BUFG (Prop_bufg_I_O)         0.081    -3.517 r  u_soc_top/pll_clk.u_clk_pll/inst/clkout1_buf/O
                         net (fo=4420, routed)        1.706    -1.811    u_soc_top/u_cpu/u_core/reg_id_ex1_data/cpu_clk
    SLICE_X48Y35         FDRE                                         r  u_soc_top/u_cpu/u_core/reg_id_ex1_data/data_out_reg[123]_rep/C
  -------------------------------------------------------------------    -------------------
    SLICE_X48Y35         FDRE (Prop_fdre_C_Q)         0.433    -1.378 f  u_soc_top/u_cpu/u_core/reg_id_ex1_data/data_out_reg[123]_rep/Q
                         net (fo=128, routed)         1.088    -0.290    u_soc_top/u_cpu/u_core/rf_unit/data_out_reg[68]_i_8_0
    SLICE_X49Y32         LUT6 (Prop_lut6_I2_O)        0.105    -0.185 r  u_soc_top/u_cpu/u_core/rf_unit/data_out[69]_i_10/O
                         net (fo=1, routed)           0.000    -0.185    u_soc_top/u_cpu/u_core/rf_unit/data_out[69]_i_10_n_0
    SLICE_X49Y32         MUXF7 (Prop_muxf7_I1_O)      0.182    -0.003 r  u_soc_top/u_cpu/u_core/rf_unit/data_out_reg[69]_i_5/O
                         net (fo=1, routed)           0.770     0.767    u_soc_top/u_cpu/u_core/rf_unit/data_out_reg[69]_i_5_n_0
    SLICE_X46Y36         LUT6 (Prop_lut6_I0_O)        0.252     1.019 r  u_soc_top/u_cpu/u_core/rf_unit/data_out[69]_i_4/O
                         net (fo=1, routed)           0.781     1.800    u_soc_top/u_cpu/u_core/reg_mem_wb1_data/rf_rd2_1[1]
    SLICE_X38Y45         LUT5 (Prop_lut5_I4_O)        0.105     1.905 r  u_soc_top/u_cpu/u_core/reg_mem_wb1_data/data_out[69]_i_2__0/O
                         net (fo=1, routed)           0.000     1.905    u_soc_top/u_cpu/u_core/reg_ex_mem0_ctrl/data_out_reg[69]_1
    SLICE_X38Y45         MUXF7 (Prop_muxf7_I0_O)      0.178     2.083 r  u_soc_top/u_cpu/u_core/reg_ex_mem0_ctrl/data_out_reg[69]_i_1/O
                         net (fo=2, routed)           0.746     2.829    u_soc_top/u_cpu/u_core/reg_id_ex1_data/D[1]
    SLICE_X37Y54         LUT3 (Prop_lut3_I2_O)        0.252     3.081 r  u_soc_top/u_cpu/u_core/reg_id_ex1_data/data_out[131]_i_12/O
                         net (fo=96, routed)          1.137     4.218    u_soc_top/u_cpu/u_core/reg_id_ex1_data/data_out_reg[113]_0[1]
    SLICE_X23Y51         LUT2 (Prop_lut2_I1_O)        0.124     4.342 f  u_soc_top/u_cpu/u_core/reg_id_ex1_data/data_out[131]_i_15/O
                         net (fo=29, routed)          0.777     5.119    u_soc_top/u_cpu/u_core/reg_id_ex1_data/data_out_reg[85]_0
    SLICE_X21Y51         LUT5 (Prop_lut5_I3_O)        0.277     5.396 f  u_soc_top/u_cpu/u_core/reg_id_ex1_data/data_out[40]_i_4__0/O
                         net (fo=2, routed)           0.529     5.925    u_soc_top/u_cpu/u_core/reg_id_ex1_data/data_out[40]_i_4__0_n_0
    SLICE_X22Y52         LUT5 (Prop_lut5_I4_O)        0.267     6.192 r  u_soc_top/u_cpu/u_core/reg_id_ex1_data/data_out[104]_i_4/O
                         net (fo=2, routed)           0.553     6.745    u_soc_top/u_cpu/u_core/reg_id_ex1_data/data_out[104]_i_4_n_0
    SLICE_X24Y52         LUT6 (Prop_lut6_I0_O)        0.105     6.850 r  u_soc_top/u_cpu/u_core/reg_id_ex1_data/data_out[104]_i_2/O
                         net (fo=2, routed)           0.642     7.492    u_soc_top/u_cpu/u_core/reg_id_ex1_data/data_out[104]_i_2_n_0
    SLICE_X30Y52         LUT5 (Prop_lut5_I0_O)        0.105     7.597 f  u_soc_top/u_cpu/u_core/reg_id_ex1_data/data_out[104]_i_1/O
                         net (fo=1, routed)           0.396     7.993    u_soc_top/u_cpu/u_core/reg_ex_mem1_data/data_out_reg[131]_0[68]
    SLICE_X31Y52         FDRE                                         f  u_soc_top/u_cpu/u_core/reg_ex_mem1_data/data_out_reg[104]/D
  -------------------------------------------------------------------    -------------------

                         (clock cpu_clk rise edge)   10.000    10.000 r  
    K21                                               0.000    10.000 r  clk_50M (IN)
                         net (fo=0)                   0.000    10.000    u_soc_top/pll_clk.u_clk_pll/inst/clk_in1
    K21                  IBUF (Prop_ibuf_I_O)         1.328    11.328 r  u_soc_top/pll_clk.u_clk_pll/inst/clkin1_ibufg/O
                         net (fo=1, routed)           1.019    12.347    u_soc_top/pll_clk.u_clk_pll/inst/clk_in1_clk_pll
    PLLE2_ADV_X0Y3       PLLE2_ADV (Prop_plle2_adv_CLKIN1_CLKOUT0)
                                                     -6.890     5.457 r  u_soc_top/pll_clk.u_clk_pll/inst/plle2_adv_inst/CLKOUT0
                         net (fo=1, routed)           1.484     6.942    u_soc_top/pll_clk.u_clk_pll/inst/cpu_clk_clk_pll
    BUFGCTRL_X0Y16       BUFG (Prop_bufg_I_O)         0.077     7.019 r  u_soc_top/pll_clk.u_clk_pll/inst/clkout1_buf/O
                         net (fo=4420, routed)        1.522     8.541    u_soc_top/u_cpu/u_core/reg_ex_mem1_data/cpu_clk
    SLICE_X31Y52         FDRE                                         r  u_soc_top/u_cpu/u_core/reg_ex_mem1_data/data_out_reg[104]/C
                         clock pessimism             -0.522     8.019    
                         clock uncertainty           -0.094     7.924    
    SLICE_X31Y52         FDRE (Setup_fdre_C_D)       -0.059     7.865    u_soc_top/u_cpu/u_core/reg_ex_mem1_data/data_out_reg[104]
  -------------------------------------------------------------------
                         required time                          7.865    
                         arrival time                          -7.993    
  -------------------------------------------------------------------
                         slack                                 -0.127    

Slack (VIOLATED) :        -0.078ns  (required time - arrival time)
  Source:                 u_soc_top/u_cpu/u_core/reg_ex_mem0_ctrl/data_out_reg[6]/C
                            (rising edge-triggered cell FDRE clocked by cpu_clk  {rise@0.000ns fall@5.000ns period=10.000ns})
  Destination:            u_soc_top/u_axi_sram_direct/ram_addr_out_r_reg[15]/D
                            (rising edge-triggered cell FDRE clocked by cpu_clk  {rise@0.000ns fall@5.000ns period=10.000ns})
  Path Group:             cpu_clk
  Path Type:              Setup (Max at Slow Process Corner)
  Requirement:            10.000ns  (cpu_clk rise@10.000ns - cpu_clk rise@0.000ns)
  Data Path Delay:        10.100ns  (logic 2.398ns (23.743%)  route 7.702ns (76.257%))
  Logic Levels:           14  (CARRY4=2 LUT3=1 LUT4=1 LUT5=3 LUT6=7)
  Clock Path Skew:        0.131ns (DCD - SCD + CPR)
    Destination Clock Delay (DCD):    -1.232ns = ( 8.768 - 10.000 ) 
    Source Clock Delay      (SCD):    -1.885ns
    Clock Pessimism Removal (CPR):    -0.522ns
  Clock Uncertainty:      0.094ns  ((TSJ^2 + DJ^2)^1/2) / 2 + PE
    Total System Jitter     (TSJ):    0.071ns
    Discrete Jitter          (DJ):    0.175ns
    Phase Error              (PE):    0.000ns

    Location             Delay type                Incr(ns)  Path(ns)    Netlist Resource(s)
  -------------------------------------------------------------------    -------------------
                         (clock cpu_clk rise edge)    0.000     0.000 r  
    K21                                               0.000     0.000 r  clk_50M (IN)
                         net (fo=0)                   0.000     0.000    u_soc_top/pll_clk.u_clk_pll/inst/clk_in1
    K21                  IBUF (Prop_ibuf_I_O)         1.394     1.394 r  u_soc_top/pll_clk.u_clk_pll/inst/clkin1_ibufg/O
                         net (fo=1, routed)           1.080     2.474    u_soc_top/pll_clk.u_clk_pll/inst/clk_in1_clk_pll
    PLLE2_ADV_X0Y3       PLLE2_ADV (Prop_plle2_adv_CLKIN1_CLKOUT0)
                                                     -7.629    -5.155 r  u_soc_top/pll_clk.u_clk_pll/inst/plle2_adv_inst/CLKOUT0
                         net (fo=1, routed)           1.557    -3.598    u_soc_top/pll_clk.u_clk_pll/inst/cpu_clk_clk_pll
    BUFGCTRL_X0Y16       BUFG (Prop_bufg_I_O)         0.081    -3.517 r  u_soc_top/pll_clk.u_clk_pll/inst/clkout1_buf/O
                         net (fo=4420, routed)        1.632    -1.885    u_soc_top/u_cpu/u_core/reg_ex_mem0_ctrl/cpu_clk
    SLICE_X37Y60         FDRE                                         r  u_soc_top/u_cpu/u_core/reg_ex_mem0_ctrl/data_out_reg[6]/C
  -------------------------------------------------------------------    -------------------
    SLICE_X37Y60         FDRE (Prop_fdre_C_Q)         0.379    -1.506 r  u_soc_top/u_cpu/u_core/reg_ex_mem0_ctrl/data_out_reg[6]/Q
                         net (fo=127, routed)         0.524    -0.982    u_soc_top/u_cpu/u_core/reg_ex_mem0_ctrl/data_out_reg[6]_0[2]
    SLICE_X37Y58         LUT3 (Prop_lut3_I0_O)        0.105    -0.877 r  u_soc_top/u_cpu/u_core/reg_ex_mem0_ctrl/wdata_stored[31]_i_3/O
                         net (fo=103, routed)         0.826    -0.051    u_soc_top/u_cpu/u_core/reg_ex_mem0_ctrl/data_out_reg[6]_1
    SLICE_X37Y60         LUT6 (Prop_lut6_I4_O)        0.105     0.054 r  u_soc_top/u_cpu/u_core/reg_ex_mem0_ctrl/r_addr[31]_i_4/O
                         net (fo=70, routed)          0.384     0.438    u_soc_top/u_cpu/u_arbiter/r_addr_reg[2]
    SLICE_X35Y60         LUT5 (Prop_lut5_I3_O)        0.105     0.543 r  u_soc_top/u_cpu/u_arbiter/ar_preview_addr_r[28]_i_3/O
                         net (fo=56, routed)          0.862     1.405    u_soc_top/u_axi_sram_direct/cpu_ar_preview_valid
    SLICE_X31Y61         LUT6 (Prop_lut6_I4_O)        0.105     1.510 r  u_soc_top/u_axi_sram_direct/wb_cover_line_r[14]_i_103/O
                         net (fo=4, routed)           0.658     2.168    u_soc_top/u_axi_sram_direct/wb_cover_line_r[14]_i_103_n_0
    SLICE_X25Y62         LUT6 (Prop_lut6_I0_O)        0.105     2.273 r  u_soc_top/u_axi_sram_direct/wb_fwd_line_r[35]_i_34/O
                         net (fo=2, routed)           0.536     2.809    u_soc_top/u_axi_sram_direct/wb_fwd_line_r[35]_i_34_n_0
    SLICE_X23Y63         LUT4 (Prop_lut4_I3_O)        0.105     2.914 r  u_soc_top/u_axi_sram_direct/wb_fwd_w_r[31]_i_30/O
                         net (fo=1, routed)           0.000     2.914    u_soc_top/u_axi_sram_direct/wb_fwd_w_r[31]_i_30_n_0
    SLICE_X23Y63         CARRY4 (Prop_carry4_S[1]_CO[3])
                                                      0.457     3.371 r  u_soc_top/u_axi_sram_direct/wb_fwd_w_r_reg[31]_i_16/CO[3]
                         net (fo=1, routed)           0.000     3.371    u_soc_top/u_axi_sram_direct/wb_fwd_w_r_reg[31]_i_16_n_0
    SLICE_X23Y64         CARRY4 (Prop_carry4_CI_CO[1])
                                                      0.132     3.503 f  u_soc_top/u_axi_sram_direct/wb_fwd_w_r_reg[31]_i_12/CO[1]
                         net (fo=1, routed)           0.483     3.985    u_soc_top/u_axi_sram_direct/wb_cover_ar11_out
    SLICE_X20Y67         LUT5 (Prop_lut5_I4_O)        0.275     4.260 f  u_soc_top/u_axi_sram_direct/wb_fwd_w_r[31]_i_9/O
                         net (fo=26, routed)          0.438     4.699    u_soc_top/u_axi_sram_direct/wb_fwd_w_r[31]_i_9_n_0
    SLICE_X20Y67         LUT6 (Prop_lut6_I4_O)        0.105     4.804 f  u_soc_top/u_axi_sram_direct/wb_fwd_w_r[15]_i_5/O
                         net (fo=2, routed)           0.407     5.211    u_soc_top/u_axi_sram_direct/wb_fwd_w_r[15]_i_5_n_0
    SLICE_X21Y67         LUT5 (Prop_lut5_I2_O)        0.105     5.316 r  u_soc_top/u_axi_sram_direct/wb_full_w_r_i_13/O
                         net (fo=1, routed)           0.603     5.919    u_soc_top/u_axi_sram_direct/wb_full_w_r_i_13_n_0
    SLICE_X16Y67         LUT6 (Prop_lut6_I5_O)        0.105     6.024 f  u_soc_top/u_axi_sram_direct/wb_full_w_r_i_5/O
                         net (fo=5, routed)           0.562     6.585    u_soc_top/u_axi_sram_direct/wb_full_ar
    SLICE_X8Y65          LUT6 (Prop_lut6_I0_O)        0.105     6.690 r  u_soc_top/u_axi_sram_direct/ram_addr_out_r[19]_i_4/O
                         net (fo=15, routed)          0.454     7.145    u_soc_top/u_axi_sram_direct/ram_addr_out_r[19]_i_4_n_0
    SLICE_X8Y63          LUT6 (Prop_lut6_I5_O)        0.105     7.250 r  u_soc_top/u_axi_sram_direct/ram_addr_out_r[15]_i_1/O
                         net (fo=2, routed)           0.965     8.214    u_soc_top/u_axi_sram_direct/ram_addr_out[15]
    SLICE_X2Y44          FDRE                                         r  u_soc_top/u_axi_sram_direct/ram_addr_out_r_reg[15]/D
  -------------------------------------------------------------------    -------------------

                         (clock cpu_clk rise edge)   10.000    10.000 r  
    K21                                               0.000    10.000 r  clk_50M (IN)
                         net (fo=0)                   0.000    10.000    u_soc_top/pll_clk.u_clk_pll/inst/clk_in1
    K21                  IBUF (Prop_ibuf_I_O)         1.328    11.328 r  u_soc_top/pll_clk.u_clk_pll/inst/clkin1_ibufg/O
                         net (fo=1, routed)           1.019    12.347    u_soc_top/pll_clk.u_clk_pll/inst/clk_in1_clk_pll
    PLLE2_ADV_X0Y3       PLLE2_ADV (Prop_plle2_adv_CLKIN1_CLKOUT0)
                                                     -6.890     5.457 r  u_soc_top/pll_clk.u_clk_pll/inst/plle2_adv_inst/CLKOUT0
                         net (fo=1, routed)           1.484     6.942    u_soc_top/pll_clk.u_clk_pll/inst/cpu_clk_clk_pll
    BUFGCTRL_X0Y16       BUFG (Prop_bufg_I_O)         0.077     7.019 r  u_soc_top/pll_clk.u_clk_pll/inst/clkout1_buf/O
                         net (fo=4420, routed)        1.749     8.768    u_soc_top/u_axi_sram_direct/CLK
    SLICE_X2Y44          FDRE                                         r  u_soc_top/u_axi_sram_direct/ram_addr_out_r_reg[15]/C
                         clock pessimism             -0.522     8.246    
                         clock uncertainty           -0.094     8.151    
    SLICE_X2Y44          FDRE (Setup_fdre_C_D)       -0.015     8.136    u_soc_top/u_axi_sram_direct/ram_addr_out_r_reg[15]
  -------------------------------------------------------------------
                         required time                          8.136    
                         arrival time                          -8.214    
  -------------------------------------------------------------------
                         slack                                 -0.078    

Slack (VIOLATED) :        -0.078ns  (required time - arrival time)
  Source:                 u_soc_top/u_cpu/u_core/reg_ex_mem0_ctrl/data_out_reg[6]/C
                            (rising edge-triggered cell FDRE clocked by cpu_clk  {rise@0.000ns fall@5.000ns period=10.000ns})
  Destination:            u_soc_top/u_axi_sram_direct/ram_addr_out_r_reg[15]/D
                            (rising edge-triggered cell FDRE clocked by cpu_clk  {rise@0.000ns fall@5.000ns period=10.000ns})
  Path Group:             cpu_clk
  Path Type:              Setup (Max at Slow Process Corner)
  Requirement:            10.000ns  (cpu_clk rise@10.000ns - cpu_clk rise@0.000ns)
  Data Path Delay:        10.100ns  (logic 2.398ns (23.743%)  route 7.702ns (76.257%))
  Logic Levels:           14  (CARRY4=2 LUT3=1 LUT4=1 LUT5=3 LUT6=7)
  Clock Path Skew:        0.131ns (DCD - SCD + CPR)
    Destination Clock Delay (DCD):    -1.232ns = ( 8.768 - 10.000 ) 
    Source Clock Delay      (SCD):    -1.885ns
    Clock Pessimism Removal (CPR):    -0.522ns
  Clock Uncertainty:      0.094ns  ((TSJ^2 + DJ^2)^1/2) / 2 + PE
    Total System Jitter     (TSJ):    0.071ns
    Discrete Jitter          (DJ):    0.175ns
    Phase Error              (PE):    0.000ns

    Location             Delay type                Incr(ns)  Path(ns)    Netlist Resource(s)
  -------------------------------------------------------------------    -------------------
                         (clock cpu_clk rise edge)    0.000     0.000 r  
    K21                                               0.000     0.000 r  clk_50M (IN)
                         net (fo=0)                   0.000     0.000    u_soc_top/pll_clk.u_clk_pll/inst/clk_in1
    K21                  IBUF (Prop_ibuf_I_O)         1.394     1.394 r  u_soc_top/pll_clk.u_clk_pll/inst/clkin1_ibufg/O
                         net (fo=1, routed)           1.080     2.474    u_soc_top/pll_clk.u_clk_pll/inst/clk_in1_clk_pll
    PLLE2_ADV_X0Y3       PLLE2_ADV (Prop_plle2_adv_CLKIN1_CLKOUT0)
                                                     -7.629    -5.155 r  u_soc_top/pll_clk.u_clk_pll/inst/plle2_adv_inst/CLKOUT0
                         net (fo=1, routed)           1.557    -3.598    u_soc_top/pll_clk.u_clk_pll/inst/cpu_clk_clk_pll
    BUFGCTRL_X0Y16       BUFG (Prop_bufg_I_O)         0.081    -3.517 r  u_soc_top/pll_clk.u_clk_pll/inst/clkout1_buf/O
                         net (fo=4420, routed)        1.632    -1.885    u_soc_top/u_cpu/u_core/reg_ex_mem0_ctrl/cpu_clk
    SLICE_X37Y60         FDRE                                         r  u_soc_top/u_cpu/u_core/reg_ex_mem0_ctrl/data_out_reg[6]/C
  -------------------------------------------------------------------    -------------------
    SLICE_X37Y60         FDRE (Prop_fdre_C_Q)         0.379    -1.506 f  u_soc_top/u_cpu/u_core/reg_ex_mem0_ctrl/data_out_reg[6]/Q
                         net (fo=127, routed)         0.524    -0.982    u_soc_top/u_cpu/u_core/reg_ex_mem0_ctrl/data_out_reg[6]_0[2]
    SLICE_X37Y58         LUT3 (Prop_lut3_I0_O)        0.105    -0.877 f  u_soc_top/u_cpu/u_core/reg_ex_mem0_ctrl/wdata_stored[31]_i_3/O
                         net (fo=103, routed)         0.826    -0.051    u_soc_top/u_cpu/u_core/reg_ex_mem0_ctrl/data_out_reg[6]_1
    SLICE_X37Y60         LUT6 (Prop_lut6_I4_O)        0.105     0.054 r  u_soc_top/u_cpu/u_core/reg_ex_mem0_ctrl/r_addr[31]_i_4/O
                         net (fo=70, routed)          0.384     0.438    u_soc_top/u_cpu/u_arbiter/r_addr_reg[2]
    SLICE_X35Y60         LUT5 (Prop_lut5_I3_O)        0.105     0.543 r  u_soc_top/u_cpu/u_arbiter/ar_preview_addr_r[28]_i_3/O
                         net (fo=56, routed)          0.862     1.405    u_soc_top/u_axi_sram_direct/cpu_ar_preview_valid
    SLICE_X31Y61         LUT6 (Prop_lut6_I4_O)        0.105     1.510 r  u_soc_top/u_axi_sram_direct/wb_cover_line_r[14]_i_103/O
                         net (fo=4, routed)           0.658     2.168    u_soc_top/u_axi_sram_direct/wb_cover_line_r[14]_i_103_n_0
    SLICE_X25Y62         LUT6 (Prop_lut6_I0_O)        0.105     2.273 r  u_soc_top/u_axi_sram_direct/wb_fwd_line_r[35]_i_34/O
                         net (fo=2, routed)           0.536     2.809    u_soc_top/u_axi_sram_direct/wb_fwd_line_r[35]_i_34_n_0
    SLICE_X23Y63         LUT4 (Prop_lut4_I3_O)        0.105     2.914 r  u_soc_top/u_axi_sram_direct/wb_fwd_w_r[31]_i_30/O
                         net (fo=1, routed)           0.000     2.914    u_soc_top/u_axi_sram_direct/wb_fwd_w_r[31]_i_30_n_0
    SLICE_X23Y63         CARRY4 (Prop_carry4_S[1]_CO[3])
                                                      0.457     3.371 r  u_soc_top/u_axi_sram_direct/wb_fwd_w_r_reg[31]_i_16/CO[3]
                         net (fo=1, routed)           0.000     3.371    u_soc_top/u_axi_sram_direct/wb_fwd_w_r_reg[31]_i_16_n_0
    SLICE_X23Y64         CARRY4 (Prop_carry4_CI_CO[1])
                                                      0.132     3.503 f  u_soc_top/u_axi_sram_direct/wb_fwd_w_r_reg[31]_i_12/CO[1]
                         net (fo=1, routed)           0.483     3.985    u_soc_top/u_axi_sram_direct/wb_cover_ar11_out
    SLICE_X20Y67         LUT5 (Prop_lut5_I4_O)        0.275     4.260 f  u_soc_top/u_axi_sram_direct/wb_fwd_w_r[31]_i_9/O
                         net (fo=26, routed)          0.438     4.699    u_soc_top/u_axi_sram_direct/wb_fwd_w_r[31]_i_9_n_0
    SLICE_X20Y67         LUT6 (Prop_lut6_I4_O)        0.105     4.804 f  u_soc_top/u_axi_sram_direct/wb_fwd_w_r[15]_i_5/O
                         net (fo=2, routed)           0.407     5.211    u_soc_top/u_axi_sram_direct/wb_fwd_w_r[15]_i_5_n_0
    SLICE_X21Y67         LUT5 (Prop_lut5_I2_O)        0.105     5.316 r  u_soc_top/u_axi_sram_direct/wb_full_w_r_i_13/O
                         net (fo=1, routed)           0.603     5.919    u_soc_top/u_axi_sram_direct/wb_full_w_r_i_13_n_0
    SLICE_X16Y67         LUT6 (Prop_lut6_I5_O)        0.105     6.024 f  u_soc_top/u_axi_sram_direct/wb_full_w_r_i_5/O
                         net (fo=5, routed)           0.562     6.585    u_soc_top/u_axi_sram_direct/wb_full_ar
    SLICE_X8Y65          LUT6 (Prop_lut6_I0_O)        0.105     6.690 r  u_soc_top/u_axi_sram_direct/ram_addr_out_r[19]_i_4/O
                         net (fo=15, routed)          0.454     7.145    u_soc_top/u_axi_sram_direct/ram_addr_out_r[19]_i_4_n_0
    SLICE_X8Y63          LUT6 (Prop_lut6_I5_O)        0.105     7.250 r  u_soc_top/u_axi_sram_direct/ram_addr_out_r[15]_i_1/O
                         net (fo=2, routed)           0.965     8.214    u_soc_top/u_axi_sram_direct/ram_addr_out[15]
    SLICE_X2Y44          FDRE                                         r  u_soc_top/u_axi_sram_direct/ram_addr_out_r_reg[15]/D
  -------------------------------------------------------------------    -------------------

                         (clock cpu_clk rise edge)   10.000    10.000 r  
    K21                                               0.000    10.000 r  clk_50M (IN)
                         net (fo=0)                   0.000    10.000    u_soc_top/pll_clk.u_clk_pll/inst/clk_in1
    K21                  IBUF (Prop_ibuf_I_O)         1.328    11.328 r  u_soc_top/pll_clk.u_clk_pll/inst/clkin1_ibufg/O
                         net (fo=1, routed)           1.019    12.347    u_soc_top/pll_clk.u_clk_pll/inst/clk_in1_clk_pll
    PLLE2_ADV_X0Y3       PLLE2_ADV (Prop_plle2_adv_CLKIN1_CLKOUT0)
                                                     -6.890     5.457 r  u_soc_top/pll_clk.u_clk_pll/inst/plle2_adv_inst/CLKOUT0
                         net (fo=1, routed)           1.484     6.942    u_soc_top/pll_clk.u_clk_pll/inst/cpu_clk_clk_pll
    BUFGCTRL_X0Y16       BUFG (Prop_bufg_I_O)         0.077     7.019 r  u_soc_top/pll_clk.u_clk_pll/inst/clkout1_buf/O
                         net (fo=4420, routed)        1.749     8.768    u_soc_top/u_axi_sram_direct/CLK
    SLICE_X2Y44          FDRE                                         r  u_soc_top/u_axi_sram_direct/ram_addr_out_r_reg[15]/C
                         clock pessimism             -0.522     8.246    
                         clock uncertainty           -0.094     8.151    
    SLICE_X2Y44          FDRE (Setup_fdre_C_D)       -0.015     8.136    u_soc_top/u_axi_sram_direct/ram_addr_out_r_reg[15]
  -------------------------------------------------------------------
                         required time                          8.136    
                         arrival time                          -8.214    
  -------------------------------------------------------------------
                         slack                                 -0.078    

Slack (VIOLATED) :        -0.078ns  (required time - arrival time)
  Source:                 u_soc_top/u_cpu/u_core/reg_ex_mem0_ctrl/data_out_reg[6]/C
                            (rising edge-triggered cell FDRE clocked by cpu_clk  {rise@0.000ns fall@5.000ns period=10.000ns})
  Destination:            u_soc_top/u_axi_sram_direct/ram_addr_out_r_reg[15]/D
                            (rising edge-triggered cell FDRE clocked by cpu_clk  {rise@0.000ns fall@5.000ns period=10.000ns})
  Path Group:             cpu_clk
  Path Type:              Setup (Max at Slow Process Corner)
  Requirement:            10.000ns  (cpu_clk rise@10.000ns - cpu_clk rise@0.000ns)
  Data Path Delay:        10.100ns  (logic 2.398ns (23.743%)  route 7.702ns (76.257%))
  Logic Levels:           14  (CARRY4=2 LUT3=1 LUT4=1 LUT5=3 LUT6=7)
  Clock Path Skew:        0.131ns (DCD - SCD + CPR)
    Destination Clock Delay (DCD):    -1.232ns = ( 8.768 - 10.000 ) 
    Source Clock Delay      (SCD):    -1.885ns
    Clock Pessimism Removal (CPR):    -0.522ns
  Clock Uncertainty:      0.094ns  ((TSJ^2 + DJ^2)^1/2) / 2 + PE
    Total System Jitter     (TSJ):    0.071ns
    Discrete Jitter          (DJ):    0.175ns
    Phase Error              (PE):    0.000ns

    Location             Delay type                Incr(ns)  Path(ns)    Netlist Resource(s)
  -------------------------------------------------------------------    -------------------
                         (clock cpu_clk rise edge)    0.000     0.000 r  
    K21                                               0.000     0.000 r  clk_50M (IN)
                         net (fo=0)                   0.000     0.000    u_soc_top/pll_clk.u_clk_pll/inst/clk_in1
    K21                  IBUF (Prop_ibuf_I_O)         1.394     1.394 r  u_soc_top/pll_clk.u_clk_pll/inst/clkin1_ibufg/O
                         net (fo=1, routed)           1.080     2.474    u_soc_top/pll_clk.u_clk_pll/inst/clk_in1_clk_pll
    PLLE2_ADV_X0Y3       PLLE2_ADV (Prop_plle2_adv_CLKIN1_CLKOUT0)
                                                     -7.629    -5.155 r  u_soc_top/pll_clk.u_clk_pll/inst/plle2_adv_inst/CLKOUT0
                         net (fo=1, routed)           1.557    -3.598    u_soc_top/pll_clk.u_clk_pll/inst/cpu_clk_clk_pll
    BUFGCTRL_X0Y16       BUFG (Prop_bufg_I_O)         0.081    -3.517 r  u_soc_top/pll_clk.u_clk_pll/inst/clkout1_buf/O
                         net (fo=4420, routed)        1.632    -1.885    u_soc_top/u_cpu/u_core/reg_ex_mem0_ctrl/cpu_clk
    SLICE_X37Y60         FDRE                                         r  u_soc_top/u_cpu/u_core/reg_ex_mem0_ctrl/data_out_reg[6]/C
  -------------------------------------------------------------------    -------------------
    SLICE_X37Y60         FDRE (Prop_fdre_C_Q)         0.379    -1.506 r  u_soc_top/u_cpu/u_core/reg_ex_mem0_ctrl/data_out_reg[6]/Q
                         net (fo=127, routed)         0.524    -0.982    u_soc_top/u_cpu/u_core/reg_ex_mem0_ctrl/data_out_reg[6]_0[2]
    SLICE_X37Y58         LUT3 (Prop_lut3_I0_O)        0.105    -0.877 r  u_soc_top/u_cpu/u_core/reg_ex_mem0_ctrl/wdata_stored[31]_i_3/O
                         net (fo=103, routed)         0.826    -0.051    u_soc_top/u_cpu/u_core/reg_ex_mem0_ctrl/data_out_reg[6]_1
    SLICE_X37Y60         LUT6 (Prop_lut6_I4_O)        0.105     0.054 r  u_soc_top/u_cpu/u_core/reg_ex_mem0_ctrl/r_addr[31]_i_4/O
                         net (fo=70, routed)          0.384     0.438    u_soc_top/u_cpu/u_arbiter/r_addr_reg[2]
    SLICE_X35Y60         LUT5 (Prop_lut5_I3_O)        0.105     0.543 r  u_soc_top/u_cpu/u_arbiter/ar_preview_addr_r[28]_i_3/O
                         net (fo=56, routed)          0.862     1.405    u_soc_top/u_axi_sram_direct/cpu_ar_preview_valid
    SLICE_X31Y61         LUT6 (Prop_lut6_I4_O)        0.105     1.510 f  u_soc_top/u_axi_sram_direct/wb_cover_line_r[14]_i_103/O
                         net (fo=4, routed)           0.658     2.168    u_soc_top/u_axi_sram_direct/wb_cover_line_r[14]_i_103_n_0
    SLICE_X25Y62         LUT6 (Prop_lut6_I0_O)        0.105     2.273 r  u_soc_top/u_axi_sram_direct/wb_fwd_line_r[35]_i_34/O
                         net (fo=2, routed)           0.536     2.809    u_soc_top/u_axi_sram_direct/wb_fwd_line_r[35]_i_34_n_0
    SLICE_X23Y63         LUT4 (Prop_lut4_I3_O)        0.105     2.914 r  u_soc_top/u_axi_sram_direct/wb_fwd_w_r[31]_i_30/O
                         net (fo=1, routed)           0.000     2.914    u_soc_top/u_axi_sram_direct/wb_fwd_w_r[31]_i_30_n_0
    SLICE_X23Y63         CARRY4 (Prop_carry4_S[1]_CO[3])
                                                      0.457     3.371 r  u_soc_top/u_axi_sram_direct/wb_fwd_w_r_reg[31]_i_16/CO[3]
                         net (fo=1, routed)           0.000     3.371    u_soc_top/u_axi_sram_direct/wb_fwd_w_r_reg[31]_i_16_n_0
    SLICE_X23Y64         CARRY4 (Prop_carry4_CI_CO[1])
                                                      0.132     3.503 f  u_soc_top/u_axi_sram_direct/wb_fwd_w_r_reg[31]_i_12/CO[1]
                         net (fo=1, routed)           0.483     3.985    u_soc_top/u_axi_sram_direct/wb_cover_ar11_out
    SLICE_X20Y67         LUT5 (Prop_lut5_I4_O)        0.275     4.260 f  u_soc_top/u_axi_sram_direct/wb_fwd_w_r[31]_i_9/O
                         net (fo=26, routed)          0.438     4.699    u_soc_top/u_axi_sram_direct/wb_fwd_w_r[31]_i_9_n_0
    SLICE_X20Y67         LUT6 (Prop_lut6_I4_O)        0.105     4.804 f  u_soc_top/u_axi_sram_direct/wb_fwd_w_r[15]_i_5/O
                         net (fo=2, routed)           0.407     5.211    u_soc_top/u_axi_sram_direct/wb_fwd_w_r[15]_i_5_n_0
    SLICE_X21Y67         LUT5 (Prop_lut5_I2_O)        0.105     5.316 r  u_soc_top/u_axi_sram_direct/wb_full_w_r_i_13/O
                         net (fo=1, routed)           0.603     5.919    u_soc_top/u_axi_sram_direct/wb_full_w_r_i_13_n_0
    SLICE_X16Y67         LUT6 (Prop_lut6_I5_O)        0.105     6.024 f  u_soc_top/u_axi_sram_direct/wb_full_w_r_i_5/O
                         net (fo=5, routed)           0.562     6.585    u_soc_top/u_axi_sram_direct/wb_full_ar
    SLICE_X8Y65          LUT6 (Prop_lut6_I0_O)        0.105     6.690 r  u_soc_top/u_axi_sram_direct/ram_addr_out_r[19]_i_4/O
                         net (fo=15, routed)          0.454     7.145    u_soc_top/u_axi_sram_direct/ram_addr_out_r[19]_i_4_n_0
    SLICE_X8Y63          LUT6 (Prop_lut6_I5_O)        0.105     7.250 r  u_soc_top/u_axi_sram_direct/ram_addr_out_r[15]_i_1/O
                         net (fo=2, routed)           0.965     8.214    u_soc_top/u_axi_sram_direct/ram_addr_out[15]
    SLICE_X2Y44          FDRE                                         r  u_soc_top/u_axi_sram_direct/ram_addr_out_r_reg[15]/D
  -------------------------------------------------------------------    -------------------

                         (clock cpu_clk rise edge)   10.000    10.000 r  
    K21                                               0.000    10.000 r  clk_50M (IN)
                         net (fo=0)                   0.000    10.000    u_soc_top/pll_clk.u_clk_pll/inst/clk_in1
    K21                  IBUF (Prop_ibuf_I_O)         1.328    11.328 r  u_soc_top/pll_clk.u_clk_pll/inst/clkin1_ibufg/O
                         net (fo=1, routed)           1.019    12.347    u_soc_top/pll_clk.u_clk_pll/inst/clk_in1_clk_pll
    PLLE2_ADV_X0Y3       PLLE2_ADV (Prop_plle2_adv_CLKIN1_CLKOUT0)
                                                     -6.890     5.457 r  u_soc_top/pll_clk.u_clk_pll/inst/plle2_adv_inst/CLKOUT0
                         net (fo=1, routed)           1.484     6.942    u_soc_top/pll_clk.u_clk_pll/inst/cpu_clk_clk_pll
    BUFGCTRL_X0Y16       BUFG (Prop_bufg_I_O)         0.077     7.019 r  u_soc_top/pll_clk.u_clk_pll/inst/clkout1_buf/O
                         net (fo=4420, routed)        1.749     8.768    u_soc_top/u_axi_sram_direct/CLK
    SLICE_X2Y44          FDRE                                         r  u_soc_top/u_axi_sram_direct/ram_addr_out_r_reg[15]/C
                         clock pessimism             -0.522     8.246    
                         clock uncertainty           -0.094     8.151    
    SLICE_X2Y44          FDRE (Setup_fdre_C_D)       -0.015     8.136    u_soc_top/u_axi_sram_direct/ram_addr_out_r_reg[15]
  -------------------------------------------------------------------
                         required time                          8.136    
                         arrival time                          -8.214    
  -------------------------------------------------------------------
                         slack                                 -0.078    

Slack (VIOLATED) :        -0.078ns  (required time - arrival time)
  Source:                 u_soc_top/u_cpu/u_core/reg_ex_mem0_ctrl/data_out_reg[6]/C
                            (rising edge-triggered cell FDRE clocked by cpu_clk  {rise@0.000ns fall@5.000ns period=10.000ns})
  Destination:            u_soc_top/u_axi_sram_direct/ram_addr_out_r_reg[15]/D
                            (rising edge-triggered cell FDRE clocked by cpu_clk  {rise@0.000ns fall@5.000ns period=10.000ns})
  Path Group:             cpu_clk
  Path Type:              Setup (Max at Slow Process Corner)
  Requirement:            10.000ns  (cpu_clk rise@10.000ns - cpu_clk rise@0.000ns)
  Data Path Delay:        10.100ns  (logic 2.398ns (23.743%)  route 7.702ns (76.257%))
  Logic Levels:           14  (CARRY4=2 LUT3=1 LUT4=1 LUT5=3 LUT6=7)
  Clock Path Skew:        0.131ns (DCD - SCD + CPR)
    Destination Clock Delay (DCD):    -1.232ns = ( 8.768 - 10.000 ) 
    Source Clock Delay      (SCD):    -1.885ns
    Clock Pessimism Removal (CPR):    -0.522ns
  Clock Uncertainty:      0.094ns  ((TSJ^2 + DJ^2)^1/2) / 2 + PE
    Total System Jitter     (TSJ):    0.071ns
    Discrete Jitter          (DJ):    0.175ns
    Phase Error              (PE):    0.000ns

    Location             Delay type                Incr(ns)  Path(ns)    Netlist Resource(s)
  -------------------------------------------------------------------    -------------------
                         (clock cpu_clk rise edge)    0.000     0.000 r  
    K21                                               0.000     0.000 r  clk_50M (IN)
                         net (fo=0)                   0.000     0.000    u_soc_top/pll_clk.u_clk_pll/inst/clk_in1
    K21                  IBUF (Prop_ibuf_I_O)         1.394     1.394 r  u_soc_top/pll_clk.u_clk_pll/inst/clkin1_ibufg/O
                         net (fo=1, routed)           1.080     2.474    u_soc_top/pll_clk.u_clk_pll/inst/clk_in1_clk_pll
    PLLE2_ADV_X0Y3       PLLE2_ADV (Prop_plle2_adv_CLKIN1_CLKOUT0)
                                                     -7.629    -5.155 r  u_soc_top/pll_clk.u_clk_pll/inst/plle2_adv_inst/CLKOUT0
                         net (fo=1, routed)           1.557    -3.598    u_soc_top/pll_clk.u_clk_pll/inst/cpu_clk_clk_pll
    BUFGCTRL_X0Y16       BUFG (Prop_bufg_I_O)         0.081    -3.517 r  u_soc_top/pll_clk.u_clk_pll/inst/clkout1_buf/O
                         net (fo=4420, routed)        1.632    -1.885    u_soc_top/u_cpu/u_core/reg_ex_mem0_ctrl/cpu_clk
    SLICE_X37Y60         FDRE                                         r  u_soc_top/u_cpu/u_core/reg_ex_mem0_ctrl/data_out_reg[6]/C
  -------------------------------------------------------------------    -------------------
    SLICE_X37Y60         FDRE (Prop_fdre_C_Q)         0.379    -1.506 f  u_soc_top/u_cpu/u_core/reg_ex_mem0_ctrl/data_out_reg[6]/Q
                         net (fo=127, routed)         0.524    -0.982    u_soc_top/u_cpu/u_core/reg_ex_mem0_ctrl/data_out_reg[6]_0[2]
    SLICE_X37Y58         LUT3 (Prop_lut3_I0_O)        0.105    -0.877 f  u_soc_top/u_cpu/u_core/reg_ex_mem0_ctrl/wdata_stored[31]_i_3/O
                         net (fo=103, routed)         0.826    -0.051    u_soc_top/u_cpu/u_core/reg_ex_mem0_ctrl/data_out_reg[6]_1
    SLICE_X37Y60         LUT6 (Prop_lut6_I4_O)        0.105     0.054 r  u_soc_top/u_cpu/u_core/reg_ex_mem0_ctrl/r_addr[31]_i_4/O
                         net (fo=70, routed)          0.384     0.438    u_soc_top/u_cpu/u_arbiter/r_addr_reg[2]
    SLICE_X35Y60         LUT5 (Prop_lut5_I3_O)        0.105     0.543 r  u_soc_top/u_cpu/u_arbiter/ar_preview_addr_r[28]_i_3/O
                         net (fo=56, routed)          0.862     1.405    u_soc_top/u_axi_sram_direct/cpu_ar_preview_valid
    SLICE_X31Y61         LUT6 (Prop_lut6_I4_O)        0.105     1.510 f  u_soc_top/u_axi_sram_direct/wb_cover_line_r[14]_i_103/O
                         net (fo=4, routed)           0.658     2.168    u_soc_top/u_axi_sram_direct/wb_cover_line_r[14]_i_103_n_0
    SLICE_X25Y62         LUT6 (Prop_lut6_I0_O)        0.105     2.273 r  u_soc_top/u_axi_sram_direct/wb_fwd_line_r[35]_i_34/O
                         net (fo=2, routed)           0.536     2.809    u_soc_top/u_axi_sram_direct/wb_fwd_line_r[35]_i_34_n_0
    SLICE_X23Y63         LUT4 (Prop_lut4_I3_O)        0.105     2.914 r  u_soc_top/u_axi_sram_direct/wb_fwd_w_r[31]_i_30/O
                         net (fo=1, routed)           0.000     2.914    u_soc_top/u_axi_sram_direct/wb_fwd_w_r[31]_i_30_n_0
    SLICE_X23Y63         CARRY4 (Prop_carry4_S[1]_CO[3])
                                                      0.457     3.371 r  u_soc_top/u_axi_sram_direct/wb_fwd_w_r_reg[31]_i_16/CO[3]
                         net (fo=1, routed)           0.000     3.371    u_soc_top/u_axi_sram_direct/wb_fwd_w_r_reg[31]_i_16_n_0
    SLICE_X23Y64         CARRY4 (Prop_carry4_CI_CO[1])
                                                      0.132     3.503 f  u_soc_top/u_axi_sram_direct/wb_fwd_w_r_reg[31]_i_12/CO[1]
                         net (fo=1, routed)           0.483     3.985    u_soc_top/u_axi_sram_direct/wb_cover_ar11_out
    SLICE_X20Y67         LUT5 (Prop_lut5_I4_O)        0.275     4.260 f  u_soc_top/u_axi_sram_direct/wb_fwd_w_r[31]_i_9/O
                         net (fo=26, routed)          0.438     4.699    u_soc_top/u_axi_sram_direct/wb_fwd_w_r[31]_i_9_n_0
    SLICE_X20Y67         LUT6 (Prop_lut6_I4_O)        0.105     4.804 f  u_soc_top/u_axi_sram_direct/wb_fwd_w_r[15]_i_5/O
                         net (fo=2, routed)           0.407     5.211    u_soc_top/u_axi_sram_direct/wb_fwd_w_r[15]_i_5_n_0
    SLICE_X21Y67         LUT5 (Prop_lut5_I2_O)        0.105     5.316 r  u_soc_top/u_axi_sram_direct/wb_full_w_r_i_13/O
                         net (fo=1, routed)           0.603     5.919    u_soc_top/u_axi_sram_direct/wb_full_w_r_i_13_n_0
    SLICE_X16Y67         LUT6 (Prop_lut6_I5_O)        0.105     6.024 f  u_soc_top/u_axi_sram_direct/wb_full_w_r_i_5/O
                         net (fo=5, routed)           0.562     6.585    u_soc_top/u_axi_sram_direct/wb_full_ar
    SLICE_X8Y65          LUT6 (Prop_lut6_I0_O)        0.105     6.690 r  u_soc_top/u_axi_sram_direct/ram_addr_out_r[19]_i_4/O
                         net (fo=15, routed)          0.454     7.145    u_soc_top/u_axi_sram_direct/ram_addr_out_r[19]_i_4_n_0
    SLICE_X8Y63          LUT6 (Prop_lut6_I5_O)        0.105     7.250 r  u_soc_top/u_axi_sram_direct/ram_addr_out_r[15]_i_1/O
                         net (fo=2, routed)           0.965     8.214    u_soc_top/u_axi_sram_direct/ram_addr_out[15]
    SLICE_X2Y44          FDRE                                         r  u_soc_top/u_axi_sram_direct/ram_addr_out_r_reg[15]/D
  -------------------------------------------------------------------    -------------------

                         (clock cpu_clk rise edge)   10.000    10.000 r  
    K21                                               0.000    10.000 r  clk_50M (IN)
                         net (fo=0)                   0.000    10.000    u_soc_top/pll_clk.u_clk_pll/inst/clk_in1
    K21                  IBUF (Prop_ibuf_I_O)         1.328    11.328 r  u_soc_top/pll_clk.u_clk_pll/inst/clkin1_ibufg/O
                         net (fo=1, routed)           1.019    12.347    u_soc_top/pll_clk.u_clk_pll/inst/clk_in1_clk_pll
    PLLE2_ADV_X0Y3       PLLE2_ADV (Prop_plle2_adv_CLKIN1_CLKOUT0)
                                                     -6.890     5.457 r  u_soc_top/pll_clk.u_clk_pll/inst/plle2_adv_inst/CLKOUT0
                         net (fo=1, routed)           1.484     6.942    u_soc_top/pll_clk.u_clk_pll/inst/cpu_clk_clk_pll
    BUFGCTRL_X0Y16       BUFG (Prop_bufg_I_O)         0.077     7.019 r  u_soc_top/pll_clk.u_clk_pll/inst/clkout1_buf/O
                         net (fo=4420, routed)        1.749     8.768    u_soc_top/u_axi_sram_direct/CLK
    SLICE_X2Y44          FDRE                                         r  u_soc_top/u_axi_sram_direct/ram_addr_out_r_reg[15]/C
                         clock pessimism             -0.522     8.246    
                         clock uncertainty           -0.094     8.151    
    SLICE_X2Y44          FDRE (Setup_fdre_C_D)       -0.015     8.136    u_soc_top/u_axi_sram_direct/ram_addr_out_r_reg[15]
  -------------------------------------------------------------------
                         required time                          8.136    
                         arrival time                          -8.214    
  -------------------------------------------------------------------
                         slack                                 -0.078    

Slack (VIOLATED) :        -0.078ns  (required time - arrival time)
  Source:                 u_soc_top/u_cpu/u_core/reg_ex_mem0_ctrl/data_out_reg[6]/C
                            (rising edge-triggered cell FDRE clocked by cpu_clk  {rise@0.000ns fall@5.000ns period=10.000ns})
  Destination:            u_soc_top/u_axi_sram_direct/ram_addr_out_r_reg[15]/D
                            (rising edge-triggered cell FDRE clocked by cpu_clk  {rise@0.000ns fall@5.000ns period=10.000ns})
  Path Group:             cpu_clk
  Path Type:              Setup (Max at Slow Process Corner)
  Requirement:            10.000ns  (cpu_clk rise@10.000ns - cpu_clk rise@0.000ns)
  Data Path Delay:        10.100ns  (logic 2.398ns (23.743%)  route 7.702ns (76.257%))
  Logic Levels:           14  (CARRY4=2 LUT3=1 LUT4=1 LUT5=3 LUT6=7)
  Clock Path Skew:        0.131ns (DCD - SCD + CPR)
    Destination Clock Delay (DCD):    -1.232ns = ( 8.768 - 10.000 ) 
    Source Clock Delay      (SCD):    -1.885ns
    Clock Pessimism Removal (CPR):    -0.522ns
  Clock Uncertainty:      0.094ns  ((TSJ^2 + DJ^2)^1/2) / 2 + PE
    Total System Jitter     (TSJ):    0.071ns
    Discrete Jitter          (DJ):    0.175ns
    Phase Error              (PE):    0.000ns

    Location             Delay type                Incr(ns)  Path(ns)    Netlist Resource(s)
  -------------------------------------------------------------------    -------------------
                         (clock cpu_clk rise edge)    0.000     0.000 r  
    K21                                               0.000     0.000 r  clk_50M (IN)
                         net (fo=0)                   0.000     0.000    u_soc_top/pll_clk.u_clk_pll/inst/clk_in1
    K21                  IBUF (Prop_ibuf_I_O)         1.394     1.394 r  u_soc_top/pll_clk.u_clk_pll/inst/clkin1_ibufg/O
                         net (fo=1, routed)           1.080     2.474    u_soc_top/pll_clk.u_clk_pll/inst/clk_in1_clk_pll
    PLLE2_ADV_X0Y3       PLLE2_ADV (Prop_plle2_adv_CLKIN1_CLKOUT0)
                                                     -7.629    -5.155 r  u_soc_top/pll_clk.u_clk_pll/inst/plle2_adv_inst/CLKOUT0
                         net (fo=1, routed)           1.557    -3.598    u_soc_top/pll_clk.u_clk_pll/inst/cpu_clk_clk_pll
    BUFGCTRL_X0Y16       BUFG (Prop_bufg_I_O)         0.081    -3.517 r  u_soc_top/pll_clk.u_clk_pll/inst/clkout1_buf/O
                         net (fo=4420, routed)        1.632    -1.885    u_soc_top/u_cpu/u_core/reg_ex_mem0_ctrl/cpu_clk
    SLICE_X37Y60         FDRE                                         r  u_soc_top/u_cpu/u_core/reg_ex_mem0_ctrl/data_out_reg[6]/C
  -------------------------------------------------------------------    -------------------
    SLICE_X37Y60         FDRE (Prop_fdre_C_Q)         0.379    -1.506 r  u_soc_top/u_cpu/u_core/reg_ex_mem0_ctrl/data_out_reg[6]/Q
                         net (fo=127, routed)         0.524    -0.982    u_soc_top/u_cpu/u_core/reg_ex_mem0_ctrl/data_out_reg[6]_0[2]
    SLICE_X37Y58         LUT3 (Prop_lut3_I0_O)        0.105    -0.877 r  u_soc_top/u_cpu/u_core/reg_ex_mem0_ctrl/wdata_stored[31]_i_3/O
                         net (fo=103, routed)         0.826    -0.051    u_soc_top/u_cpu/u_core/reg_ex_mem0_ctrl/data_out_reg[6]_1
    SLICE_X37Y60         LUT6 (Prop_lut6_I4_O)        0.105     0.054 r  u_soc_top/u_cpu/u_core/reg_ex_mem0_ctrl/r_addr[31]_i_4/O
                         net (fo=70, routed)          0.384     0.438    u_soc_top/u_cpu/u_arbiter/r_addr_reg[2]
    SLICE_X35Y60         LUT5 (Prop_lut5_I3_O)        0.105     0.543 r  u_soc_top/u_cpu/u_arbiter/ar_preview_addr_r[28]_i_3/O
                         net (fo=56, routed)          0.862     1.405    u_soc_top/u_axi_sram_direct/cpu_ar_preview_valid
    SLICE_X31Y61         LUT6 (Prop_lut6_I4_O)        0.105     1.510 r  u_soc_top/u_axi_sram_direct/wb_cover_line_r[14]_i_103/O
                         net (fo=4, routed)           0.658     2.168    u_soc_top/u_axi_sram_direct/wb_cover_line_r[14]_i_103_n_0
    SLICE_X25Y62         LUT6 (Prop_lut6_I0_O)        0.105     2.273 r  u_soc_top/u_axi_sram_direct/wb_fwd_line_r[35]_i_34/O
                         net (fo=2, routed)           0.536     2.809    u_soc_top/u_axi_sram_direct/wb_fwd_line_r[35]_i_34_n_0
    SLICE_X23Y63         LUT4 (Prop_lut4_I3_O)        0.105     2.914 r  u_soc_top/u_axi_sram_direct/wb_fwd_w_r[31]_i_30/O
                         net (fo=1, routed)           0.000     2.914    u_soc_top/u_axi_sram_direct/wb_fwd_w_r[31]_i_30_n_0
    SLICE_X23Y63         CARRY4 (Prop_carry4_S[1]_CO[3])
                                                      0.457     3.371 f  u_soc_top/u_axi_sram_direct/wb_fwd_w_r_reg[31]_i_16/CO[3]
                         net (fo=1, routed)           0.000     3.371    u_soc_top/u_axi_sram_direct/wb_fwd_w_r_reg[31]_i_16_n_0
    SLICE_X23Y64         CARRY4 (Prop_carry4_CI_CO[1])
                                                      0.132     3.503 f  u_soc_top/u_axi_sram_direct/wb_fwd_w_r_reg[31]_i_12/CO[1]
                         net (fo=1, routed)           0.483     3.985    u_soc_top/u_axi_sram_direct/wb_cover_ar11_out
    SLICE_X20Y67         LUT5 (Prop_lut5_I4_O)        0.275     4.260 f  u_soc_top/u_axi_sram_direct/wb_fwd_w_r[31]_i_9/O
                         net (fo=26, routed)          0.438     4.699    u_soc_top/u_axi_sram_direct/wb_fwd_w_r[31]_i_9_n_0
    SLICE_X20Y67         LUT6 (Prop_lut6_I4_O)        0.105     4.804 f  u_soc_top/u_axi_sram_direct/wb_fwd_w_r[15]_i_5/O
                         net (fo=2, routed)           0.407     5.211    u_soc_top/u_axi_sram_direct/wb_fwd_w_r[15]_i_5_n_0
    SLICE_X21Y67         LUT5 (Prop_lut5_I2_O)        0.105     5.316 r  u_soc_top/u_axi_sram_direct/wb_full_w_r_i_13/O
                         net (fo=1, routed)           0.603     5.919    u_soc_top/u_axi_sram_direct/wb_full_w_r_i_13_n_0
    SLICE_X16Y67         LUT6 (Prop_lut6_I5_O)        0.105     6.024 f  u_soc_top/u_axi_sram_direct/wb_full_w_r_i_5/O
                         net (fo=5, routed)           0.562     6.585    u_soc_top/u_axi_sram_direct/wb_full_ar
    SLICE_X8Y65          LUT6 (Prop_lut6_I0_O)        0.105     6.690 r  u_soc_top/u_axi_sram_direct/ram_addr_out_r[19]_i_4/O
                         net (fo=15, routed)          0.454     7.145    u_soc_top/u_axi_sram_direct/ram_addr_out_r[19]_i_4_n_0
    SLICE_X8Y63          LUT6 (Prop_lut6_I5_O)        0.105     7.250 r  u_soc_top/u_axi_sram_direct/ram_addr_out_r[15]_i_1/O
                         net (fo=2, routed)           0.965     8.214    u_soc_top/u_axi_sram_direct/ram_addr_out[15]
    SLICE_X2Y44          FDRE                                         r  u_soc_top/u_axi_sram_direct/ram_addr_out_r_reg[15]/D
  -------------------------------------------------------------------    -------------------

                         (clock cpu_clk rise edge)   10.000    10.000 r  
    K21                                               0.000    10.000 r  clk_50M (IN)
                         net (fo=0)                   0.000    10.000    u_soc_top/pll_clk.u_clk_pll/inst/clk_in1
    K21                  IBUF (Prop_ibuf_I_O)         1.328    11.328 r  u_soc_top/pll_clk.u_clk_pll/inst/clkin1_ibufg/O
                         net (fo=1, routed)           1.019    12.347    u_soc_top/pll_clk.u_clk_pll/inst/clk_in1_clk_pll
    PLLE2_ADV_X0Y3       PLLE2_ADV (Prop_plle2_adv_CLKIN1_CLKOUT0)
                                                     -6.890     5.457 r  u_soc_top/pll_clk.u_clk_pll/inst/plle2_adv_inst/CLKOUT0
                         net (fo=1, routed)           1.484     6.942    u_soc_top/pll_clk.u_clk_pll/inst/cpu_clk_clk_pll
    BUFGCTRL_X0Y16       BUFG (Prop_bufg_I_O)         0.077     7.019 r  u_soc_top/pll_clk.u_clk_pll/inst/clkout1_buf/O
                         net (fo=4420, routed)        1.749     8.768    u_soc_top/u_axi_sram_direct/CLK
    SLICE_X2Y44          FDRE                                         r  u_soc_top/u_axi_sram_direct/ram_addr_out_r_reg[15]/C
                         clock pessimism             -0.522     8.246    
                         clock uncertainty           -0.094     8.151    
    SLICE_X2Y44          FDRE (Setup_fdre_C_D)       -0.015     8.136    u_soc_top/u_axi_sram_direct/ram_addr_out_r_reg[15]
  -------------------------------------------------------------------
                         required time                          8.136    
                         arrival time                          -8.214    
  -------------------------------------------------------------------
                         slack                                 -0.078    

Slack (VIOLATED) :        -0.078ns  (required time - arrival time)
  Source:                 u_soc_top/u_cpu/u_core/reg_ex_mem0_ctrl/data_out_reg[6]/C
                            (rising edge-triggered cell FDRE clocked by cpu_clk  {rise@0.000ns fall@5.000ns period=10.000ns})
  Destination:            u_soc_top/u_axi_sram_direct/ram_addr_out_r_reg[15]/D
                            (rising edge-triggered cell FDRE clocked by cpu_clk  {rise@0.000ns fall@5.000ns period=10.000ns})
  Path Group:             cpu_clk
  Path Type:              Setup (Max at Slow Process Corner)
  Requirement:            10.000ns  (cpu_clk rise@10.000ns - cpu_clk rise@0.000ns)
  Data Path Delay:        10.100ns  (logic 2.398ns (23.743%)  route 7.702ns (76.257%))
  Logic Levels:           14  (CARRY4=2 LUT3=1 LUT4=1 LUT5=3 LUT6=7)
  Clock Path Skew:        0.131ns (DCD - SCD + CPR)
    Destination Clock Delay (DCD):    -1.232ns = ( 8.768 - 10.000 ) 
    Source Clock Delay      (SCD):    -1.885ns
    Clock Pessimism Removal (CPR):    -0.522ns
  Clock Uncertainty:      0.094ns  ((TSJ^2 + DJ^2)^1/2) / 2 + PE
    Total System Jitter     (TSJ):    0.071ns
    Discrete Jitter          (DJ):    0.175ns
    Phase Error              (PE):    0.000ns

    Location             Delay type                Incr(ns)  Path(ns)    Netlist Resource(s)
  -------------------------------------------------------------------    -------------------
                         (clock cpu_clk rise edge)    0.000     0.000 r  
    K21                                               0.000     0.000 r  clk_50M (IN)
                         net (fo=0)                   0.000     0.000    u_soc_top/pll_clk.u_clk_pll/inst/clk_in1
    K21                  IBUF (Prop_ibuf_I_O)         1.394     1.394 r  u_soc_top/pll_clk.u_clk_pll/inst/clkin1_ibufg/O
                         net (fo=1, routed)           1.080     2.474    u_soc_top/pll_clk.u_clk_pll/inst/clk_in1_clk_pll
    PLLE2_ADV_X0Y3       PLLE2_ADV (Prop_plle2_adv_CLKIN1_CLKOUT0)
                                                     -7.629    -5.155 r  u_soc_top/pll_clk.u_clk_pll/inst/plle2_adv_inst/CLKOUT0
                         net (fo=1, routed)           1.557    -3.598    u_soc_top/pll_clk.u_clk_pll/inst/cpu_clk_clk_pll
    BUFGCTRL_X0Y16       BUFG (Prop_bufg_I_O)         0.081    -3.517 r  u_soc_top/pll_clk.u_clk_pll/inst/clkout1_buf/O
                         net (fo=4420, routed)        1.632    -1.885    u_soc_top/u_cpu/u_core/reg_ex_mem0_ctrl/cpu_clk
    SLICE_X37Y60         FDRE                                         r  u_soc_top/u_cpu/u_core/reg_ex_mem0_ctrl/data_out_reg[6]/C
  -------------------------------------------------------------------    -------------------
    SLICE_X37Y60         FDRE (Prop_fdre_C_Q)         0.379    -1.506 f  u_soc_top/u_cpu/u_core/reg_ex_mem0_ctrl/data_out_reg[6]/Q
                         net (fo=127, routed)         0.524    -0.982    u_soc_top/u_cpu/u_core/reg_ex_mem0_ctrl/data_out_reg[6]_0[2]
    SLICE_X37Y58         LUT3 (Prop_lut3_I0_O)        0.105    -0.877 f  u_soc_top/u_cpu/u_core/reg_ex_mem0_ctrl/wdata_stored[31]_i_3/O
                         net (fo=103, routed)         0.826    -0.051    u_soc_top/u_cpu/u_core/reg_ex_mem0_ctrl/data_out_reg[6]_1
    SLICE_X37Y60         LUT6 (Prop_lut6_I4_O)        0.105     0.054 r  u_soc_top/u_cpu/u_core/reg_ex_mem0_ctrl/r_addr[31]_i_4/O
                         net (fo=70, routed)          0.384     0.438    u_soc_top/u_cpu/u_arbiter/r_addr_reg[2]
    SLICE_X35Y60         LUT5 (Prop_lut5_I3_O)        0.105     0.543 r  u_soc_top/u_cpu/u_arbiter/ar_preview_addr_r[28]_i_3/O
                         net (fo=56, routed)          0.862     1.405    u_soc_top/u_axi_sram_direct/cpu_ar_preview_valid
    SLICE_X31Y61         LUT6 (Prop_lut6_I4_O)        0.105     1.510 r  u_soc_top/u_axi_sram_direct/wb_cover_line_r[14]_i_103/O
                         net (fo=4, routed)           0.658     2.168    u_soc_top/u_axi_sram_direct/wb_cover_line_r[14]_i_103_n_0
    SLICE_X25Y62         LUT6 (Prop_lut6_I0_O)        0.105     2.273 r  u_soc_top/u_axi_sram_direct/wb_fwd_line_r[35]_i_34/O
                         net (fo=2, routed)           0.536     2.809    u_soc_top/u_axi_sram_direct/wb_fwd_line_r[35]_i_34_n_0
    SLICE_X23Y63         LUT4 (Prop_lut4_I3_O)        0.105     2.914 r  u_soc_top/u_axi_sram_direct/wb_fwd_w_r[31]_i_30/O
                         net (fo=1, routed)           0.000     2.914    u_soc_top/u_axi_sram_direct/wb_fwd_w_r[31]_i_30_n_0
    SLICE_X23Y63         CARRY4 (Prop_carry4_S[1]_CO[3])
                                                      0.457     3.371 f  u_soc_top/u_axi_sram_direct/wb_fwd_w_r_reg[31]_i_16/CO[3]
                         net (fo=1, routed)           0.000     3.371    u_soc_top/u_axi_sram_direct/wb_fwd_w_r_reg[31]_i_16_n_0
    SLICE_X23Y64         CARRY4 (Prop_carry4_CI_CO[1])
                                                      0.132     3.503 f  u_soc_top/u_axi_sram_direct/wb_fwd_w_r_reg[31]_i_12/CO[1]
                         net (fo=1, routed)           0.483     3.985    u_soc_top/u_axi_sram_direct/wb_cover_ar11_out
    SLICE_X20Y67         LUT5 (Prop_lut5_I4_O)        0.275     4.260 f  u_soc_top/u_axi_sram_direct/wb_fwd_w_r[31]_i_9/O
                         net (fo=26, routed)          0.438     4.699    u_soc_top/u_axi_sram_direct/wb_fwd_w_r[31]_i_9_n_0
    SLICE_X20Y67         LUT6 (Prop_lut6_I4_O)        0.105     4.804 f  u_soc_top/u_axi_sram_direct/wb_fwd_w_r[15]_i_5/O
                         net (fo=2, routed)           0.407     5.211    u_soc_top/u_axi_sram_direct/wb_fwd_w_r[15]_i_5_n_0
    SLICE_X21Y67         LUT5 (Prop_lut5_I2_O)        0.105     5.316 r  u_soc_top/u_axi_sram_direct/wb_full_w_r_i_13/O
                         net (fo=1, routed)           0.603     5.919    u_soc_top/u_axi_sram_direct/wb_full_w_r_i_13_n_0
    SLICE_X16Y67         LUT6 (Prop_lut6_I5_O)        0.105     6.024 f  u_soc_top/u_axi_sram_direct/wb_full_w_r_i_5/O
                         net (fo=5, routed)           0.562     6.585    u_soc_top/u_axi_sram_direct/wb_full_ar
    SLICE_X8Y65          LUT6 (Prop_lut6_I0_O)        0.105     6.690 r  u_soc_top/u_axi_sram_direct/ram_addr_out_r[19]_i_4/O
                         net (fo=15, routed)          0.454     7.145    u_soc_top/u_axi_sram_direct/ram_addr_out_r[19]_i_4_n_0
    SLICE_X8Y63          LUT6 (Prop_lut6_I5_O)        0.105     7.250 r  u_soc_top/u_axi_sram_direct/ram_addr_out_r[15]_i_1/O
                         net (fo=2, routed)           0.965     8.214    u_soc_top/u_axi_sram_direct/ram_addr_out[15]
    SLICE_X2Y44          FDRE                                         r  u_soc_top/u_axi_sram_direct/ram_addr_out_r_reg[15]/D
  -------------------------------------------------------------------    -------------------

                         (clock cpu_clk rise edge)   10.000    10.000 r  
    K21                                               0.000    10.000 r  clk_50M (IN)
                         net (fo=0)                   0.000    10.000    u_soc_top/pll_clk.u_clk_pll/inst/clk_in1
    K21                  IBUF (Prop_ibuf_I_O)         1.328    11.328 r  u_soc_top/pll_clk.u_clk_pll/inst/clkin1_ibufg/O
                         net (fo=1, routed)           1.019    12.347    u_soc_top/pll_clk.u_clk_pll/inst/clk_in1_clk_pll
    PLLE2_ADV_X0Y3       PLLE2_ADV (Prop_plle2_adv_CLKIN1_CLKOUT0)
                                                     -6.890     5.457 r  u_soc_top/pll_clk.u_clk_pll/inst/plle2_adv_inst/CLKOUT0
                         net (fo=1, routed)           1.484     6.942    u_soc_top/pll_clk.u_clk_pll/inst/cpu_clk_clk_pll
    BUFGCTRL_X0Y16       BUFG (Prop_bufg_I_O)         0.077     7.019 r  u_soc_top/pll_clk.u_clk_pll/inst/clkout1_buf/O
                         net (fo=4420, routed)        1.749     8.768    u_soc_top/u_axi_sram_direct/CLK
    SLICE_X2Y44          FDRE                                         r  u_soc_top/u_axi_sram_direct/ram_addr_out_r_reg[15]/C
                         clock pessimism             -0.522     8.246    
                         clock uncertainty           -0.094     8.151    
    SLICE_X2Y44          FDRE (Setup_fdre_C_D)       -0.015     8.136    u_soc_top/u_axi_sram_direct/ram_addr_out_r_reg[15]
  -------------------------------------------------------------------
                         required time                          8.136    
                         arrival time                          -8.214    
  -------------------------------------------------------------------
                         slack                                 -0.078    

Slack (VIOLATED) :        -0.078ns  (required time - arrival time)
  Source:                 u_soc_top/u_cpu/u_core/reg_ex_mem0_ctrl/data_out_reg[6]/C
                            (rising edge-triggered cell FDRE clocked by cpu_clk  {rise@0.000ns fall@5.000ns period=10.000ns})
  Destination:            u_soc_top/u_axi_sram_direct/ram_addr_out_r_reg[15]/D
                            (rising edge-triggered cell FDRE clocked by cpu_clk  {rise@0.000ns fall@5.000ns period=10.000ns})
  Path Group:             cpu_clk
  Path Type:              Setup (Max at Slow Process Corner)
  Requirement:            10.000ns  (cpu_clk rise@10.000ns - cpu_clk rise@0.000ns)
  Data Path Delay:        10.100ns  (logic 2.398ns (23.743%)  route 7.702ns (76.257%))
  Logic Levels:           14  (CARRY4=2 LUT3=1 LUT4=1 LUT5=3 LUT6=7)
  Clock Path Skew:        0.131ns (DCD - SCD + CPR)
    Destination Clock Delay (DCD):    -1.232ns = ( 8.768 - 10.000 ) 
    Source Clock Delay      (SCD):    -1.885ns
    Clock Pessimism Removal (CPR):    -0.522ns
  Clock Uncertainty:      0.094ns  ((TSJ^2 + DJ^2)^1/2) / 2 + PE
    Total System Jitter     (TSJ):    0.071ns
    Discrete Jitter          (DJ):    0.175ns
    Phase Error              (PE):    0.000ns

    Location             Delay type                Incr(ns)  Path(ns)    Netlist Resource(s)
  -------------------------------------------------------------------    -------------------
                         (clock cpu_clk rise edge)    0.000     0.000 r  
    K21                                               0.000     0.000 r  clk_50M (IN)
                         net (fo=0)                   0.000     0.000    u_soc_top/pll_clk.u_clk_pll/inst/clk_in1
    K21                  IBUF (Prop_ibuf_I_O)         1.394     1.394 r  u_soc_top/pll_clk.u_clk_pll/inst/clkin1_ibufg/O
                         net (fo=1, routed)           1.080     2.474    u_soc_top/pll_clk.u_clk_pll/inst/clk_in1_clk_pll
    PLLE2_ADV_X0Y3       PLLE2_ADV (Prop_plle2_adv_CLKIN1_CLKOUT0)
                                                     -7.629    -5.155 r  u_soc_top/pll_clk.u_clk_pll/inst/plle2_adv_inst/CLKOUT0
                         net (fo=1, routed)           1.557    -3.598    u_soc_top/pll_clk.u_clk_pll/inst/cpu_clk_clk_pll
    BUFGCTRL_X0Y16       BUFG (Prop_bufg_I_O)         0.081    -3.517 r  u_soc_top/pll_clk.u_clk_pll/inst/clkout1_buf/O
                         net (fo=4420, routed)        1.632    -1.885    u_soc_top/u_cpu/u_core/reg_ex_mem0_ctrl/cpu_clk
    SLICE_X37Y60         FDRE                                         r  u_soc_top/u_cpu/u_core/reg_ex_mem0_ctrl/data_out_reg[6]/C
  -------------------------------------------------------------------    -------------------
    SLICE_X37Y60         FDRE (Prop_fdre_C_Q)         0.379    -1.506 r  u_soc_top/u_cpu/u_core/reg_ex_mem0_ctrl/data_out_reg[6]/Q
                         net (fo=127, routed)         0.524    -0.982    u_soc_top/u_cpu/u_core/reg_ex_mem0_ctrl/data_out_reg[6]_0[2]
    SLICE_X37Y58         LUT3 (Prop_lut3_I0_O)        0.105    -0.877 r  u_soc_top/u_cpu/u_core/reg_ex_mem0_ctrl/wdata_stored[31]_i_3/O
                         net (fo=103, routed)         0.826    -0.051    u_soc_top/u_cpu/u_core/reg_ex_mem0_ctrl/data_out_reg[6]_1
    SLICE_X37Y60         LUT6 (Prop_lut6_I4_O)        0.105     0.054 r  u_soc_top/u_cpu/u_core/reg_ex_mem0_ctrl/r_addr[31]_i_4/O
                         net (fo=70, routed)          0.384     0.438    u_soc_top/u_cpu/u_arbiter/r_addr_reg[2]
    SLICE_X35Y60         LUT5 (Prop_lut5_I3_O)        0.105     0.543 r  u_soc_top/u_cpu/u_arbiter/ar_preview_addr_r[28]_i_3/O
                         net (fo=56, routed)          0.862     1.405    u_soc_top/u_axi_sram_direct/cpu_ar_preview_valid
    SLICE_X31Y61         LUT6 (Prop_lut6_I4_O)        0.105     1.510 f  u_soc_top/u_axi_sram_direct/wb_cover_line_r[14]_i_103/O
                         net (fo=4, routed)           0.658     2.168    u_soc_top/u_axi_sram_direct/wb_cover_line_r[14]_i_103_n_0
    SLICE_X25Y62         LUT6 (Prop_lut6_I0_O)        0.105     2.273 r  u_soc_top/u_axi_sram_direct/wb_fwd_line_r[35]_i_34/O
                         net (fo=2, routed)           0.536     2.809    u_soc_top/u_axi_sram_direct/wb_fwd_line_r[35]_i_34_n_0
    SLICE_X23Y63         LUT4 (Prop_lut4_I3_O)        0.105     2.914 r  u_soc_top/u_axi_sram_direct/wb_fwd_w_r[31]_i_30/O
                         net (fo=1, routed)           0.000     2.914    u_soc_top/u_axi_sram_direct/wb_fwd_w_r[31]_i_30_n_0
    SLICE_X23Y63         CARRY4 (Prop_carry4_S[1]_CO[3])
                                                      0.457     3.371 f  u_soc_top/u_axi_sram_direct/wb_fwd_w_r_reg[31]_i_16/CO[3]
                         net (fo=1, routed)           0.000     3.371    u_soc_top/u_axi_sram_direct/wb_fwd_w_r_reg[31]_i_16_n_0
    SLICE_X23Y64         CARRY4 (Prop_carry4_CI_CO[1])
                                                      0.132     3.503 f  u_soc_top/u_axi_sram_direct/wb_fwd_w_r_reg[31]_i_12/CO[1]
                         net (fo=1, routed)           0.483     3.985    u_soc_top/u_axi_sram_direct/wb_cover_ar11_out
    SLICE_X20Y67         LUT5 (Prop_lut5_I4_O)        0.275     4.260 f  u_soc_top/u_axi_sram_direct/wb_fwd_w_r[31]_i_9/O
                         net (fo=26, routed)          0.438     4.699    u_soc_top/u_axi_sram_direct/wb_fwd_w_r[31]_i_9_n_0
    SLICE_X20Y67         LUT6 (Prop_lut6_I4_O)        0.105     4.804 f  u_soc_top/u_axi_sram_direct/wb_fwd_w_r[15]_i_5/O
                         net (fo=2, routed)           0.407     5.211    u_soc_top/u_axi_sram_direct/wb_fwd_w_r[15]_i_5_n_0
    SLICE_X21Y67         LUT5 (Prop_lut5_I2_O)        0.105     5.316 r  u_soc_top/u_axi_sram_direct/wb_full_w_r_i_13/O
                         net (fo=1, routed)           0.603     5.919    u_soc_top/u_axi_sram_direct/wb_full_w_r_i_13_n_0
    SLICE_X16Y67         LUT6 (Prop_lut6_I5_O)        0.105     6.024 f  u_soc_top/u_axi_sram_direct/wb_full_w_r_i_5/O
                         net (fo=5, routed)           0.562     6.585    u_soc_top/u_axi_sram_direct/wb_full_ar
    SLICE_X8Y65          LUT6 (Prop_lut6_I0_O)        0.105     6.690 r  u_soc_top/u_axi_sram_direct/ram_addr_out_r[19]_i_4/O
                         net (fo=15, routed)          0.454     7.145    u_soc_top/u_axi_sram_direct/ram_addr_out_r[19]_i_4_n_0
    SLICE_X8Y63          LUT6 (Prop_lut6_I5_O)        0.105     7.250 r  u_soc_top/u_axi_sram_direct/ram_addr_out_r[15]_i_1/O
                         net (fo=2, routed)           0.965     8.214    u_soc_top/u_axi_sram_direct/ram_addr_out[15]
    SLICE_X2Y44          FDRE                                         r  u_soc_top/u_axi_sram_direct/ram_addr_out_r_reg[15]/D
  -------------------------------------------------------------------    -------------------

                         (clock cpu_clk rise edge)   10.000    10.000 r  
    K21                                               0.000    10.000 r  clk_50M (IN)
                         net (fo=0)                   0.000    10.000    u_soc_top/pll_clk.u_clk_pll/inst/clk_in1
    K21                  IBUF (Prop_ibuf_I_O)         1.328    11.328 r  u_soc_top/pll_clk.u_clk_pll/inst/clkin1_ibufg/O
                         net (fo=1, routed)           1.019    12.347    u_soc_top/pll_clk.u_clk_pll/inst/clk_in1_clk_pll
    PLLE2_ADV_X0Y3       PLLE2_ADV (Prop_plle2_adv_CLKIN1_CLKOUT0)
                                                     -6.890     5.457 r  u_soc_top/pll_clk.u_clk_pll/inst/plle2_adv_inst/CLKOUT0
                         net (fo=1, routed)           1.484     6.942    u_soc_top/pll_clk.u_clk_pll/inst/cpu_clk_clk_pll
    BUFGCTRL_X0Y16       BUFG (Prop_bufg_I_O)         0.077     7.019 r  u_soc_top/pll_clk.u_clk_pll/inst/clkout1_buf/O
                         net (fo=4420, routed)        1.749     8.768    u_soc_top/u_axi_sram_direct/CLK
    SLICE_X2Y44          FDRE                                         r  u_soc_top/u_axi_sram_direct/ram_addr_out_r_reg[15]/C
                         clock pessimism             -0.522     8.246    
                         clock uncertainty           -0.094     8.151    
    SLICE_X2Y44          FDRE (Setup_fdre_C_D)       -0.015     8.136    u_soc_top/u_axi_sram_direct/ram_addr_out_r_reg[15]
  -------------------------------------------------------------------
                         required time                          8.136    
                         arrival time                          -8.214    
  -------------------------------------------------------------------
                         slack                                 -0.078    

Slack (VIOLATED) :        -0.078ns  (required time - arrival time)
  Source:                 u_soc_top/u_cpu/u_core/reg_ex_mem0_ctrl/data_out_reg[6]/C
                            (rising edge-triggered cell FDRE clocked by cpu_clk  {rise@0.000ns fall@5.000ns period=10.000ns})
  Destination:            u_soc_top/u_axi_sram_direct/ram_addr_out_r_reg[15]/D
                            (rising edge-triggered cell FDRE clocked by cpu_clk  {rise@0.000ns fall@5.000ns period=10.000ns})
  Path Group:             cpu_clk
  Path Type:              Setup (Max at Slow Process Corner)
  Requirement:            10.000ns  (cpu_clk rise@10.000ns - cpu_clk rise@0.000ns)
  Data Path Delay:        10.100ns  (logic 2.398ns (23.743%)  route 7.702ns (76.257%))
  Logic Levels:           14  (CARRY4=2 LUT3=1 LUT4=1 LUT5=3 LUT6=7)
  Clock Path Skew:        0.131ns (DCD - SCD + CPR)
    Destination Clock Delay (DCD):    -1.232ns = ( 8.768 - 10.000 ) 
    Source Clock Delay      (SCD):    -1.885ns
    Clock Pessimism Removal (CPR):    -0.522ns
  Clock Uncertainty:      0.094ns  ((TSJ^2 + DJ^2)^1/2) / 2 + PE
    Total System Jitter     (TSJ):    0.071ns
    Discrete Jitter          (DJ):    0.175ns
    Phase Error              (PE):    0.000ns

    Location             Delay type                Incr(ns)  Path(ns)    Netlist Resource(s)
  -------------------------------------------------------------------    -------------------
                         (clock cpu_clk rise edge)    0.000     0.000 r  
    K21                                               0.000     0.000 r  clk_50M (IN)
                         net (fo=0)                   0.000     0.000    u_soc_top/pll_clk.u_clk_pll/inst/clk_in1
    K21                  IBUF (Prop_ibuf_I_O)         1.394     1.394 r  u_soc_top/pll_clk.u_clk_pll/inst/clkin1_ibufg/O
                         net (fo=1, routed)           1.080     2.474    u_soc_top/pll_clk.u_clk_pll/inst/clk_in1_clk_pll
    PLLE2_ADV_X0Y3       PLLE2_ADV (Prop_plle2_adv_CLKIN1_CLKOUT0)
                                                     -7.629    -5.155 r  u_soc_top/pll_clk.u_clk_pll/inst/plle2_adv_inst/CLKOUT0
                         net (fo=1, routed)           1.557    -3.598    u_soc_top/pll_clk.u_clk_pll/inst/cpu_clk_clk_pll
    BUFGCTRL_X0Y16       BUFG (Prop_bufg_I_O)         0.081    -3.517 r  u_soc_top/pll_clk.u_clk_pll/inst/clkout1_buf/O
                         net (fo=4420, routed)        1.632    -1.885    u_soc_top/u_cpu/u_core/reg_ex_mem0_ctrl/cpu_clk
    SLICE_X37Y60         FDRE                                         r  u_soc_top/u_cpu/u_core/reg_ex_mem0_ctrl/data_out_reg[6]/C
  -------------------------------------------------------------------    -------------------
    SLICE_X37Y60         FDRE (Prop_fdre_C_Q)         0.379    -1.506 f  u_soc_top/u_cpu/u_core/reg_ex_mem0_ctrl/data_out_reg[6]/Q
                         net (fo=127, routed)         0.524    -0.982    u_soc_top/u_cpu/u_core/reg_ex_mem0_ctrl/data_out_reg[6]_0[2]
    SLICE_X37Y58         LUT3 (Prop_lut3_I0_O)        0.105    -0.877 f  u_soc_top/u_cpu/u_core/reg_ex_mem0_ctrl/wdata_stored[31]_i_3/O
                         net (fo=103, routed)         0.826    -0.051    u_soc_top/u_cpu/u_core/reg_ex_mem0_ctrl/data_out_reg[6]_1
    SLICE_X37Y60         LUT6 (Prop_lut6_I4_O)        0.105     0.054 r  u_soc_top/u_cpu/u_core/reg_ex_mem0_ctrl/r_addr[31]_i_4/O
                         net (fo=70, routed)          0.384     0.438    u_soc_top/u_cpu/u_arbiter/r_addr_reg[2]
    SLICE_X35Y60         LUT5 (Prop_lut5_I3_O)        0.105     0.543 r  u_soc_top/u_cpu/u_arbiter/ar_preview_addr_r[28]_i_3/O
                         net (fo=56, routed)          0.862     1.405    u_soc_top/u_axi_sram_direct/cpu_ar_preview_valid
    SLICE_X31Y61         LUT6 (Prop_lut6_I4_O)        0.105     1.510 f  u_soc_top/u_axi_sram_direct/wb_cover_line_r[14]_i_103/O
                         net (fo=4, routed)           0.658     2.168    u_soc_top/u_axi_sram_direct/wb_cover_line_r[14]_i_103_n_0
    SLICE_X25Y62         LUT6 (Prop_lut6_I0_O)        0.105     2.273 r  u_soc_top/u_axi_sram_direct/wb_fwd_line_r[35]_i_34/O
                         net (fo=2, routed)           0.536     2.809    u_soc_top/u_axi_sram_direct/wb_fwd_line_r[35]_i_34_n_0
    SLICE_X23Y63         LUT4 (Prop_lut4_I3_O)        0.105     2.914 r  u_soc_top/u_axi_sram_direct/wb_fwd_w_r[31]_i_30/O
                         net (fo=1, routed)           0.000     2.914    u_soc_top/u_axi_sram_direct/wb_fwd_w_r[31]_i_30_n_0
    SLICE_X23Y63         CARRY4 (Prop_carry4_S[1]_CO[3])
                                                      0.457     3.371 f  u_soc_top/u_axi_sram_direct/wb_fwd_w_r_reg[31]_i_16/CO[3]
                         net (fo=1, routed)           0.000     3.371    u_soc_top/u_axi_sram_direct/wb_fwd_w_r_reg[31]_i_16_n_0
    SLICE_X23Y64         CARRY4 (Prop_carry4_CI_CO[1])
                                                      0.132     3.503 f  u_soc_top/u_axi_sram_direct/wb_fwd_w_r_reg[31]_i_12/CO[1]
                         net (fo=1, routed)           0.483     3.985    u_soc_top/u_axi_sram_direct/wb_cover_ar11_out
    SLICE_X20Y67         LUT5 (Prop_lut5_I4_O)        0.275     4.260 f  u_soc_top/u_axi_sram_direct/wb_fwd_w_r[31]_i_9/O
                         net (fo=26, routed)          0.438     4.699    u_soc_top/u_axi_sram_direct/wb_fwd_w_r[31]_i_9_n_0
    SLICE_X20Y67         LUT6 (Prop_lut6_I4_O)        0.105     4.804 f  u_soc_top/u_axi_sram_direct/wb_fwd_w_r[15]_i_5/O
                         net (fo=2, routed)           0.407     5.211    u_soc_top/u_axi_sram_direct/wb_fwd_w_r[15]_i_5_n_0
    SLICE_X21Y67         LUT5 (Prop_lut5_I2_O)        0.105     5.316 r  u_soc_top/u_axi_sram_direct/wb_full_w_r_i_13/O
                         net (fo=1, routed)           0.603     5.919    u_soc_top/u_axi_sram_direct/wb_full_w_r_i_13_n_0
    SLICE_X16Y67         LUT6 (Prop_lut6_I5_O)        0.105     6.024 f  u_soc_top/u_axi_sram_direct/wb_full_w_r_i_5/O
                         net (fo=5, routed)           0.562     6.585    u_soc_top/u_axi_sram_direct/wb_full_ar
    SLICE_X8Y65          LUT6 (Prop_lut6_I0_O)        0.105     6.690 r  u_soc_top/u_axi_sram_direct/ram_addr_out_r[19]_i_4/O
                         net (fo=15, routed)          0.454     7.145    u_soc_top/u_axi_sram_direct/ram_addr_out_r[19]_i_4_n_0
    SLICE_X8Y63          LUT6 (Prop_lut6_I5_O)        0.105     7.250 r  u_soc_top/u_axi_sram_direct/ram_addr_out_r[15]_i_1/O
                         net (fo=2, routed)           0.965     8.214    u_soc_top/u_axi_sram_direct/ram_addr_out[15]
    SLICE_X2Y44          FDRE                                         r  u_soc_top/u_axi_sram_direct/ram_addr_out_r_reg[15]/D
  -------------------------------------------------------------------    -------------------

                         (clock cpu_clk rise edge)   10.000    10.000 r  
    K21                                               0.000    10.000 r  clk_50M (IN)
                         net (fo=0)                   0.000    10.000    u_soc_top/pll_clk.u_clk_pll/inst/clk_in1
    K21                  IBUF (Prop_ibuf_I_O)         1.328    11.328 r  u_soc_top/pll_clk.u_clk_pll/inst/clkin1_ibufg/O
                         net (fo=1, routed)           1.019    12.347    u_soc_top/pll_clk.u_clk_pll/inst/clk_in1_clk_pll
    PLLE2_ADV_X0Y3       PLLE2_ADV (Prop_plle2_adv_CLKIN1_CLKOUT0)
                                                     -6.890     5.457 r  u_soc_top/pll_clk.u_clk_pll/inst/plle2_adv_inst/CLKOUT0
                         net (fo=1, routed)           1.484     6.942    u_soc_top/pll_clk.u_clk_pll/inst/cpu_clk_clk_pll
    BUFGCTRL_X0Y16       BUFG (Prop_bufg_I_O)         0.077     7.019 r  u_soc_top/pll_clk.u_clk_pll/inst/clkout1_buf/O
                         net (fo=4420, routed)        1.749     8.768    u_soc_top/u_axi_sram_direct/CLK
    SLICE_X2Y44          FDRE                                         r  u_soc_top/u_axi_sram_direct/ram_addr_out_r_reg[15]/C
                         clock pessimism             -0.522     8.246    
                         clock uncertainty           -0.094     8.151    
    SLICE_X2Y44          FDRE (Setup_fdre_C_D)       -0.015     8.136    u_soc_top/u_axi_sram_direct/ram_addr_out_r_reg[15]
  -------------------------------------------------------------------
                         required time                          8.136    
                         arrival time                          -8.214    
  -------------------------------------------------------------------
                         slack                                 -0.078    

Slack (VIOLATED) :        -0.078ns  (required time - arrival time)
  Source:                 u_soc_top/u_cpu/u_core/reg_ex_mem0_ctrl/data_out_reg[6]/C
                            (rising edge-triggered cell FDRE clocked by cpu_clk  {rise@0.000ns fall@5.000ns period=10.000ns})
  Destination:            u_soc_top/u_axi_sram_direct/ram_addr_out_r_reg[15]/D
                            (rising edge-triggered cell FDRE clocked by cpu_clk  {rise@0.000ns fall@5.000ns period=10.000ns})
  Path Group:             cpu_clk
  Path Type:              Setup (Max at Slow Process Corner)
  Requirement:            10.000ns  (cpu_clk rise@10.000ns - cpu_clk rise@0.000ns)
  Data Path Delay:        10.100ns  (logic 2.398ns (23.743%)  route 7.702ns (76.257%))
  Logic Levels:           14  (CARRY4=2 LUT3=1 LUT4=1 LUT5=3 LUT6=7)
  Clock Path Skew:        0.131ns (DCD - SCD + CPR)
    Destination Clock Delay (DCD):    -1.232ns = ( 8.768 - 10.000 ) 
    Source Clock Delay      (SCD):    -1.885ns
    Clock Pessimism Removal (CPR):    -0.522ns
  Clock Uncertainty:      0.094ns  ((TSJ^2 + DJ^2)^1/2) / 2 + PE
    Total System Jitter     (TSJ):    0.071ns
    Discrete Jitter          (DJ):    0.175ns
    Phase Error              (PE):    0.000ns

    Location             Delay type                Incr(ns)  Path(ns)    Netlist Resource(s)
  -------------------------------------------------------------------    -------------------
                         (clock cpu_clk rise edge)    0.000     0.000 r  
    K21                                               0.000     0.000 r  clk_50M (IN)
                         net (fo=0)                   0.000     0.000    u_soc_top/pll_clk.u_clk_pll/inst/clk_in1
    K21                  IBUF (Prop_ibuf_I_O)         1.394     1.394 r  u_soc_top/pll_clk.u_clk_pll/inst/clkin1_ibufg/O
                         net (fo=1, routed)           1.080     2.474    u_soc_top/pll_clk.u_clk_pll/inst/clk_in1_clk_pll
    PLLE2_ADV_X0Y3       PLLE2_ADV (Prop_plle2_adv_CLKIN1_CLKOUT0)
                                                     -7.629    -5.155 r  u_soc_top/pll_clk.u_clk_pll/inst/plle2_adv_inst/CLKOUT0
                         net (fo=1, routed)           1.557    -3.598    u_soc_top/pll_clk.u_clk_pll/inst/cpu_clk_clk_pll
    BUFGCTRL_X0Y16       BUFG (Prop_bufg_I_O)         0.081    -3.517 r  u_soc_top/pll_clk.u_clk_pll/inst/clkout1_buf/O
                         net (fo=4420, routed)        1.632    -1.885    u_soc_top/u_cpu/u_core/reg_ex_mem0_ctrl/cpu_clk
    SLICE_X37Y60         FDRE                                         r  u_soc_top/u_cpu/u_core/reg_ex_mem0_ctrl/data_out_reg[6]/C
  -------------------------------------------------------------------    -------------------
    SLICE_X37Y60         FDRE (Prop_fdre_C_Q)         0.379    -1.506 r  u_soc_top/u_cpu/u_core/reg_ex_mem0_ctrl/data_out_reg[6]/Q
                         net (fo=127, routed)         0.524    -0.982    u_soc_top/u_cpu/u_core/reg_ex_mem0_ctrl/data_out_reg[6]_0[2]
    SLICE_X37Y58         LUT3 (Prop_lut3_I0_O)        0.105    -0.877 r  u_soc_top/u_cpu/u_core/reg_ex_mem0_ctrl/wdata_stored[31]_i_3/O
                         net (fo=103, routed)         0.826    -0.051    u_soc_top/u_cpu/u_core/reg_ex_mem0_ctrl/data_out_reg[6]_1
    SLICE_X37Y60         LUT6 (Prop_lut6_I4_O)        0.105     0.054 r  u_soc_top/u_cpu/u_core/reg_ex_mem0_ctrl/r_addr[31]_i_4/O
                         net (fo=70, routed)          0.384     0.438    u_soc_top/u_cpu/u_arbiter/r_addr_reg[2]
    SLICE_X35Y60         LUT5 (Prop_lut5_I3_O)        0.105     0.543 r  u_soc_top/u_cpu/u_arbiter/ar_preview_addr_r[28]_i_3/O
                         net (fo=56, routed)          0.862     1.405    u_soc_top/u_axi_sram_direct/cpu_ar_preview_valid
    SLICE_X31Y61         LUT6 (Prop_lut6_I4_O)        0.105     1.510 r  u_soc_top/u_axi_sram_direct/wb_cover_line_r[14]_i_103/O
                         net (fo=4, routed)           0.658     2.168    u_soc_top/u_axi_sram_direct/wb_cover_line_r[14]_i_103_n_0
    SLICE_X25Y62         LUT6 (Prop_lut6_I0_O)        0.105     2.273 f  u_soc_top/u_axi_sram_direct/wb_fwd_line_r[35]_i_34/O
                         net (fo=2, routed)           0.536     2.809    u_soc_top/u_axi_sram_direct/wb_fwd_line_r[35]_i_34_n_0
    SLICE_X23Y63         LUT4 (Prop_lut4_I3_O)        0.105     2.914 f  u_soc_top/u_axi_sram_direct/wb_fwd_w_r[31]_i_30/O
                         net (fo=1, routed)           0.000     2.914    u_soc_top/u_axi_sram_direct/wb_fwd_w_r[31]_i_30_n_0
    SLICE_X23Y63         CARRY4 (Prop_carry4_S[1]_CO[3])
                                                      0.457     3.371 f  u_soc_top/u_axi_sram_direct/wb_fwd_w_r_reg[31]_i_16/CO[3]
                         net (fo=1, routed)           0.000     3.371    u_soc_top/u_axi_sram_direct/wb_fwd_w_r_reg[31]_i_16_n_0
    SLICE_X23Y64         CARRY4 (Prop_carry4_CI_CO[1])
                                                      0.132     3.503 f  u_soc_top/u_axi_sram_direct/wb_fwd_w_r_reg[31]_i_12/CO[1]
                         net (fo=1, routed)           0.483     3.985    u_soc_top/u_axi_sram_direct/wb_cover_ar11_out
    SLICE_X20Y67         LUT5 (Prop_lut5_I4_O)        0.275     4.260 f  u_soc_top/u_axi_sram_direct/wb_fwd_w_r[31]_i_9/O
                         net (fo=26, routed)          0.438     4.699    u_soc_top/u_axi_sram_direct/wb_fwd_w_r[31]_i_9_n_0
    SLICE_X20Y67         LUT6 (Prop_lut6_I4_O)        0.105     4.804 f  u_soc_top/u_axi_sram_direct/wb_fwd_w_r[15]_i_5/O
                         net (fo=2, routed)           0.407     5.211    u_soc_top/u_axi_sram_direct/wb_fwd_w_r[15]_i_5_n_0
    SLICE_X21Y67         LUT5 (Prop_lut5_I2_O)        0.105     5.316 r  u_soc_top/u_axi_sram_direct/wb_full_w_r_i_13/O
                         net (fo=1, routed)           0.603     5.919    u_soc_top/u_axi_sram_direct/wb_full_w_r_i_13_n_0
    SLICE_X16Y67         LUT6 (Prop_lut6_I5_O)        0.105     6.024 f  u_soc_top/u_axi_sram_direct/wb_full_w_r_i_5/O
                         net (fo=5, routed)           0.562     6.585    u_soc_top/u_axi_sram_direct/wb_full_ar
    SLICE_X8Y65          LUT6 (Prop_lut6_I0_O)        0.105     6.690 r  u_soc_top/u_axi_sram_direct/ram_addr_out_r[19]_i_4/O
                         net (fo=15, routed)          0.454     7.145    u_soc_top/u_axi_sram_direct/ram_addr_out_r[19]_i_4_n_0
    SLICE_X8Y63          LUT6 (Prop_lut6_I5_O)        0.105     7.250 r  u_soc_top/u_axi_sram_direct/ram_addr_out_r[15]_i_1/O
                         net (fo=2, routed)           0.965     8.214    u_soc_top/u_axi_sram_direct/ram_addr_out[15]
    SLICE_X2Y44          FDRE                                         r  u_soc_top/u_axi_sram_direct/ram_addr_out_r_reg[15]/D
  -------------------------------------------------------------------    -------------------

                         (clock cpu_clk rise edge)   10.000    10.000 r  
    K21                                               0.000    10.000 r  clk_50M (IN)
                         net (fo=0)                   0.000    10.000    u_soc_top/pll_clk.u_clk_pll/inst/clk_in1
    K21                  IBUF (Prop_ibuf_I_O)         1.328    11.328 r  u_soc_top/pll_clk.u_clk_pll/inst/clkin1_ibufg/O
                         net (fo=1, routed)           1.019    12.347    u_soc_top/pll_clk.u_clk_pll/inst/clk_in1_clk_pll
    PLLE2_ADV_X0Y3       PLLE2_ADV (Prop_plle2_adv_CLKIN1_CLKOUT0)
                                                     -6.890     5.457 r  u_soc_top/pll_clk.u_clk_pll/inst/plle2_adv_inst/CLKOUT0
                         net (fo=1, routed)           1.484     6.942    u_soc_top/pll_clk.u_clk_pll/inst/cpu_clk_clk_pll
    BUFGCTRL_X0Y16       BUFG (Prop_bufg_I_O)         0.077     7.019 r  u_soc_top/pll_clk.u_clk_pll/inst/clkout1_buf/O
                         net (fo=4420, routed)        1.749     8.768    u_soc_top/u_axi_sram_direct/CLK
    SLICE_X2Y44          FDRE                                         r  u_soc_top/u_axi_sram_direct/ram_addr_out_r_reg[15]/C
                         clock pessimism             -0.522     8.246    
                         clock uncertainty           -0.094     8.151    
    SLICE_X2Y44          FDRE (Setup_fdre_C_D)       -0.015     8.136    u_soc_top/u_axi_sram_direct/ram_addr_out_r_reg[15]
  -------------------------------------------------------------------
                         required time                          8.136    
                         arrival time                          -8.214    
  -------------------------------------------------------------------
                         slack                                 -0.078    

Slack (VIOLATED) :        -0.078ns  (required time - arrival time)
  Source:                 u_soc_top/u_cpu/u_core/reg_ex_mem0_ctrl/data_out_reg[6]/C
                            (rising edge-triggered cell FDRE clocked by cpu_clk  {rise@0.000ns fall@5.000ns period=10.000ns})
  Destination:            u_soc_top/u_axi_sram_direct/ram_addr_out_r_reg[15]/D
                            (rising edge-triggered cell FDRE clocked by cpu_clk  {rise@0.000ns fall@5.000ns period=10.000ns})
  Path Group:             cpu_clk
  Path Type:              Setup (Max at Slow Process Corner)
  Requirement:            10.000ns  (cpu_clk rise@10.000ns - cpu_clk rise@0.000ns)
  Data Path Delay:        10.100ns  (logic 2.398ns (23.743%)  route 7.702ns (76.257%))
  Logic Levels:           14  (CARRY4=2 LUT3=1 LUT4=1 LUT5=3 LUT6=7)
  Clock Path Skew:        0.131ns (DCD - SCD + CPR)
    Destination Clock Delay (DCD):    -1.232ns = ( 8.768 - 10.000 ) 
    Source Clock Delay      (SCD):    -1.885ns
    Clock Pessimism Removal (CPR):    -0.522ns
  Clock Uncertainty:      0.094ns  ((TSJ^2 + DJ^2)^1/2) / 2 + PE
    Total System Jitter     (TSJ):    0.071ns
    Discrete Jitter          (DJ):    0.175ns
    Phase Error              (PE):    0.000ns

    Location             Delay type                Incr(ns)  Path(ns)    Netlist Resource(s)
  -------------------------------------------------------------------    -------------------
                         (clock cpu_clk rise edge)    0.000     0.000 r  
    K21                                               0.000     0.000 r  clk_50M (IN)
                         net (fo=0)                   0.000     0.000    u_soc_top/pll_clk.u_clk_pll/inst/clk_in1
    K21                  IBUF (Prop_ibuf_I_O)         1.394     1.394 r  u_soc_top/pll_clk.u_clk_pll/inst/clkin1_ibufg/O
                         net (fo=1, routed)           1.080     2.474    u_soc_top/pll_clk.u_clk_pll/inst/clk_in1_clk_pll
    PLLE2_ADV_X0Y3       PLLE2_ADV (Prop_plle2_adv_CLKIN1_CLKOUT0)
                                                     -7.629    -5.155 r  u_soc_top/pll_clk.u_clk_pll/inst/plle2_adv_inst/CLKOUT0
                         net (fo=1, routed)           1.557    -3.598    u_soc_top/pll_clk.u_clk_pll/inst/cpu_clk_clk_pll
    BUFGCTRL_X0Y16       BUFG (Prop_bufg_I_O)         0.081    -3.517 r  u_soc_top/pll_clk.u_clk_pll/inst/clkout1_buf/O
                         net (fo=4420, routed)        1.632    -1.885    u_soc_top/u_cpu/u_core/reg_ex_mem0_ctrl/cpu_clk
    SLICE_X37Y60         FDRE                                         r  u_soc_top/u_cpu/u_core/reg_ex_mem0_ctrl/data_out_reg[6]/C
  -------------------------------------------------------------------    -------------------
    SLICE_X37Y60         FDRE (Prop_fdre_C_Q)         0.379    -1.506 r  u_soc_top/u_cpu/u_core/reg_ex_mem0_ctrl/data_out_reg[6]/Q
                         net (fo=127, routed)         0.524    -0.982    u_soc_top/u_cpu/u_core/reg_ex_mem0_ctrl/data_out_reg[6]_0[2]
    SLICE_X37Y58         LUT3 (Prop_lut3_I0_O)        0.105    -0.877 r  u_soc_top/u_cpu/u_core/reg_ex_mem0_ctrl/wdata_stored[31]_i_3/O
                         net (fo=103, routed)         0.826    -0.051    u_soc_top/u_cpu/u_core/reg_ex_mem0_ctrl/data_out_reg[6]_1
    SLICE_X37Y60         LUT6 (Prop_lut6_I4_O)        0.105     0.054 r  u_soc_top/u_cpu/u_core/reg_ex_mem0_ctrl/r_addr[31]_i_4/O
                         net (fo=70, routed)          0.384     0.438    u_soc_top/u_cpu/u_arbiter/r_addr_reg[2]
    SLICE_X35Y60         LUT5 (Prop_lut5_I3_O)        0.105     0.543 r  u_soc_top/u_cpu/u_arbiter/ar_preview_addr_r[28]_i_3/O
                         net (fo=56, routed)          0.862     1.405    u_soc_top/u_axi_sram_direct/cpu_ar_preview_valid
    SLICE_X31Y61         LUT6 (Prop_lut6_I4_O)        0.105     1.510 f  u_soc_top/u_axi_sram_direct/wb_cover_line_r[14]_i_103/O
                         net (fo=4, routed)           0.658     2.168    u_soc_top/u_axi_sram_direct/wb_cover_line_r[14]_i_103_n_0
    SLICE_X25Y62         LUT6 (Prop_lut6_I0_O)        0.105     2.273 f  u_soc_top/u_axi_sram_direct/wb_fwd_line_r[35]_i_34/O
                         net (fo=2, routed)           0.536     2.809    u_soc_top/u_axi_sram_direct/wb_fwd_line_r[35]_i_34_n_0
    SLICE_X23Y63         LUT4 (Prop_lut4_I3_O)        0.105     2.914 f  u_soc_top/u_axi_sram_direct/wb_fwd_w_r[31]_i_30/O
                         net (fo=1, routed)           0.000     2.914    u_soc_top/u_axi_sram_direct/wb_fwd_w_r[31]_i_30_n_0
    SLICE_X23Y63         CARRY4 (Prop_carry4_S[1]_CO[3])
                                                      0.457     3.371 f  u_soc_top/u_axi_sram_direct/wb_fwd_w_r_reg[31]_i_16/CO[3]
                         net (fo=1, routed)           0.000     3.371    u_soc_top/u_axi_sram_direct/wb_fwd_w_r_reg[31]_i_16_n_0
    SLICE_X23Y64         CARRY4 (Prop_carry4_CI_CO[1])
                                                      0.132     3.503 f  u_soc_top/u_axi_sram_direct/wb_fwd_w_r_reg[31]_i_12/CO[1]
                         net (fo=1, routed)           0.483     3.985    u_soc_top/u_axi_sram_direct/wb_cover_ar11_out
    SLICE_X20Y67         LUT5 (Prop_lut5_I4_O)        0.275     4.260 f  u_soc_top/u_axi_sram_direct/wb_fwd_w_r[31]_i_9/O
                         net (fo=26, routed)          0.438     4.699    u_soc_top/u_axi_sram_direct/wb_fwd_w_r[31]_i_9_n_0
    SLICE_X20Y67         LUT6 (Prop_lut6_I4_O)        0.105     4.804 f  u_soc_top/u_axi_sram_direct/wb_fwd_w_r[15]_i_5/O
                         net (fo=2, routed)           0.407     5.211    u_soc_top/u_axi_sram_direct/wb_fwd_w_r[15]_i_5_n_0
    SLICE_X21Y67         LUT5 (Prop_lut5_I2_O)        0.105     5.316 r  u_soc_top/u_axi_sram_direct/wb_full_w_r_i_13/O
                         net (fo=1, routed)           0.603     5.919    u_soc_top/u_axi_sram_direct/wb_full_w_r_i_13_n_0
    SLICE_X16Y67         LUT6 (Prop_lut6_I5_O)        0.105     6.024 f  u_soc_top/u_axi_sram_direct/wb_full_w_r_i_5/O
                         net (fo=5, routed)           0.562     6.585    u_soc_top/u_axi_sram_direct/wb_full_ar
    SLICE_X8Y65          LUT6 (Prop_lut6_I0_O)        0.105     6.690 r  u_soc_top/u_axi_sram_direct/ram_addr_out_r[19]_i_4/O
                         net (fo=15, routed)          0.454     7.145    u_soc_top/u_axi_sram_direct/ram_addr_out_r[19]_i_4_n_0
    SLICE_X8Y63          LUT6 (Prop_lut6_I5_O)        0.105     7.250 r  u_soc_top/u_axi_sram_direct/ram_addr_out_r[15]_i_1/O
                         net (fo=2, routed)           0.965     8.214    u_soc_top/u_axi_sram_direct/ram_addr_out[15]
    SLICE_X2Y44          FDRE                                         r  u_soc_top/u_axi_sram_direct/ram_addr_out_r_reg[15]/D
  -------------------------------------------------------------------    -------------------

                         (clock cpu_clk rise edge)   10.000    10.000 r  
    K21                                               0.000    10.000 r  clk_50M (IN)
                         net (fo=0)                   0.000    10.000    u_soc_top/pll_clk.u_clk_pll/inst/clk_in1
    K21                  IBUF (Prop_ibuf_I_O)         1.328    11.328 r  u_soc_top/pll_clk.u_clk_pll/inst/clkin1_ibufg/O
                         net (fo=1, routed)           1.019    12.347    u_soc_top/pll_clk.u_clk_pll/inst/clk_in1_clk_pll
    PLLE2_ADV_X0Y3       PLLE2_ADV (Prop_plle2_adv_CLKIN1_CLKOUT0)
                                                     -6.890     5.457 r  u_soc_top/pll_clk.u_clk_pll/inst/plle2_adv_inst/CLKOUT0
                         net (fo=1, routed)           1.484     6.942    u_soc_top/pll_clk.u_clk_pll/inst/cpu_clk_clk_pll
    BUFGCTRL_X0Y16       BUFG (Prop_bufg_I_O)         0.077     7.019 r  u_soc_top/pll_clk.u_clk_pll/inst/clkout1_buf/O
                         net (fo=4420, routed)        1.749     8.768    u_soc_top/u_axi_sram_direct/CLK
    SLICE_X2Y44          FDRE                                         r  u_soc_top/u_axi_sram_direct/ram_addr_out_r_reg[15]/C
                         clock pessimism             -0.522     8.246    
                         clock uncertainty           -0.094     8.151    
    SLICE_X2Y44          FDRE (Setup_fdre_C_D)       -0.015     8.136    u_soc_top/u_axi_sram_direct/ram_addr_out_r_reg[15]
  -------------------------------------------------------------------
                         required time                          8.136    
                         arrival time                          -8.214    
  -------------------------------------------------------------------
                         slack                                 -0.078    

Slack (VIOLATED) :        -0.071ns  (required time - arrival time)
  Source:                 u_soc_top/u_axi_sram_direct/ram_addr_out_r_reg[6]/C
                            (rising edge-triggered cell FDRE clocked by cpu_clk  {rise@0.000ns fall@5.000ns period=10.000ns})
  Destination:            ext_ram_addr[6]
                            (output port clocked by cpu_clk  {rise@0.000ns fall@5.000ns period=10.000ns})
  Path Group:             cpu_clk
  Path Type:              Max at Slow Process Corner
  Requirement:            10.000ns  (cpu_clk rise@10.000ns - cpu_clk rise@0.000ns)
  Data Path Delay:        6.392ns  (logic 3.701ns (57.892%)  route 2.692ns (42.108%))
  Logic Levels:           1  (OBUF=1)
  Output Delay:           0.300ns
  Clock Path Skew:        -3.284ns (DCD - SCD + CPR)
    Destination Clock Delay (DCD):    -4.543ns = ( 5.457 - 10.000 ) 
    Source Clock Delay      (SCD):    -1.871ns
    Clock Pessimism Removal (CPR):    -0.612ns
  Clock Uncertainty:      0.094ns  ((TSJ^2 + DJ^2)^1/2) / 2 + PE
    Total System Jitter     (TSJ):    0.071ns
    Discrete Jitter          (DJ):    0.175ns
    Phase Error              (PE):    0.000ns

    Location             Delay type                Incr(ns)  Path(ns)    Netlist Resource(s)
  -------------------------------------------------------------------    -------------------
                         (clock cpu_clk rise edge)    0.000     0.000 r  
    K21                                               0.000     0.000 r  clk_50M (IN)
                         net (fo=0)                   0.000     0.000    u_soc_top/pll_clk.u_clk_pll/inst/clk_in1
    K21                  IBUF (Prop_ibuf_I_O)         1.394     1.394 r  u_soc_top/pll_clk.u_clk_pll/inst/clkin1_ibufg/O
                         net (fo=1, routed)           1.080     2.474    u_soc_top/pll_clk.u_clk_pll/inst/clk_in1_clk_pll
    PLLE2_ADV_X0Y3       PLLE2_ADV (Prop_plle2_adv_CLKIN1_CLKOUT0)
                                                     -7.629    -5.155 r  u_soc_top/pll_clk.u_clk_pll/inst/plle2_adv_inst/CLKOUT0
                         net (fo=1, routed)           1.557    -3.598    u_soc_top/pll_clk.u_clk_pll/inst/cpu_clk_clk_pll
    BUFGCTRL_X0Y16       BUFG (Prop_bufg_I_O)         0.081    -3.517 r  u_soc_top/pll_clk.u_clk_pll/inst/clkout1_buf/O
                         net (fo=4420, routed)        1.646    -1.871    u_soc_top/u_axi_sram_direct/CLK
    SLICE_X10Y62         FDRE                                         r  u_soc_top/u_axi_sram_direct/ram_addr_out_r_reg[6]/C
  -------------------------------------------------------------------    -------------------
    SLICE_X10Y62         FDRE (Prop_fdre_C_Q)         0.433    -1.438 r  u_soc_top/u_axi_sram_direct/ram_addr_out_r_reg[6]/Q
                         net (fo=1, routed)           2.692     1.253    ext_ram_addr_OBUF[6]
    Y17                  OBUF (Prop_obuf_I_O)         3.268     4.521 r  ext_ram_addr_OBUF[6]_inst/O
                         net (fo=0)                   0.000     4.521    ext_ram_addr[6]
    Y17                                                               r  ext_ram_addr[6] (OUT)
  -------------------------------------------------------------------    -------------------

                         (clock cpu_clk rise edge)   10.000    10.000 r  
    K21                                               0.000    10.000 r  clk_50M (IN)
                         net (fo=0)                   0.000    10.000    u_soc_top/pll_clk.u_clk_pll/inst/clk_in1
    K21                  IBUF (Prop_ibuf_I_O)         1.328    11.328 r  u_soc_top/pll_clk.u_clk_pll/inst/clkin1_ibufg/O
                         net (fo=1, routed)           1.019    12.347    u_soc_top/pll_clk.u_clk_pll/inst/clk_in1_clk_pll
    PLLE2_ADV_X0Y3       PLLE2_ADV (Prop_plle2_adv_CLKIN1_CLKOUT0)
                                                     -6.890     5.457 r  u_soc_top/pll_clk.u_clk_pll/inst/plle2_adv_inst/CLKOUT0
                         clock pessimism             -0.612     4.845    
                         clock uncertainty           -0.094     4.751    
                         output delay                -0.300     4.451    
  -------------------------------------------------------------------
                         required time                          4.451    
                         arrival time                          -4.521    
  -------------------------------------------------------------------
                         slack                                 -0.071    

Slack (VIOLATED) :        -0.071ns  (required time - arrival time)
  Source:                 u_soc_top/u_axi_sram_direct/ram_addr_out_r_reg[6]/C
                            (rising edge-triggered cell FDRE clocked by cpu_clk  {rise@0.000ns fall@5.000ns period=10.000ns})
  Destination:            ext_ram_addr[6]
                            (output port clocked by cpu_clk  {rise@0.000ns fall@5.000ns period=10.000ns})
  Path Group:             cpu_clk
  Path Type:              Max at Slow Process Corner
  Requirement:            10.000ns  (cpu_clk rise@10.000ns - cpu_clk rise@0.000ns)
  Data Path Delay:        6.392ns  (logic 3.701ns (57.892%)  route 2.692ns (42.108%))
  Logic Levels:           1  (OBUF=1)
  Output Delay:           0.300ns
  Clock Path Skew:        -3.284ns (DCD - SCD + CPR)
    Destination Clock Delay (DCD):    -4.543ns = ( 5.457 - 10.000 ) 
    Source Clock Delay      (SCD):    -1.871ns
    Clock Pessimism Removal (CPR):    -0.612ns
  Clock Uncertainty:      0.094ns  ((TSJ^2 + DJ^2)^1/2) / 2 + PE
    Total System Jitter     (TSJ):    0.071ns
    Discrete Jitter          (DJ):    0.175ns
    Phase Error              (PE):    0.000ns

    Location             Delay type                Incr(ns)  Path(ns)    Netlist Resource(s)
  -------------------------------------------------------------------    -------------------
                         (clock cpu_clk rise edge)    0.000     0.000 r  
    K21                                               0.000     0.000 r  clk_50M (IN)
                         net (fo=0)                   0.000     0.000    u_soc_top/pll_clk.u_clk_pll/inst/clk_in1
    K21                  IBUF (Prop_ibuf_I_O)         1.394     1.394 r  u_soc_top/pll_clk.u_clk_pll/inst/clkin1_ibufg/O
                         net (fo=1, routed)           1.080     2.474    u_soc_top/pll_clk.u_clk_pll/inst/clk_in1_clk_pll
    PLLE2_ADV_X0Y3       PLLE2_ADV (Prop_plle2_adv_CLKIN1_CLKOUT0)
                                                     -7.629    -5.155 r  u_soc_top/pll_clk.u_clk_pll/inst/plle2_adv_inst/CLKOUT0
                         net (fo=1, routed)           1.557    -3.598    u_soc_top/pll_clk.u_clk_pll/inst/cpu_clk_clk_pll
    BUFGCTRL_X0Y16       BUFG (Prop_bufg_I_O)         0.081    -3.517 r  u_soc_top/pll_clk.u_clk_pll/inst/clkout1_buf/O
                         net (fo=4420, routed)        1.646    -1.871    u_soc_top/u_axi_sram_direct/CLK
    SLICE_X10Y62         FDRE                                         r  u_soc_top/u_axi_sram_direct/ram_addr_out_r_reg[6]/C
  -------------------------------------------------------------------    -------------------
    SLICE_X10Y62         FDRE (Prop_fdre_C_Q)         0.433    -1.438 f  u_soc_top/u_axi_sram_direct/ram_addr_out_r_reg[6]/Q
                         net (fo=1, routed)           2.692     1.253    ext_ram_addr_OBUF[6]
    Y17                  OBUF (Prop_obuf_I_O)         3.268     4.521 f  ext_ram_addr_OBUF[6]_inst/O
                         net (fo=0)                   0.000     4.521    ext_ram_addr[6]
    Y17                                                               f  ext_ram_addr[6] (OUT)
  -------------------------------------------------------------------    -------------------

                         (clock cpu_clk rise edge)   10.000    10.000 r  
    K21                                               0.000    10.000 r  clk_50M (IN)
                         net (fo=0)                   0.000    10.000    u_soc_top/pll_clk.u_clk_pll/inst/clk_in1
    K21                  IBUF (Prop_ibuf_I_O)         1.328    11.328 r  u_soc_top/pll_clk.u_clk_pll/inst/clkin1_ibufg/O
                         net (fo=1, routed)           1.019    12.347    u_soc_top/pll_clk.u_clk_pll/inst/clk_in1_clk_pll
    PLLE2_ADV_X0Y3       PLLE2_ADV (Prop_plle2_adv_CLKIN1_CLKOUT0)
                                                     -6.890     5.457 r  u_soc_top/pll_clk.u_clk_pll/inst/plle2_adv_inst/CLKOUT0
                         clock pessimism             -0.612     4.845    
                         clock uncertainty           -0.094     4.751    
                         output delay                -0.300     4.451    
  -------------------------------------------------------------------
                         required time                          4.451    
                         arrival time                          -4.521    
  -------------------------------------------------------------------
                         slack                                 -0.071    

Slack (VIOLATED) :        -0.063ns  (required time - arrival time)
  Source:                 u_soc_top/u_axi_sram_direct/bank_out_r_reg/C
                            (rising edge-triggered cell FDRE clocked by cpu_clk  {rise@0.000ns fall@5.000ns period=10.000ns})
  Destination:            ext_ram_ce_n
                            (output port clocked by cpu_clk  {rise@0.000ns fall@5.000ns period=10.000ns})
  Path Group:             cpu_clk
  Path Type:              Max at Slow Process Corner
  Requirement:            10.000ns  (cpu_clk rise@10.000ns - cpu_clk rise@0.000ns)
  Data Path Delay:        6.390ns  (logic 3.858ns (60.366%)  route 2.533ns (39.634%))
  Logic Levels:           2  (LUT2=1 OBUF=1)
  Output Delay:           0.300ns
  Clock Path Skew:        -3.278ns (DCD - SCD + CPR)
    Destination Clock Delay (DCD):    -4.543ns = ( 5.457 - 10.000 ) 
    Source Clock Delay      (SCD):    -1.877ns
    Clock Pessimism Removal (CPR):    -0.612ns
  Clock Uncertainty:      0.094ns  ((TSJ^2 + DJ^2)^1/2) / 2 + PE
    Total System Jitter     (TSJ):    0.071ns
    Discrete Jitter          (DJ):    0.175ns
    Phase Error              (PE):    0.000ns

    Location             Delay type                Incr(ns)  Path(ns)    Netlist Resource(s)
  -------------------------------------------------------------------    -------------------
                         (clock cpu_clk rise edge)    0.000     0.000 r  
    K21                                               0.000     0.000 r  clk_50M (IN)
                         net (fo=0)                   0.000     0.000    u_soc_top/pll_clk.u_clk_pll/inst/clk_in1
    K21                  IBUF (Prop_ibuf_I_O)         1.394     1.394 r  u_soc_top/pll_clk.u_clk_pll/inst/clkin1_ibufg/O
                         net (fo=1, routed)           1.080     2.474    u_soc_top/pll_clk.u_clk_pll/inst/clk_in1_clk_pll
    PLLE2_ADV_X0Y3       PLLE2_ADV (Prop_plle2_adv_CLKIN1_CLKOUT0)
                                                     -7.629    -5.155 r  u_soc_top/pll_clk.u_clk_pll/inst/plle2_adv_inst/CLKOUT0
                         net (fo=1, routed)           1.557    -3.598    u_soc_top/pll_clk.u_clk_pll/inst/cpu_clk_clk_pll
    BUFGCTRL_X0Y16       BUFG (Prop_bufg_I_O)         0.081    -3.517 r  u_soc_top/pll_clk.u_clk_pll/inst/clkout1_buf/O
                         net (fo=4420, routed)        1.640    -1.877    u_soc_top/u_axi_sram_direct/CLK
    SLICE_X8Y65          FDRE                                         r  u_soc_top/u_axi_sram_direct/bank_out_r_reg/C
  -------------------------------------------------------------------    -------------------
    SLICE_X8Y65          FDRE (Prop_fdre_C_Q)         0.433    -1.444 f  u_soc_top/u_axi_sram_direct/bank_out_r_reg/Q
                         net (fo=2, routed)           0.763    -0.682    u_soc_top/u_axi_sram_direct/bank_out_r
    SLICE_X0Y56          LUT2 (Prop_lut2_I1_O)        0.105    -0.577 r  u_soc_top/u_axi_sram_direct/ext_ram_ce_n_OBUF_inst_i_1/O
                         net (fo=1, routed)           1.770     1.193    ext_ram_ce_n_OBUF
    AD23                 OBUF (Prop_obuf_I_O)         3.320     4.513 r  ext_ram_ce_n_OBUF_inst/O
                         net (fo=0)                   0.000     4.513    ext_ram_ce_n
    AD23                                                              r  ext_ram_ce_n (OUT)
  -------------------------------------------------------------------    -------------------

                         (clock cpu_clk rise edge)   10.000    10.000 r  
    K21                                               0.000    10.000 r  clk_50M (IN)
                         net (fo=0)                   0.000    10.000    u_soc_top/pll_clk.u_clk_pll/inst/clk_in1
    K21                  IBUF (Prop_ibuf_I_O)         1.328    11.328 r  u_soc_top/pll_clk.u_clk_pll/inst/clkin1_ibufg/O
                         net (fo=1, routed)           1.019    12.347    u_soc_top/pll_clk.u_clk_pll/inst/clk_in1_clk_pll
    PLLE2_ADV_X0Y3       PLLE2_ADV (Prop_plle2_adv_CLKIN1_CLKOUT0)
                                                     -6.890     5.457 r  u_soc_top/pll_clk.u_clk_pll/inst/plle2_adv_inst/CLKOUT0
                         clock pessimism             -0.612     4.845    
                         clock uncertainty           -0.094     4.751    
                         output delay                -0.300     4.451    
  -------------------------------------------------------------------
                         required time                          4.451    
                         arrival time                          -4.513    
  -------------------------------------------------------------------
                         slack                                 -0.063    

Slack (VIOLATED) :        -0.063ns  (required time - arrival time)
  Source:                 u_soc_top/u_axi_sram_direct/bank_out_r_reg/C
                            (rising edge-triggered cell FDRE clocked by cpu_clk  {rise@0.000ns fall@5.000ns period=10.000ns})
  Destination:            ext_ram_ce_n
                            (output port clocked by cpu_clk  {rise@0.000ns fall@5.000ns period=10.000ns})
  Path Group:             cpu_clk
  Path Type:              Max at Slow Process Corner
  Requirement:            10.000ns  (cpu_clk rise@10.000ns - cpu_clk rise@0.000ns)
  Data Path Delay:        6.390ns  (logic 3.858ns (60.366%)  route 2.533ns (39.634%))
  Logic Levels:           2  (LUT2=1 OBUF=1)
  Output Delay:           0.300ns
  Clock Path Skew:        -3.278ns (DCD - SCD + CPR)
    Destination Clock Delay (DCD):    -4.543ns = ( 5.457 - 10.000 ) 
    Source Clock Delay      (SCD):    -1.877ns
    Clock Pessimism Removal (CPR):    -0.612ns
  Clock Uncertainty:      0.094ns  ((TSJ^2 + DJ^2)^1/2) / 2 + PE
    Total System Jitter     (TSJ):    0.071ns
    Discrete Jitter          (DJ):    0.175ns
    Phase Error              (PE):    0.000ns

    Location             Delay type                Incr(ns)  Path(ns)    Netlist Resource(s)
  -------------------------------------------------------------------    -------------------
                         (clock cpu_clk rise edge)    0.000     0.000 r  
    K21                                               0.000     0.000 r  clk_50M (IN)
                         net (fo=0)                   0.000     0.000    u_soc_top/pll_clk.u_clk_pll/inst/clk_in1
    K21                  IBUF (Prop_ibuf_I_O)         1.394     1.394 r  u_soc_top/pll_clk.u_clk_pll/inst/clkin1_ibufg/O
                         net (fo=1, routed)           1.080     2.474    u_soc_top/pll_clk.u_clk_pll/inst/clk_in1_clk_pll
    PLLE2_ADV_X0Y3       PLLE2_ADV (Prop_plle2_adv_CLKIN1_CLKOUT0)
                                                     -7.629    -5.155 r  u_soc_top/pll_clk.u_clk_pll/inst/plle2_adv_inst/CLKOUT0
                         net (fo=1, routed)           1.557    -3.598    u_soc_top/pll_clk.u_clk_pll/inst/cpu_clk_clk_pll
    BUFGCTRL_X0Y16       BUFG (Prop_bufg_I_O)         0.081    -3.517 r  u_soc_top/pll_clk.u_clk_pll/inst/clkout1_buf/O
                         net (fo=4420, routed)        1.640    -1.877    u_soc_top/u_axi_sram_direct/CLK
    SLICE_X8Y65          FDRE                                         r  u_soc_top/u_axi_sram_direct/bank_out_r_reg/C
  -------------------------------------------------------------------    -------------------
    SLICE_X8Y65          FDRE (Prop_fdre_C_Q)         0.433    -1.444 r  u_soc_top/u_axi_sram_direct/bank_out_r_reg/Q
                         net (fo=2, routed)           0.763    -0.682    u_soc_top/u_axi_sram_direct/bank_out_r
    SLICE_X0Y56          LUT2 (Prop_lut2_I1_O)        0.105    -0.577 f  u_soc_top/u_axi_sram_direct/ext_ram_ce_n_OBUF_inst_i_1/O
                         net (fo=1, routed)           1.770     1.193    ext_ram_ce_n_OBUF
    AD23                 OBUF (Prop_obuf_I_O)         3.320     4.513 f  ext_ram_ce_n_OBUF_inst/O
                         net (fo=0)                   0.000     4.513    ext_ram_ce_n
    AD23                                                              f  ext_ram_ce_n (OUT)
  -------------------------------------------------------------------    -------------------

                         (clock cpu_clk rise edge)   10.000    10.000 r  
    K21                                               0.000    10.000 r  clk_50M (IN)
                         net (fo=0)                   0.000    10.000    u_soc_top/pll_clk.u_clk_pll/inst/clk_in1
    K21                  IBUF (Prop_ibuf_I_O)         1.328    11.328 r  u_soc_top/pll_clk.u_clk_pll/inst/clkin1_ibufg/O
                         net (fo=1, routed)           1.019    12.347    u_soc_top/pll_clk.u_clk_pll/inst/clk_in1_clk_pll
    PLLE2_ADV_X0Y3       PLLE2_ADV (Prop_plle2_adv_CLKIN1_CLKOUT0)
                                                     -6.890     5.457 r  u_soc_top/pll_clk.u_clk_pll/inst/plle2_adv_inst/CLKOUT0
                         clock pessimism             -0.612     4.845    
                         clock uncertainty           -0.094     4.751    
                         output delay                -0.300     4.451    
  -------------------------------------------------------------------
                         required time                          4.451    
                         arrival time                          -4.513    
  -------------------------------------------------------------------
                         slack                                 -0.063    

Slack (VIOLATED) :        -0.049ns  (required time - arrival time)
  Source:                 u_soc_top/u_cpu/u_core/reg_id_ex0_ctrl/data_out_reg[13]/C
                            (rising edge-triggered cell FDRE clocked by cpu_clk  {rise@0.000ns fall@5.000ns period=10.000ns})
  Destination:            u_soc_top/u_cpu/u_core/reg_ex_mem1_data/data_out_reg[36]/D
                            (rising edge-triggered cell FDRE clocked by cpu_clk  {rise@0.000ns fall@5.000ns period=10.000ns})
  Path Group:             cpu_clk
  Path Type:              Setup (Max at Slow Process Corner)
  Requirement:            10.000ns  (cpu_clk rise@10.000ns - cpu_clk rise@0.000ns)
  Data Path Delay:        10.022ns  (logic 2.607ns (26.012%)  route 7.415ns (73.988%))
  Logic Levels:           12  (CARRY4=1 LUT2=1 LUT3=3 LUT5=1 LUT6=5 MUXF7=1)
  Clock Path Skew:        0.038ns (DCD - SCD + CPR)
    Destination Clock Delay (DCD):    -1.458ns = ( 8.542 - 10.000 ) 
    Source Clock Delay      (SCD):    -1.958ns
    Clock Pessimism Removal (CPR):    -0.462ns
  Clock Uncertainty:      0.094ns  ((TSJ^2 + DJ^2)^1/2) / 2 + PE
    Total System Jitter     (TSJ):    0.071ns
    Discrete Jitter          (DJ):    0.175ns
    Phase Error              (PE):    0.000ns

    Location             Delay type                Incr(ns)  Path(ns)    Netlist Resource(s)
  -------------------------------------------------------------------    -------------------
                         (clock cpu_clk rise edge)    0.000     0.000 r  
    K21                                               0.000     0.000 r  clk_50M (IN)
                         net (fo=0)                   0.000     0.000    u_soc_top/pll_clk.u_clk_pll/inst/clk_in1
    K21                  IBUF (Prop_ibuf_I_O)         1.394     1.394 r  u_soc_top/pll_clk.u_clk_pll/inst/clkin1_ibufg/O
                         net (fo=1, routed)           1.080     2.474    u_soc_top/pll_clk.u_clk_pll/inst/clk_in1_clk_pll
    PLLE2_ADV_X0Y3       PLLE2_ADV (Prop_plle2_adv_CLKIN1_CLKOUT0)
                                                     -7.629    -5.155 r  u_soc_top/pll_clk.u_clk_pll/inst/plle2_adv_inst/CLKOUT0
                         net (fo=1, routed)           1.557    -3.598    u_soc_top/pll_clk.u_clk_pll/inst/cpu_clk_clk_pll
    BUFGCTRL_X0Y16       BUFG (Prop_bufg_I_O)         0.081    -3.517 r  u_soc_top/pll_clk.u_clk_pll/inst/clkout1_buf/O
                         net (fo=4420, routed)        1.559    -1.958    u_soc_top/u_cpu/u_core/reg_id_ex0_ctrl/cpu_clk
    SLICE_X50Y52         FDRE                                         r  u_soc_top/u_cpu/u_core/reg_id_ex0_ctrl/data_out_reg[13]/C
  -------------------------------------------------------------------    -------------------
    SLICE_X50Y52         FDRE (Prop_fdre_C_Q)         0.348    -1.610 r  u_soc_top/u_cpu/u_core/reg_id_ex0_ctrl/data_out_reg[13]/Q
                         net (fo=2, routed)           0.968    -0.643    u_soc_top/u_cpu/u_core/reg_id_ex0_ctrl/id_ex0_out[ctrl][rf_we]
    SLICE_X47Y49         LUT3 (Prop_lut3_I1_O)        0.256    -0.387 f  u_soc_top/u_cpu/u_core/reg_id_ex0_ctrl/data_out[99]_i_12/O
                         net (fo=3, routed)           0.691     0.304    u_soc_top/u_cpu/u_core/reg_id_ex0_data/data_out[100]_i_16_0
    SLICE_X47Y47         LUT6 (Prop_lut6_I4_O)        0.267     0.571 r  u_soc_top/u_cpu/u_core/reg_id_ex0_data/data_out[99]_i_5__0/O
                         net (fo=33, routed)          0.550     1.121    u_soc_top/u_cpu/u_core/reg_ex_mem0_ctrl/data_out_reg[99]_2
    SLICE_X44Y47         LUT6 (Prop_lut6_I0_O)        0.105     1.226 r  u_soc_top/u_cpu/u_core/reg_ex_mem0_ctrl/data_out[99]_i_2/O
                         net (fo=32, routed)          1.222     2.448    u_soc_top/u_cpu/u_core/reg_ex_mem0_ctrl/data_out[99]_i_2_n_0
    SLICE_X26Y49         MUXF7 (Prop_muxf7_S_O)       0.227     2.675 r  u_soc_top/u_cpu/u_core/reg_ex_mem0_ctrl/data_out_reg[97]_i_1/O
                         net (fo=2, routed)           0.765     3.440    u_soc_top/u_cpu/u_core/reg_id_ex1_data/D[29]
    SLICE_X30Y52         LUT3 (Prop_lut3_I2_O)        0.272     3.712 r  u_soc_top/u_cpu/u_core/reg_id_ex1_data/data_out[129]_i_17/O
                         net (fo=5, routed)           0.670     4.382    u_soc_top/u_cpu/u_core/reg_id_ex0_data/alu_b1[29]
    SLICE_X25Y56         LUT2 (Prop_lut2_I1_O)        0.275     4.657 f  u_soc_top/u_cpu/u_core/reg_id_ex0_data/data_out[129]_i_18/O
                         net (fo=3, routed)           0.596     5.253    u_soc_top/u_cpu/u_core/reg_id_ex0_data/data_out_reg[93]_1
    SLICE_X28Y57         LUT3 (Prop_lut3_I0_O)        0.105     5.358 r  u_soc_top/u_cpu/u_core/reg_id_ex0_data/data_out[100]_i_24/O
                         net (fo=1, routed)           0.000     5.358    u_soc_top/u_cpu/u_core/alu_unit1/data_out[100]_i_9_2[2]
    SLICE_X28Y57         CARRY4 (Prop_carry4_S[2]_CO[3])
                                                      0.332     5.690 r  u_soc_top/u_cpu/u_core/alu_unit1/data_out_reg[100]_i_14/CO[3]
                         net (fo=1, routed)           0.848     6.538    u_soc_top/u_cpu/u_core/reg_id_ex1_data/data_out[100]_i_3_0[0]
    SLICE_X28Y53         LUT6 (Prop_lut6_I0_O)        0.105     6.643 r  u_soc_top/u_cpu/u_core/reg_id_ex1_data/data_out[100]_i_9/O
                         net (fo=2, routed)           0.255     6.898    u_soc_top/u_cpu/u_core/reg_id_ex1_data/data_out[100]_i_9_n_0
    SLICE_X28Y51         LUT6 (Prop_lut6_I5_O)        0.105     7.003 r  u_soc_top/u_cpu/u_core/reg_id_ex1_data/data_out[36]_i_4/O
                         net (fo=1, routed)           0.389     7.392    u_soc_top/u_cpu/u_core/reg_id_ex1_data/data_out[36]_i_4_n_0
    SLICE_X26Y51         LUT6 (Prop_lut6_I5_O)        0.105     7.497 r  u_soc_top/u_cpu/u_core/reg_id_ex1_data/data_out[36]_i_2/O
                         net (fo=1, routed)           0.463     7.959    u_soc_top/u_cpu/u_core/reg_id_ex1_data/data_out[36]_i_2_n_0
    SLICE_X26Y50         LUT5 (Prop_lut5_I0_O)        0.105     8.064 r  u_soc_top/u_cpu/u_core/reg_id_ex1_data/data_out[36]_i_1__0/O
                         net (fo=1, routed)           0.000     8.064    u_soc_top/u_cpu/u_core/reg_ex_mem1_data/data_out_reg[131]_0[0]
    SLICE_X26Y50         FDRE                                         r  u_soc_top/u_cpu/u_core/reg_ex_mem1_data/data_out_reg[36]/D
  -------------------------------------------------------------------    -------------------

                         (clock cpu_clk rise edge)   10.000    10.000 r  
    K21                                               0.000    10.000 r  clk_50M (IN)
                         net (fo=0)                   0.000    10.000    u_soc_top/pll_clk.u_clk_pll/inst/clk_in1
    K21                  IBUF (Prop_ibuf_I_O)         1.328    11.328 r  u_soc_top/pll_clk.u_clk_pll/inst/clkin1_ibufg/O
                         net (fo=1, routed)           1.019    12.347    u_soc_top/pll_clk.u_clk_pll/inst/clk_in1_clk_pll
    PLLE2_ADV_X0Y3       PLLE2_ADV (Prop_plle2_adv_CLKIN1_CLKOUT0)
                                                     -6.890     5.457 r  u_soc_top/pll_clk.u_clk_pll/inst/plle2_adv_inst/CLKOUT0
                         net (fo=1, routed)           1.484     6.942    u_soc_top/pll_clk.u_clk_pll/inst/cpu_clk_clk_pll
    BUFGCTRL_X0Y16       BUFG (Prop_bufg_I_O)         0.077     7.019 r  u_soc_top/pll_clk.u_clk_pll/inst/clkout1_buf/O
                         net (fo=4420, routed)        1.523     8.542    u_soc_top/u_cpu/u_core/reg_ex_mem1_data/cpu_clk
    SLICE_X26Y50         FDRE                                         r  u_soc_top/u_cpu/u_core/reg_ex_mem1_data/data_out_reg[36]/C
                         clock pessimism             -0.462     8.080    
                         clock uncertainty           -0.094     7.985    
    SLICE_X26Y50         FDRE (Setup_fdre_C_D)        0.030     8.015    u_soc_top/u_cpu/u_core/reg_ex_mem1_data/data_out_reg[36]
  -------------------------------------------------------------------
                         required time                          8.015    
                         arrival time                          -8.064    
  -------------------------------------------------------------------
                         slack                                 -0.049    

Slack (VIOLATED) :        -0.049ns  (required time - arrival time)
  Source:                 u_soc_top/u_cpu/u_core/reg_id_ex0_ctrl/data_out_reg[13]/C
                            (rising edge-triggered cell FDRE clocked by cpu_clk  {rise@0.000ns fall@5.000ns period=10.000ns})
  Destination:            u_soc_top/u_cpu/u_core/reg_ex_mem1_data/data_out_reg[36]/D
                            (rising edge-triggered cell FDRE clocked by cpu_clk  {rise@0.000ns fall@5.000ns period=10.000ns})
  Path Group:             cpu_clk
  Path Type:              Setup (Max at Slow Process Corner)
  Requirement:            10.000ns  (cpu_clk rise@10.000ns - cpu_clk rise@0.000ns)
  Data Path Delay:        10.022ns  (logic 2.607ns (26.012%)  route 7.415ns (73.988%))
  Logic Levels:           12  (CARRY4=1 LUT2=1 LUT3=3 LUT5=1 LUT6=5 MUXF7=1)
  Clock Path Skew:        0.038ns (DCD - SCD + CPR)
    Destination Clock Delay (DCD):    -1.458ns = ( 8.542 - 10.000 ) 
    Source Clock Delay      (SCD):    -1.958ns
    Clock Pessimism Removal (CPR):    -0.462ns
  Clock Uncertainty:      0.094ns  ((TSJ^2 + DJ^2)^1/2) / 2 + PE
    Total System Jitter     (TSJ):    0.071ns
    Discrete Jitter          (DJ):    0.175ns
    Phase Error              (PE):    0.000ns

    Location             Delay type                Incr(ns)  Path(ns)    Netlist Resource(s)
  -------------------------------------------------------------------    -------------------
                         (clock cpu_clk rise edge)    0.000     0.000 r  
    K21                                               0.000     0.000 r  clk_50M (IN)
                         net (fo=0)                   0.000     0.000    u_soc_top/pll_clk.u_clk_pll/inst/clk_in1
    K21                  IBUF (Prop_ibuf_I_O)         1.394     1.394 r  u_soc_top/pll_clk.u_clk_pll/inst/clkin1_ibufg/O
                         net (fo=1, routed)           1.080     2.474    u_soc_top/pll_clk.u_clk_pll/inst/clk_in1_clk_pll
    PLLE2_ADV_X0Y3       PLLE2_ADV (Prop_plle2_adv_CLKIN1_CLKOUT0)
                                                     -7.629    -5.155 r  u_soc_top/pll_clk.u_clk_pll/inst/plle2_adv_inst/CLKOUT0
                         net (fo=1, routed)           1.557    -3.598    u_soc_top/pll_clk.u_clk_pll/inst/cpu_clk_clk_pll
    BUFGCTRL_X0Y16       BUFG (Prop_bufg_I_O)         0.081    -3.517 r  u_soc_top/pll_clk.u_clk_pll/inst/clkout1_buf/O
                         net (fo=4420, routed)        1.559    -1.958    u_soc_top/u_cpu/u_core/reg_id_ex0_ctrl/cpu_clk
    SLICE_X50Y52         FDRE                                         r  u_soc_top/u_cpu/u_core/reg_id_ex0_ctrl/data_out_reg[13]/C
  -------------------------------------------------------------------    -------------------
    SLICE_X50Y52         FDRE (Prop_fdre_C_Q)         0.348    -1.610 f  u_soc_top/u_cpu/u_core/reg_id_ex0_ctrl/data_out_reg[13]/Q
                         net (fo=2, routed)           0.968    -0.643    u_soc_top/u_cpu/u_core/reg_id_ex0_ctrl/id_ex0_out[ctrl][rf_we]
    SLICE_X47Y49         LUT3 (Prop_lut3_I1_O)        0.256    -0.387 r  u_soc_top/u_cpu/u_core/reg_id_ex0_ctrl/data_out[99]_i_12/O
                         net (fo=3, routed)           0.691     0.304    u_soc_top/u_cpu/u_core/reg_id_ex0_data/data_out[100]_i_16_0
    SLICE_X47Y47         LUT6 (Prop_lut6_I4_O)        0.267     0.571 f  u_soc_top/u_cpu/u_core/reg_id_ex0_data/data_out[99]_i_5__0/O
                         net (fo=33, routed)          0.550     1.121    u_soc_top/u_cpu/u_core/reg_ex_mem0_ctrl/data_out_reg[99]_2
    SLICE_X44Y47         LUT6 (Prop_lut6_I0_O)        0.105     1.226 f  u_soc_top/u_cpu/u_core/reg_ex_mem0_ctrl/data_out[99]_i_2/O
                         net (fo=32, routed)          1.222     2.448    u_soc_top/u_cpu/u_core/reg_ex_mem0_ctrl/data_out[99]_i_2_n_0
    SLICE_X26Y49         MUXF7 (Prop_muxf7_S_O)       0.227     2.675 r  u_soc_top/u_cpu/u_core/reg_ex_mem0_ctrl/data_out_reg[97]_i_1/O
                         net (fo=2, routed)           0.765     3.440    u_soc_top/u_cpu/u_core/reg_id_ex1_data/D[29]
    SLICE_X30Y52         LUT3 (Prop_lut3_I2_O)        0.272     3.712 r  u_soc_top/u_cpu/u_core/reg_id_ex1_data/data_out[129]_i_17/O
                         net (fo=5, routed)           0.670     4.382    u_soc_top/u_cpu/u_core/reg_id_ex0_data/alu_b1[29]
    SLICE_X25Y56         LUT2 (Prop_lut2_I1_O)        0.275     4.657 f  u_soc_top/u_cpu/u_core/reg_id_ex0_data/data_out[129]_i_18/O
                         net (fo=3, routed)           0.596     5.253    u_soc_top/u_cpu/u_core/reg_id_ex0_data/data_out_reg[93]_1
    SLICE_X28Y57         LUT3 (Prop_lut3_I0_O)        0.105     5.358 r  u_soc_top/u_cpu/u_core/reg_id_ex0_data/data_out[100]_i_24/O
                         net (fo=1, routed)           0.000     5.358    u_soc_top/u_cpu/u_core/alu_unit1/data_out[100]_i_9_2[2]
    SLICE_X28Y57         CARRY4 (Prop_carry4_S[2]_CO[3])
                                                      0.332     5.690 r  u_soc_top/u_cpu/u_core/alu_unit1/data_out_reg[100]_i_14/CO[3]
                         net (fo=1, routed)           0.848     6.538    u_soc_top/u_cpu/u_core/reg_id_ex1_data/data_out[100]_i_3_0[0]
    SLICE_X28Y53         LUT6 (Prop_lut6_I0_O)        0.105     6.643 r  u_soc_top/u_cpu/u_core/reg_id_ex1_data/data_out[100]_i_9/O
                         net (fo=2, routed)           0.255     6.898    u_soc_top/u_cpu/u_core/reg_id_ex1_data/data_out[100]_i_9_n_0
    SLICE_X28Y51         LUT6 (Prop_lut6_I5_O)        0.105     7.003 r  u_soc_top/u_cpu/u_core/reg_id_ex1_data/data_out[36]_i_4/O
                         net (fo=1, routed)           0.389     7.392    u_soc_top/u_cpu/u_core/reg_id_ex1_data/data_out[36]_i_4_n_0
    SLICE_X26Y51         LUT6 (Prop_lut6_I5_O)        0.105     7.497 r  u_soc_top/u_cpu/u_core/reg_id_ex1_data/data_out[36]_i_2/O
                         net (fo=1, routed)           0.463     7.959    u_soc_top/u_cpu/u_core/reg_id_ex1_data/data_out[36]_i_2_n_0
    SLICE_X26Y50         LUT5 (Prop_lut5_I0_O)        0.105     8.064 r  u_soc_top/u_cpu/u_core/reg_id_ex1_data/data_out[36]_i_1__0/O
                         net (fo=1, routed)           0.000     8.064    u_soc_top/u_cpu/u_core/reg_ex_mem1_data/data_out_reg[131]_0[0]
    SLICE_X26Y50         FDRE                                         r  u_soc_top/u_cpu/u_core/reg_ex_mem1_data/data_out_reg[36]/D
  -------------------------------------------------------------------    -------------------

                         (clock cpu_clk rise edge)   10.000    10.000 r  
    K21                                               0.000    10.000 r  clk_50M (IN)
                         net (fo=0)                   0.000    10.000    u_soc_top/pll_clk.u_clk_pll/inst/clk_in1
    K21                  IBUF (Prop_ibuf_I_O)         1.328    11.328 r  u_soc_top/pll_clk.u_clk_pll/inst/clkin1_ibufg/O
                         net (fo=1, routed)           1.019    12.347    u_soc_top/pll_clk.u_clk_pll/inst/clk_in1_clk_pll
    PLLE2_ADV_X0Y3       PLLE2_ADV (Prop_plle2_adv_CLKIN1_CLKOUT0)
                                                     -6.890     5.457 r  u_soc_top/pll_clk.u_clk_pll/inst/plle2_adv_inst/CLKOUT0
                         net (fo=1, routed)           1.484     6.942    u_soc_top/pll_clk.u_clk_pll/inst/cpu_clk_clk_pll
    BUFGCTRL_X0Y16       BUFG (Prop_bufg_I_O)         0.077     7.019 r  u_soc_top/pll_clk.u_clk_pll/inst/clkout1_buf/O
                         net (fo=4420, routed)        1.523     8.542    u_soc_top/u_cpu/u_core/reg_ex_mem1_data/cpu_clk
    SLICE_X26Y50         FDRE                                         r  u_soc_top/u_cpu/u_core/reg_ex_mem1_data/data_out_reg[36]/C
                         clock pessimism             -0.462     8.080    
                         clock uncertainty           -0.094     7.985    
    SLICE_X26Y50         FDRE (Setup_fdre_C_D)        0.030     8.015    u_soc_top/u_cpu/u_core/reg_ex_mem1_data/data_out_reg[36]
  -------------------------------------------------------------------
                         required time                          8.015    
                         arrival time                          -8.064    
  -------------------------------------------------------------------
                         slack                                 -0.049    




