Copyright 1986-2019 Xilinx, Inc. All Rights Reserved.
---------------------------------------------------------------------------------------------------------------------
| Tool Version : Vivado v.2019.2 (lin64) Build 2708876 Wed Nov  6 21:39:14 MST 2019
| Date         : Wed Aug  5 04:22:01 2026
| Host         : 7c4494ce55d8 running 64-bit Ubuntu 18.04.6 LTS
| Command      : report_timing -max_paths 20 -nworst 10 -file /workspace/run_vivado/project/synth_critical_paths.rpt
| Design       : thinpad_top
| Device       : 7a200t-fbg676
| Speed File   : -2  PRODUCTION 1.23 2018-06-13
---------------------------------------------------------------------------------------------------------------------

Timing Report

Slack (MET) :             0.832ns  (required time - arrival time)
  Source:                 u_soc_top/u_cpu/u_core/fq_instr_reg[0][20]/C
                            (rising edge-triggered cell FDRE clocked by cpu_clk  {rise@0.000ns fall@5.000ns period=10.000ns})
  Destination:            u_soc_top/u_cpu/u_core/fq_instr_reg[1][0]/CE
                            (rising edge-triggered cell FDRE clocked by cpu_clk  {rise@0.000ns fall@5.000ns period=10.000ns})
  Path Group:             cpu_clk
  Path Type:              Setup (Max at Slow Process Corner)
  Requirement:            10.000ns  (cpu_clk rise@10.000ns - cpu_clk rise@0.000ns)
  Data Path Delay:        8.764ns  (logic 3.621ns (41.317%)  route 5.143ns (58.683%))
  Logic Levels:           19  (CARRY4=8 LUT2=1 LUT3=1 LUT5=2 LUT6=7)
  Clock Path Skew:        -0.145ns (DCD - SCD + CPR)
    Destination Clock Delay (DCD):    -2.143ns = ( 7.857 - 10.000 ) 
    Source Clock Delay      (SCD):    -2.494ns
    Clock Pessimism Removal (CPR):    -0.496ns
  Clock Uncertainty:      0.094ns  ((TSJ^2 + DJ^2)^1/2) / 2 + PE
    Total System Jitter     (TSJ):    0.071ns
    Discrete Jitter          (DJ):    0.175ns
    Phase Error              (PE):    0.000ns

    Location             Delay type                Incr(ns)  Path(ns)    Netlist Resource(s)
  -------------------------------------------------------------------    -------------------
                         (clock cpu_clk rise edge)    0.000     0.000 r  
    K21                                               0.000     0.000 r  clk_50M (IN)
                         net (fo=0)                   0.000     0.000    u_soc_top/pll_clk.u_clk_pll/inst/clk_in1
    K21                  IBUF (Prop_ibuf_I_O)         1.394     1.394 r  u_soc_top/pll_clk.u_clk_pll/inst/clkin1_ibufg/O
                         net (fo=1, unplaced)         0.584     1.978    u_soc_top/pll_clk.u_clk_pll/inst/clk_in1_clk_pll
                         PLLE2_ADV (Prop_plle2_adv_CLKIN1_CLKOUT0)
                                                     -5.783    -3.805 r  u_soc_top/pll_clk.u_clk_pll/inst/plle2_adv_inst/CLKOUT0
                         net (fo=1, unplaced)         0.646    -3.159    u_soc_top/pll_clk.u_clk_pll/inst/cpu_clk_clk_pll
                         BUFG (Prop_bufg_I_O)         0.081    -3.078 r  u_soc_top/pll_clk.u_clk_pll/inst/clkout1_buf/O
                         net (fo=4388, unplaced)      0.584    -2.494    u_soc_top/u_cpu/u_core/cpu_clk
                         FDRE                                         r  u_soc_top/u_cpu/u_core/fq_instr_reg[0][20]/C
  -------------------------------------------------------------------    -------------------
                         FDRE (Prop_fdre_C_Q)         0.379    -2.115 f  u_soc_top/u_cpu/u_core/fq_instr_reg[0][20]/Q
                         net (fo=29, unplaced)        0.726    -1.389    u_soc_top/u_cpu/u_core/reg_id_ex0_data/data_out_reg[4]_0[20]
                         LUT5 (Prop_lut5_I0_O)        0.232    -1.157 f  u_soc_top/u_cpu/u_core/reg_id_ex0_data/data_out[13]_i_8__0/O
                         net (fo=3, unplaced)         0.365    -0.792    u_soc_top/u_cpu/u_core/reg_id_ex0_data/fq_instr_reg[0][20]
                         LUT6 (Prop_lut6_I5_O)        0.105    -0.687 r  u_soc_top/u_cpu/u_core/reg_id_ex0_data/data_out[87]_i_4/O
                         net (fo=2, unplaced)         0.358    -0.329    u_soc_top/u_cpu/u_core/reg_id_ex0_data/fq_instr_reg[0][25]_0
                         LUT5 (Prop_lut5_I0_O)        0.105    -0.224 r  u_soc_top/u_cpu/u_core/reg_id_ex0_data/data_out[3]_i_2__1/O
                         net (fo=2, unplaced)         0.358     0.134    u_soc_top/u_cpu/u_core/bp_unit/data_out_reg[84]_0
                         LUT6 (Prop_lut6_I2_O)        0.105     0.239 r  u_soc_top/u_cpu/u_core/bp_unit/data_out[84]_i_2__1/O
                         net (fo=2, unplaced)         0.358     0.597    u_soc_top/u_cpu/u_core/bp_unit/data_out[84]_i_2__1_n_0
                         LUT6 (Prop_lut6_I0_O)        0.105     0.702 r  u_soc_top/u_cpu/u_core/bp_unit/data_out[84]_i_1__1/O
                         net (fo=3, unplaced)         0.365     1.067    u_soc_top/u_cpu/u_core/bp_unit/D[1]
                         LUT2 (Prop_lut2_I1_O)        0.105     1.172 r  u_soc_top/u_cpu/u_core/bp_unit/pc[0]_i_8/O
                         net (fo=1, unplaced)         0.000     1.172    u_soc_top/u_cpu/u_core/bp_unit/pc[0]_i_8_n_0
                         CARRY4 (Prop_carry4_S[1]_CO[3])
                                                      0.457     1.629 r  u_soc_top/u_cpu/u_core/bp_unit/pc_reg[0]_i_3/CO[3]
                         net (fo=1, unplaced)         0.000     1.629    u_soc_top/u_cpu/u_core/bp_unit/pc_reg[0]_i_3_n_0
                         CARRY4 (Prop_carry4_CI_CO[3])
                                                      0.098     1.727 r  u_soc_top/u_cpu/u_core/bp_unit/pc_reg[7]_i_4/CO[3]
                         net (fo=1, unplaced)         0.000     1.727    u_soc_top/u_cpu/u_core/bp_unit/pc_reg[7]_i_4_n_0
                         CARRY4 (Prop_carry4_CI_CO[3])
                                                      0.098     1.825 r  u_soc_top/u_cpu/u_core/bp_unit/pc_reg[11]_i_4/CO[3]
                         net (fo=1, unplaced)         0.000     1.825    u_soc_top/u_cpu/u_core/bp_unit/pc_reg[11]_i_4_n_0
                         CARRY4 (Prop_carry4_CI_CO[3])
                                                      0.098     1.923 r  u_soc_top/u_cpu/u_core/bp_unit/pc_reg[15]_i_4/CO[3]
                         net (fo=1, unplaced)         0.000     1.923    u_soc_top/u_cpu/u_core/bp_unit/pc_reg[15]_i_4_n_0
                         CARRY4 (Prop_carry4_CI_CO[3])
                                                      0.098     2.021 r  u_soc_top/u_cpu/u_core/bp_unit/pc_reg[19]_i_4/CO[3]
                         net (fo=1, unplaced)         0.000     2.021    u_soc_top/u_cpu/u_core/bp_unit/pc_reg[19]_i_4_n_0
                         CARRY4 (Prop_carry4_CI_O[3])
                                                      0.275     2.296 r  u_soc_top/u_cpu/u_core/bp_unit/pc_reg[23]_i_4/O[3]
                         net (fo=3, unplaced)         0.537     2.833    u_soc_top/u_cpu/u_core/bp_unit/bp_jump_pc[23]
                         LUT6 (Prop_lut6_I4_O)        0.250     3.083 r  u_soc_top/u_cpu/u_core/bp_unit/data_out[14]_i_22/O
                         net (fo=1, unplaced)         0.000     3.083    u_soc_top/u_cpu/u_core/hazard_ctrl/data_out_reg[14]_i_5_0[3]
                         CARRY4 (Prop_carry4_S[3]_CO[3])
                                                      0.332     3.415 r  u_soc_top/u_cpu/u_core/hazard_ctrl/data_out_reg[14]_i_10/CO[3]
                         net (fo=1, unplaced)         0.000     3.415    u_soc_top/u_cpu/u_core/hazard_ctrl/data_out_reg[14]_i_10_n_0
                         CARRY4 (Prop_carry4_CI_CO[2])
                                                      0.209     3.624 f  u_soc_top/u_cpu/u_core/hazard_ctrl/data_out_reg[14]_i_5/CO[2]
                         net (fo=1, unplaced)         0.349     3.973    u_soc_top/u_cpu/u_core/reg_id_ex0_ctrl/fq_instr_reg[0][31]_2[0]
                         LUT6 (Prop_lut6_I5_O)        0.252     4.225 f  u_soc_top/u_cpu/u_core/reg_id_ex0_ctrl/data_out[14]_i_2/O
                         net (fo=146, unplaced)       0.456     4.681    u_soc_top/u_cpu/u_core/reg_id_ex0_ctrl/if_id_flush
                         LUT3 (Prop_lut3_I1_O)        0.108     4.789 f  u_soc_top/u_cpu/u_core/reg_id_ex0_ctrl/fq_instr[0][31]_i_8/O
                         net (fo=4, unplaced)         0.371     5.160    u_soc_top/u_cpu/u_core/reg_id_ex0_ctrl/fq_instr[0][31]_i_8_n_0
                         LUT6 (Prop_lut6_I4_O)        0.105     5.265 r  u_soc_top/u_cpu/u_core/reg_id_ex0_ctrl/fq_pc[1][31]_i_3/O
                         net (fo=96, unplaced)        0.446     5.711    u_soc_top/u_cpu/u_core/reg_id_ex0_ctrl/fetch_absorb2
                         LUT6 (Prop_lut6_I5_O)        0.105     5.816 r  u_soc_top/u_cpu/u_core/reg_id_ex0_ctrl/fq_pc[1][31]_i_1/O
                         net (fo=64, unplaced)        0.454     6.270    u_soc_top/u_cpu/u_core/reg_id_ex0_ctrl_n_16
                         FDRE                                         r  u_soc_top/u_cpu/u_core/fq_instr_reg[1][0]/CE
  -------------------------------------------------------------------    -------------------

                         (clock cpu_clk rise edge)   10.000    10.000 r  
    K21                                               0.000    10.000 r  clk_50M (IN)
                         net (fo=0)                   0.000    10.000    u_soc_top/pll_clk.u_clk_pll/inst/clk_in1
    K21                  IBUF (Prop_ibuf_I_O)         1.328    11.328 r  u_soc_top/pll_clk.u_clk_pll/inst/clkin1_ibufg/O
                         net (fo=1, unplaced)         0.439    11.767    u_soc_top/pll_clk.u_clk_pll/inst/clk_in1_clk_pll
                         PLLE2_ADV (Prop_plle2_adv_CLKIN1_CLKOUT0)
                                                     -5.039     6.728 r  u_soc_top/pll_clk.u_clk_pll/inst/plle2_adv_inst/CLKOUT0
                         net (fo=1, unplaced)         0.613     7.341    u_soc_top/pll_clk.u_clk_pll/inst/cpu_clk_clk_pll
                         BUFG (Prop_bufg_I_O)         0.077     7.418 r  u_soc_top/pll_clk.u_clk_pll/inst/clkout1_buf/O
                         net (fo=4388, unplaced)      0.439     7.857    u_soc_top/u_cpu/u_core/cpu_clk
                         FDRE                                         r  u_soc_top/u_cpu/u_core/fq_instr_reg[1][0]/C
                         clock pessimism             -0.496     7.361    
                         clock uncertainty           -0.094     7.266    
                         FDRE (Setup_fdre_C_CE)      -0.165     7.101    u_soc_top/u_cpu/u_core/fq_instr_reg[1][0]
  -------------------------------------------------------------------
                         required time                          7.101    
                         arrival time                          -6.270    
  -------------------------------------------------------------------
                         slack                                  0.832    

Slack (MET) :             0.832ns  (required time - arrival time)
  Source:                 u_soc_top/u_cpu/u_core/fq_instr_reg[0][20]/C
                            (rising edge-triggered cell FDRE clocked by cpu_clk  {rise@0.000ns fall@5.000ns period=10.000ns})
  Destination:            u_soc_top/u_cpu/u_core/fq_instr_reg[1][0]/CE
                            (rising edge-triggered cell FDRE clocked by cpu_clk  {rise@0.000ns fall@5.000ns period=10.000ns})
  Path Group:             cpu_clk
  Path Type:              Setup (Max at Slow Process Corner)
  Requirement:            10.000ns  (cpu_clk rise@10.000ns - cpu_clk rise@0.000ns)
  Data Path Delay:        8.764ns  (logic 3.621ns (41.317%)  route 5.143ns (58.683%))
  Logic Levels:           19  (CARRY4=8 LUT2=1 LUT3=1 LUT5=2 LUT6=7)
  Clock Path Skew:        -0.145ns (DCD - SCD + CPR)
    Destination Clock Delay (DCD):    -2.143ns = ( 7.857 - 10.000 ) 
    Source Clock Delay      (SCD):    -2.494ns
    Clock Pessimism Removal (CPR):    -0.496ns
  Clock Uncertainty:      0.094ns  ((TSJ^2 + DJ^2)^1/2) / 2 + PE
    Total System Jitter     (TSJ):    0.071ns
    Discrete Jitter          (DJ):    0.175ns
    Phase Error              (PE):    0.000ns

    Location             Delay type                Incr(ns)  Path(ns)    Netlist Resource(s)
  -------------------------------------------------------------------    -------------------
                         (clock cpu_clk rise edge)    0.000     0.000 r  
    K21                                               0.000     0.000 r  clk_50M (IN)
                         net (fo=0)                   0.000     0.000    u_soc_top/pll_clk.u_clk_pll/inst/clk_in1
    K21                  IBUF (Prop_ibuf_I_O)         1.394     1.394 r  u_soc_top/pll_clk.u_clk_pll/inst/clkin1_ibufg/O
                         net (fo=1, unplaced)         0.584     1.978    u_soc_top/pll_clk.u_clk_pll/inst/clk_in1_clk_pll
                         PLLE2_ADV (Prop_plle2_adv_CLKIN1_CLKOUT0)
                                                     -5.783    -3.805 r  u_soc_top/pll_clk.u_clk_pll/inst/plle2_adv_inst/CLKOUT0
                         net (fo=1, unplaced)         0.646    -3.159    u_soc_top/pll_clk.u_clk_pll/inst/cpu_clk_clk_pll
                         BUFG (Prop_bufg_I_O)         0.081    -3.078 r  u_soc_top/pll_clk.u_clk_pll/inst/clkout1_buf/O
                         net (fo=4388, unplaced)      0.584    -2.494    u_soc_top/u_cpu/u_core/cpu_clk
                         FDRE                                         r  u_soc_top/u_cpu/u_core/fq_instr_reg[0][20]/C
  -------------------------------------------------------------------    -------------------
                         FDRE (Prop_fdre_C_Q)         0.379    -2.115 r  u_soc_top/u_cpu/u_core/fq_instr_reg[0][20]/Q
                         net (fo=29, unplaced)        0.726    -1.389    u_soc_top/u_cpu/u_core/reg_id_ex0_data/data_out_reg[4]_0[20]
                         LUT5 (Prop_lut5_I0_O)        0.232    -1.157 r  u_soc_top/u_cpu/u_core/reg_id_ex0_data/data_out[13]_i_8__0/O
                         net (fo=3, unplaced)         0.365    -0.792    u_soc_top/u_cpu/u_core/reg_id_ex0_data/fq_instr_reg[0][20]
                         LUT6 (Prop_lut6_I5_O)        0.105    -0.687 f  u_soc_top/u_cpu/u_core/reg_id_ex0_data/data_out[87]_i_4/O
                         net (fo=2, unplaced)         0.358    -0.329    u_soc_top/u_cpu/u_core/reg_id_ex0_data/fq_instr_reg[0][25]_0
                         LUT5 (Prop_lut5_I0_O)        0.105    -0.224 f  u_soc_top/u_cpu/u_core/reg_id_ex0_data/data_out[3]_i_2__1/O
                         net (fo=2, unplaced)         0.358     0.134    u_soc_top/u_cpu/u_core/bp_unit/data_out_reg[84]_0
                         LUT6 (Prop_lut6_I2_O)        0.105     0.239 f  u_soc_top/u_cpu/u_core/bp_unit/data_out[84]_i_2__1/O
                         net (fo=2, unplaced)         0.358     0.597    u_soc_top/u_cpu/u_core/bp_unit/data_out[84]_i_2__1_n_0
                         LUT6 (Prop_lut6_I0_O)        0.105     0.702 f  u_soc_top/u_cpu/u_core/bp_unit/data_out[84]_i_1__1/O
                         net (fo=3, unplaced)         0.365     1.067    u_soc_top/u_cpu/u_core/bp_unit/D[1]
                         LUT2 (Prop_lut2_I1_O)        0.105     1.172 r  u_soc_top/u_cpu/u_core/bp_unit/pc[0]_i_8/O
                         net (fo=1, unplaced)         0.000     1.172    u_soc_top/u_cpu/u_core/bp_unit/pc[0]_i_8_n_0
                         CARRY4 (Prop_carry4_S[1]_CO[3])
                                                      0.457     1.629 r  u_soc_top/u_cpu/u_core/bp_unit/pc_reg[0]_i_3/CO[3]
                         net (fo=1, unplaced)         0.000     1.629    u_soc_top/u_cpu/u_core/bp_unit/pc_reg[0]_i_3_n_0
                         CARRY4 (Prop_carry4_CI_CO[3])
                                                      0.098     1.727 r  u_soc_top/u_cpu/u_core/bp_unit/pc_reg[7]_i_4/CO[3]
                         net (fo=1, unplaced)         0.000     1.727    u_soc_top/u_cpu/u_core/bp_unit/pc_reg[7]_i_4_n_0
                         CARRY4 (Prop_carry4_CI_CO[3])
                                                      0.098     1.825 r  u_soc_top/u_cpu/u_core/bp_unit/pc_reg[11]_i_4/CO[3]
                         net (fo=1, unplaced)         0.000     1.825    u_soc_top/u_cpu/u_core/bp_unit/pc_reg[11]_i_4_n_0
                         CARRY4 (Prop_carry4_CI_CO[3])
                                                      0.098     1.923 r  u_soc_top/u_cpu/u_core/bp_unit/pc_reg[15]_i_4/CO[3]
                         net (fo=1, unplaced)         0.000     1.923    u_soc_top/u_cpu/u_core/bp_unit/pc_reg[15]_i_4_n_0
                         CARRY4 (Prop_carry4_CI_CO[3])
                                                      0.098     2.021 r  u_soc_top/u_cpu/u_core/bp_unit/pc_reg[19]_i_4/CO[3]
                         net (fo=1, unplaced)         0.000     2.021    u_soc_top/u_cpu/u_core/bp_unit/pc_reg[19]_i_4_n_0
                         CARRY4 (Prop_carry4_CI_O[3])
                                                      0.275     2.296 r  u_soc_top/u_cpu/u_core/bp_unit/pc_reg[23]_i_4/O[3]
                         net (fo=3, unplaced)         0.537     2.833    u_soc_top/u_cpu/u_core/bp_unit/bp_jump_pc[23]
                         LUT6 (Prop_lut6_I4_O)        0.250     3.083 r  u_soc_top/u_cpu/u_core/bp_unit/data_out[14]_i_22/O
                         net (fo=1, unplaced)         0.000     3.083    u_soc_top/u_cpu/u_core/hazard_ctrl/data_out_reg[14]_i_5_0[3]
                         CARRY4 (Prop_carry4_S[3]_CO[3])
                                                      0.332     3.415 r  u_soc_top/u_cpu/u_core/hazard_ctrl/data_out_reg[14]_i_10/CO[3]
                         net (fo=1, unplaced)         0.000     3.415    u_soc_top/u_cpu/u_core/hazard_ctrl/data_out_reg[14]_i_10_n_0
                         CARRY4 (Prop_carry4_CI_CO[2])
                                                      0.209     3.624 f  u_soc_top/u_cpu/u_core/hazard_ctrl/data_out_reg[14]_i_5/CO[2]
                         net (fo=1, unplaced)         0.349     3.973    u_soc_top/u_cpu/u_core/reg_id_ex0_ctrl/fq_instr_reg[0][31]_2[0]
                         LUT6 (Prop_lut6_I5_O)        0.252     4.225 f  u_soc_top/u_cpu/u_core/reg_id_ex0_ctrl/data_out[14]_i_2/O
                         net (fo=146, unplaced)       0.456     4.681    u_soc_top/u_cpu/u_core/reg_id_ex0_ctrl/if_id_flush
                         LUT3 (Prop_lut3_I1_O)        0.108     4.789 f  u_soc_top/u_cpu/u_core/reg_id_ex0_ctrl/fq_instr[0][31]_i_8/O
                         net (fo=4, unplaced)         0.371     5.160    u_soc_top/u_cpu/u_core/reg_id_ex0_ctrl/fq_instr[0][31]_i_8_n_0
                         LUT6 (Prop_lut6_I4_O)        0.105     5.265 r  u_soc_top/u_cpu/u_core/reg_id_ex0_ctrl/fq_pc[1][31]_i_3/O
                         net (fo=96, unplaced)        0.446     5.711    u_soc_top/u_cpu/u_core/reg_id_ex0_ctrl/fetch_absorb2
                         LUT6 (Prop_lut6_I5_O)        0.105     5.816 r  u_soc_top/u_cpu/u_core/reg_id_ex0_ctrl/fq_pc[1][31]_i_1/O
                         net (fo=64, unplaced)        0.454     6.270    u_soc_top/u_cpu/u_core/reg_id_ex0_ctrl_n_16
                         FDRE                                         r  u_soc_top/u_cpu/u_core/fq_instr_reg[1][0]/CE
  -------------------------------------------------------------------    -------------------

                         (clock cpu_clk rise edge)   10.000    10.000 r  
    K21                                               0.000    10.000 r  clk_50M (IN)
                         net (fo=0)                   0.000    10.000    u_soc_top/pll_clk.u_clk_pll/inst/clk_in1
    K21                  IBUF (Prop_ibuf_I_O)         1.328    11.328 r  u_soc_top/pll_clk.u_clk_pll/inst/clkin1_ibufg/O
                         net (fo=1, unplaced)         0.439    11.767    u_soc_top/pll_clk.u_clk_pll/inst/clk_in1_clk_pll
                         PLLE2_ADV (Prop_plle2_adv_CLKIN1_CLKOUT0)
                                                     -5.039     6.728 r  u_soc_top/pll_clk.u_clk_pll/inst/plle2_adv_inst/CLKOUT0
                         net (fo=1, unplaced)         0.613     7.341    u_soc_top/pll_clk.u_clk_pll/inst/cpu_clk_clk_pll
                         BUFG (Prop_bufg_I_O)         0.077     7.418 r  u_soc_top/pll_clk.u_clk_pll/inst/clkout1_buf/O
                         net (fo=4388, unplaced)      0.439     7.857    u_soc_top/u_cpu/u_core/cpu_clk
                         FDRE                                         r  u_soc_top/u_cpu/u_core/fq_instr_reg[1][0]/C
                         clock pessimism             -0.496     7.361    
                         clock uncertainty           -0.094     7.266    
                         FDRE (Setup_fdre_C_CE)      -0.165     7.101    u_soc_top/u_cpu/u_core/fq_instr_reg[1][0]
  -------------------------------------------------------------------
                         required time                          7.101    
                         arrival time                          -6.270    
  -------------------------------------------------------------------
                         slack                                  0.832    

Slack (MET) :             0.832ns  (required time - arrival time)
  Source:                 u_soc_top/u_cpu/u_core/fq_instr_reg[0][20]/C
                            (rising edge-triggered cell FDRE clocked by cpu_clk  {rise@0.000ns fall@5.000ns period=10.000ns})
  Destination:            u_soc_top/u_cpu/u_core/fq_instr_reg[1][0]/CE
                            (rising edge-triggered cell FDRE clocked by cpu_clk  {rise@0.000ns fall@5.000ns period=10.000ns})
  Path Group:             cpu_clk
  Path Type:              Setup (Max at Slow Process Corner)
  Requirement:            10.000ns  (cpu_clk rise@10.000ns - cpu_clk rise@0.000ns)
  Data Path Delay:        8.764ns  (logic 3.621ns (41.317%)  route 5.143ns (58.683%))
  Logic Levels:           19  (CARRY4=8 LUT2=1 LUT3=1 LUT5=2 LUT6=7)
  Clock Path Skew:        -0.145ns (DCD - SCD + CPR)
    Destination Clock Delay (DCD):    -2.143ns = ( 7.857 - 10.000 ) 
    Source Clock Delay      (SCD):    -2.494ns
    Clock Pessimism Removal (CPR):    -0.496ns
  Clock Uncertainty:      0.094ns  ((TSJ^2 + DJ^2)^1/2) / 2 + PE
    Total System Jitter     (TSJ):    0.071ns
    Discrete Jitter          (DJ):    0.175ns
    Phase Error              (PE):    0.000ns

    Location             Delay type                Incr(ns)  Path(ns)    Netlist Resource(s)
  -------------------------------------------------------------------    -------------------
                         (clock cpu_clk rise edge)    0.000     0.000 r  
    K21                                               0.000     0.000 r  clk_50M (IN)
                         net (fo=0)                   0.000     0.000    u_soc_top/pll_clk.u_clk_pll/inst/clk_in1
    K21                  IBUF (Prop_ibuf_I_O)         1.394     1.394 r  u_soc_top/pll_clk.u_clk_pll/inst/clkin1_ibufg/O
                         net (fo=1, unplaced)         0.584     1.978    u_soc_top/pll_clk.u_clk_pll/inst/clk_in1_clk_pll
                         PLLE2_ADV (Prop_plle2_adv_CLKIN1_CLKOUT0)
                                                     -5.783    -3.805 r  u_soc_top/pll_clk.u_clk_pll/inst/plle2_adv_inst/CLKOUT0
                         net (fo=1, unplaced)         0.646    -3.159    u_soc_top/pll_clk.u_clk_pll/inst/cpu_clk_clk_pll
                         BUFG (Prop_bufg_I_O)         0.081    -3.078 r  u_soc_top/pll_clk.u_clk_pll/inst/clkout1_buf/O
                         net (fo=4388, unplaced)      0.584    -2.494    u_soc_top/u_cpu/u_core/cpu_clk
                         FDRE                                         r  u_soc_top/u_cpu/u_core/fq_instr_reg[0][20]/C
  -------------------------------------------------------------------    -------------------
                         FDRE (Prop_fdre_C_Q)         0.379    -2.115 f  u_soc_top/u_cpu/u_core/fq_instr_reg[0][20]/Q
                         net (fo=29, unplaced)        0.726    -1.389    u_soc_top/u_cpu/u_core/reg_id_ex0_data/data_out_reg[4]_0[20]
                         LUT5 (Prop_lut5_I0_O)        0.232    -1.157 f  u_soc_top/u_cpu/u_core/reg_id_ex0_data/data_out[13]_i_8__0/O
                         net (fo=3, unplaced)         0.365    -0.792    u_soc_top/u_cpu/u_core/reg_id_ex0_data/fq_instr_reg[0][20]
                         LUT6 (Prop_lut6_I5_O)        0.105    -0.687 r  u_soc_top/u_cpu/u_core/reg_id_ex0_data/data_out[87]_i_4/O
                         net (fo=2, unplaced)         0.358    -0.329    u_soc_top/u_cpu/u_core/reg_id_ex0_data/fq_instr_reg[0][25]_0
                         LUT5 (Prop_lut5_I0_O)        0.105    -0.224 r  u_soc_top/u_cpu/u_core/reg_id_ex0_data/data_out[3]_i_2__1/O
                         net (fo=2, unplaced)         0.358     0.134    u_soc_top/u_cpu/u_core/bp_unit/data_out_reg[84]_0
                         LUT6 (Prop_lut6_I2_O)        0.105     0.239 r  u_soc_top/u_cpu/u_core/bp_unit/data_out[84]_i_2__1/O
                         net (fo=2, unplaced)         0.358     0.597    u_soc_top/u_cpu/u_core/bp_unit/data_out[84]_i_2__1_n_0
                         LUT6 (Prop_lut6_I0_O)        0.105     0.702 r  u_soc_top/u_cpu/u_core/bp_unit/data_out[84]_i_1__1/O
                         net (fo=3, unplaced)         0.365     1.067    u_soc_top/u_cpu/u_core/bp_unit/D[1]
                         LUT2 (Prop_lut2_I1_O)        0.105     1.172 f  u_soc_top/u_cpu/u_core/bp_unit/pc[0]_i_8/O
                         net (fo=1, unplaced)         0.000     1.172    u_soc_top/u_cpu/u_core/bp_unit/pc[0]_i_8_n_0
                         CARRY4 (Prop_carry4_S[1]_CO[3])
                                                      0.457     1.629 r  u_soc_top/u_cpu/u_core/bp_unit/pc_reg[0]_i_3/CO[3]
                         net (fo=1, unplaced)         0.000     1.629    u_soc_top/u_cpu/u_core/bp_unit/pc_reg[0]_i_3_n_0
                         CARRY4 (Prop_carry4_CI_CO[3])
                                                      0.098     1.727 r  u_soc_top/u_cpu/u_core/bp_unit/pc_reg[7]_i_4/CO[3]
                         net (fo=1, unplaced)         0.000     1.727    u_soc_top/u_cpu/u_core/bp_unit/pc_reg[7]_i_4_n_0
                         CARRY4 (Prop_carry4_CI_CO[3])
                                                      0.098     1.825 r  u_soc_top/u_cpu/u_core/bp_unit/pc_reg[11]_i_4/CO[3]
                         net (fo=1, unplaced)         0.000     1.825    u_soc_top/u_cpu/u_core/bp_unit/pc_reg[11]_i_4_n_0
                         CARRY4 (Prop_carry4_CI_CO[3])
                                                      0.098     1.923 r  u_soc_top/u_cpu/u_core/bp_unit/pc_reg[15]_i_4/CO[3]
                         net (fo=1, unplaced)         0.000     1.923    u_soc_top/u_cpu/u_core/bp_unit/pc_reg[15]_i_4_n_0
                         CARRY4 (Prop_carry4_CI_CO[3])
                                                      0.098     2.021 r  u_soc_top/u_cpu/u_core/bp_unit/pc_reg[19]_i_4/CO[3]
                         net (fo=1, unplaced)         0.000     2.021    u_soc_top/u_cpu/u_core/bp_unit/pc_reg[19]_i_4_n_0
                         CARRY4 (Prop_carry4_CI_O[3])
                                                      0.275     2.296 r  u_soc_top/u_cpu/u_core/bp_unit/pc_reg[23]_i_4/O[3]
                         net (fo=3, unplaced)         0.537     2.833    u_soc_top/u_cpu/u_core/bp_unit/bp_jump_pc[23]
                         LUT6 (Prop_lut6_I4_O)        0.250     3.083 r  u_soc_top/u_cpu/u_core/bp_unit/data_out[14]_i_22/O
                         net (fo=1, unplaced)         0.000     3.083    u_soc_top/u_cpu/u_core/hazard_ctrl/data_out_reg[14]_i_5_0[3]
                         CARRY4 (Prop_carry4_S[3]_CO[3])
                                                      0.332     3.415 r  u_soc_top/u_cpu/u_core/hazard_ctrl/data_out_reg[14]_i_10/CO[3]
                         net (fo=1, unplaced)         0.000     3.415    u_soc_top/u_cpu/u_core/hazard_ctrl/data_out_reg[14]_i_10_n_0
                         CARRY4 (Prop_carry4_CI_CO[2])
                                                      0.209     3.624 f  u_soc_top/u_cpu/u_core/hazard_ctrl/data_out_reg[14]_i_5/CO[2]
                         net (fo=1, unplaced)         0.349     3.973    u_soc_top/u_cpu/u_core/reg_id_ex0_ctrl/fq_instr_reg[0][31]_2[0]
                         LUT6 (Prop_lut6_I5_O)        0.252     4.225 f  u_soc_top/u_cpu/u_core/reg_id_ex0_ctrl/data_out[14]_i_2/O
                         net (fo=146, unplaced)       0.456     4.681    u_soc_top/u_cpu/u_core/reg_id_ex0_ctrl/if_id_flush
                         LUT3 (Prop_lut3_I1_O)        0.108     4.789 f  u_soc_top/u_cpu/u_core/reg_id_ex0_ctrl/fq_instr[0][31]_i_8/O
                         net (fo=4, unplaced)         0.371     5.160    u_soc_top/u_cpu/u_core/reg_id_ex0_ctrl/fq_instr[0][31]_i_8_n_0
                         LUT6 (Prop_lut6_I4_O)        0.105     5.265 r  u_soc_top/u_cpu/u_core/reg_id_ex0_ctrl/fq_pc[1][31]_i_3/O
                         net (fo=96, unplaced)        0.446     5.711    u_soc_top/u_cpu/u_core/reg_id_ex0_ctrl/fetch_absorb2
                         LUT6 (Prop_lut6_I5_O)        0.105     5.816 r  u_soc_top/u_cpu/u_core/reg_id_ex0_ctrl/fq_pc[1][31]_i_1/O
                         net (fo=64, unplaced)        0.454     6.270    u_soc_top/u_cpu/u_core/reg_id_ex0_ctrl_n_16
                         FDRE                                         r  u_soc_top/u_cpu/u_core/fq_instr_reg[1][0]/CE
  -------------------------------------------------------------------    -------------------

                         (clock cpu_clk rise edge)   10.000    10.000 r  
    K21                                               0.000    10.000 r  clk_50M (IN)
                         net (fo=0)                   0.000    10.000    u_soc_top/pll_clk.u_clk_pll/inst/clk_in1
    K21                  IBUF (Prop_ibuf_I_O)         1.328    11.328 r  u_soc_top/pll_clk.u_clk_pll/inst/clkin1_ibufg/O
                         net (fo=1, unplaced)         0.439    11.767    u_soc_top/pll_clk.u_clk_pll/inst/clk_in1_clk_pll
                         PLLE2_ADV (Prop_plle2_adv_CLKIN1_CLKOUT0)
                                                     -5.039     6.728 r  u_soc_top/pll_clk.u_clk_pll/inst/plle2_adv_inst/CLKOUT0
                         net (fo=1, unplaced)         0.613     7.341    u_soc_top/pll_clk.u_clk_pll/inst/cpu_clk_clk_pll
                         BUFG (Prop_bufg_I_O)         0.077     7.418 r  u_soc_top/pll_clk.u_clk_pll/inst/clkout1_buf/O
                         net (fo=4388, unplaced)      0.439     7.857    u_soc_top/u_cpu/u_core/cpu_clk
                         FDRE                                         r  u_soc_top/u_cpu/u_core/fq_instr_reg[1][0]/C
                         clock pessimism             -0.496     7.361    
                         clock uncertainty           -0.094     7.266    
                         FDRE (Setup_fdre_C_CE)      -0.165     7.101    u_soc_top/u_cpu/u_core/fq_instr_reg[1][0]
  -------------------------------------------------------------------
                         required time                          7.101    
                         arrival time                          -6.270    
  -------------------------------------------------------------------
                         slack                                  0.832    

Slack (MET) :             0.832ns  (required time - arrival time)
  Source:                 u_soc_top/u_cpu/u_core/fq_instr_reg[0][20]/C
                            (rising edge-triggered cell FDRE clocked by cpu_clk  {rise@0.000ns fall@5.000ns period=10.000ns})
  Destination:            u_soc_top/u_cpu/u_core/fq_instr_reg[1][0]/CE
                            (rising edge-triggered cell FDRE clocked by cpu_clk  {rise@0.000ns fall@5.000ns period=10.000ns})
  Path Group:             cpu_clk
  Path Type:              Setup (Max at Slow Process Corner)
  Requirement:            10.000ns  (cpu_clk rise@10.000ns - cpu_clk rise@0.000ns)
  Data Path Delay:        8.764ns  (logic 3.621ns (41.317%)  route 5.143ns (58.683%))
  Logic Levels:           19  (CARRY4=8 LUT2=1 LUT3=1 LUT5=2 LUT6=7)
  Clock Path Skew:        -0.145ns (DCD - SCD + CPR)
    Destination Clock Delay (DCD):    -2.143ns = ( 7.857 - 10.000 ) 
    Source Clock Delay      (SCD):    -2.494ns
    Clock Pessimism Removal (CPR):    -0.496ns
  Clock Uncertainty:      0.094ns  ((TSJ^2 + DJ^2)^1/2) / 2 + PE
    Total System Jitter     (TSJ):    0.071ns
    Discrete Jitter          (DJ):    0.175ns
    Phase Error              (PE):    0.000ns

    Location             Delay type                Incr(ns)  Path(ns)    Netlist Resource(s)
  -------------------------------------------------------------------    -------------------
                         (clock cpu_clk rise edge)    0.000     0.000 r  
    K21                                               0.000     0.000 r  clk_50M (IN)
                         net (fo=0)                   0.000     0.000    u_soc_top/pll_clk.u_clk_pll/inst/clk_in1
    K21                  IBUF (Prop_ibuf_I_O)         1.394     1.394 r  u_soc_top/pll_clk.u_clk_pll/inst/clkin1_ibufg/O
                         net (fo=1, unplaced)         0.584     1.978    u_soc_top/pll_clk.u_clk_pll/inst/clk_in1_clk_pll
                         PLLE2_ADV (Prop_plle2_adv_CLKIN1_CLKOUT0)
                                                     -5.783    -3.805 r  u_soc_top/pll_clk.u_clk_pll/inst/plle2_adv_inst/CLKOUT0
                         net (fo=1, unplaced)         0.646    -3.159    u_soc_top/pll_clk.u_clk_pll/inst/cpu_clk_clk_pll
                         BUFG (Prop_bufg_I_O)         0.081    -3.078 r  u_soc_top/pll_clk.u_clk_pll/inst/clkout1_buf/O
                         net (fo=4388, unplaced)      0.584    -2.494    u_soc_top/u_cpu/u_core/cpu_clk
                         FDRE                                         r  u_soc_top/u_cpu/u_core/fq_instr_reg[0][20]/C
  -------------------------------------------------------------------    -------------------
                         FDRE (Prop_fdre_C_Q)         0.379    -2.115 r  u_soc_top/u_cpu/u_core/fq_instr_reg[0][20]/Q
                         net (fo=29, unplaced)        0.726    -1.389    u_soc_top/u_cpu/u_core/reg_id_ex0_data/data_out_reg[4]_0[20]
                         LUT5 (Prop_lut5_I0_O)        0.232    -1.157 r  u_soc_top/u_cpu/u_core/reg_id_ex0_data/data_out[13]_i_8__0/O
                         net (fo=3, unplaced)         0.365    -0.792    u_soc_top/u_cpu/u_core/reg_id_ex0_data/fq_instr_reg[0][20]
                         LUT6 (Prop_lut6_I5_O)        0.105    -0.687 f  u_soc_top/u_cpu/u_core/reg_id_ex0_data/data_out[87]_i_4/O
                         net (fo=2, unplaced)         0.358    -0.329    u_soc_top/u_cpu/u_core/reg_id_ex0_data/fq_instr_reg[0][25]_0
                         LUT5 (Prop_lut5_I0_O)        0.105    -0.224 f  u_soc_top/u_cpu/u_core/reg_id_ex0_data/data_out[3]_i_2__1/O
                         net (fo=2, unplaced)         0.358     0.134    u_soc_top/u_cpu/u_core/bp_unit/data_out_reg[84]_0
                         LUT6 (Prop_lut6_I2_O)        0.105     0.239 f  u_soc_top/u_cpu/u_core/bp_unit/data_out[84]_i_2__1/O
                         net (fo=2, unplaced)         0.358     0.597    u_soc_top/u_cpu/u_core/bp_unit/data_out[84]_i_2__1_n_0
                         LUT6 (Prop_lut6_I0_O)        0.105     0.702 f  u_soc_top/u_cpu/u_core/bp_unit/data_out[84]_i_1__1/O
                         net (fo=3, unplaced)         0.365     1.067    u_soc_top/u_cpu/u_core/bp_unit/D[1]
                         LUT2 (Prop_lut2_I1_O)        0.105     1.172 f  u_soc_top/u_cpu/u_core/bp_unit/pc[0]_i_8/O
                         net (fo=1, unplaced)         0.000     1.172    u_soc_top/u_cpu/u_core/bp_unit/pc[0]_i_8_n_0
                         CARRY4 (Prop_carry4_S[1]_CO[3])
                                                      0.457     1.629 r  u_soc_top/u_cpu/u_core/bp_unit/pc_reg[0]_i_3/CO[3]
                         net (fo=1, unplaced)         0.000     1.629    u_soc_top/u_cpu/u_core/bp_unit/pc_reg[0]_i_3_n_0
                         CARRY4 (Prop_carry4_CI_CO[3])
                                                      0.098     1.727 r  u_soc_top/u_cpu/u_core/bp_unit/pc_reg[7]_i_4/CO[3]
                         net (fo=1, unplaced)         0.000     1.727    u_soc_top/u_cpu/u_core/bp_unit/pc_reg[7]_i_4_n_0
                         CARRY4 (Prop_carry4_CI_CO[3])
                                                      0.098     1.825 r  u_soc_top/u_cpu/u_core/bp_unit/pc_reg[11]_i_4/CO[3]
                         net (fo=1, unplaced)         0.000     1.825    u_soc_top/u_cpu/u_core/bp_unit/pc_reg[11]_i_4_n_0
                         CARRY4 (Prop_carry4_CI_CO[3])
                                                      0.098     1.923 r  u_soc_top/u_cpu/u_core/bp_unit/pc_reg[15]_i_4/CO[3]
                         net (fo=1, unplaced)         0.000     1.923    u_soc_top/u_cpu/u_core/bp_unit/pc_reg[15]_i_4_n_0
                         CARRY4 (Prop_carry4_CI_CO[3])
                                                      0.098     2.021 r  u_soc_top/u_cpu/u_core/bp_unit/pc_reg[19]_i_4/CO[3]
                         net (fo=1, unplaced)         0.000     2.021    u_soc_top/u_cpu/u_core/bp_unit/pc_reg[19]_i_4_n_0
                         CARRY4 (Prop_carry4_CI_O[3])
                                                      0.275     2.296 r  u_soc_top/u_cpu/u_core/bp_unit/pc_reg[23]_i_4/O[3]
                         net (fo=3, unplaced)         0.537     2.833    u_soc_top/u_cpu/u_core/bp_unit/bp_jump_pc[23]
                         LUT6 (Prop_lut6_I4_O)        0.250     3.083 r  u_soc_top/u_cpu/u_core/bp_unit/data_out[14]_i_22/O
                         net (fo=1, unplaced)         0.000     3.083    u_soc_top/u_cpu/u_core/hazard_ctrl/data_out_reg[14]_i_5_0[3]
                         CARRY4 (Prop_carry4_S[3]_CO[3])
                                                      0.332     3.415 r  u_soc_top/u_cpu/u_core/hazard_ctrl/data_out_reg[14]_i_10/CO[3]
                         net (fo=1, unplaced)         0.000     3.415    u_soc_top/u_cpu/u_core/hazard_ctrl/data_out_reg[14]_i_10_n_0
                         CARRY4 (Prop_carry4_CI_CO[2])
                                                      0.209     3.624 f  u_soc_top/u_cpu/u_core/hazard_ctrl/data_out_reg[14]_i_5/CO[2]
                         net (fo=1, unplaced)         0.349     3.973    u_soc_top/u_cpu/u_core/reg_id_ex0_ctrl/fq_instr_reg[0][31]_2[0]
                         LUT6 (Prop_lut6_I5_O)        0.252     4.225 f  u_soc_top/u_cpu/u_core/reg_id_ex0_ctrl/data_out[14]_i_2/O
                         net (fo=146, unplaced)       0.456     4.681    u_soc_top/u_cpu/u_core/reg_id_ex0_ctrl/if_id_flush
                         LUT3 (Prop_lut3_I1_O)        0.108     4.789 f  u_soc_top/u_cpu/u_core/reg_id_ex0_ctrl/fq_instr[0][31]_i_8/O
                         net (fo=4, unplaced)         0.371     5.160    u_soc_top/u_cpu/u_core/reg_id_ex0_ctrl/fq_instr[0][31]_i_8_n_0
                         LUT6 (Prop_lut6_I4_O)        0.105     5.265 r  u_soc_top/u_cpu/u_core/reg_id_ex0_ctrl/fq_pc[1][31]_i_3/O
                         net (fo=96, unplaced)        0.446     5.711    u_soc_top/u_cpu/u_core/reg_id_ex0_ctrl/fetch_absorb2
                         LUT6 (Prop_lut6_I5_O)        0.105     5.816 r  u_soc_top/u_cpu/u_core/reg_id_ex0_ctrl/fq_pc[1][31]_i_1/O
                         net (fo=64, unplaced)        0.454     6.270    u_soc_top/u_cpu/u_core/reg_id_ex0_ctrl_n_16
                         FDRE                                         r  u_soc_top/u_cpu/u_core/fq_instr_reg[1][0]/CE
  -------------------------------------------------------------------    -------------------

                         (clock cpu_clk rise edge)   10.000    10.000 r  
    K21                                               0.000    10.000 r  clk_50M (IN)
                         net (fo=0)                   0.000    10.000    u_soc_top/pll_clk.u_clk_pll/inst/clk_in1
    K21                  IBUF (Prop_ibuf_I_O)         1.328    11.328 r  u_soc_top/pll_clk.u_clk_pll/inst/clkin1_ibufg/O
                         net (fo=1, unplaced)         0.439    11.767    u_soc_top/pll_clk.u_clk_pll/inst/clk_in1_clk_pll
                         PLLE2_ADV (Prop_plle2_adv_CLKIN1_CLKOUT0)
                                                     -5.039     6.728 r  u_soc_top/pll_clk.u_clk_pll/inst/plle2_adv_inst/CLKOUT0
                         net (fo=1, unplaced)         0.613     7.341    u_soc_top/pll_clk.u_clk_pll/inst/cpu_clk_clk_pll
                         BUFG (Prop_bufg_I_O)         0.077     7.418 r  u_soc_top/pll_clk.u_clk_pll/inst/clkout1_buf/O
                         net (fo=4388, unplaced)      0.439     7.857    u_soc_top/u_cpu/u_core/cpu_clk
                         FDRE                                         r  u_soc_top/u_cpu/u_core/fq_instr_reg[1][0]/C
                         clock pessimism             -0.496     7.361    
                         clock uncertainty           -0.094     7.266    
                         FDRE (Setup_fdre_C_CE)      -0.165     7.101    u_soc_top/u_cpu/u_core/fq_instr_reg[1][0]
  -------------------------------------------------------------------
                         required time                          7.101    
                         arrival time                          -6.270    
  -------------------------------------------------------------------
                         slack                                  0.832    

Slack (MET) :             0.832ns  (required time - arrival time)
  Source:                 u_soc_top/u_cpu/u_core/fq_instr_reg[0][20]/C
                            (rising edge-triggered cell FDRE clocked by cpu_clk  {rise@0.000ns fall@5.000ns period=10.000ns})
  Destination:            u_soc_top/u_cpu/u_core/fq_instr_reg[1][0]/CE
                            (rising edge-triggered cell FDRE clocked by cpu_clk  {rise@0.000ns fall@5.000ns period=10.000ns})
  Path Group:             cpu_clk
  Path Type:              Setup (Max at Slow Process Corner)
  Requirement:            10.000ns  (cpu_clk rise@10.000ns - cpu_clk rise@0.000ns)
  Data Path Delay:        8.764ns  (logic 3.621ns (41.317%)  route 5.143ns (58.683%))
  Logic Levels:           19  (CARRY4=8 LUT2=1 LUT3=1 LUT5=2 LUT6=7)
  Clock Path Skew:        -0.145ns (DCD - SCD + CPR)
    Destination Clock Delay (DCD):    -2.143ns = ( 7.857 - 10.000 ) 
    Source Clock Delay      (SCD):    -2.494ns
    Clock Pessimism Removal (CPR):    -0.496ns
  Clock Uncertainty:      0.094ns  ((TSJ^2 + DJ^2)^1/2) / 2 + PE
    Total System Jitter     (TSJ):    0.071ns
    Discrete Jitter          (DJ):    0.175ns
    Phase Error              (PE):    0.000ns

    Location             Delay type                Incr(ns)  Path(ns)    Netlist Resource(s)
  -------------------------------------------------------------------    -------------------
                         (clock cpu_clk rise edge)    0.000     0.000 r  
    K21                                               0.000     0.000 r  clk_50M (IN)
                         net (fo=0)                   0.000     0.000    u_soc_top/pll_clk.u_clk_pll/inst/clk_in1
    K21                  IBUF (Prop_ibuf_I_O)         1.394     1.394 r  u_soc_top/pll_clk.u_clk_pll/inst/clkin1_ibufg/O
                         net (fo=1, unplaced)         0.584     1.978    u_soc_top/pll_clk.u_clk_pll/inst/clk_in1_clk_pll
                         PLLE2_ADV (Prop_plle2_adv_CLKIN1_CLKOUT0)
                                                     -5.783    -3.805 r  u_soc_top/pll_clk.u_clk_pll/inst/plle2_adv_inst/CLKOUT0
                         net (fo=1, unplaced)         0.646    -3.159    u_soc_top/pll_clk.u_clk_pll/inst/cpu_clk_clk_pll
                         BUFG (Prop_bufg_I_O)         0.081    -3.078 r  u_soc_top/pll_clk.u_clk_pll/inst/clkout1_buf/O
                         net (fo=4388, unplaced)      0.584    -2.494    u_soc_top/u_cpu/u_core/cpu_clk
                         FDRE                                         r  u_soc_top/u_cpu/u_core/fq_instr_reg[0][20]/C
  -------------------------------------------------------------------    -------------------
                         FDRE (Prop_fdre_C_Q)         0.379    -2.115 f  u_soc_top/u_cpu/u_core/fq_instr_reg[0][20]/Q
                         net (fo=29, unplaced)        0.726    -1.389    u_soc_top/u_cpu/u_core/reg_id_ex0_data/data_out_reg[4]_0[20]
                         LUT5 (Prop_lut5_I0_O)        0.232    -1.157 f  u_soc_top/u_cpu/u_core/reg_id_ex0_data/data_out[13]_i_8__0/O
                         net (fo=3, unplaced)         0.365    -0.792    u_soc_top/u_cpu/u_core/reg_id_ex0_data/fq_instr_reg[0][20]
                         LUT6 (Prop_lut6_I5_O)        0.105    -0.687 r  u_soc_top/u_cpu/u_core/reg_id_ex0_data/data_out[87]_i_4/O
                         net (fo=2, unplaced)         0.358    -0.329    u_soc_top/u_cpu/u_core/reg_id_ex0_data/fq_instr_reg[0][25]_0
                         LUT5 (Prop_lut5_I0_O)        0.105    -0.224 r  u_soc_top/u_cpu/u_core/reg_id_ex0_data/data_out[3]_i_2__1/O
                         net (fo=2, unplaced)         0.358     0.134    u_soc_top/u_cpu/u_core/bp_unit/data_out_reg[84]_0
                         LUT6 (Prop_lut6_I2_O)        0.105     0.239 r  u_soc_top/u_cpu/u_core/bp_unit/data_out[84]_i_2__1/O
                         net (fo=2, unplaced)         0.358     0.597    u_soc_top/u_cpu/u_core/bp_unit/data_out[84]_i_2__1_n_0
                         LUT6 (Prop_lut6_I0_O)        0.105     0.702 r  u_soc_top/u_cpu/u_core/bp_unit/data_out[84]_i_1__1/O
                         net (fo=3, unplaced)         0.365     1.067    u_soc_top/u_cpu/u_core/bp_unit/D[1]
                         LUT2 (Prop_lut2_I1_O)        0.105     1.172 r  u_soc_top/u_cpu/u_core/bp_unit/pc[0]_i_8/O
                         net (fo=1, unplaced)         0.000     1.172    u_soc_top/u_cpu/u_core/bp_unit/pc[0]_i_8_n_0
                         CARRY4 (Prop_carry4_S[1]_CO[3])
                                                      0.457     1.629 r  u_soc_top/u_cpu/u_core/bp_unit/pc_reg[0]_i_3/CO[3]
                         net (fo=1, unplaced)         0.000     1.629    u_soc_top/u_cpu/u_core/bp_unit/pc_reg[0]_i_3_n_0
                         CARRY4 (Prop_carry4_CI_CO[3])
                                                      0.098     1.727 r  u_soc_top/u_cpu/u_core/bp_unit/pc_reg[7]_i_4/CO[3]
                         net (fo=1, unplaced)         0.000     1.727    u_soc_top/u_cpu/u_core/bp_unit/pc_reg[7]_i_4_n_0
                         CARRY4 (Prop_carry4_CI_CO[3])
                                                      0.098     1.825 r  u_soc_top/u_cpu/u_core/bp_unit/pc_reg[11]_i_4/CO[3]
                         net (fo=1, unplaced)         0.000     1.825    u_soc_top/u_cpu/u_core/bp_unit/pc_reg[11]_i_4_n_0
                         CARRY4 (Prop_carry4_CI_CO[3])
                                                      0.098     1.923 r  u_soc_top/u_cpu/u_core/bp_unit/pc_reg[15]_i_4/CO[3]
                         net (fo=1, unplaced)         0.000     1.923    u_soc_top/u_cpu/u_core/bp_unit/pc_reg[15]_i_4_n_0
                         CARRY4 (Prop_carry4_CI_CO[3])
                                                      0.098     2.021 r  u_soc_top/u_cpu/u_core/bp_unit/pc_reg[19]_i_4/CO[3]
                         net (fo=1, unplaced)         0.000     2.021    u_soc_top/u_cpu/u_core/bp_unit/pc_reg[19]_i_4_n_0
                         CARRY4 (Prop_carry4_CI_O[3])
                                                      0.275     2.296 f  u_soc_top/u_cpu/u_core/bp_unit/pc_reg[23]_i_4/O[3]
                         net (fo=3, unplaced)         0.537     2.833    u_soc_top/u_cpu/u_core/bp_unit/bp_jump_pc[23]
                         LUT6 (Prop_lut6_I4_O)        0.250     3.083 r  u_soc_top/u_cpu/u_core/bp_unit/data_out[14]_i_22/O
                         net (fo=1, unplaced)         0.000     3.083    u_soc_top/u_cpu/u_core/hazard_ctrl/data_out_reg[14]_i_5_0[3]
                         CARRY4 (Prop_carry4_S[3]_CO[3])
                                                      0.332     3.415 r  u_soc_top/u_cpu/u_core/hazard_ctrl/data_out_reg[14]_i_10/CO[3]
                         net (fo=1, unplaced)         0.000     3.415    u_soc_top/u_cpu/u_core/hazard_ctrl/data_out_reg[14]_i_10_n_0
                         CARRY4 (Prop_carry4_CI_CO[2])
                                                      0.209     3.624 f  u_soc_top/u_cpu/u_core/hazard_ctrl/data_out_reg[14]_i_5/CO[2]
                         net (fo=1, unplaced)         0.349     3.973    u_soc_top/u_cpu/u_core/reg_id_ex0_ctrl/fq_instr_reg[0][31]_2[0]
                         LUT6 (Prop_lut6_I5_O)        0.252     4.225 f  u_soc_top/u_cpu/u_core/reg_id_ex0_ctrl/data_out[14]_i_2/O
                         net (fo=146, unplaced)       0.456     4.681    u_soc_top/u_cpu/u_core/reg_id_ex0_ctrl/if_id_flush
                         LUT3 (Prop_lut3_I1_O)        0.108     4.789 f  u_soc_top/u_cpu/u_core/reg_id_ex0_ctrl/fq_instr[0][31]_i_8/O
                         net (fo=4, unplaced)         0.371     5.160    u_soc_top/u_cpu/u_core/reg_id_ex0_ctrl/fq_instr[0][31]_i_8_n_0
                         LUT6 (Prop_lut6_I4_O)        0.105     5.265 r  u_soc_top/u_cpu/u_core/reg_id_ex0_ctrl/fq_pc[1][31]_i_3/O
                         net (fo=96, unplaced)        0.446     5.711    u_soc_top/u_cpu/u_core/reg_id_ex0_ctrl/fetch_absorb2
                         LUT6 (Prop_lut6_I5_O)        0.105     5.816 r  u_soc_top/u_cpu/u_core/reg_id_ex0_ctrl/fq_pc[1][31]_i_1/O
                         net (fo=64, unplaced)        0.454     6.270    u_soc_top/u_cpu/u_core/reg_id_ex0_ctrl_n_16
                         FDRE                                         r  u_soc_top/u_cpu/u_core/fq_instr_reg[1][0]/CE
  -------------------------------------------------------------------    -------------------

                         (clock cpu_clk rise edge)   10.000    10.000 r  
    K21                                               0.000    10.000 r  clk_50M (IN)
                         net (fo=0)                   0.000    10.000    u_soc_top/pll_clk.u_clk_pll/inst/clk_in1
    K21                  IBUF (Prop_ibuf_I_O)         1.328    11.328 r  u_soc_top/pll_clk.u_clk_pll/inst/clkin1_ibufg/O
                         net (fo=1, unplaced)         0.439    11.767    u_soc_top/pll_clk.u_clk_pll/inst/clk_in1_clk_pll
                         PLLE2_ADV (Prop_plle2_adv_CLKIN1_CLKOUT0)
                                                     -5.039     6.728 r  u_soc_top/pll_clk.u_clk_pll/inst/plle2_adv_inst/CLKOUT0
                         net (fo=1, unplaced)         0.613     7.341    u_soc_top/pll_clk.u_clk_pll/inst/cpu_clk_clk_pll
                         BUFG (Prop_bufg_I_O)         0.077     7.418 r  u_soc_top/pll_clk.u_clk_pll/inst/clkout1_buf/O
                         net (fo=4388, unplaced)      0.439     7.857    u_soc_top/u_cpu/u_core/cpu_clk
                         FDRE                                         r  u_soc_top/u_cpu/u_core/fq_instr_reg[1][0]/C
                         clock pessimism             -0.496     7.361    
                         clock uncertainty           -0.094     7.266    
                         FDRE (Setup_fdre_C_CE)      -0.165     7.101    u_soc_top/u_cpu/u_core/fq_instr_reg[1][0]
  -------------------------------------------------------------------
                         required time                          7.101    
                         arrival time                          -6.270    
  -------------------------------------------------------------------
                         slack                                  0.832    

Slack (MET) :             0.832ns  (required time - arrival time)
  Source:                 u_soc_top/u_cpu/u_core/fq_instr_reg[0][20]/C
                            (rising edge-triggered cell FDRE clocked by cpu_clk  {rise@0.000ns fall@5.000ns period=10.000ns})
  Destination:            u_soc_top/u_cpu/u_core/fq_instr_reg[1][0]/CE
                            (rising edge-triggered cell FDRE clocked by cpu_clk  {rise@0.000ns fall@5.000ns period=10.000ns})
  Path Group:             cpu_clk
  Path Type:              Setup (Max at Slow Process Corner)
  Requirement:            10.000ns  (cpu_clk rise@10.000ns - cpu_clk rise@0.000ns)
  Data Path Delay:        8.764ns  (logic 3.621ns (41.317%)  route 5.143ns (58.683%))
  Logic Levels:           19  (CARRY4=8 LUT2=1 LUT3=1 LUT5=2 LUT6=7)
  Clock Path Skew:        -0.145ns (DCD - SCD + CPR)
    Destination Clock Delay (DCD):    -2.143ns = ( 7.857 - 10.000 ) 
    Source Clock Delay      (SCD):    -2.494ns
    Clock Pessimism Removal (CPR):    -0.496ns
  Clock Uncertainty:      0.094ns  ((TSJ^2 + DJ^2)^1/2) / 2 + PE
    Total System Jitter     (TSJ):    0.071ns
    Discrete Jitter          (DJ):    0.175ns
    Phase Error              (PE):    0.000ns

    Location             Delay type                Incr(ns)  Path(ns)    Netlist Resource(s)
  -------------------------------------------------------------------    -------------------
                         (clock cpu_clk rise edge)    0.000     0.000 r  
    K21                                               0.000     0.000 r  clk_50M (IN)
                         net (fo=0)                   0.000     0.000    u_soc_top/pll_clk.u_clk_pll/inst/clk_in1
    K21                  IBUF (Prop_ibuf_I_O)         1.394     1.394 r  u_soc_top/pll_clk.u_clk_pll/inst/clkin1_ibufg/O
                         net (fo=1, unplaced)         0.584     1.978    u_soc_top/pll_clk.u_clk_pll/inst/clk_in1_clk_pll
                         PLLE2_ADV (Prop_plle2_adv_CLKIN1_CLKOUT0)
                                                     -5.783    -3.805 r  u_soc_top/pll_clk.u_clk_pll/inst/plle2_adv_inst/CLKOUT0
                         net (fo=1, unplaced)         0.646    -3.159    u_soc_top/pll_clk.u_clk_pll/inst/cpu_clk_clk_pll
                         BUFG (Prop_bufg_I_O)         0.081    -3.078 r  u_soc_top/pll_clk.u_clk_pll/inst/clkout1_buf/O
                         net (fo=4388, unplaced)      0.584    -2.494    u_soc_top/u_cpu/u_core/cpu_clk
                         FDRE                                         r  u_soc_top/u_cpu/u_core/fq_instr_reg[0][20]/C
  -------------------------------------------------------------------    -------------------
                         FDRE (Prop_fdre_C_Q)         0.379    -2.115 r  u_soc_top/u_cpu/u_core/fq_instr_reg[0][20]/Q
                         net (fo=29, unplaced)        0.726    -1.389    u_soc_top/u_cpu/u_core/reg_id_ex0_data/data_out_reg[4]_0[20]
                         LUT5 (Prop_lut5_I0_O)        0.232    -1.157 r  u_soc_top/u_cpu/u_core/reg_id_ex0_data/data_out[13]_i_8__0/O
                         net (fo=3, unplaced)         0.365    -0.792    u_soc_top/u_cpu/u_core/reg_id_ex0_data/fq_instr_reg[0][20]
                         LUT6 (Prop_lut6_I5_O)        0.105    -0.687 f  u_soc_top/u_cpu/u_core/reg_id_ex0_data/data_out[87]_i_4/O
                         net (fo=2, unplaced)         0.358    -0.329    u_soc_top/u_cpu/u_core/reg_id_ex0_data/fq_instr_reg[0][25]_0
                         LUT5 (Prop_lut5_I0_O)        0.105    -0.224 f  u_soc_top/u_cpu/u_core/reg_id_ex0_data/data_out[3]_i_2__1/O
                         net (fo=2, unplaced)         0.358     0.134    u_soc_top/u_cpu/u_core/bp_unit/data_out_reg[84]_0
                         LUT6 (Prop_lut6_I2_O)        0.105     0.239 f  u_soc_top/u_cpu/u_core/bp_unit/data_out[84]_i_2__1/O
                         net (fo=2, unplaced)         0.358     0.597    u_soc_top/u_cpu/u_core/bp_unit/data_out[84]_i_2__1_n_0
                         LUT6 (Prop_lut6_I0_O)        0.105     0.702 f  u_soc_top/u_cpu/u_core/bp_unit/data_out[84]_i_1__1/O
                         net (fo=3, unplaced)         0.365     1.067    u_soc_top/u_cpu/u_core/bp_unit/D[1]
                         LUT2 (Prop_lut2_I1_O)        0.105     1.172 r  u_soc_top/u_cpu/u_core/bp_unit/pc[0]_i_8/O
                         net (fo=1, unplaced)         0.000     1.172    u_soc_top/u_cpu/u_core/bp_unit/pc[0]_i_8_n_0
                         CARRY4 (Prop_carry4_S[1]_CO[3])
                                                      0.457     1.629 r  u_soc_top/u_cpu/u_core/bp_unit/pc_reg[0]_i_3/CO[3]
                         net (fo=1, unplaced)         0.000     1.629    u_soc_top/u_cpu/u_core/bp_unit/pc_reg[0]_i_3_n_0
                         CARRY4 (Prop_carry4_CI_CO[3])
                                                      0.098     1.727 r  u_soc_top/u_cpu/u_core/bp_unit/pc_reg[7]_i_4/CO[3]
                         net (fo=1, unplaced)         0.000     1.727    u_soc_top/u_cpu/u_core/bp_unit/pc_reg[7]_i_4_n_0
                         CARRY4 (Prop_carry4_CI_CO[3])
                                                      0.098     1.825 r  u_soc_top/u_cpu/u_core/bp_unit/pc_reg[11]_i_4/CO[3]
                         net (fo=1, unplaced)         0.000     1.825    u_soc_top/u_cpu/u_core/bp_unit/pc_reg[11]_i_4_n_0
                         CARRY4 (Prop_carry4_CI_CO[3])
                                                      0.098     1.923 r  u_soc_top/u_cpu/u_core/bp_unit/pc_reg[15]_i_4/CO[3]
                         net (fo=1, unplaced)         0.000     1.923    u_soc_top/u_cpu/u_core/bp_unit/pc_reg[15]_i_4_n_0
                         CARRY4 (Prop_carry4_CI_CO[3])
                                                      0.098     2.021 r  u_soc_top/u_cpu/u_core/bp_unit/pc_reg[19]_i_4/CO[3]
                         net (fo=1, unplaced)         0.000     2.021    u_soc_top/u_cpu/u_core/bp_unit/pc_reg[19]_i_4_n_0
                         CARRY4 (Prop_carry4_CI_O[3])
                                                      0.275     2.296 f  u_soc_top/u_cpu/u_core/bp_unit/pc_reg[23]_i_4/O[3]
                         net (fo=3, unplaced)         0.537     2.833    u_soc_top/u_cpu/u_core/bp_unit/bp_jump_pc[23]
                         LUT6 (Prop_lut6_I4_O)        0.250     3.083 r  u_soc_top/u_cpu/u_core/bp_unit/data_out[14]_i_22/O
                         net (fo=1, unplaced)         0.000     3.083    u_soc_top/u_cpu/u_core/hazard_ctrl/data_out_reg[14]_i_5_0[3]
                         CARRY4 (Prop_carry4_S[3]_CO[3])
                                                      0.332     3.415 r  u_soc_top/u_cpu/u_core/hazard_ctrl/data_out_reg[14]_i_10/CO[3]
                         net (fo=1, unplaced)         0.000     3.415    u_soc_top/u_cpu/u_core/hazard_ctrl/data_out_reg[14]_i_10_n_0
                         CARRY4 (Prop_carry4_CI_CO[2])
                                                      0.209     3.624 f  u_soc_top/u_cpu/u_core/hazard_ctrl/data_out_reg[14]_i_5/CO[2]
                         net (fo=1, unplaced)         0.349     3.973    u_soc_top/u_cpu/u_core/reg_id_ex0_ctrl/fq_instr_reg[0][31]_2[0]
                         LUT6 (Prop_lut6_I5_O)        0.252     4.225 f  u_soc_top/u_cpu/u_core/reg_id_ex0_ctrl/data_out[14]_i_2/O
                         net (fo=146, unplaced)       0.456     4.681    u_soc_top/u_cpu/u_core/reg_id_ex0_ctrl/if_id_flush
                         LUT3 (Prop_lut3_I1_O)        0.108     4.789 f  u_soc_top/u_cpu/u_core/reg_id_ex0_ctrl/fq_instr[0][31]_i_8/O
                         net (fo=4, unplaced)         0.371     5.160    u_soc_top/u_cpu/u_core/reg_id_ex0_ctrl/fq_instr[0][31]_i_8_n_0
                         LUT6 (Prop_lut6_I4_O)        0.105     5.265 r  u_soc_top/u_cpu/u_core/reg_id_ex0_ctrl/fq_pc[1][31]_i_3/O
                         net (fo=96, unplaced)        0.446     5.711    u_soc_top/u_cpu/u_core/reg_id_ex0_ctrl/fetch_absorb2
                         LUT6 (Prop_lut6_I5_O)        0.105     5.816 r  u_soc_top/u_cpu/u_core/reg_id_ex0_ctrl/fq_pc[1][31]_i_1/O
                         net (fo=64, unplaced)        0.454     6.270    u_soc_top/u_cpu/u_core/reg_id_ex0_ctrl_n_16
                         FDRE                                         r  u_soc_top/u_cpu/u_core/fq_instr_reg[1][0]/CE
  -------------------------------------------------------------------    -------------------

                         (clock cpu_clk rise edge)   10.000    10.000 r  
    K21                                               0.000    10.000 r  clk_50M (IN)
                         net (fo=0)                   0.000    10.000    u_soc_top/pll_clk.u_clk_pll/inst/clk_in1
    K21                  IBUF (Prop_ibuf_I_O)         1.328    11.328 r  u_soc_top/pll_clk.u_clk_pll/inst/clkin1_ibufg/O
                         net (fo=1, unplaced)         0.439    11.767    u_soc_top/pll_clk.u_clk_pll/inst/clk_in1_clk_pll
                         PLLE2_ADV (Prop_plle2_adv_CLKIN1_CLKOUT0)
                                                     -5.039     6.728 r  u_soc_top/pll_clk.u_clk_pll/inst/plle2_adv_inst/CLKOUT0
                         net (fo=1, unplaced)         0.613     7.341    u_soc_top/pll_clk.u_clk_pll/inst/cpu_clk_clk_pll
                         BUFG (Prop_bufg_I_O)         0.077     7.418 r  u_soc_top/pll_clk.u_clk_pll/inst/clkout1_buf/O
                         net (fo=4388, unplaced)      0.439     7.857    u_soc_top/u_cpu/u_core/cpu_clk
                         FDRE                                         r  u_soc_top/u_cpu/u_core/fq_instr_reg[1][0]/C
                         clock pessimism             -0.496     7.361    
                         clock uncertainty           -0.094     7.266    
                         FDRE (Setup_fdre_C_CE)      -0.165     7.101    u_soc_top/u_cpu/u_core/fq_instr_reg[1][0]
  -------------------------------------------------------------------
                         required time                          7.101    
                         arrival time                          -6.270    
  -------------------------------------------------------------------
                         slack                                  0.832    

Slack (MET) :             0.832ns  (required time - arrival time)
  Source:                 u_soc_top/u_cpu/u_core/fq_instr_reg[0][20]/C
                            (rising edge-triggered cell FDRE clocked by cpu_clk  {rise@0.000ns fall@5.000ns period=10.000ns})
  Destination:            u_soc_top/u_cpu/u_core/fq_instr_reg[1][0]/CE
                            (rising edge-triggered cell FDRE clocked by cpu_clk  {rise@0.000ns fall@5.000ns period=10.000ns})
  Path Group:             cpu_clk
  Path Type:              Setup (Max at Slow Process Corner)
  Requirement:            10.000ns  (cpu_clk rise@10.000ns - cpu_clk rise@0.000ns)
  Data Path Delay:        8.764ns  (logic 3.621ns (41.317%)  route 5.143ns (58.683%))
  Logic Levels:           19  (CARRY4=8 LUT2=1 LUT3=1 LUT5=2 LUT6=7)
  Clock Path Skew:        -0.145ns (DCD - SCD + CPR)
    Destination Clock Delay (DCD):    -2.143ns = ( 7.857 - 10.000 ) 
    Source Clock Delay      (SCD):    -2.494ns
    Clock Pessimism Removal (CPR):    -0.496ns
  Clock Uncertainty:      0.094ns  ((TSJ^2 + DJ^2)^1/2) / 2 + PE
    Total System Jitter     (TSJ):    0.071ns
    Discrete Jitter          (DJ):    0.175ns
    Phase Error              (PE):    0.000ns

    Location             Delay type                Incr(ns)  Path(ns)    Netlist Resource(s)
  -------------------------------------------------------------------    -------------------
                         (clock cpu_clk rise edge)    0.000     0.000 r  
    K21                                               0.000     0.000 r  clk_50M (IN)
                         net (fo=0)                   0.000     0.000    u_soc_top/pll_clk.u_clk_pll/inst/clk_in1
    K21                  IBUF (Prop_ibuf_I_O)         1.394     1.394 r  u_soc_top/pll_clk.u_clk_pll/inst/clkin1_ibufg/O
                         net (fo=1, unplaced)         0.584     1.978    u_soc_top/pll_clk.u_clk_pll/inst/clk_in1_clk_pll
                         PLLE2_ADV (Prop_plle2_adv_CLKIN1_CLKOUT0)
                                                     -5.783    -3.805 r  u_soc_top/pll_clk.u_clk_pll/inst/plle2_adv_inst/CLKOUT0
                         net (fo=1, unplaced)         0.646    -3.159    u_soc_top/pll_clk.u_clk_pll/inst/cpu_clk_clk_pll
                         BUFG (Prop_bufg_I_O)         0.081    -3.078 r  u_soc_top/pll_clk.u_clk_pll/inst/clkout1_buf/O
                         net (fo=4388, unplaced)      0.584    -2.494    u_soc_top/u_cpu/u_core/cpu_clk
                         FDRE                                         r  u_soc_top/u_cpu/u_core/fq_instr_reg[0][20]/C
  -------------------------------------------------------------------    -------------------
                         FDRE (Prop_fdre_C_Q)         0.379    -2.115 f  u_soc_top/u_cpu/u_core/fq_instr_reg[0][20]/Q
                         net (fo=29, unplaced)        0.726    -1.389    u_soc_top/u_cpu/u_core/reg_id_ex0_data/data_out_reg[4]_0[20]
                         LUT5 (Prop_lut5_I0_O)        0.232    -1.157 f  u_soc_top/u_cpu/u_core/reg_id_ex0_data/data_out[13]_i_8__0/O
                         net (fo=3, unplaced)         0.365    -0.792    u_soc_top/u_cpu/u_core/reg_id_ex0_data/fq_instr_reg[0][20]
                         LUT6 (Prop_lut6_I5_O)        0.105    -0.687 r  u_soc_top/u_cpu/u_core/reg_id_ex0_data/data_out[87]_i_4/O
                         net (fo=2, unplaced)         0.358    -0.329    u_soc_top/u_cpu/u_core/reg_id_ex0_data/fq_instr_reg[0][25]_0
                         LUT5 (Prop_lut5_I0_O)        0.105    -0.224 r  u_soc_top/u_cpu/u_core/reg_id_ex0_data/data_out[3]_i_2__1/O
                         net (fo=2, unplaced)         0.358     0.134    u_soc_top/u_cpu/u_core/bp_unit/data_out_reg[84]_0
                         LUT6 (Prop_lut6_I2_O)        0.105     0.239 r  u_soc_top/u_cpu/u_core/bp_unit/data_out[84]_i_2__1/O
                         net (fo=2, unplaced)         0.358     0.597    u_soc_top/u_cpu/u_core/bp_unit/data_out[84]_i_2__1_n_0
                         LUT6 (Prop_lut6_I0_O)        0.105     0.702 r  u_soc_top/u_cpu/u_core/bp_unit/data_out[84]_i_1__1/O
                         net (fo=3, unplaced)         0.365     1.067    u_soc_top/u_cpu/u_core/bp_unit/D[1]
                         LUT2 (Prop_lut2_I1_O)        0.105     1.172 f  u_soc_top/u_cpu/u_core/bp_unit/pc[0]_i_8/O
                         net (fo=1, unplaced)         0.000     1.172    u_soc_top/u_cpu/u_core/bp_unit/pc[0]_i_8_n_0
                         CARRY4 (Prop_carry4_S[1]_CO[3])
                                                      0.457     1.629 r  u_soc_top/u_cpu/u_core/bp_unit/pc_reg[0]_i_3/CO[3]
                         net (fo=1, unplaced)         0.000     1.629    u_soc_top/u_cpu/u_core/bp_unit/pc_reg[0]_i_3_n_0
                         CARRY4 (Prop_carry4_CI_CO[3])
                                                      0.098     1.727 r  u_soc_top/u_cpu/u_core/bp_unit/pc_reg[7]_i_4/CO[3]
                         net (fo=1, unplaced)         0.000     1.727    u_soc_top/u_cpu/u_core/bp_unit/pc_reg[7]_i_4_n_0
                         CARRY4 (Prop_carry4_CI_CO[3])
                                                      0.098     1.825 r  u_soc_top/u_cpu/u_core/bp_unit/pc_reg[11]_i_4/CO[3]
                         net (fo=1, unplaced)         0.000     1.825    u_soc_top/u_cpu/u_core/bp_unit/pc_reg[11]_i_4_n_0
                         CARRY4 (Prop_carry4_CI_CO[3])
                                                      0.098     1.923 r  u_soc_top/u_cpu/u_core/bp_unit/pc_reg[15]_i_4/CO[3]
                         net (fo=1, unplaced)         0.000     1.923    u_soc_top/u_cpu/u_core/bp_unit/pc_reg[15]_i_4_n_0
                         CARRY4 (Prop_carry4_CI_CO[3])
                                                      0.098     2.021 r  u_soc_top/u_cpu/u_core/bp_unit/pc_reg[19]_i_4/CO[3]
                         net (fo=1, unplaced)         0.000     2.021    u_soc_top/u_cpu/u_core/bp_unit/pc_reg[19]_i_4_n_0
                         CARRY4 (Prop_carry4_CI_O[3])
                                                      0.275     2.296 f  u_soc_top/u_cpu/u_core/bp_unit/pc_reg[23]_i_4/O[3]
                         net (fo=3, unplaced)         0.537     2.833    u_soc_top/u_cpu/u_core/bp_unit/bp_jump_pc[23]
                         LUT6 (Prop_lut6_I4_O)        0.250     3.083 r  u_soc_top/u_cpu/u_core/bp_unit/data_out[14]_i_22/O
                         net (fo=1, unplaced)         0.000     3.083    u_soc_top/u_cpu/u_core/hazard_ctrl/data_out_reg[14]_i_5_0[3]
                         CARRY4 (Prop_carry4_S[3]_CO[3])
                                                      0.332     3.415 r  u_soc_top/u_cpu/u_core/hazard_ctrl/data_out_reg[14]_i_10/CO[3]
                         net (fo=1, unplaced)         0.000     3.415    u_soc_top/u_cpu/u_core/hazard_ctrl/data_out_reg[14]_i_10_n_0
                         CARRY4 (Prop_carry4_CI_CO[2])
                                                      0.209     3.624 f  u_soc_top/u_cpu/u_core/hazard_ctrl/data_out_reg[14]_i_5/CO[2]
                         net (fo=1, unplaced)         0.349     3.973    u_soc_top/u_cpu/u_core/reg_id_ex0_ctrl/fq_instr_reg[0][31]_2[0]
                         LUT6 (Prop_lut6_I5_O)        0.252     4.225 f  u_soc_top/u_cpu/u_core/reg_id_ex0_ctrl/data_out[14]_i_2/O
                         net (fo=146, unplaced)       0.456     4.681    u_soc_top/u_cpu/u_core/reg_id_ex0_ctrl/if_id_flush
                         LUT3 (Prop_lut3_I1_O)        0.108     4.789 f  u_soc_top/u_cpu/u_core/reg_id_ex0_ctrl/fq_instr[0][31]_i_8/O
                         net (fo=4, unplaced)         0.371     5.160    u_soc_top/u_cpu/u_core/reg_id_ex0_ctrl/fq_instr[0][31]_i_8_n_0
                         LUT6 (Prop_lut6_I4_O)        0.105     5.265 r  u_soc_top/u_cpu/u_core/reg_id_ex0_ctrl/fq_pc[1][31]_i_3/O
                         net (fo=96, unplaced)        0.446     5.711    u_soc_top/u_cpu/u_core/reg_id_ex0_ctrl/fetch_absorb2
                         LUT6 (Prop_lut6_I5_O)        0.105     5.816 r  u_soc_top/u_cpu/u_core/reg_id_ex0_ctrl/fq_pc[1][31]_i_1/O
                         net (fo=64, unplaced)        0.454     6.270    u_soc_top/u_cpu/u_core/reg_id_ex0_ctrl_n_16
                         FDRE                                         r  u_soc_top/u_cpu/u_core/fq_instr_reg[1][0]/CE
  -------------------------------------------------------------------    -------------------

                         (clock cpu_clk rise edge)   10.000    10.000 r  
    K21                                               0.000    10.000 r  clk_50M (IN)
                         net (fo=0)                   0.000    10.000    u_soc_top/pll_clk.u_clk_pll/inst/clk_in1
    K21                  IBUF (Prop_ibuf_I_O)         1.328    11.328 r  u_soc_top/pll_clk.u_clk_pll/inst/clkin1_ibufg/O
                         net (fo=1, unplaced)         0.439    11.767    u_soc_top/pll_clk.u_clk_pll/inst/clk_in1_clk_pll
                         PLLE2_ADV (Prop_plle2_adv_CLKIN1_CLKOUT0)
                                                     -5.039     6.728 r  u_soc_top/pll_clk.u_clk_pll/inst/plle2_adv_inst/CLKOUT0
                         net (fo=1, unplaced)         0.613     7.341    u_soc_top/pll_clk.u_clk_pll/inst/cpu_clk_clk_pll
                         BUFG (Prop_bufg_I_O)         0.077     7.418 r  u_soc_top/pll_clk.u_clk_pll/inst/clkout1_buf/O
                         net (fo=4388, unplaced)      0.439     7.857    u_soc_top/u_cpu/u_core/cpu_clk
                         FDRE                                         r  u_soc_top/u_cpu/u_core/fq_instr_reg[1][0]/C
                         clock pessimism             -0.496     7.361    
                         clock uncertainty           -0.094     7.266    
                         FDRE (Setup_fdre_C_CE)      -0.165     7.101    u_soc_top/u_cpu/u_core/fq_instr_reg[1][0]
  -------------------------------------------------------------------
                         required time                          7.101    
                         arrival time                          -6.270    
  -------------------------------------------------------------------
                         slack                                  0.832    

Slack (MET) :             0.832ns  (required time - arrival time)
  Source:                 u_soc_top/u_cpu/u_core/fq_instr_reg[0][20]/C
                            (rising edge-triggered cell FDRE clocked by cpu_clk  {rise@0.000ns fall@5.000ns period=10.000ns})
  Destination:            u_soc_top/u_cpu/u_core/fq_instr_reg[1][0]/CE
                            (rising edge-triggered cell FDRE clocked by cpu_clk  {rise@0.000ns fall@5.000ns period=10.000ns})
  Path Group:             cpu_clk
  Path Type:              Setup (Max at Slow Process Corner)
  Requirement:            10.000ns  (cpu_clk rise@10.000ns - cpu_clk rise@0.000ns)
  Data Path Delay:        8.764ns  (logic 3.621ns (41.317%)  route 5.143ns (58.683%))
  Logic Levels:           19  (CARRY4=8 LUT2=1 LUT3=1 LUT5=2 LUT6=7)
  Clock Path Skew:        -0.145ns (DCD - SCD + CPR)
    Destination Clock Delay (DCD):    -2.143ns = ( 7.857 - 10.000 ) 
    Source Clock Delay      (SCD):    -2.494ns
    Clock Pessimism Removal (CPR):    -0.496ns
  Clock Uncertainty:      0.094ns  ((TSJ^2 + DJ^2)^1/2) / 2 + PE
    Total System Jitter     (TSJ):    0.071ns
    Discrete Jitter          (DJ):    0.175ns
    Phase Error              (PE):    0.000ns

    Location             Delay type                Incr(ns)  Path(ns)    Netlist Resource(s)
  -------------------------------------------------------------------    -------------------
                         (clock cpu_clk rise edge)    0.000     0.000 r  
    K21                                               0.000     0.000 r  clk_50M (IN)
                         net (fo=0)                   0.000     0.000    u_soc_top/pll_clk.u_clk_pll/inst/clk_in1
    K21                  IBUF (Prop_ibuf_I_O)         1.394     1.394 r  u_soc_top/pll_clk.u_clk_pll/inst/clkin1_ibufg/O
                         net (fo=1, unplaced)         0.584     1.978    u_soc_top/pll_clk.u_clk_pll/inst/clk_in1_clk_pll
                         PLLE2_ADV (Prop_plle2_adv_CLKIN1_CLKOUT0)
                                                     -5.783    -3.805 r  u_soc_top/pll_clk.u_clk_pll/inst/plle2_adv_inst/CLKOUT0
                         net (fo=1, unplaced)         0.646    -3.159    u_soc_top/pll_clk.u_clk_pll/inst/cpu_clk_clk_pll
                         BUFG (Prop_bufg_I_O)         0.081    -3.078 r  u_soc_top/pll_clk.u_clk_pll/inst/clkout1_buf/O
                         net (fo=4388, unplaced)      0.584    -2.494    u_soc_top/u_cpu/u_core/cpu_clk
                         FDRE                                         r  u_soc_top/u_cpu/u_core/fq_instr_reg[0][20]/C
  -------------------------------------------------------------------    -------------------
                         FDRE (Prop_fdre_C_Q)         0.379    -2.115 r  u_soc_top/u_cpu/u_core/fq_instr_reg[0][20]/Q
                         net (fo=29, unplaced)        0.726    -1.389    u_soc_top/u_cpu/u_core/reg_id_ex0_data/data_out_reg[4]_0[20]
                         LUT5 (Prop_lut5_I0_O)        0.232    -1.157 r  u_soc_top/u_cpu/u_core/reg_id_ex0_data/data_out[13]_i_8__0/O
                         net (fo=3, unplaced)         0.365    -0.792    u_soc_top/u_cpu/u_core/reg_id_ex0_data/fq_instr_reg[0][20]
                         LUT6 (Prop_lut6_I5_O)        0.105    -0.687 f  u_soc_top/u_cpu/u_core/reg_id_ex0_data/data_out[87]_i_4/O
                         net (fo=2, unplaced)         0.358    -0.329    u_soc_top/u_cpu/u_core/reg_id_ex0_data/fq_instr_reg[0][25]_0
                         LUT5 (Prop_lut5_I0_O)        0.105    -0.224 f  u_soc_top/u_cpu/u_core/reg_id_ex0_data/data_out[3]_i_2__1/O
                         net (fo=2, unplaced)         0.358     0.134    u_soc_top/u_cpu/u_core/bp_unit/data_out_reg[84]_0
                         LUT6 (Prop_lut6_I2_O)        0.105     0.239 f  u_soc_top/u_cpu/u_core/bp_unit/data_out[84]_i_2__1/O
                         net (fo=2, unplaced)         0.358     0.597    u_soc_top/u_cpu/u_core/bp_unit/data_out[84]_i_2__1_n_0
                         LUT6 (Prop_lut6_I0_O)        0.105     0.702 f  u_soc_top/u_cpu/u_core/bp_unit/data_out[84]_i_1__1/O
                         net (fo=3, unplaced)         0.365     1.067    u_soc_top/u_cpu/u_core/bp_unit/D[1]
                         LUT2 (Prop_lut2_I1_O)        0.105     1.172 f  u_soc_top/u_cpu/u_core/bp_unit/pc[0]_i_8/O
                         net (fo=1, unplaced)         0.000     1.172    u_soc_top/u_cpu/u_core/bp_unit/pc[0]_i_8_n_0
                         CARRY4 (Prop_carry4_S[1]_CO[3])
                                                      0.457     1.629 r  u_soc_top/u_cpu/u_core/bp_unit/pc_reg[0]_i_3/CO[3]
                         net (fo=1, unplaced)         0.000     1.629    u_soc_top/u_cpu/u_core/bp_unit/pc_reg[0]_i_3_n_0
                         CARRY4 (Prop_carry4_CI_CO[3])
                                                      0.098     1.727 r  u_soc_top/u_cpu/u_core/bp_unit/pc_reg[7]_i_4/CO[3]
                         net (fo=1, unplaced)         0.000     1.727    u_soc_top/u_cpu/u_core/bp_unit/pc_reg[7]_i_4_n_0
                         CARRY4 (Prop_carry4_CI_CO[3])
                                                      0.098     1.825 r  u_soc_top/u_cpu/u_core/bp_unit/pc_reg[11]_i_4/CO[3]
                         net (fo=1, unplaced)         0.000     1.825    u_soc_top/u_cpu/u_core/bp_unit/pc_reg[11]_i_4_n_0
                         CARRY4 (Prop_carry4_CI_CO[3])
                                                      0.098     1.923 r  u_soc_top/u_cpu/u_core/bp_unit/pc_reg[15]_i_4/CO[3]
                         net (fo=1, unplaced)         0.000     1.923    u_soc_top/u_cpu/u_core/bp_unit/pc_reg[15]_i_4_n_0
                         CARRY4 (Prop_carry4_CI_CO[3])
                                                      0.098     2.021 r  u_soc_top/u_cpu/u_core/bp_unit/pc_reg[19]_i_4/CO[3]
                         net (fo=1, unplaced)         0.000     2.021    u_soc_top/u_cpu/u_core/bp_unit/pc_reg[19]_i_4_n_0
                         CARRY4 (Prop_carry4_CI_O[3])
                                                      0.275     2.296 f  u_soc_top/u_cpu/u_core/bp_unit/pc_reg[23]_i_4/O[3]
                         net (fo=3, unplaced)         0.537     2.833    u_soc_top/u_cpu/u_core/bp_unit/bp_jump_pc[23]
                         LUT6 (Prop_lut6_I4_O)        0.250     3.083 r  u_soc_top/u_cpu/u_core/bp_unit/data_out[14]_i_22/O
                         net (fo=1, unplaced)         0.000     3.083    u_soc_top/u_cpu/u_core/hazard_ctrl/data_out_reg[14]_i_5_0[3]
                         CARRY4 (Prop_carry4_S[3]_CO[3])
                                                      0.332     3.415 r  u_soc_top/u_cpu/u_core/hazard_ctrl/data_out_reg[14]_i_10/CO[3]
                         net (fo=1, unplaced)         0.000     3.415    u_soc_top/u_cpu/u_core/hazard_ctrl/data_out_reg[14]_i_10_n_0
                         CARRY4 (Prop_carry4_CI_CO[2])
                                                      0.209     3.624 f  u_soc_top/u_cpu/u_core/hazard_ctrl/data_out_reg[14]_i_5/CO[2]
                         net (fo=1, unplaced)         0.349     3.973    u_soc_top/u_cpu/u_core/reg_id_ex0_ctrl/fq_instr_reg[0][31]_2[0]
                         LUT6 (Prop_lut6_I5_O)        0.252     4.225 f  u_soc_top/u_cpu/u_core/reg_id_ex0_ctrl/data_out[14]_i_2/O
                         net (fo=146, unplaced)       0.456     4.681    u_soc_top/u_cpu/u_core/reg_id_ex0_ctrl/if_id_flush
                         LUT3 (Prop_lut3_I1_O)        0.108     4.789 f  u_soc_top/u_cpu/u_core/reg_id_ex0_ctrl/fq_instr[0][31]_i_8/O
                         net (fo=4, unplaced)         0.371     5.160    u_soc_top/u_cpu/u_core/reg_id_ex0_ctrl/fq_instr[0][31]_i_8_n_0
                         LUT6 (Prop_lut6_I4_O)        0.105     5.265 r  u_soc_top/u_cpu/u_core/reg_id_ex0_ctrl/fq_pc[1][31]_i_3/O
                         net (fo=96, unplaced)        0.446     5.711    u_soc_top/u_cpu/u_core/reg_id_ex0_ctrl/fetch_absorb2
                         LUT6 (Prop_lut6_I5_O)        0.105     5.816 r  u_soc_top/u_cpu/u_core/reg_id_ex0_ctrl/fq_pc[1][31]_i_1/O
                         net (fo=64, unplaced)        0.454     6.270    u_soc_top/u_cpu/u_core/reg_id_ex0_ctrl_n_16
                         FDRE                                         r  u_soc_top/u_cpu/u_core/fq_instr_reg[1][0]/CE
  -------------------------------------------------------------------    -------------------

                         (clock cpu_clk rise edge)   10.000    10.000 r  
    K21                                               0.000    10.000 r  clk_50M (IN)
                         net (fo=0)                   0.000    10.000    u_soc_top/pll_clk.u_clk_pll/inst/clk_in1
    K21                  IBUF (Prop_ibuf_I_O)         1.328    11.328 r  u_soc_top/pll_clk.u_clk_pll/inst/clkin1_ibufg/O
                         net (fo=1, unplaced)         0.439    11.767    u_soc_top/pll_clk.u_clk_pll/inst/clk_in1_clk_pll
                         PLLE2_ADV (Prop_plle2_adv_CLKIN1_CLKOUT0)
                                                     -5.039     6.728 r  u_soc_top/pll_clk.u_clk_pll/inst/plle2_adv_inst/CLKOUT0
                         net (fo=1, unplaced)         0.613     7.341    u_soc_top/pll_clk.u_clk_pll/inst/cpu_clk_clk_pll
                         BUFG (Prop_bufg_I_O)         0.077     7.418 r  u_soc_top/pll_clk.u_clk_pll/inst/clkout1_buf/O
                         net (fo=4388, unplaced)      0.439     7.857    u_soc_top/u_cpu/u_core/cpu_clk
                         FDRE                                         r  u_soc_top/u_cpu/u_core/fq_instr_reg[1][0]/C
                         clock pessimism             -0.496     7.361    
                         clock uncertainty           -0.094     7.266    
                         FDRE (Setup_fdre_C_CE)      -0.165     7.101    u_soc_top/u_cpu/u_core/fq_instr_reg[1][0]
  -------------------------------------------------------------------
                         required time                          7.101    
                         arrival time                          -6.270    
  -------------------------------------------------------------------
                         slack                                  0.832    

Slack (MET) :             0.832ns  (required time - arrival time)
  Source:                 u_soc_top/u_cpu/u_core/fq_instr_reg[0][20]/C
                            (rising edge-triggered cell FDRE clocked by cpu_clk  {rise@0.000ns fall@5.000ns period=10.000ns})
  Destination:            u_soc_top/u_cpu/u_core/fq_instr_reg[1][0]/CE
                            (rising edge-triggered cell FDRE clocked by cpu_clk  {rise@0.000ns fall@5.000ns period=10.000ns})
  Path Group:             cpu_clk
  Path Type:              Setup (Max at Slow Process Corner)
  Requirement:            10.000ns  (cpu_clk rise@10.000ns - cpu_clk rise@0.000ns)
  Data Path Delay:        8.764ns  (logic 3.621ns (41.317%)  route 5.143ns (58.683%))
  Logic Levels:           19  (CARRY4=8 LUT2=1 LUT3=1 LUT5=2 LUT6=7)
  Clock Path Skew:        -0.145ns (DCD - SCD + CPR)
    Destination Clock Delay (DCD):    -2.143ns = ( 7.857 - 10.000 ) 
    Source Clock Delay      (SCD):    -2.494ns
    Clock Pessimism Removal (CPR):    -0.496ns
  Clock Uncertainty:      0.094ns  ((TSJ^2 + DJ^2)^1/2) / 2 + PE
    Total System Jitter     (TSJ):    0.071ns
    Discrete Jitter          (DJ):    0.175ns
    Phase Error              (PE):    0.000ns

    Location             Delay type                Incr(ns)  Path(ns)    Netlist Resource(s)
  -------------------------------------------------------------------    -------------------
                         (clock cpu_clk rise edge)    0.000     0.000 r  
    K21                                               0.000     0.000 r  clk_50M (IN)
                         net (fo=0)                   0.000     0.000    u_soc_top/pll_clk.u_clk_pll/inst/clk_in1
    K21                  IBUF (Prop_ibuf_I_O)         1.394     1.394 r  u_soc_top/pll_clk.u_clk_pll/inst/clkin1_ibufg/O
                         net (fo=1, unplaced)         0.584     1.978    u_soc_top/pll_clk.u_clk_pll/inst/clk_in1_clk_pll
                         PLLE2_ADV (Prop_plle2_adv_CLKIN1_CLKOUT0)
                                                     -5.783    -3.805 r  u_soc_top/pll_clk.u_clk_pll/inst/plle2_adv_inst/CLKOUT0
                         net (fo=1, unplaced)         0.646    -3.159    u_soc_top/pll_clk.u_clk_pll/inst/cpu_clk_clk_pll
                         BUFG (Prop_bufg_I_O)         0.081    -3.078 r  u_soc_top/pll_clk.u_clk_pll/inst/clkout1_buf/O
                         net (fo=4388, unplaced)      0.584    -2.494    u_soc_top/u_cpu/u_core/cpu_clk
                         FDRE                                         r  u_soc_top/u_cpu/u_core/fq_instr_reg[0][20]/C
  -------------------------------------------------------------------    -------------------
                         FDRE (Prop_fdre_C_Q)         0.379    -2.115 f  u_soc_top/u_cpu/u_core/fq_instr_reg[0][20]/Q
                         net (fo=29, unplaced)        0.726    -1.389    u_soc_top/u_cpu/u_core/reg_id_ex0_data/data_out_reg[4]_0[20]
                         LUT5 (Prop_lut5_I0_O)        0.232    -1.157 f  u_soc_top/u_cpu/u_core/reg_id_ex0_data/data_out[13]_i_8__0/O
                         net (fo=3, unplaced)         0.365    -0.792    u_soc_top/u_cpu/u_core/reg_id_ex0_data/fq_instr_reg[0][20]
                         LUT6 (Prop_lut6_I5_O)        0.105    -0.687 r  u_soc_top/u_cpu/u_core/reg_id_ex0_data/data_out[87]_i_4/O
                         net (fo=2, unplaced)         0.358    -0.329    u_soc_top/u_cpu/u_core/reg_id_ex0_data/fq_instr_reg[0][25]_0
                         LUT5 (Prop_lut5_I0_O)        0.105    -0.224 r  u_soc_top/u_cpu/u_core/reg_id_ex0_data/data_out[3]_i_2__1/O
                         net (fo=2, unplaced)         0.358     0.134    u_soc_top/u_cpu/u_core/bp_unit/data_out_reg[84]_0
                         LUT6 (Prop_lut6_I2_O)        0.105     0.239 r  u_soc_top/u_cpu/u_core/bp_unit/data_out[84]_i_2__1/O
                         net (fo=2, unplaced)         0.358     0.597    u_soc_top/u_cpu/u_core/bp_unit/data_out[84]_i_2__1_n_0
                         LUT6 (Prop_lut6_I0_O)        0.105     0.702 r  u_soc_top/u_cpu/u_core/bp_unit/data_out[84]_i_1__1/O
                         net (fo=3, unplaced)         0.365     1.067    u_soc_top/u_cpu/u_core/bp_unit/D[1]
                         LUT2 (Prop_lut2_I1_O)        0.105     1.172 r  u_soc_top/u_cpu/u_core/bp_unit/pc[0]_i_8/O
                         net (fo=1, unplaced)         0.000     1.172    u_soc_top/u_cpu/u_core/bp_unit/pc[0]_i_8_n_0
                         CARRY4 (Prop_carry4_S[1]_CO[3])
                                                      0.457     1.629 r  u_soc_top/u_cpu/u_core/bp_unit/pc_reg[0]_i_3/CO[3]
                         net (fo=1, unplaced)         0.000     1.629    u_soc_top/u_cpu/u_core/bp_unit/pc_reg[0]_i_3_n_0
                         CARRY4 (Prop_carry4_CI_CO[3])
                                                      0.098     1.727 f  u_soc_top/u_cpu/u_core/bp_unit/pc_reg[7]_i_4/CO[3]
                         net (fo=1, unplaced)         0.000     1.727    u_soc_top/u_cpu/u_core/bp_unit/pc_reg[7]_i_4_n_0
                         CARRY4 (Prop_carry4_CI_CO[3])
                                                      0.098     1.825 r  u_soc_top/u_cpu/u_core/bp_unit/pc_reg[11]_i_4/CO[3]
                         net (fo=1, unplaced)         0.000     1.825    u_soc_top/u_cpu/u_core/bp_unit/pc_reg[11]_i_4_n_0
                         CARRY4 (Prop_carry4_CI_CO[3])
                                                      0.098     1.923 r  u_soc_top/u_cpu/u_core/bp_unit/pc_reg[15]_i_4/CO[3]
                         net (fo=1, unplaced)         0.000     1.923    u_soc_top/u_cpu/u_core/bp_unit/pc_reg[15]_i_4_n_0
                         CARRY4 (Prop_carry4_CI_CO[3])
                                                      0.098     2.021 r  u_soc_top/u_cpu/u_core/bp_unit/pc_reg[19]_i_4/CO[3]
                         net (fo=1, unplaced)         0.000     2.021    u_soc_top/u_cpu/u_core/bp_unit/pc_reg[19]_i_4_n_0
                         CARRY4 (Prop_carry4_CI_O[3])
                                                      0.275     2.296 f  u_soc_top/u_cpu/u_core/bp_unit/pc_reg[23]_i_4/O[3]
                         net (fo=3, unplaced)         0.537     2.833    u_soc_top/u_cpu/u_core/bp_unit/bp_jump_pc[23]
                         LUT6 (Prop_lut6_I4_O)        0.250     3.083 r  u_soc_top/u_cpu/u_core/bp_unit/data_out[14]_i_22/O
                         net (fo=1, unplaced)         0.000     3.083    u_soc_top/u_cpu/u_core/hazard_ctrl/data_out_reg[14]_i_5_0[3]
                         CARRY4 (Prop_carry4_S[3]_CO[3])
                                                      0.332     3.415 r  u_soc_top/u_cpu/u_core/hazard_ctrl/data_out_reg[14]_i_10/CO[3]
                         net (fo=1, unplaced)         0.000     3.415    u_soc_top/u_cpu/u_core/hazard_ctrl/data_out_reg[14]_i_10_n_0
                         CARRY4 (Prop_carry4_CI_CO[2])
                                                      0.209     3.624 f  u_soc_top/u_cpu/u_core/hazard_ctrl/data_out_reg[14]_i_5/CO[2]
                         net (fo=1, unplaced)         0.349     3.973    u_soc_top/u_cpu/u_core/reg_id_ex0_ctrl/fq_instr_reg[0][31]_2[0]
                         LUT6 (Prop_lut6_I5_O)        0.252     4.225 f  u_soc_top/u_cpu/u_core/reg_id_ex0_ctrl/data_out[14]_i_2/O
                         net (fo=146, unplaced)       0.456     4.681    u_soc_top/u_cpu/u_core/reg_id_ex0_ctrl/if_id_flush
                         LUT3 (Prop_lut3_I1_O)        0.108     4.789 f  u_soc_top/u_cpu/u_core/reg_id_ex0_ctrl/fq_instr[0][31]_i_8/O
                         net (fo=4, unplaced)         0.371     5.160    u_soc_top/u_cpu/u_core/reg_id_ex0_ctrl/fq_instr[0][31]_i_8_n_0
                         LUT6 (Prop_lut6_I4_O)        0.105     5.265 r  u_soc_top/u_cpu/u_core/reg_id_ex0_ctrl/fq_pc[1][31]_i_3/O
                         net (fo=96, unplaced)        0.446     5.711    u_soc_top/u_cpu/u_core/reg_id_ex0_ctrl/fetch_absorb2
                         LUT6 (Prop_lut6_I5_O)        0.105     5.816 r  u_soc_top/u_cpu/u_core/reg_id_ex0_ctrl/fq_pc[1][31]_i_1/O
                         net (fo=64, unplaced)        0.454     6.270    u_soc_top/u_cpu/u_core/reg_id_ex0_ctrl_n_16
                         FDRE                                         r  u_soc_top/u_cpu/u_core/fq_instr_reg[1][0]/CE
  -------------------------------------------------------------------    -------------------

                         (clock cpu_clk rise edge)   10.000    10.000 r  
    K21                                               0.000    10.000 r  clk_50M (IN)
                         net (fo=0)                   0.000    10.000    u_soc_top/pll_clk.u_clk_pll/inst/clk_in1
    K21                  IBUF (Prop_ibuf_I_O)         1.328    11.328 r  u_soc_top/pll_clk.u_clk_pll/inst/clkin1_ibufg/O
                         net (fo=1, unplaced)         0.439    11.767    u_soc_top/pll_clk.u_clk_pll/inst/clk_in1_clk_pll
                         PLLE2_ADV (Prop_plle2_adv_CLKIN1_CLKOUT0)
                                                     -5.039     6.728 r  u_soc_top/pll_clk.u_clk_pll/inst/plle2_adv_inst/CLKOUT0
                         net (fo=1, unplaced)         0.613     7.341    u_soc_top/pll_clk.u_clk_pll/inst/cpu_clk_clk_pll
                         BUFG (Prop_bufg_I_O)         0.077     7.418 r  u_soc_top/pll_clk.u_clk_pll/inst/clkout1_buf/O
                         net (fo=4388, unplaced)      0.439     7.857    u_soc_top/u_cpu/u_core/cpu_clk
                         FDRE                                         r  u_soc_top/u_cpu/u_core/fq_instr_reg[1][0]/C
                         clock pessimism             -0.496     7.361    
                         clock uncertainty           -0.094     7.266    
                         FDRE (Setup_fdre_C_CE)      -0.165     7.101    u_soc_top/u_cpu/u_core/fq_instr_reg[1][0]
  -------------------------------------------------------------------
                         required time                          7.101    
                         arrival time                          -6.270    
  -------------------------------------------------------------------
                         slack                                  0.832    

Slack (MET) :             0.832ns  (required time - arrival time)
  Source:                 u_soc_top/u_cpu/u_core/fq_instr_reg[0][20]/C
                            (rising edge-triggered cell FDRE clocked by cpu_clk  {rise@0.000ns fall@5.000ns period=10.000ns})
  Destination:            u_soc_top/u_cpu/u_core/fq_instr_reg[1][0]/CE
                            (rising edge-triggered cell FDRE clocked by cpu_clk  {rise@0.000ns fall@5.000ns period=10.000ns})
  Path Group:             cpu_clk
  Path Type:              Setup (Max at Slow Process Corner)
  Requirement:            10.000ns  (cpu_clk rise@10.000ns - cpu_clk rise@0.000ns)
  Data Path Delay:        8.764ns  (logic 3.621ns (41.317%)  route 5.143ns (58.683%))
  Logic Levels:           19  (CARRY4=8 LUT2=1 LUT3=1 LUT5=2 LUT6=7)
  Clock Path Skew:        -0.145ns (DCD - SCD + CPR)
    Destination Clock Delay (DCD):    -2.143ns = ( 7.857 - 10.000 ) 
    Source Clock Delay      (SCD):    -2.494ns
    Clock Pessimism Removal (CPR):    -0.496ns
  Clock Uncertainty:      0.094ns  ((TSJ^2 + DJ^2)^1/2) / 2 + PE
    Total System Jitter     (TSJ):    0.071ns
    Discrete Jitter          (DJ):    0.175ns
    Phase Error              (PE):    0.000ns

    Location             Delay type                Incr(ns)  Path(ns)    Netlist Resource(s)
  -------------------------------------------------------------------    -------------------
                         (clock cpu_clk rise edge)    0.000     0.000 r  
    K21                                               0.000     0.000 r  clk_50M (IN)
                         net (fo=0)                   0.000     0.000    u_soc_top/pll_clk.u_clk_pll/inst/clk_in1
    K21                  IBUF (Prop_ibuf_I_O)         1.394     1.394 r  u_soc_top/pll_clk.u_clk_pll/inst/clkin1_ibufg/O
                         net (fo=1, unplaced)         0.584     1.978    u_soc_top/pll_clk.u_clk_pll/inst/clk_in1_clk_pll
                         PLLE2_ADV (Prop_plle2_adv_CLKIN1_CLKOUT0)
                                                     -5.783    -3.805 r  u_soc_top/pll_clk.u_clk_pll/inst/plle2_adv_inst/CLKOUT0
                         net (fo=1, unplaced)         0.646    -3.159    u_soc_top/pll_clk.u_clk_pll/inst/cpu_clk_clk_pll
                         BUFG (Prop_bufg_I_O)         0.081    -3.078 r  u_soc_top/pll_clk.u_clk_pll/inst/clkout1_buf/O
                         net (fo=4388, unplaced)      0.584    -2.494    u_soc_top/u_cpu/u_core/cpu_clk
                         FDRE                                         r  u_soc_top/u_cpu/u_core/fq_instr_reg[0][20]/C
  -------------------------------------------------------------------    -------------------
                         FDRE (Prop_fdre_C_Q)         0.379    -2.115 r  u_soc_top/u_cpu/u_core/fq_instr_reg[0][20]/Q
                         net (fo=29, unplaced)        0.726    -1.389    u_soc_top/u_cpu/u_core/reg_id_ex0_data/data_out_reg[4]_0[20]
                         LUT5 (Prop_lut5_I0_O)        0.232    -1.157 r  u_soc_top/u_cpu/u_core/reg_id_ex0_data/data_out[13]_i_8__0/O
                         net (fo=3, unplaced)         0.365    -0.792    u_soc_top/u_cpu/u_core/reg_id_ex0_data/fq_instr_reg[0][20]
                         LUT6 (Prop_lut6_I5_O)        0.105    -0.687 f  u_soc_top/u_cpu/u_core/reg_id_ex0_data/data_out[87]_i_4/O
                         net (fo=2, unplaced)         0.358    -0.329    u_soc_top/u_cpu/u_core/reg_id_ex0_data/fq_instr_reg[0][25]_0
                         LUT5 (Prop_lut5_I0_O)        0.105    -0.224 f  u_soc_top/u_cpu/u_core/reg_id_ex0_data/data_out[3]_i_2__1/O
                         net (fo=2, unplaced)         0.358     0.134    u_soc_top/u_cpu/u_core/bp_unit/data_out_reg[84]_0
                         LUT6 (Prop_lut6_I2_O)        0.105     0.239 f  u_soc_top/u_cpu/u_core/bp_unit/data_out[84]_i_2__1/O
                         net (fo=2, unplaced)         0.358     0.597    u_soc_top/u_cpu/u_core/bp_unit/data_out[84]_i_2__1_n_0
                         LUT6 (Prop_lut6_I0_O)        0.105     0.702 f  u_soc_top/u_cpu/u_core/bp_unit/data_out[84]_i_1__1/O
                         net (fo=3, unplaced)         0.365     1.067    u_soc_top/u_cpu/u_core/bp_unit/D[1]
                         LUT2 (Prop_lut2_I1_O)        0.105     1.172 r  u_soc_top/u_cpu/u_core/bp_unit/pc[0]_i_8/O
                         net (fo=1, unplaced)         0.000     1.172    u_soc_top/u_cpu/u_core/bp_unit/pc[0]_i_8_n_0
                         CARRY4 (Prop_carry4_S[1]_CO[3])
                                                      0.457     1.629 r  u_soc_top/u_cpu/u_core/bp_unit/pc_reg[0]_i_3/CO[3]
                         net (fo=1, unplaced)         0.000     1.629    u_soc_top/u_cpu/u_core/bp_unit/pc_reg[0]_i_3_n_0
                         CARRY4 (Prop_carry4_CI_CO[3])
                                                      0.098     1.727 f  u_soc_top/u_cpu/u_core/bp_unit/pc_reg[7]_i_4/CO[3]
                         net (fo=1, unplaced)         0.000     1.727    u_soc_top/u_cpu/u_core/bp_unit/pc_reg[7]_i_4_n_0
                         CARRY4 (Prop_carry4_CI_CO[3])
                                                      0.098     1.825 r  u_soc_top/u_cpu/u_core/bp_unit/pc_reg[11]_i_4/CO[3]
                         net (fo=1, unplaced)         0.000     1.825    u_soc_top/u_cpu/u_core/bp_unit/pc_reg[11]_i_4_n_0
                         CARRY4 (Prop_carry4_CI_CO[3])
                                                      0.098     1.923 r  u_soc_top/u_cpu/u_core/bp_unit/pc_reg[15]_i_4/CO[3]
                         net (fo=1, unplaced)         0.000     1.923    u_soc_top/u_cpu/u_core/bp_unit/pc_reg[15]_i_4_n_0
                         CARRY4 (Prop_carry4_CI_CO[3])
                                                      0.098     2.021 r  u_soc_top/u_cpu/u_core/bp_unit/pc_reg[19]_i_4/CO[3]
                         net (fo=1, unplaced)         0.000     2.021    u_soc_top/u_cpu/u_core/bp_unit/pc_reg[19]_i_4_n_0
                         CARRY4 (Prop_carry4_CI_O[3])
                                                      0.275     2.296 f  u_soc_top/u_cpu/u_core/bp_unit/pc_reg[23]_i_4/O[3]
                         net (fo=3, unplaced)         0.537     2.833    u_soc_top/u_cpu/u_core/bp_unit/bp_jump_pc[23]
                         LUT6 (Prop_lut6_I4_O)        0.250     3.083 r  u_soc_top/u_cpu/u_core/bp_unit/data_out[14]_i_22/O
                         net (fo=1, unplaced)         0.000     3.083    u_soc_top/u_cpu/u_core/hazard_ctrl/data_out_reg[14]_i_5_0[3]
                         CARRY4 (Prop_carry4_S[3]_CO[3])
                                                      0.332     3.415 r  u_soc_top/u_cpu/u_core/hazard_ctrl/data_out_reg[14]_i_10/CO[3]
                         net (fo=1, unplaced)         0.000     3.415    u_soc_top/u_cpu/u_core/hazard_ctrl/data_out_reg[14]_i_10_n_0
                         CARRY4 (Prop_carry4_CI_CO[2])
                                                      0.209     3.624 f  u_soc_top/u_cpu/u_core/hazard_ctrl/data_out_reg[14]_i_5/CO[2]
                         net (fo=1, unplaced)         0.349     3.973    u_soc_top/u_cpu/u_core/reg_id_ex0_ctrl/fq_instr_reg[0][31]_2[0]
                         LUT6 (Prop_lut6_I5_O)        0.252     4.225 f  u_soc_top/u_cpu/u_core/reg_id_ex0_ctrl/data_out[14]_i_2/O
                         net (fo=146, unplaced)       0.456     4.681    u_soc_top/u_cpu/u_core/reg_id_ex0_ctrl/if_id_flush
                         LUT3 (Prop_lut3_I1_O)        0.108     4.789 f  u_soc_top/u_cpu/u_core/reg_id_ex0_ctrl/fq_instr[0][31]_i_8/O
                         net (fo=4, unplaced)         0.371     5.160    u_soc_top/u_cpu/u_core/reg_id_ex0_ctrl/fq_instr[0][31]_i_8_n_0
                         LUT6 (Prop_lut6_I4_O)        0.105     5.265 r  u_soc_top/u_cpu/u_core/reg_id_ex0_ctrl/fq_pc[1][31]_i_3/O
                         net (fo=96, unplaced)        0.446     5.711    u_soc_top/u_cpu/u_core/reg_id_ex0_ctrl/fetch_absorb2
                         LUT6 (Prop_lut6_I5_O)        0.105     5.816 r  u_soc_top/u_cpu/u_core/reg_id_ex0_ctrl/fq_pc[1][31]_i_1/O
                         net (fo=64, unplaced)        0.454     6.270    u_soc_top/u_cpu/u_core/reg_id_ex0_ctrl_n_16
                         FDRE                                         r  u_soc_top/u_cpu/u_core/fq_instr_reg[1][0]/CE
  -------------------------------------------------------------------    -------------------

                         (clock cpu_clk rise edge)   10.000    10.000 r  
    K21                                               0.000    10.000 r  clk_50M (IN)
                         net (fo=0)                   0.000    10.000    u_soc_top/pll_clk.u_clk_pll/inst/clk_in1
    K21                  IBUF (Prop_ibuf_I_O)         1.328    11.328 r  u_soc_top/pll_clk.u_clk_pll/inst/clkin1_ibufg/O
                         net (fo=1, unplaced)         0.439    11.767    u_soc_top/pll_clk.u_clk_pll/inst/clk_in1_clk_pll
                         PLLE2_ADV (Prop_plle2_adv_CLKIN1_CLKOUT0)
                                                     -5.039     6.728 r  u_soc_top/pll_clk.u_clk_pll/inst/plle2_adv_inst/CLKOUT0
                         net (fo=1, unplaced)         0.613     7.341    u_soc_top/pll_clk.u_clk_pll/inst/cpu_clk_clk_pll
                         BUFG (Prop_bufg_I_O)         0.077     7.418 r  u_soc_top/pll_clk.u_clk_pll/inst/clkout1_buf/O
                         net (fo=4388, unplaced)      0.439     7.857    u_soc_top/u_cpu/u_core/cpu_clk
                         FDRE                                         r  u_soc_top/u_cpu/u_core/fq_instr_reg[1][0]/C
                         clock pessimism             -0.496     7.361    
                         clock uncertainty           -0.094     7.266    
                         FDRE (Setup_fdre_C_CE)      -0.165     7.101    u_soc_top/u_cpu/u_core/fq_instr_reg[1][0]
  -------------------------------------------------------------------
                         required time                          7.101    
                         arrival time                          -6.270    
  -------------------------------------------------------------------
                         slack                                  0.832    

Slack (MET) :             0.832ns  (required time - arrival time)
  Source:                 u_soc_top/u_cpu/u_core/fq_instr_reg[0][20]/C
                            (rising edge-triggered cell FDRE clocked by cpu_clk  {rise@0.000ns fall@5.000ns period=10.000ns})
  Destination:            u_soc_top/u_cpu/u_core/fq_instr_reg[1][10]/CE
                            (rising edge-triggered cell FDRE clocked by cpu_clk  {rise@0.000ns fall@5.000ns period=10.000ns})
  Path Group:             cpu_clk
  Path Type:              Setup (Max at Slow Process Corner)
  Requirement:            10.000ns  (cpu_clk rise@10.000ns - cpu_clk rise@0.000ns)
  Data Path Delay:        8.764ns  (logic 3.621ns (41.317%)  route 5.143ns (58.683%))
  Logic Levels:           19  (CARRY4=8 LUT2=1 LUT3=1 LUT5=2 LUT6=7)
  Clock Path Skew:        -0.145ns (DCD - SCD + CPR)
    Destination Clock Delay (DCD):    -2.143ns = ( 7.857 - 10.000 ) 
    Source Clock Delay      (SCD):    -2.494ns
    Clock Pessimism Removal (CPR):    -0.496ns
  Clock Uncertainty:      0.094ns  ((TSJ^2 + DJ^2)^1/2) / 2 + PE
    Total System Jitter     (TSJ):    0.071ns
    Discrete Jitter          (DJ):    0.175ns
    Phase Error              (PE):    0.000ns

    Location             Delay type                Incr(ns)  Path(ns)    Netlist Resource(s)
  -------------------------------------------------------------------    -------------------
                         (clock cpu_clk rise edge)    0.000     0.000 r  
    K21                                               0.000     0.000 r  clk_50M (IN)
                         net (fo=0)                   0.000     0.000    u_soc_top/pll_clk.u_clk_pll/inst/clk_in1
    K21                  IBUF (Prop_ibuf_I_O)         1.394     1.394 r  u_soc_top/pll_clk.u_clk_pll/inst/clkin1_ibufg/O
                         net (fo=1, unplaced)         0.584     1.978    u_soc_top/pll_clk.u_clk_pll/inst/clk_in1_clk_pll
                         PLLE2_ADV (Prop_plle2_adv_CLKIN1_CLKOUT0)
                                                     -5.783    -3.805 r  u_soc_top/pll_clk.u_clk_pll/inst/plle2_adv_inst/CLKOUT0
                         net (fo=1, unplaced)         0.646    -3.159    u_soc_top/pll_clk.u_clk_pll/inst/cpu_clk_clk_pll
                         BUFG (Prop_bufg_I_O)         0.081    -3.078 r  u_soc_top/pll_clk.u_clk_pll/inst/clkout1_buf/O
                         net (fo=4388, unplaced)      0.584    -2.494    u_soc_top/u_cpu/u_core/cpu_clk
                         FDRE                                         r  u_soc_top/u_cpu/u_core/fq_instr_reg[0][20]/C
  -------------------------------------------------------------------    -------------------
                         FDRE (Prop_fdre_C_Q)         0.379    -2.115 f  u_soc_top/u_cpu/u_core/fq_instr_reg[0][20]/Q
                         net (fo=29, unplaced)        0.726    -1.389    u_soc_top/u_cpu/u_core/reg_id_ex0_data/data_out_reg[4]_0[20]
                         LUT5 (Prop_lut5_I0_O)        0.232    -1.157 f  u_soc_top/u_cpu/u_core/reg_id_ex0_data/data_out[13]_i_8__0/O
                         net (fo=3, unplaced)         0.365    -0.792    u_soc_top/u_cpu/u_core/reg_id_ex0_data/fq_instr_reg[0][20]
                         LUT6 (Prop_lut6_I5_O)        0.105    -0.687 r  u_soc_top/u_cpu/u_core/reg_id_ex0_data/data_out[87]_i_4/O
                         net (fo=2, unplaced)         0.358    -0.329    u_soc_top/u_cpu/u_core/reg_id_ex0_data/fq_instr_reg[0][25]_0
                         LUT5 (Prop_lut5_I0_O)        0.105    -0.224 r  u_soc_top/u_cpu/u_core/reg_id_ex0_data/data_out[3]_i_2__1/O
                         net (fo=2, unplaced)         0.358     0.134    u_soc_top/u_cpu/u_core/bp_unit/data_out_reg[84]_0
                         LUT6 (Prop_lut6_I2_O)        0.105     0.239 r  u_soc_top/u_cpu/u_core/bp_unit/data_out[84]_i_2__1/O
                         net (fo=2, unplaced)         0.358     0.597    u_soc_top/u_cpu/u_core/bp_unit/data_out[84]_i_2__1_n_0
                         LUT6 (Prop_lut6_I0_O)        0.105     0.702 r  u_soc_top/u_cpu/u_core/bp_unit/data_out[84]_i_1__1/O
                         net (fo=3, unplaced)         0.365     1.067    u_soc_top/u_cpu/u_core/bp_unit/D[1]
                         LUT2 (Prop_lut2_I1_O)        0.105     1.172 r  u_soc_top/u_cpu/u_core/bp_unit/pc[0]_i_8/O
                         net (fo=1, unplaced)         0.000     1.172    u_soc_top/u_cpu/u_core/bp_unit/pc[0]_i_8_n_0
                         CARRY4 (Prop_carry4_S[1]_CO[3])
                                                      0.457     1.629 r  u_soc_top/u_cpu/u_core/bp_unit/pc_reg[0]_i_3/CO[3]
                         net (fo=1, unplaced)         0.000     1.629    u_soc_top/u_cpu/u_core/bp_unit/pc_reg[0]_i_3_n_0
                         CARRY4 (Prop_carry4_CI_CO[3])
                                                      0.098     1.727 r  u_soc_top/u_cpu/u_core/bp_unit/pc_reg[7]_i_4/CO[3]
                         net (fo=1, unplaced)         0.000     1.727    u_soc_top/u_cpu/u_core/bp_unit/pc_reg[7]_i_4_n_0
                         CARRY4 (Prop_carry4_CI_CO[3])
                                                      0.098     1.825 r  u_soc_top/u_cpu/u_core/bp_unit/pc_reg[11]_i_4/CO[3]
                         net (fo=1, unplaced)         0.000     1.825    u_soc_top/u_cpu/u_core/bp_unit/pc_reg[11]_i_4_n_0
                         CARRY4 (Prop_carry4_CI_CO[3])
                                                      0.098     1.923 r  u_soc_top/u_cpu/u_core/bp_unit/pc_reg[15]_i_4/CO[3]
                         net (fo=1, unplaced)         0.000     1.923    u_soc_top/u_cpu/u_core/bp_unit/pc_reg[15]_i_4_n_0
                         CARRY4 (Prop_carry4_CI_CO[3])
                                                      0.098     2.021 r  u_soc_top/u_cpu/u_core/bp_unit/pc_reg[19]_i_4/CO[3]
                         net (fo=1, unplaced)         0.000     2.021    u_soc_top/u_cpu/u_core/bp_unit/pc_reg[19]_i_4_n_0
                         CARRY4 (Prop_carry4_CI_O[3])
                                                      0.275     2.296 r  u_soc_top/u_cpu/u_core/bp_unit/pc_reg[23]_i_4/O[3]
                         net (fo=3, unplaced)         0.537     2.833    u_soc_top/u_cpu/u_core/bp_unit/bp_jump_pc[23]
                         LUT6 (Prop_lut6_I4_O)        0.250     3.083 r  u_soc_top/u_cpu/u_core/bp_unit/data_out[14]_i_22/O
                         net (fo=1, unplaced)         0.000     3.083    u_soc_top/u_cpu/u_core/hazard_ctrl/data_out_reg[14]_i_5_0[3]
                         CARRY4 (Prop_carry4_S[3]_CO[3])
                                                      0.332     3.415 r  u_soc_top/u_cpu/u_core/hazard_ctrl/data_out_reg[14]_i_10/CO[3]
                         net (fo=1, unplaced)         0.000     3.415    u_soc_top/u_cpu/u_core/hazard_ctrl/data_out_reg[14]_i_10_n_0
                         CARRY4 (Prop_carry4_CI_CO[2])
                                                      0.209     3.624 f  u_soc_top/u_cpu/u_core/hazard_ctrl/data_out_reg[14]_i_5/CO[2]
                         net (fo=1, unplaced)         0.349     3.973    u_soc_top/u_cpu/u_core/reg_id_ex0_ctrl/fq_instr_reg[0][31]_2[0]
                         LUT6 (Prop_lut6_I5_O)        0.252     4.225 f  u_soc_top/u_cpu/u_core/reg_id_ex0_ctrl/data_out[14]_i_2/O
                         net (fo=146, unplaced)       0.456     4.681    u_soc_top/u_cpu/u_core/reg_id_ex0_ctrl/if_id_flush
                         LUT3 (Prop_lut3_I1_O)        0.108     4.789 f  u_soc_top/u_cpu/u_core/reg_id_ex0_ctrl/fq_instr[0][31]_i_8/O
                         net (fo=4, unplaced)         0.371     5.160    u_soc_top/u_cpu/u_core/reg_id_ex0_ctrl/fq_instr[0][31]_i_8_n_0
                         LUT6 (Prop_lut6_I4_O)        0.105     5.265 r  u_soc_top/u_cpu/u_core/reg_id_ex0_ctrl/fq_pc[1][31]_i_3/O
                         net (fo=96, unplaced)        0.446     5.711    u_soc_top/u_cpu/u_core/reg_id_ex0_ctrl/fetch_absorb2
                         LUT6 (Prop_lut6_I5_O)        0.105     5.816 r  u_soc_top/u_cpu/u_core/reg_id_ex0_ctrl/fq_pc[1][31]_i_1/O
                         net (fo=64, unplaced)        0.454     6.270    u_soc_top/u_cpu/u_core/reg_id_ex0_ctrl_n_16
                         FDRE                                         r  u_soc_top/u_cpu/u_core/fq_instr_reg[1][10]/CE
  -------------------------------------------------------------------    -------------------

                         (clock cpu_clk rise edge)   10.000    10.000 r  
    K21                                               0.000    10.000 r  clk_50M (IN)
                         net (fo=0)                   0.000    10.000    u_soc_top/pll_clk.u_clk_pll/inst/clk_in1
    K21                  IBUF (Prop_ibuf_I_O)         1.328    11.328 r  u_soc_top/pll_clk.u_clk_pll/inst/clkin1_ibufg/O
                         net (fo=1, unplaced)         0.439    11.767    u_soc_top/pll_clk.u_clk_pll/inst/clk_in1_clk_pll
                         PLLE2_ADV (Prop_plle2_adv_CLKIN1_CLKOUT0)
                                                     -5.039     6.728 r  u_soc_top/pll_clk.u_clk_pll/inst/plle2_adv_inst/CLKOUT0
                         net (fo=1, unplaced)         0.613     7.341    u_soc_top/pll_clk.u_clk_pll/inst/cpu_clk_clk_pll
                         BUFG (Prop_bufg_I_O)         0.077     7.418 r  u_soc_top/pll_clk.u_clk_pll/inst/clkout1_buf/O
                         net (fo=4388, unplaced)      0.439     7.857    u_soc_top/u_cpu/u_core/cpu_clk
                         FDRE                                         r  u_soc_top/u_cpu/u_core/fq_instr_reg[1][10]/C
                         clock pessimism             -0.496     7.361    
                         clock uncertainty           -0.094     7.266    
                         FDRE (Setup_fdre_C_CE)      -0.165     7.101    u_soc_top/u_cpu/u_core/fq_instr_reg[1][10]
  -------------------------------------------------------------------
                         required time                          7.101    
                         arrival time                          -6.270    
  -------------------------------------------------------------------
                         slack                                  0.832    

Slack (MET) :             0.832ns  (required time - arrival time)
  Source:                 u_soc_top/u_cpu/u_core/fq_instr_reg[0][20]/C
                            (rising edge-triggered cell FDRE clocked by cpu_clk  {rise@0.000ns fall@5.000ns period=10.000ns})
  Destination:            u_soc_top/u_cpu/u_core/fq_instr_reg[1][10]/CE
                            (rising edge-triggered cell FDRE clocked by cpu_clk  {rise@0.000ns fall@5.000ns period=10.000ns})
  Path Group:             cpu_clk
  Path Type:              Setup (Max at Slow Process Corner)
  Requirement:            10.000ns  (cpu_clk rise@10.000ns - cpu_clk rise@0.000ns)
  Data Path Delay:        8.764ns  (logic 3.621ns (41.317%)  route 5.143ns (58.683%))
  Logic Levels:           19  (CARRY4=8 LUT2=1 LUT3=1 LUT5=2 LUT6=7)
  Clock Path Skew:        -0.145ns (DCD - SCD + CPR)
    Destination Clock Delay (DCD):    -2.143ns = ( 7.857 - 10.000 ) 
    Source Clock Delay      (SCD):    -2.494ns
    Clock Pessimism Removal (CPR):    -0.496ns
  Clock Uncertainty:      0.094ns  ((TSJ^2 + DJ^2)^1/2) / 2 + PE
    Total System Jitter     (TSJ):    0.071ns
    Discrete Jitter          (DJ):    0.175ns
    Phase Error              (PE):    0.000ns

    Location             Delay type                Incr(ns)  Path(ns)    Netlist Resource(s)
  -------------------------------------------------------------------    -------------------
                         (clock cpu_clk rise edge)    0.000     0.000 r  
    K21                                               0.000     0.000 r  clk_50M (IN)
                         net (fo=0)                   0.000     0.000    u_soc_top/pll_clk.u_clk_pll/inst/clk_in1
    K21                  IBUF (Prop_ibuf_I_O)         1.394     1.394 r  u_soc_top/pll_clk.u_clk_pll/inst/clkin1_ibufg/O
                         net (fo=1, unplaced)         0.584     1.978    u_soc_top/pll_clk.u_clk_pll/inst/clk_in1_clk_pll
                         PLLE2_ADV (Prop_plle2_adv_CLKIN1_CLKOUT0)
                                                     -5.783    -3.805 r  u_soc_top/pll_clk.u_clk_pll/inst/plle2_adv_inst/CLKOUT0
                         net (fo=1, unplaced)         0.646    -3.159    u_soc_top/pll_clk.u_clk_pll/inst/cpu_clk_clk_pll
                         BUFG (Prop_bufg_I_O)         0.081    -3.078 r  u_soc_top/pll_clk.u_clk_pll/inst/clkout1_buf/O
                         net (fo=4388, unplaced)      0.584    -2.494    u_soc_top/u_cpu/u_core/cpu_clk
                         FDRE                                         r  u_soc_top/u_cpu/u_core/fq_instr_reg[0][20]/C
  -------------------------------------------------------------------    -------------------
                         FDRE (Prop_fdre_C_Q)         0.379    -2.115 r  u_soc_top/u_cpu/u_core/fq_instr_reg[0][20]/Q
                         net (fo=29, unplaced)        0.726    -1.389    u_soc_top/u_cpu/u_core/reg_id_ex0_data/data_out_reg[4]_0[20]
                         LUT5 (Prop_lut5_I0_O)        0.232    -1.157 r  u_soc_top/u_cpu/u_core/reg_id_ex0_data/data_out[13]_i_8__0/O
                         net (fo=3, unplaced)         0.365    -0.792    u_soc_top/u_cpu/u_core/reg_id_ex0_data/fq_instr_reg[0][20]
                         LUT6 (Prop_lut6_I5_O)        0.105    -0.687 f  u_soc_top/u_cpu/u_core/reg_id_ex0_data/data_out[87]_i_4/O
                         net (fo=2, unplaced)         0.358    -0.329    u_soc_top/u_cpu/u_core/reg_id_ex0_data/fq_instr_reg[0][25]_0
                         LUT5 (Prop_lut5_I0_O)        0.105    -0.224 f  u_soc_top/u_cpu/u_core/reg_id_ex0_data/data_out[3]_i_2__1/O
                         net (fo=2, unplaced)         0.358     0.134    u_soc_top/u_cpu/u_core/bp_unit/data_out_reg[84]_0
                         LUT6 (Prop_lut6_I2_O)        0.105     0.239 f  u_soc_top/u_cpu/u_core/bp_unit/data_out[84]_i_2__1/O
                         net (fo=2, unplaced)         0.358     0.597    u_soc_top/u_cpu/u_core/bp_unit/data_out[84]_i_2__1_n_0
                         LUT6 (Prop_lut6_I0_O)        0.105     0.702 f  u_soc_top/u_cpu/u_core/bp_unit/data_out[84]_i_1__1/O
                         net (fo=3, unplaced)         0.365     1.067    u_soc_top/u_cpu/u_core/bp_unit/D[1]
                         LUT2 (Prop_lut2_I1_O)        0.105     1.172 r  u_soc_top/u_cpu/u_core/bp_unit/pc[0]_i_8/O
                         net (fo=1, unplaced)         0.000     1.172    u_soc_top/u_cpu/u_core/bp_unit/pc[0]_i_8_n_0
                         CARRY4 (Prop_carry4_S[1]_CO[3])
                                                      0.457     1.629 r  u_soc_top/u_cpu/u_core/bp_unit/pc_reg[0]_i_3/CO[3]
                         net (fo=1, unplaced)         0.000     1.629    u_soc_top/u_cpu/u_core/bp_unit/pc_reg[0]_i_3_n_0
                         CARRY4 (Prop_carry4_CI_CO[3])
                                                      0.098     1.727 r  u_soc_top/u_cpu/u_core/bp_unit/pc_reg[7]_i_4/CO[3]
                         net (fo=1, unplaced)         0.000     1.727    u_soc_top/u_cpu/u_core/bp_unit/pc_reg[7]_i_4_n_0
                         CARRY4 (Prop_carry4_CI_CO[3])
                                                      0.098     1.825 r  u_soc_top/u_cpu/u_core/bp_unit/pc_reg[11]_i_4/CO[3]
                         net (fo=1, unplaced)         0.000     1.825    u_soc_top/u_cpu/u_core/bp_unit/pc_reg[11]_i_4_n_0
                         CARRY4 (Prop_carry4_CI_CO[3])
                                                      0.098     1.923 r  u_soc_top/u_cpu/u_core/bp_unit/pc_reg[15]_i_4/CO[3]
                         net (fo=1, unplaced)         0.000     1.923    u_soc_top/u_cpu/u_core/bp_unit/pc_reg[15]_i_4_n_0
                         CARRY4 (Prop_carry4_CI_CO[3])
                                                      0.098     2.021 r  u_soc_top/u_cpu/u_core/bp_unit/pc_reg[19]_i_4/CO[3]
                         net (fo=1, unplaced)         0.000     2.021    u_soc_top/u_cpu/u_core/bp_unit/pc_reg[19]_i_4_n_0
                         CARRY4 (Prop_carry4_CI_O[3])
                                                      0.275     2.296 r  u_soc_top/u_cpu/u_core/bp_unit/pc_reg[23]_i_4/O[3]
                         net (fo=3, unplaced)         0.537     2.833    u_soc_top/u_cpu/u_core/bp_unit/bp_jump_pc[23]
                         LUT6 (Prop_lut6_I4_O)        0.250     3.083 r  u_soc_top/u_cpu/u_core/bp_unit/data_out[14]_i_22/O
                         net (fo=1, unplaced)         0.000     3.083    u_soc_top/u_cpu/u_core/hazard_ctrl/data_out_reg[14]_i_5_0[3]
                         CARRY4 (Prop_carry4_S[3]_CO[3])
                                                      0.332     3.415 r  u_soc_top/u_cpu/u_core/hazard_ctrl/data_out_reg[14]_i_10/CO[3]
                         net (fo=1, unplaced)         0.000     3.415    u_soc_top/u_cpu/u_core/hazard_ctrl/data_out_reg[14]_i_10_n_0
                         CARRY4 (Prop_carry4_CI_CO[2])
                                                      0.209     3.624 f  u_soc_top/u_cpu/u_core/hazard_ctrl/data_out_reg[14]_i_5/CO[2]
                         net (fo=1, unplaced)         0.349     3.973    u_soc_top/u_cpu/u_core/reg_id_ex0_ctrl/fq_instr_reg[0][31]_2[0]
                         LUT6 (Prop_lut6_I5_O)        0.252     4.225 f  u_soc_top/u_cpu/u_core/reg_id_ex0_ctrl/data_out[14]_i_2/O
                         net (fo=146, unplaced)       0.456     4.681    u_soc_top/u_cpu/u_core/reg_id_ex0_ctrl/if_id_flush
                         LUT3 (Prop_lut3_I1_O)        0.108     4.789 f  u_soc_top/u_cpu/u_core/reg_id_ex0_ctrl/fq_instr[0][31]_i_8/O
                         net (fo=4, unplaced)         0.371     5.160    u_soc_top/u_cpu/u_core/reg_id_ex0_ctrl/fq_instr[0][31]_i_8_n_0
                         LUT6 (Prop_lut6_I4_O)        0.105     5.265 r  u_soc_top/u_cpu/u_core/reg_id_ex0_ctrl/fq_pc[1][31]_i_3/O
                         net (fo=96, unplaced)        0.446     5.711    u_soc_top/u_cpu/u_core/reg_id_ex0_ctrl/fetch_absorb2
                         LUT6 (Prop_lut6_I5_O)        0.105     5.816 r  u_soc_top/u_cpu/u_core/reg_id_ex0_ctrl/fq_pc[1][31]_i_1/O
                         net (fo=64, unplaced)        0.454     6.270    u_soc_top/u_cpu/u_core/reg_id_ex0_ctrl_n_16
                         FDRE                                         r  u_soc_top/u_cpu/u_core/fq_instr_reg[1][10]/CE
  -------------------------------------------------------------------    -------------------

                         (clock cpu_clk rise edge)   10.000    10.000 r  
    K21                                               0.000    10.000 r  clk_50M (IN)
                         net (fo=0)                   0.000    10.000    u_soc_top/pll_clk.u_clk_pll/inst/clk_in1
    K21                  IBUF (Prop_ibuf_I_O)         1.328    11.328 r  u_soc_top/pll_clk.u_clk_pll/inst/clkin1_ibufg/O
                         net (fo=1, unplaced)         0.439    11.767    u_soc_top/pll_clk.u_clk_pll/inst/clk_in1_clk_pll
                         PLLE2_ADV (Prop_plle2_adv_CLKIN1_CLKOUT0)
                                                     -5.039     6.728 r  u_soc_top/pll_clk.u_clk_pll/inst/plle2_adv_inst/CLKOUT0
                         net (fo=1, unplaced)         0.613     7.341    u_soc_top/pll_clk.u_clk_pll/inst/cpu_clk_clk_pll
                         BUFG (Prop_bufg_I_O)         0.077     7.418 r  u_soc_top/pll_clk.u_clk_pll/inst/clkout1_buf/O
                         net (fo=4388, unplaced)      0.439     7.857    u_soc_top/u_cpu/u_core/cpu_clk
                         FDRE                                         r  u_soc_top/u_cpu/u_core/fq_instr_reg[1][10]/C
                         clock pessimism             -0.496     7.361    
                         clock uncertainty           -0.094     7.266    
                         FDRE (Setup_fdre_C_CE)      -0.165     7.101    u_soc_top/u_cpu/u_core/fq_instr_reg[1][10]
  -------------------------------------------------------------------
                         required time                          7.101    
                         arrival time                          -6.270    
  -------------------------------------------------------------------
                         slack                                  0.832    

Slack (MET) :             0.832ns  (required time - arrival time)
  Source:                 u_soc_top/u_cpu/u_core/fq_instr_reg[0][20]/C
                            (rising edge-triggered cell FDRE clocked by cpu_clk  {rise@0.000ns fall@5.000ns period=10.000ns})
  Destination:            u_soc_top/u_cpu/u_core/fq_instr_reg[1][10]/CE
                            (rising edge-triggered cell FDRE clocked by cpu_clk  {rise@0.000ns fall@5.000ns period=10.000ns})
  Path Group:             cpu_clk
  Path Type:              Setup (Max at Slow Process Corner)
  Requirement:            10.000ns  (cpu_clk rise@10.000ns - cpu_clk rise@0.000ns)
  Data Path Delay:        8.764ns  (logic 3.621ns (41.317%)  route 5.143ns (58.683%))
  Logic Levels:           19  (CARRY4=8 LUT2=1 LUT3=1 LUT5=2 LUT6=7)
  Clock Path Skew:        -0.145ns (DCD - SCD + CPR)
    Destination Clock Delay (DCD):    -2.143ns = ( 7.857 - 10.000 ) 
    Source Clock Delay      (SCD):    -2.494ns
    Clock Pessimism Removal (CPR):    -0.496ns
  Clock Uncertainty:      0.094ns  ((TSJ^2 + DJ^2)^1/2) / 2 + PE
    Total System Jitter     (TSJ):    0.071ns
    Discrete Jitter          (DJ):    0.175ns
    Phase Error              (PE):    0.000ns

    Location             Delay type                Incr(ns)  Path(ns)    Netlist Resource(s)
  -------------------------------------------------------------------    -------------------
                         (clock cpu_clk rise edge)    0.000     0.000 r  
    K21                                               0.000     0.000 r  clk_50M (IN)
                         net (fo=0)                   0.000     0.000    u_soc_top/pll_clk.u_clk_pll/inst/clk_in1
    K21                  IBUF (Prop_ibuf_I_O)         1.394     1.394 r  u_soc_top/pll_clk.u_clk_pll/inst/clkin1_ibufg/O
                         net (fo=1, unplaced)         0.584     1.978    u_soc_top/pll_clk.u_clk_pll/inst/clk_in1_clk_pll
                         PLLE2_ADV (Prop_plle2_adv_CLKIN1_CLKOUT0)
                                                     -5.783    -3.805 r  u_soc_top/pll_clk.u_clk_pll/inst/plle2_adv_inst/CLKOUT0
                         net (fo=1, unplaced)         0.646    -3.159    u_soc_top/pll_clk.u_clk_pll/inst/cpu_clk_clk_pll
                         BUFG (Prop_bufg_I_O)         0.081    -3.078 r  u_soc_top/pll_clk.u_clk_pll/inst/clkout1_buf/O
                         net (fo=4388, unplaced)      0.584    -2.494    u_soc_top/u_cpu/u_core/cpu_clk
                         FDRE                                         r  u_soc_top/u_cpu/u_core/fq_instr_reg[0][20]/C
  -------------------------------------------------------------------    -------------------
                         FDRE (Prop_fdre_C_Q)         0.379    -2.115 f  u_soc_top/u_cpu/u_core/fq_instr_reg[0][20]/Q
                         net (fo=29, unplaced)        0.726    -1.389    u_soc_top/u_cpu/u_core/reg_id_ex0_data/data_out_reg[4]_0[20]
                         LUT5 (Prop_lut5_I0_O)        0.232    -1.157 f  u_soc_top/u_cpu/u_core/reg_id_ex0_data/data_out[13]_i_8__0/O
                         net (fo=3, unplaced)         0.365    -0.792    u_soc_top/u_cpu/u_core/reg_id_ex0_data/fq_instr_reg[0][20]
                         LUT6 (Prop_lut6_I5_O)        0.105    -0.687 r  u_soc_top/u_cpu/u_core/reg_id_ex0_data/data_out[87]_i_4/O
                         net (fo=2, unplaced)         0.358    -0.329    u_soc_top/u_cpu/u_core/reg_id_ex0_data/fq_instr_reg[0][25]_0
                         LUT5 (Prop_lut5_I0_O)        0.105    -0.224 r  u_soc_top/u_cpu/u_core/reg_id_ex0_data/data_out[3]_i_2__1/O
                         net (fo=2, unplaced)         0.358     0.134    u_soc_top/u_cpu/u_core/bp_unit/data_out_reg[84]_0
                         LUT6 (Prop_lut6_I2_O)        0.105     0.239 r  u_soc_top/u_cpu/u_core/bp_unit/data_out[84]_i_2__1/O
                         net (fo=2, unplaced)         0.358     0.597    u_soc_top/u_cpu/u_core/bp_unit/data_out[84]_i_2__1_n_0
                         LUT6 (Prop_lut6_I0_O)        0.105     0.702 r  u_soc_top/u_cpu/u_core/bp_unit/data_out[84]_i_1__1/O
                         net (fo=3, unplaced)         0.365     1.067    u_soc_top/u_cpu/u_core/bp_unit/D[1]
                         LUT2 (Prop_lut2_I1_O)        0.105     1.172 f  u_soc_top/u_cpu/u_core/bp_unit/pc[0]_i_8/O
                         net (fo=1, unplaced)         0.000     1.172    u_soc_top/u_cpu/u_core/bp_unit/pc[0]_i_8_n_0
                         CARRY4 (Prop_carry4_S[1]_CO[3])
                                                      0.457     1.629 r  u_soc_top/u_cpu/u_core/bp_unit/pc_reg[0]_i_3/CO[3]
                         net (fo=1, unplaced)         0.000     1.629    u_soc_top/u_cpu/u_core/bp_unit/pc_reg[0]_i_3_n_0
                         CARRY4 (Prop_carry4_CI_CO[3])
                                                      0.098     1.727 r  u_soc_top/u_cpu/u_core/bp_unit/pc_reg[7]_i_4/CO[3]
                         net (fo=1, unplaced)         0.000     1.727    u_soc_top/u_cpu/u_core/bp_unit/pc_reg[7]_i_4_n_0
                         CARRY4 (Prop_carry4_CI_CO[3])
                                                      0.098     1.825 r  u_soc_top/u_cpu/u_core/bp_unit/pc_reg[11]_i_4/CO[3]
                         net (fo=1, unplaced)         0.000     1.825    u_soc_top/u_cpu/u_core/bp_unit/pc_reg[11]_i_4_n_0
                         CARRY4 (Prop_carry4_CI_CO[3])
                                                      0.098     1.923 r  u_soc_top/u_cpu/u_core/bp_unit/pc_reg[15]_i_4/CO[3]
                         net (fo=1, unplaced)         0.000     1.923    u_soc_top/u_cpu/u_core/bp_unit/pc_reg[15]_i_4_n_0
                         CARRY4 (Prop_carry4_CI_CO[3])
                                                      0.098     2.021 r  u_soc_top/u_cpu/u_core/bp_unit/pc_reg[19]_i_4/CO[3]
                         net (fo=1, unplaced)         0.000     2.021    u_soc_top/u_cpu/u_core/bp_unit/pc_reg[19]_i_4_n_0
                         CARRY4 (Prop_carry4_CI_O[3])
                                                      0.275     2.296 r  u_soc_top/u_cpu/u_core/bp_unit/pc_reg[23]_i_4/O[3]
                         net (fo=3, unplaced)         0.537     2.833    u_soc_top/u_cpu/u_core/bp_unit/bp_jump_pc[23]
                         LUT6 (Prop_lut6_I4_O)        0.250     3.083 r  u_soc_top/u_cpu/u_core/bp_unit/data_out[14]_i_22/O
                         net (fo=1, unplaced)         0.000     3.083    u_soc_top/u_cpu/u_core/hazard_ctrl/data_out_reg[14]_i_5_0[3]
                         CARRY4 (Prop_carry4_S[3]_CO[3])
                                                      0.332     3.415 r  u_soc_top/u_cpu/u_core/hazard_ctrl/data_out_reg[14]_i_10/CO[3]
                         net (fo=1, unplaced)         0.000     3.415    u_soc_top/u_cpu/u_core/hazard_ctrl/data_out_reg[14]_i_10_n_0
                         CARRY4 (Prop_carry4_CI_CO[2])
                                                      0.209     3.624 f  u_soc_top/u_cpu/u_core/hazard_ctrl/data_out_reg[14]_i_5/CO[2]
                         net (fo=1, unplaced)         0.349     3.973    u_soc_top/u_cpu/u_core/reg_id_ex0_ctrl/fq_instr_reg[0][31]_2[0]
                         LUT6 (Prop_lut6_I5_O)        0.252     4.225 f  u_soc_top/u_cpu/u_core/reg_id_ex0_ctrl/data_out[14]_i_2/O
                         net (fo=146, unplaced)       0.456     4.681    u_soc_top/u_cpu/u_core/reg_id_ex0_ctrl/if_id_flush
                         LUT3 (Prop_lut3_I1_O)        0.108     4.789 f  u_soc_top/u_cpu/u_core/reg_id_ex0_ctrl/fq_instr[0][31]_i_8/O
                         net (fo=4, unplaced)         0.371     5.160    u_soc_top/u_cpu/u_core/reg_id_ex0_ctrl/fq_instr[0][31]_i_8_n_0
                         LUT6 (Prop_lut6_I4_O)        0.105     5.265 r  u_soc_top/u_cpu/u_core/reg_id_ex0_ctrl/fq_pc[1][31]_i_3/O
                         net (fo=96, unplaced)        0.446     5.711    u_soc_top/u_cpu/u_core/reg_id_ex0_ctrl/fetch_absorb2
                         LUT6 (Prop_lut6_I5_O)        0.105     5.816 r  u_soc_top/u_cpu/u_core/reg_id_ex0_ctrl/fq_pc[1][31]_i_1/O
                         net (fo=64, unplaced)        0.454     6.270    u_soc_top/u_cpu/u_core/reg_id_ex0_ctrl_n_16
                         FDRE                                         r  u_soc_top/u_cpu/u_core/fq_instr_reg[1][10]/CE
  -------------------------------------------------------------------    -------------------

                         (clock cpu_clk rise edge)   10.000    10.000 r  
    K21                                               0.000    10.000 r  clk_50M (IN)
                         net (fo=0)                   0.000    10.000    u_soc_top/pll_clk.u_clk_pll/inst/clk_in1
    K21                  IBUF (Prop_ibuf_I_O)         1.328    11.328 r  u_soc_top/pll_clk.u_clk_pll/inst/clkin1_ibufg/O
                         net (fo=1, unplaced)         0.439    11.767    u_soc_top/pll_clk.u_clk_pll/inst/clk_in1_clk_pll
                         PLLE2_ADV (Prop_plle2_adv_CLKIN1_CLKOUT0)
                                                     -5.039     6.728 r  u_soc_top/pll_clk.u_clk_pll/inst/plle2_adv_inst/CLKOUT0
                         net (fo=1, unplaced)         0.613     7.341    u_soc_top/pll_clk.u_clk_pll/inst/cpu_clk_clk_pll
                         BUFG (Prop_bufg_I_O)         0.077     7.418 r  u_soc_top/pll_clk.u_clk_pll/inst/clkout1_buf/O
                         net (fo=4388, unplaced)      0.439     7.857    u_soc_top/u_cpu/u_core/cpu_clk
                         FDRE                                         r  u_soc_top/u_cpu/u_core/fq_instr_reg[1][10]/C
                         clock pessimism             -0.496     7.361    
                         clock uncertainty           -0.094     7.266    
                         FDRE (Setup_fdre_C_CE)      -0.165     7.101    u_soc_top/u_cpu/u_core/fq_instr_reg[1][10]
  -------------------------------------------------------------------
                         required time                          7.101    
                         arrival time                          -6.270    
  -------------------------------------------------------------------
                         slack                                  0.832    

Slack (MET) :             0.832ns  (required time - arrival time)
  Source:                 u_soc_top/u_cpu/u_core/fq_instr_reg[0][20]/C
                            (rising edge-triggered cell FDRE clocked by cpu_clk  {rise@0.000ns fall@5.000ns period=10.000ns})
  Destination:            u_soc_top/u_cpu/u_core/fq_instr_reg[1][10]/CE
                            (rising edge-triggered cell FDRE clocked by cpu_clk  {rise@0.000ns fall@5.000ns period=10.000ns})
  Path Group:             cpu_clk
  Path Type:              Setup (Max at Slow Process Corner)
  Requirement:            10.000ns  (cpu_clk rise@10.000ns - cpu_clk rise@0.000ns)
  Data Path Delay:        8.764ns  (logic 3.621ns (41.317%)  route 5.143ns (58.683%))
  Logic Levels:           19  (CARRY4=8 LUT2=1 LUT3=1 LUT5=2 LUT6=7)
  Clock Path Skew:        -0.145ns (DCD - SCD + CPR)
    Destination Clock Delay (DCD):    -2.143ns = ( 7.857 - 10.000 ) 
    Source Clock Delay      (SCD):    -2.494ns
    Clock Pessimism Removal (CPR):    -0.496ns
  Clock Uncertainty:      0.094ns  ((TSJ^2 + DJ^2)^1/2) / 2 + PE
    Total System Jitter     (TSJ):    0.071ns
    Discrete Jitter          (DJ):    0.175ns
    Phase Error              (PE):    0.000ns

    Location             Delay type                Incr(ns)  Path(ns)    Netlist Resource(s)
  -------------------------------------------------------------------    -------------------
                         (clock cpu_clk rise edge)    0.000     0.000 r  
    K21                                               0.000     0.000 r  clk_50M (IN)
                         net (fo=0)                   0.000     0.000    u_soc_top/pll_clk.u_clk_pll/inst/clk_in1
    K21                  IBUF (Prop_ibuf_I_O)         1.394     1.394 r  u_soc_top/pll_clk.u_clk_pll/inst/clkin1_ibufg/O
                         net (fo=1, unplaced)         0.584     1.978    u_soc_top/pll_clk.u_clk_pll/inst/clk_in1_clk_pll
                         PLLE2_ADV (Prop_plle2_adv_CLKIN1_CLKOUT0)
                                                     -5.783    -3.805 r  u_soc_top/pll_clk.u_clk_pll/inst/plle2_adv_inst/CLKOUT0
                         net (fo=1, unplaced)         0.646    -3.159    u_soc_top/pll_clk.u_clk_pll/inst/cpu_clk_clk_pll
                         BUFG (Prop_bufg_I_O)         0.081    -3.078 r  u_soc_top/pll_clk.u_clk_pll/inst/clkout1_buf/O
                         net (fo=4388, unplaced)      0.584    -2.494    u_soc_top/u_cpu/u_core/cpu_clk
                         FDRE                                         r  u_soc_top/u_cpu/u_core/fq_instr_reg[0][20]/C
  -------------------------------------------------------------------    -------------------
                         FDRE (Prop_fdre_C_Q)         0.379    -2.115 r  u_soc_top/u_cpu/u_core/fq_instr_reg[0][20]/Q
                         net (fo=29, unplaced)        0.726    -1.389    u_soc_top/u_cpu/u_core/reg_id_ex0_data/data_out_reg[4]_0[20]
                         LUT5 (Prop_lut5_I0_O)        0.232    -1.157 r  u_soc_top/u_cpu/u_core/reg_id_ex0_data/data_out[13]_i_8__0/O
                         net (fo=3, unplaced)         0.365    -0.792    u_soc_top/u_cpu/u_core/reg_id_ex0_data/fq_instr_reg[0][20]
                         LUT6 (Prop_lut6_I5_O)        0.105    -0.687 f  u_soc_top/u_cpu/u_core/reg_id_ex0_data/data_out[87]_i_4/O
                         net (fo=2, unplaced)         0.358    -0.329    u_soc_top/u_cpu/u_core/reg_id_ex0_data/fq_instr_reg[0][25]_0
                         LUT5 (Prop_lut5_I0_O)        0.105    -0.224 f  u_soc_top/u_cpu/u_core/reg_id_ex0_data/data_out[3]_i_2__1/O
                         net (fo=2, unplaced)         0.358     0.134    u_soc_top/u_cpu/u_core/bp_unit/data_out_reg[84]_0
                         LUT6 (Prop_lut6_I2_O)        0.105     0.239 f  u_soc_top/u_cpu/u_core/bp_unit/data_out[84]_i_2__1/O
                         net (fo=2, unplaced)         0.358     0.597    u_soc_top/u_cpu/u_core/bp_unit/data_out[84]_i_2__1_n_0
                         LUT6 (Prop_lut6_I0_O)        0.105     0.702 f  u_soc_top/u_cpu/u_core/bp_unit/data_out[84]_i_1__1/O
                         net (fo=3, unplaced)         0.365     1.067    u_soc_top/u_cpu/u_core/bp_unit/D[1]
                         LUT2 (Prop_lut2_I1_O)        0.105     1.172 f  u_soc_top/u_cpu/u_core/bp_unit/pc[0]_i_8/O
                         net (fo=1, unplaced)         0.000     1.172    u_soc_top/u_cpu/u_core/bp_unit/pc[0]_i_8_n_0
                         CARRY4 (Prop_carry4_S[1]_CO[3])
                                                      0.457     1.629 r  u_soc_top/u_cpu/u_core/bp_unit/pc_reg[0]_i_3/CO[3]
                         net (fo=1, unplaced)         0.000     1.629    u_soc_top/u_cpu/u_core/bp_unit/pc_reg[0]_i_3_n_0
                         CARRY4 (Prop_carry4_CI_CO[3])
                                                      0.098     1.727 r  u_soc_top/u_cpu/u_core/bp_unit/pc_reg[7]_i_4/CO[3]
                         net (fo=1, unplaced)         0.000     1.727    u_soc_top/u_cpu/u_core/bp_unit/pc_reg[7]_i_4_n_0
                         CARRY4 (Prop_carry4_CI_CO[3])
                                                      0.098     1.825 r  u_soc_top/u_cpu/u_core/bp_unit/pc_reg[11]_i_4/CO[3]
                         net (fo=1, unplaced)         0.000     1.825    u_soc_top/u_cpu/u_core/bp_unit/pc_reg[11]_i_4_n_0
                         CARRY4 (Prop_carry4_CI_CO[3])
                                                      0.098     1.923 r  u_soc_top/u_cpu/u_core/bp_unit/pc_reg[15]_i_4/CO[3]
                         net (fo=1, unplaced)         0.000     1.923    u_soc_top/u_cpu/u_core/bp_unit/pc_reg[15]_i_4_n_0
                         CARRY4 (Prop_carry4_CI_CO[3])
                                                      0.098     2.021 r  u_soc_top/u_cpu/u_core/bp_unit/pc_reg[19]_i_4/CO[3]
                         net (fo=1, unplaced)         0.000     2.021    u_soc_top/u_cpu/u_core/bp_unit/pc_reg[19]_i_4_n_0
                         CARRY4 (Prop_carry4_CI_O[3])
                                                      0.275     2.296 r  u_soc_top/u_cpu/u_core/bp_unit/pc_reg[23]_i_4/O[3]
                         net (fo=3, unplaced)         0.537     2.833    u_soc_top/u_cpu/u_core/bp_unit/bp_jump_pc[23]
                         LUT6 (Prop_lut6_I4_O)        0.250     3.083 r  u_soc_top/u_cpu/u_core/bp_unit/data_out[14]_i_22/O
                         net (fo=1, unplaced)         0.000     3.083    u_soc_top/u_cpu/u_core/hazard_ctrl/data_out_reg[14]_i_5_0[3]
                         CARRY4 (Prop_carry4_S[3]_CO[3])
                                                      0.332     3.415 r  u_soc_top/u_cpu/u_core/hazard_ctrl/data_out_reg[14]_i_10/CO[3]
                         net (fo=1, unplaced)         0.000     3.415    u_soc_top/u_cpu/u_core/hazard_ctrl/data_out_reg[14]_i_10_n_0
                         CARRY4 (Prop_carry4_CI_CO[2])
                                                      0.209     3.624 f  u_soc_top/u_cpu/u_core/hazard_ctrl/data_out_reg[14]_i_5/CO[2]
                         net (fo=1, unplaced)         0.349     3.973    u_soc_top/u_cpu/u_core/reg_id_ex0_ctrl/fq_instr_reg[0][31]_2[0]
                         LUT6 (Prop_lut6_I5_O)        0.252     4.225 f  u_soc_top/u_cpu/u_core/reg_id_ex0_ctrl/data_out[14]_i_2/O
                         net (fo=146, unplaced)       0.456     4.681    u_soc_top/u_cpu/u_core/reg_id_ex0_ctrl/if_id_flush
                         LUT3 (Prop_lut3_I1_O)        0.108     4.789 f  u_soc_top/u_cpu/u_core/reg_id_ex0_ctrl/fq_instr[0][31]_i_8/O
                         net (fo=4, unplaced)         0.371     5.160    u_soc_top/u_cpu/u_core/reg_id_ex0_ctrl/fq_instr[0][31]_i_8_n_0
                         LUT6 (Prop_lut6_I4_O)        0.105     5.265 r  u_soc_top/u_cpu/u_core/reg_id_ex0_ctrl/fq_pc[1][31]_i_3/O
                         net (fo=96, unplaced)        0.446     5.711    u_soc_top/u_cpu/u_core/reg_id_ex0_ctrl/fetch_absorb2
                         LUT6 (Prop_lut6_I5_O)        0.105     5.816 r  u_soc_top/u_cpu/u_core/reg_id_ex0_ctrl/fq_pc[1][31]_i_1/O
                         net (fo=64, unplaced)        0.454     6.270    u_soc_top/u_cpu/u_core/reg_id_ex0_ctrl_n_16
                         FDRE                                         r  u_soc_top/u_cpu/u_core/fq_instr_reg[1][10]/CE
  -------------------------------------------------------------------    -------------------

                         (clock cpu_clk rise edge)   10.000    10.000 r  
    K21                                               0.000    10.000 r  clk_50M (IN)
                         net (fo=0)                   0.000    10.000    u_soc_top/pll_clk.u_clk_pll/inst/clk_in1
    K21                  IBUF (Prop_ibuf_I_O)         1.328    11.328 r  u_soc_top/pll_clk.u_clk_pll/inst/clkin1_ibufg/O
                         net (fo=1, unplaced)         0.439    11.767    u_soc_top/pll_clk.u_clk_pll/inst/clk_in1_clk_pll
                         PLLE2_ADV (Prop_plle2_adv_CLKIN1_CLKOUT0)
                                                     -5.039     6.728 r  u_soc_top/pll_clk.u_clk_pll/inst/plle2_adv_inst/CLKOUT0
                         net (fo=1, unplaced)         0.613     7.341    u_soc_top/pll_clk.u_clk_pll/inst/cpu_clk_clk_pll
                         BUFG (Prop_bufg_I_O)         0.077     7.418 r  u_soc_top/pll_clk.u_clk_pll/inst/clkout1_buf/O
                         net (fo=4388, unplaced)      0.439     7.857    u_soc_top/u_cpu/u_core/cpu_clk
                         FDRE                                         r  u_soc_top/u_cpu/u_core/fq_instr_reg[1][10]/C
                         clock pessimism             -0.496     7.361    
                         clock uncertainty           -0.094     7.266    
                         FDRE (Setup_fdre_C_CE)      -0.165     7.101    u_soc_top/u_cpu/u_core/fq_instr_reg[1][10]
  -------------------------------------------------------------------
                         required time                          7.101    
                         arrival time                          -6.270    
  -------------------------------------------------------------------
                         slack                                  0.832    

Slack (MET) :             0.832ns  (required time - arrival time)
  Source:                 u_soc_top/u_cpu/u_core/fq_instr_reg[0][20]/C
                            (rising edge-triggered cell FDRE clocked by cpu_clk  {rise@0.000ns fall@5.000ns period=10.000ns})
  Destination:            u_soc_top/u_cpu/u_core/fq_instr_reg[1][10]/CE
                            (rising edge-triggered cell FDRE clocked by cpu_clk  {rise@0.000ns fall@5.000ns period=10.000ns})
  Path Group:             cpu_clk
  Path Type:              Setup (Max at Slow Process Corner)
  Requirement:            10.000ns  (cpu_clk rise@10.000ns - cpu_clk rise@0.000ns)
  Data Path Delay:        8.764ns  (logic 3.621ns (41.317%)  route 5.143ns (58.683%))
  Logic Levels:           19  (CARRY4=8 LUT2=1 LUT3=1 LUT5=2 LUT6=7)
  Clock Path Skew:        -0.145ns (DCD - SCD + CPR)
    Destination Clock Delay (DCD):    -2.143ns = ( 7.857 - 10.000 ) 
    Source Clock Delay      (SCD):    -2.494ns
    Clock Pessimism Removal (CPR):    -0.496ns
  Clock Uncertainty:      0.094ns  ((TSJ^2 + DJ^2)^1/2) / 2 + PE
    Total System Jitter     (TSJ):    0.071ns
    Discrete Jitter          (DJ):    0.175ns
    Phase Error              (PE):    0.000ns

    Location             Delay type                Incr(ns)  Path(ns)    Netlist Resource(s)
  -------------------------------------------------------------------    -------------------
                         (clock cpu_clk rise edge)    0.000     0.000 r  
    K21                                               0.000     0.000 r  clk_50M (IN)
                         net (fo=0)                   0.000     0.000    u_soc_top/pll_clk.u_clk_pll/inst/clk_in1
    K21                  IBUF (Prop_ibuf_I_O)         1.394     1.394 r  u_soc_top/pll_clk.u_clk_pll/inst/clkin1_ibufg/O
                         net (fo=1, unplaced)         0.584     1.978    u_soc_top/pll_clk.u_clk_pll/inst/clk_in1_clk_pll
                         PLLE2_ADV (Prop_plle2_adv_CLKIN1_CLKOUT0)
                                                     -5.783    -3.805 r  u_soc_top/pll_clk.u_clk_pll/inst/plle2_adv_inst/CLKOUT0
                         net (fo=1, unplaced)         0.646    -3.159    u_soc_top/pll_clk.u_clk_pll/inst/cpu_clk_clk_pll
                         BUFG (Prop_bufg_I_O)         0.081    -3.078 r  u_soc_top/pll_clk.u_clk_pll/inst/clkout1_buf/O
                         net (fo=4388, unplaced)      0.584    -2.494    u_soc_top/u_cpu/u_core/cpu_clk
                         FDRE                                         r  u_soc_top/u_cpu/u_core/fq_instr_reg[0][20]/C
  -------------------------------------------------------------------    -------------------
                         FDRE (Prop_fdre_C_Q)         0.379    -2.115 f  u_soc_top/u_cpu/u_core/fq_instr_reg[0][20]/Q
                         net (fo=29, unplaced)        0.726    -1.389    u_soc_top/u_cpu/u_core/reg_id_ex0_data/data_out_reg[4]_0[20]
                         LUT5 (Prop_lut5_I0_O)        0.232    -1.157 f  u_soc_top/u_cpu/u_core/reg_id_ex0_data/data_out[13]_i_8__0/O
                         net (fo=3, unplaced)         0.365    -0.792    u_soc_top/u_cpu/u_core/reg_id_ex0_data/fq_instr_reg[0][20]
                         LUT6 (Prop_lut6_I5_O)        0.105    -0.687 r  u_soc_top/u_cpu/u_core/reg_id_ex0_data/data_out[87]_i_4/O
                         net (fo=2, unplaced)         0.358    -0.329    u_soc_top/u_cpu/u_core/reg_id_ex0_data/fq_instr_reg[0][25]_0
                         LUT5 (Prop_lut5_I0_O)        0.105    -0.224 r  u_soc_top/u_cpu/u_core/reg_id_ex0_data/data_out[3]_i_2__1/O
                         net (fo=2, unplaced)         0.358     0.134    u_soc_top/u_cpu/u_core/bp_unit/data_out_reg[84]_0
                         LUT6 (Prop_lut6_I2_O)        0.105     0.239 r  u_soc_top/u_cpu/u_core/bp_unit/data_out[84]_i_2__1/O
                         net (fo=2, unplaced)         0.358     0.597    u_soc_top/u_cpu/u_core/bp_unit/data_out[84]_i_2__1_n_0
                         LUT6 (Prop_lut6_I0_O)        0.105     0.702 r  u_soc_top/u_cpu/u_core/bp_unit/data_out[84]_i_1__1/O
                         net (fo=3, unplaced)         0.365     1.067    u_soc_top/u_cpu/u_core/bp_unit/D[1]
                         LUT2 (Prop_lut2_I1_O)        0.105     1.172 r  u_soc_top/u_cpu/u_core/bp_unit/pc[0]_i_8/O
                         net (fo=1, unplaced)         0.000     1.172    u_soc_top/u_cpu/u_core/bp_unit/pc[0]_i_8_n_0
                         CARRY4 (Prop_carry4_S[1]_CO[3])
                                                      0.457     1.629 r  u_soc_top/u_cpu/u_core/bp_unit/pc_reg[0]_i_3/CO[3]
                         net (fo=1, unplaced)         0.000     1.629    u_soc_top/u_cpu/u_core/bp_unit/pc_reg[0]_i_3_n_0
                         CARRY4 (Prop_carry4_CI_CO[3])
                                                      0.098     1.727 r  u_soc_top/u_cpu/u_core/bp_unit/pc_reg[7]_i_4/CO[3]
                         net (fo=1, unplaced)         0.000     1.727    u_soc_top/u_cpu/u_core/bp_unit/pc_reg[7]_i_4_n_0
                         CARRY4 (Prop_carry4_CI_CO[3])
                                                      0.098     1.825 r  u_soc_top/u_cpu/u_core/bp_unit/pc_reg[11]_i_4/CO[3]
                         net (fo=1, unplaced)         0.000     1.825    u_soc_top/u_cpu/u_core/bp_unit/pc_reg[11]_i_4_n_0
                         CARRY4 (Prop_carry4_CI_CO[3])
                                                      0.098     1.923 r  u_soc_top/u_cpu/u_core/bp_unit/pc_reg[15]_i_4/CO[3]
                         net (fo=1, unplaced)         0.000     1.923    u_soc_top/u_cpu/u_core/bp_unit/pc_reg[15]_i_4_n_0
                         CARRY4 (Prop_carry4_CI_CO[3])
                                                      0.098     2.021 r  u_soc_top/u_cpu/u_core/bp_unit/pc_reg[19]_i_4/CO[3]
                         net (fo=1, unplaced)         0.000     2.021    u_soc_top/u_cpu/u_core/bp_unit/pc_reg[19]_i_4_n_0
                         CARRY4 (Prop_carry4_CI_O[3])
                                                      0.275     2.296 f  u_soc_top/u_cpu/u_core/bp_unit/pc_reg[23]_i_4/O[3]
                         net (fo=3, unplaced)         0.537     2.833    u_soc_top/u_cpu/u_core/bp_unit/bp_jump_pc[23]
                         LUT6 (Prop_lut6_I4_O)        0.250     3.083 r  u_soc_top/u_cpu/u_core/bp_unit/data_out[14]_i_22/O
                         net (fo=1, unplaced)         0.000     3.083    u_soc_top/u_cpu/u_core/hazard_ctrl/data_out_reg[14]_i_5_0[3]
                         CARRY4 (Prop_carry4_S[3]_CO[3])
                                                      0.332     3.415 r  u_soc_top/u_cpu/u_core/hazard_ctrl/data_out_reg[14]_i_10/CO[3]
                         net (fo=1, unplaced)         0.000     3.415    u_soc_top/u_cpu/u_core/hazard_ctrl/data_out_reg[14]_i_10_n_0
                         CARRY4 (Prop_carry4_CI_CO[2])
                                                      0.209     3.624 f  u_soc_top/u_cpu/u_core/hazard_ctrl/data_out_reg[14]_i_5/CO[2]
                         net (fo=1, unplaced)         0.349     3.973    u_soc_top/u_cpu/u_core/reg_id_ex0_ctrl/fq_instr_reg[0][31]_2[0]
                         LUT6 (Prop_lut6_I5_O)        0.252     4.225 f  u_soc_top/u_cpu/u_core/reg_id_ex0_ctrl/data_out[14]_i_2/O
                         net (fo=146, unplaced)       0.456     4.681    u_soc_top/u_cpu/u_core/reg_id_ex0_ctrl/if_id_flush
                         LUT3 (Prop_lut3_I1_O)        0.108     4.789 f  u_soc_top/u_cpu/u_core/reg_id_ex0_ctrl/fq_instr[0][31]_i_8/O
                         net (fo=4, unplaced)         0.371     5.160    u_soc_top/u_cpu/u_core/reg_id_ex0_ctrl/fq_instr[0][31]_i_8_n_0
                         LUT6 (Prop_lut6_I4_O)        0.105     5.265 r  u_soc_top/u_cpu/u_core/reg_id_ex0_ctrl/fq_pc[1][31]_i_3/O
                         net (fo=96, unplaced)        0.446     5.711    u_soc_top/u_cpu/u_core/reg_id_ex0_ctrl/fetch_absorb2
                         LUT6 (Prop_lut6_I5_O)        0.105     5.816 r  u_soc_top/u_cpu/u_core/reg_id_ex0_ctrl/fq_pc[1][31]_i_1/O
                         net (fo=64, unplaced)        0.454     6.270    u_soc_top/u_cpu/u_core/reg_id_ex0_ctrl_n_16
                         FDRE                                         r  u_soc_top/u_cpu/u_core/fq_instr_reg[1][10]/CE
  -------------------------------------------------------------------    -------------------

                         (clock cpu_clk rise edge)   10.000    10.000 r  
    K21                                               0.000    10.000 r  clk_50M (IN)
                         net (fo=0)                   0.000    10.000    u_soc_top/pll_clk.u_clk_pll/inst/clk_in1
    K21                  IBUF (Prop_ibuf_I_O)         1.328    11.328 r  u_soc_top/pll_clk.u_clk_pll/inst/clkin1_ibufg/O
                         net (fo=1, unplaced)         0.439    11.767    u_soc_top/pll_clk.u_clk_pll/inst/clk_in1_clk_pll
                         PLLE2_ADV (Prop_plle2_adv_CLKIN1_CLKOUT0)
                                                     -5.039     6.728 r  u_soc_top/pll_clk.u_clk_pll/inst/plle2_adv_inst/CLKOUT0
                         net (fo=1, unplaced)         0.613     7.341    u_soc_top/pll_clk.u_clk_pll/inst/cpu_clk_clk_pll
                         BUFG (Prop_bufg_I_O)         0.077     7.418 r  u_soc_top/pll_clk.u_clk_pll/inst/clkout1_buf/O
                         net (fo=4388, unplaced)      0.439     7.857    u_soc_top/u_cpu/u_core/cpu_clk
                         FDRE                                         r  u_soc_top/u_cpu/u_core/fq_instr_reg[1][10]/C
                         clock pessimism             -0.496     7.361    
                         clock uncertainty           -0.094     7.266    
                         FDRE (Setup_fdre_C_CE)      -0.165     7.101    u_soc_top/u_cpu/u_core/fq_instr_reg[1][10]
  -------------------------------------------------------------------
                         required time                          7.101    
                         arrival time                          -6.270    
  -------------------------------------------------------------------
                         slack                                  0.832    

Slack (MET) :             0.832ns  (required time - arrival time)
  Source:                 u_soc_top/u_cpu/u_core/fq_instr_reg[0][20]/C
                            (rising edge-triggered cell FDRE clocked by cpu_clk  {rise@0.000ns fall@5.000ns period=10.000ns})
  Destination:            u_soc_top/u_cpu/u_core/fq_instr_reg[1][10]/CE
                            (rising edge-triggered cell FDRE clocked by cpu_clk  {rise@0.000ns fall@5.000ns period=10.000ns})
  Path Group:             cpu_clk
  Path Type:              Setup (Max at Slow Process Corner)
  Requirement:            10.000ns  (cpu_clk rise@10.000ns - cpu_clk rise@0.000ns)
  Data Path Delay:        8.764ns  (logic 3.621ns (41.317%)  route 5.143ns (58.683%))
  Logic Levels:           19  (CARRY4=8 LUT2=1 LUT3=1 LUT5=2 LUT6=7)
  Clock Path Skew:        -0.145ns (DCD - SCD + CPR)
    Destination Clock Delay (DCD):    -2.143ns = ( 7.857 - 10.000 ) 
    Source Clock Delay      (SCD):    -2.494ns
    Clock Pessimism Removal (CPR):    -0.496ns
  Clock Uncertainty:      0.094ns  ((TSJ^2 + DJ^2)^1/2) / 2 + PE
    Total System Jitter     (TSJ):    0.071ns
    Discrete Jitter          (DJ):    0.175ns
    Phase Error              (PE):    0.000ns

    Location             Delay type                Incr(ns)  Path(ns)    Netlist Resource(s)
  -------------------------------------------------------------------    -------------------
                         (clock cpu_clk rise edge)    0.000     0.000 r  
    K21                                               0.000     0.000 r  clk_50M (IN)
                         net (fo=0)                   0.000     0.000    u_soc_top/pll_clk.u_clk_pll/inst/clk_in1
    K21                  IBUF (Prop_ibuf_I_O)         1.394     1.394 r  u_soc_top/pll_clk.u_clk_pll/inst/clkin1_ibufg/O
                         net (fo=1, unplaced)         0.584     1.978    u_soc_top/pll_clk.u_clk_pll/inst/clk_in1_clk_pll
                         PLLE2_ADV (Prop_plle2_adv_CLKIN1_CLKOUT0)
                                                     -5.783    -3.805 r  u_soc_top/pll_clk.u_clk_pll/inst/plle2_adv_inst/CLKOUT0
                         net (fo=1, unplaced)         0.646    -3.159    u_soc_top/pll_clk.u_clk_pll/inst/cpu_clk_clk_pll
                         BUFG (Prop_bufg_I_O)         0.081    -3.078 r  u_soc_top/pll_clk.u_clk_pll/inst/clkout1_buf/O
                         net (fo=4388, unplaced)      0.584    -2.494    u_soc_top/u_cpu/u_core/cpu_clk
                         FDRE                                         r  u_soc_top/u_cpu/u_core/fq_instr_reg[0][20]/C
  -------------------------------------------------------------------    -------------------
                         FDRE (Prop_fdre_C_Q)         0.379    -2.115 r  u_soc_top/u_cpu/u_core/fq_instr_reg[0][20]/Q
                         net (fo=29, unplaced)        0.726    -1.389    u_soc_top/u_cpu/u_core/reg_id_ex0_data/data_out_reg[4]_0[20]
                         LUT5 (Prop_lut5_I0_O)        0.232    -1.157 r  u_soc_top/u_cpu/u_core/reg_id_ex0_data/data_out[13]_i_8__0/O
                         net (fo=3, unplaced)         0.365    -0.792    u_soc_top/u_cpu/u_core/reg_id_ex0_data/fq_instr_reg[0][20]
                         LUT6 (Prop_lut6_I5_O)        0.105    -0.687 f  u_soc_top/u_cpu/u_core/reg_id_ex0_data/data_out[87]_i_4/O
                         net (fo=2, unplaced)         0.358    -0.329    u_soc_top/u_cpu/u_core/reg_id_ex0_data/fq_instr_reg[0][25]_0
                         LUT5 (Prop_lut5_I0_O)        0.105    -0.224 f  u_soc_top/u_cpu/u_core/reg_id_ex0_data/data_out[3]_i_2__1/O
                         net (fo=2, unplaced)         0.358     0.134    u_soc_top/u_cpu/u_core/bp_unit/data_out_reg[84]_0
                         LUT6 (Prop_lut6_I2_O)        0.105     0.239 f  u_soc_top/u_cpu/u_core/bp_unit/data_out[84]_i_2__1/O
                         net (fo=2, unplaced)         0.358     0.597    u_soc_top/u_cpu/u_core/bp_unit/data_out[84]_i_2__1_n_0
                         LUT6 (Prop_lut6_I0_O)        0.105     0.702 f  u_soc_top/u_cpu/u_core/bp_unit/data_out[84]_i_1__1/O
                         net (fo=3, unplaced)         0.365     1.067    u_soc_top/u_cpu/u_core/bp_unit/D[1]
                         LUT2 (Prop_lut2_I1_O)        0.105     1.172 r  u_soc_top/u_cpu/u_core/bp_unit/pc[0]_i_8/O
                         net (fo=1, unplaced)         0.000     1.172    u_soc_top/u_cpu/u_core/bp_unit/pc[0]_i_8_n_0
                         CARRY4 (Prop_carry4_S[1]_CO[3])
                                                      0.457     1.629 r  u_soc_top/u_cpu/u_core/bp_unit/pc_reg[0]_i_3/CO[3]
                         net (fo=1, unplaced)         0.000     1.629    u_soc_top/u_cpu/u_core/bp_unit/pc_reg[0]_i_3_n_0
                         CARRY4 (Prop_carry4_CI_CO[3])
                                                      0.098     1.727 r  u_soc_top/u_cpu/u_core/bp_unit/pc_reg[7]_i_4/CO[3]
                         net (fo=1, unplaced)         0.000     1.727    u_soc_top/u_cpu/u_core/bp_unit/pc_reg[7]_i_4_n_0
                         CARRY4 (Prop_carry4_CI_CO[3])
                                                      0.098     1.825 r  u_soc_top/u_cpu/u_core/bp_unit/pc_reg[11]_i_4/CO[3]
                         net (fo=1, unplaced)         0.000     1.825    u_soc_top/u_cpu/u_core/bp_unit/pc_reg[11]_i_4_n_0
                         CARRY4 (Prop_carry4_CI_CO[3])
                                                      0.098     1.923 r  u_soc_top/u_cpu/u_core/bp_unit/pc_reg[15]_i_4/CO[3]
                         net (fo=1, unplaced)         0.000     1.923    u_soc_top/u_cpu/u_core/bp_unit/pc_reg[15]_i_4_n_0
                         CARRY4 (Prop_carry4_CI_CO[3])
                                                      0.098     2.021 r  u_soc_top/u_cpu/u_core/bp_unit/pc_reg[19]_i_4/CO[3]
                         net (fo=1, unplaced)         0.000     2.021    u_soc_top/u_cpu/u_core/bp_unit/pc_reg[19]_i_4_n_0
                         CARRY4 (Prop_carry4_CI_O[3])
                                                      0.275     2.296 f  u_soc_top/u_cpu/u_core/bp_unit/pc_reg[23]_i_4/O[3]
                         net (fo=3, unplaced)         0.537     2.833    u_soc_top/u_cpu/u_core/bp_unit/bp_jump_pc[23]
                         LUT6 (Prop_lut6_I4_O)        0.250     3.083 r  u_soc_top/u_cpu/u_core/bp_unit/data_out[14]_i_22/O
                         net (fo=1, unplaced)         0.000     3.083    u_soc_top/u_cpu/u_core/hazard_ctrl/data_out_reg[14]_i_5_0[3]
                         CARRY4 (Prop_carry4_S[3]_CO[3])
                                                      0.332     3.415 r  u_soc_top/u_cpu/u_core/hazard_ctrl/data_out_reg[14]_i_10/CO[3]
                         net (fo=1, unplaced)         0.000     3.415    u_soc_top/u_cpu/u_core/hazard_ctrl/data_out_reg[14]_i_10_n_0
                         CARRY4 (Prop_carry4_CI_CO[2])
                                                      0.209     3.624 f  u_soc_top/u_cpu/u_core/hazard_ctrl/data_out_reg[14]_i_5/CO[2]
                         net (fo=1, unplaced)         0.349     3.973    u_soc_top/u_cpu/u_core/reg_id_ex0_ctrl/fq_instr_reg[0][31]_2[0]
                         LUT6 (Prop_lut6_I5_O)        0.252     4.225 f  u_soc_top/u_cpu/u_core/reg_id_ex0_ctrl/data_out[14]_i_2/O
                         net (fo=146, unplaced)       0.456     4.681    u_soc_top/u_cpu/u_core/reg_id_ex0_ctrl/if_id_flush
                         LUT3 (Prop_lut3_I1_O)        0.108     4.789 f  u_soc_top/u_cpu/u_core/reg_id_ex0_ctrl/fq_instr[0][31]_i_8/O
                         net (fo=4, unplaced)         0.371     5.160    u_soc_top/u_cpu/u_core/reg_id_ex0_ctrl/fq_instr[0][31]_i_8_n_0
                         LUT6 (Prop_lut6_I4_O)        0.105     5.265 r  u_soc_top/u_cpu/u_core/reg_id_ex0_ctrl/fq_pc[1][31]_i_3/O
                         net (fo=96, unplaced)        0.446     5.711    u_soc_top/u_cpu/u_core/reg_id_ex0_ctrl/fetch_absorb2
                         LUT6 (Prop_lut6_I5_O)        0.105     5.816 r  u_soc_top/u_cpu/u_core/reg_id_ex0_ctrl/fq_pc[1][31]_i_1/O
                         net (fo=64, unplaced)        0.454     6.270    u_soc_top/u_cpu/u_core/reg_id_ex0_ctrl_n_16
                         FDRE                                         r  u_soc_top/u_cpu/u_core/fq_instr_reg[1][10]/CE
  -------------------------------------------------------------------    -------------------

                         (clock cpu_clk rise edge)   10.000    10.000 r  
    K21                                               0.000    10.000 r  clk_50M (IN)
                         net (fo=0)                   0.000    10.000    u_soc_top/pll_clk.u_clk_pll/inst/clk_in1
    K21                  IBUF (Prop_ibuf_I_O)         1.328    11.328 r  u_soc_top/pll_clk.u_clk_pll/inst/clkin1_ibufg/O
                         net (fo=1, unplaced)         0.439    11.767    u_soc_top/pll_clk.u_clk_pll/inst/clk_in1_clk_pll
                         PLLE2_ADV (Prop_plle2_adv_CLKIN1_CLKOUT0)
                                                     -5.039     6.728 r  u_soc_top/pll_clk.u_clk_pll/inst/plle2_adv_inst/CLKOUT0
                         net (fo=1, unplaced)         0.613     7.341    u_soc_top/pll_clk.u_clk_pll/inst/cpu_clk_clk_pll
                         BUFG (Prop_bufg_I_O)         0.077     7.418 r  u_soc_top/pll_clk.u_clk_pll/inst/clkout1_buf/O
                         net (fo=4388, unplaced)      0.439     7.857    u_soc_top/u_cpu/u_core/cpu_clk
                         FDRE                                         r  u_soc_top/u_cpu/u_core/fq_instr_reg[1][10]/C
                         clock pessimism             -0.496     7.361    
                         clock uncertainty           -0.094     7.266    
                         FDRE (Setup_fdre_C_CE)      -0.165     7.101    u_soc_top/u_cpu/u_core/fq_instr_reg[1][10]
  -------------------------------------------------------------------
                         required time                          7.101    
                         arrival time                          -6.270    
  -------------------------------------------------------------------
                         slack                                  0.832    

Slack (MET) :             0.832ns  (required time - arrival time)
  Source:                 u_soc_top/u_cpu/u_core/fq_instr_reg[0][20]/C
                            (rising edge-triggered cell FDRE clocked by cpu_clk  {rise@0.000ns fall@5.000ns period=10.000ns})
  Destination:            u_soc_top/u_cpu/u_core/fq_instr_reg[1][10]/CE
                            (rising edge-triggered cell FDRE clocked by cpu_clk  {rise@0.000ns fall@5.000ns period=10.000ns})
  Path Group:             cpu_clk
  Path Type:              Setup (Max at Slow Process Corner)
  Requirement:            10.000ns  (cpu_clk rise@10.000ns - cpu_clk rise@0.000ns)
  Data Path Delay:        8.764ns  (logic 3.621ns (41.317%)  route 5.143ns (58.683%))
  Logic Levels:           19  (CARRY4=8 LUT2=1 LUT3=1 LUT5=2 LUT6=7)
  Clock Path Skew:        -0.145ns (DCD - SCD + CPR)
    Destination Clock Delay (DCD):    -2.143ns = ( 7.857 - 10.000 ) 
    Source Clock Delay      (SCD):    -2.494ns
    Clock Pessimism Removal (CPR):    -0.496ns
  Clock Uncertainty:      0.094ns  ((TSJ^2 + DJ^2)^1/2) / 2 + PE
    Total System Jitter     (TSJ):    0.071ns
    Discrete Jitter          (DJ):    0.175ns
    Phase Error              (PE):    0.000ns

    Location             Delay type                Incr(ns)  Path(ns)    Netlist Resource(s)
  -------------------------------------------------------------------    -------------------
                         (clock cpu_clk rise edge)    0.000     0.000 r  
    K21                                               0.000     0.000 r  clk_50M (IN)
                         net (fo=0)                   0.000     0.000    u_soc_top/pll_clk.u_clk_pll/inst/clk_in1
    K21                  IBUF (Prop_ibuf_I_O)         1.394     1.394 r  u_soc_top/pll_clk.u_clk_pll/inst/clkin1_ibufg/O
                         net (fo=1, unplaced)         0.584     1.978    u_soc_top/pll_clk.u_clk_pll/inst/clk_in1_clk_pll
                         PLLE2_ADV (Prop_plle2_adv_CLKIN1_CLKOUT0)
                                                     -5.783    -3.805 r  u_soc_top/pll_clk.u_clk_pll/inst/plle2_adv_inst/CLKOUT0
                         net (fo=1, unplaced)         0.646    -3.159    u_soc_top/pll_clk.u_clk_pll/inst/cpu_clk_clk_pll
                         BUFG (Prop_bufg_I_O)         0.081    -3.078 r  u_soc_top/pll_clk.u_clk_pll/inst/clkout1_buf/O
                         net (fo=4388, unplaced)      0.584    -2.494    u_soc_top/u_cpu/u_core/cpu_clk
                         FDRE                                         r  u_soc_top/u_cpu/u_core/fq_instr_reg[0][20]/C
  -------------------------------------------------------------------    -------------------
                         FDRE (Prop_fdre_C_Q)         0.379    -2.115 f  u_soc_top/u_cpu/u_core/fq_instr_reg[0][20]/Q
                         net (fo=29, unplaced)        0.726    -1.389    u_soc_top/u_cpu/u_core/reg_id_ex0_data/data_out_reg[4]_0[20]
                         LUT5 (Prop_lut5_I0_O)        0.232    -1.157 f  u_soc_top/u_cpu/u_core/reg_id_ex0_data/data_out[13]_i_8__0/O
                         net (fo=3, unplaced)         0.365    -0.792    u_soc_top/u_cpu/u_core/reg_id_ex0_data/fq_instr_reg[0][20]
                         LUT6 (Prop_lut6_I5_O)        0.105    -0.687 r  u_soc_top/u_cpu/u_core/reg_id_ex0_data/data_out[87]_i_4/O
                         net (fo=2, unplaced)         0.358    -0.329    u_soc_top/u_cpu/u_core/reg_id_ex0_data/fq_instr_reg[0][25]_0
                         LUT5 (Prop_lut5_I0_O)        0.105    -0.224 r  u_soc_top/u_cpu/u_core/reg_id_ex0_data/data_out[3]_i_2__1/O
                         net (fo=2, unplaced)         0.358     0.134    u_soc_top/u_cpu/u_core/bp_unit/data_out_reg[84]_0
                         LUT6 (Prop_lut6_I2_O)        0.105     0.239 r  u_soc_top/u_cpu/u_core/bp_unit/data_out[84]_i_2__1/O
                         net (fo=2, unplaced)         0.358     0.597    u_soc_top/u_cpu/u_core/bp_unit/data_out[84]_i_2__1_n_0
                         LUT6 (Prop_lut6_I0_O)        0.105     0.702 r  u_soc_top/u_cpu/u_core/bp_unit/data_out[84]_i_1__1/O
                         net (fo=3, unplaced)         0.365     1.067    u_soc_top/u_cpu/u_core/bp_unit/D[1]
                         LUT2 (Prop_lut2_I1_O)        0.105     1.172 f  u_soc_top/u_cpu/u_core/bp_unit/pc[0]_i_8/O
                         net (fo=1, unplaced)         0.000     1.172    u_soc_top/u_cpu/u_core/bp_unit/pc[0]_i_8_n_0
                         CARRY4 (Prop_carry4_S[1]_CO[3])
                                                      0.457     1.629 r  u_soc_top/u_cpu/u_core/bp_unit/pc_reg[0]_i_3/CO[3]
                         net (fo=1, unplaced)         0.000     1.629    u_soc_top/u_cpu/u_core/bp_unit/pc_reg[0]_i_3_n_0
                         CARRY4 (Prop_carry4_CI_CO[3])
                                                      0.098     1.727 r  u_soc_top/u_cpu/u_core/bp_unit/pc_reg[7]_i_4/CO[3]
                         net (fo=1, unplaced)         0.000     1.727    u_soc_top/u_cpu/u_core/bp_unit/pc_reg[7]_i_4_n_0
                         CARRY4 (Prop_carry4_CI_CO[3])
                                                      0.098     1.825 r  u_soc_top/u_cpu/u_core/bp_unit/pc_reg[11]_i_4/CO[3]
                         net (fo=1, unplaced)         0.000     1.825    u_soc_top/u_cpu/u_core/bp_unit/pc_reg[11]_i_4_n_0
                         CARRY4 (Prop_carry4_CI_CO[3])
                                                      0.098     1.923 r  u_soc_top/u_cpu/u_core/bp_unit/pc_reg[15]_i_4/CO[3]
                         net (fo=1, unplaced)         0.000     1.923    u_soc_top/u_cpu/u_core/bp_unit/pc_reg[15]_i_4_n_0
                         CARRY4 (Prop_carry4_CI_CO[3])
                                                      0.098     2.021 r  u_soc_top/u_cpu/u_core/bp_unit/pc_reg[19]_i_4/CO[3]
                         net (fo=1, unplaced)         0.000     2.021    u_soc_top/u_cpu/u_core/bp_unit/pc_reg[19]_i_4_n_0
                         CARRY4 (Prop_carry4_CI_O[3])
                                                      0.275     2.296 f  u_soc_top/u_cpu/u_core/bp_unit/pc_reg[23]_i_4/O[3]
                         net (fo=3, unplaced)         0.537     2.833    u_soc_top/u_cpu/u_core/bp_unit/bp_jump_pc[23]
                         LUT6 (Prop_lut6_I4_O)        0.250     3.083 r  u_soc_top/u_cpu/u_core/bp_unit/data_out[14]_i_22/O
                         net (fo=1, unplaced)         0.000     3.083    u_soc_top/u_cpu/u_core/hazard_ctrl/data_out_reg[14]_i_5_0[3]
                         CARRY4 (Prop_carry4_S[3]_CO[3])
                                                      0.332     3.415 r  u_soc_top/u_cpu/u_core/hazard_ctrl/data_out_reg[14]_i_10/CO[3]
                         net (fo=1, unplaced)         0.000     3.415    u_soc_top/u_cpu/u_core/hazard_ctrl/data_out_reg[14]_i_10_n_0
                         CARRY4 (Prop_carry4_CI_CO[2])
                                                      0.209     3.624 f  u_soc_top/u_cpu/u_core/hazard_ctrl/data_out_reg[14]_i_5/CO[2]
                         net (fo=1, unplaced)         0.349     3.973    u_soc_top/u_cpu/u_core/reg_id_ex0_ctrl/fq_instr_reg[0][31]_2[0]
                         LUT6 (Prop_lut6_I5_O)        0.252     4.225 f  u_soc_top/u_cpu/u_core/reg_id_ex0_ctrl/data_out[14]_i_2/O
                         net (fo=146, unplaced)       0.456     4.681    u_soc_top/u_cpu/u_core/reg_id_ex0_ctrl/if_id_flush
                         LUT3 (Prop_lut3_I1_O)        0.108     4.789 f  u_soc_top/u_cpu/u_core/reg_id_ex0_ctrl/fq_instr[0][31]_i_8/O
                         net (fo=4, unplaced)         0.371     5.160    u_soc_top/u_cpu/u_core/reg_id_ex0_ctrl/fq_instr[0][31]_i_8_n_0
                         LUT6 (Prop_lut6_I4_O)        0.105     5.265 r  u_soc_top/u_cpu/u_core/reg_id_ex0_ctrl/fq_pc[1][31]_i_3/O
                         net (fo=96, unplaced)        0.446     5.711    u_soc_top/u_cpu/u_core/reg_id_ex0_ctrl/fetch_absorb2
                         LUT6 (Prop_lut6_I5_O)        0.105     5.816 r  u_soc_top/u_cpu/u_core/reg_id_ex0_ctrl/fq_pc[1][31]_i_1/O
                         net (fo=64, unplaced)        0.454     6.270    u_soc_top/u_cpu/u_core/reg_id_ex0_ctrl_n_16
                         FDRE                                         r  u_soc_top/u_cpu/u_core/fq_instr_reg[1][10]/CE
  -------------------------------------------------------------------    -------------------

                         (clock cpu_clk rise edge)   10.000    10.000 r  
    K21                                               0.000    10.000 r  clk_50M (IN)
                         net (fo=0)                   0.000    10.000    u_soc_top/pll_clk.u_clk_pll/inst/clk_in1
    K21                  IBUF (Prop_ibuf_I_O)         1.328    11.328 r  u_soc_top/pll_clk.u_clk_pll/inst/clkin1_ibufg/O
                         net (fo=1, unplaced)         0.439    11.767    u_soc_top/pll_clk.u_clk_pll/inst/clk_in1_clk_pll
                         PLLE2_ADV (Prop_plle2_adv_CLKIN1_CLKOUT0)
                                                     -5.039     6.728 r  u_soc_top/pll_clk.u_clk_pll/inst/plle2_adv_inst/CLKOUT0
                         net (fo=1, unplaced)         0.613     7.341    u_soc_top/pll_clk.u_clk_pll/inst/cpu_clk_clk_pll
                         BUFG (Prop_bufg_I_O)         0.077     7.418 r  u_soc_top/pll_clk.u_clk_pll/inst/clkout1_buf/O
                         net (fo=4388, unplaced)      0.439     7.857    u_soc_top/u_cpu/u_core/cpu_clk
                         FDRE                                         r  u_soc_top/u_cpu/u_core/fq_instr_reg[1][10]/C
                         clock pessimism             -0.496     7.361    
                         clock uncertainty           -0.094     7.266    
                         FDRE (Setup_fdre_C_CE)      -0.165     7.101    u_soc_top/u_cpu/u_core/fq_instr_reg[1][10]
  -------------------------------------------------------------------
                         required time                          7.101    
                         arrival time                          -6.270    
  -------------------------------------------------------------------
                         slack                                  0.832    

Slack (MET) :             0.832ns  (required time - arrival time)
  Source:                 u_soc_top/u_cpu/u_core/fq_instr_reg[0][20]/C
                            (rising edge-triggered cell FDRE clocked by cpu_clk  {rise@0.000ns fall@5.000ns period=10.000ns})
  Destination:            u_soc_top/u_cpu/u_core/fq_instr_reg[1][10]/CE
                            (rising edge-triggered cell FDRE clocked by cpu_clk  {rise@0.000ns fall@5.000ns period=10.000ns})
  Path Group:             cpu_clk
  Path Type:              Setup (Max at Slow Process Corner)
  Requirement:            10.000ns  (cpu_clk rise@10.000ns - cpu_clk rise@0.000ns)
  Data Path Delay:        8.764ns  (logic 3.621ns (41.317%)  route 5.143ns (58.683%))
  Logic Levels:           19  (CARRY4=8 LUT2=1 LUT3=1 LUT5=2 LUT6=7)
  Clock Path Skew:        -0.145ns (DCD - SCD + CPR)
    Destination Clock Delay (DCD):    -2.143ns = ( 7.857 - 10.000 ) 
    Source Clock Delay      (SCD):    -2.494ns
    Clock Pessimism Removal (CPR):    -0.496ns
  Clock Uncertainty:      0.094ns  ((TSJ^2 + DJ^2)^1/2) / 2 + PE
    Total System Jitter     (TSJ):    0.071ns
    Discrete Jitter          (DJ):    0.175ns
    Phase Error              (PE):    0.000ns

    Location             Delay type                Incr(ns)  Path(ns)    Netlist Resource(s)
  -------------------------------------------------------------------    -------------------
                         (clock cpu_clk rise edge)    0.000     0.000 r  
    K21                                               0.000     0.000 r  clk_50M (IN)
                         net (fo=0)                   0.000     0.000    u_soc_top/pll_clk.u_clk_pll/inst/clk_in1
    K21                  IBUF (Prop_ibuf_I_O)         1.394     1.394 r  u_soc_top/pll_clk.u_clk_pll/inst/clkin1_ibufg/O
                         net (fo=1, unplaced)         0.584     1.978    u_soc_top/pll_clk.u_clk_pll/inst/clk_in1_clk_pll
                         PLLE2_ADV (Prop_plle2_adv_CLKIN1_CLKOUT0)
                                                     -5.783    -3.805 r  u_soc_top/pll_clk.u_clk_pll/inst/plle2_adv_inst/CLKOUT0
                         net (fo=1, unplaced)         0.646    -3.159    u_soc_top/pll_clk.u_clk_pll/inst/cpu_clk_clk_pll
                         BUFG (Prop_bufg_I_O)         0.081    -3.078 r  u_soc_top/pll_clk.u_clk_pll/inst/clkout1_buf/O
                         net (fo=4388, unplaced)      0.584    -2.494    u_soc_top/u_cpu/u_core/cpu_clk
                         FDRE                                         r  u_soc_top/u_cpu/u_core/fq_instr_reg[0][20]/C
  -------------------------------------------------------------------    -------------------
                         FDRE (Prop_fdre_C_Q)         0.379    -2.115 r  u_soc_top/u_cpu/u_core/fq_instr_reg[0][20]/Q
                         net (fo=29, unplaced)        0.726    -1.389    u_soc_top/u_cpu/u_core/reg_id_ex0_data/data_out_reg[4]_0[20]
                         LUT5 (Prop_lut5_I0_O)        0.232    -1.157 r  u_soc_top/u_cpu/u_core/reg_id_ex0_data/data_out[13]_i_8__0/O
                         net (fo=3, unplaced)         0.365    -0.792    u_soc_top/u_cpu/u_core/reg_id_ex0_data/fq_instr_reg[0][20]
                         LUT6 (Prop_lut6_I5_O)        0.105    -0.687 f  u_soc_top/u_cpu/u_core/reg_id_ex0_data/data_out[87]_i_4/O
                         net (fo=2, unplaced)         0.358    -0.329    u_soc_top/u_cpu/u_core/reg_id_ex0_data/fq_instr_reg[0][25]_0
                         LUT5 (Prop_lut5_I0_O)        0.105    -0.224 f  u_soc_top/u_cpu/u_core/reg_id_ex0_data/data_out[3]_i_2__1/O
                         net (fo=2, unplaced)         0.358     0.134    u_soc_top/u_cpu/u_core/bp_unit/data_out_reg[84]_0
                         LUT6 (Prop_lut6_I2_O)        0.105     0.239 f  u_soc_top/u_cpu/u_core/bp_unit/data_out[84]_i_2__1/O
                         net (fo=2, unplaced)         0.358     0.597    u_soc_top/u_cpu/u_core/bp_unit/data_out[84]_i_2__1_n_0
                         LUT6 (Prop_lut6_I0_O)        0.105     0.702 f  u_soc_top/u_cpu/u_core/bp_unit/data_out[84]_i_1__1/O
                         net (fo=3, unplaced)         0.365     1.067    u_soc_top/u_cpu/u_core/bp_unit/D[1]
                         LUT2 (Prop_lut2_I1_O)        0.105     1.172 f  u_soc_top/u_cpu/u_core/bp_unit/pc[0]_i_8/O
                         net (fo=1, unplaced)         0.000     1.172    u_soc_top/u_cpu/u_core/bp_unit/pc[0]_i_8_n_0
                         CARRY4 (Prop_carry4_S[1]_CO[3])
                                                      0.457     1.629 r  u_soc_top/u_cpu/u_core/bp_unit/pc_reg[0]_i_3/CO[3]
                         net (fo=1, unplaced)         0.000     1.629    u_soc_top/u_cpu/u_core/bp_unit/pc_reg[0]_i_3_n_0
                         CARRY4 (Prop_carry4_CI_CO[3])
                                                      0.098     1.727 r  u_soc_top/u_cpu/u_core/bp_unit/pc_reg[7]_i_4/CO[3]
                         net (fo=1, unplaced)         0.000     1.727    u_soc_top/u_cpu/u_core/bp_unit/pc_reg[7]_i_4_n_0
                         CARRY4 (Prop_carry4_CI_CO[3])
                                                      0.098     1.825 r  u_soc_top/u_cpu/u_core/bp_unit/pc_reg[11]_i_4/CO[3]
                         net (fo=1, unplaced)         0.000     1.825    u_soc_top/u_cpu/u_core/bp_unit/pc_reg[11]_i_4_n_0
                         CARRY4 (Prop_carry4_CI_CO[3])
                                                      0.098     1.923 r  u_soc_top/u_cpu/u_core/bp_unit/pc_reg[15]_i_4/CO[3]
                         net (fo=1, unplaced)         0.000     1.923    u_soc_top/u_cpu/u_core/bp_unit/pc_reg[15]_i_4_n_0
                         CARRY4 (Prop_carry4_CI_CO[3])
                                                      0.098     2.021 r  u_soc_top/u_cpu/u_core/bp_unit/pc_reg[19]_i_4/CO[3]
                         net (fo=1, unplaced)         0.000     2.021    u_soc_top/u_cpu/u_core/bp_unit/pc_reg[19]_i_4_n_0
                         CARRY4 (Prop_carry4_CI_O[3])
                                                      0.275     2.296 f  u_soc_top/u_cpu/u_core/bp_unit/pc_reg[23]_i_4/O[3]
                         net (fo=3, unplaced)         0.537     2.833    u_soc_top/u_cpu/u_core/bp_unit/bp_jump_pc[23]
                         LUT6 (Prop_lut6_I4_O)        0.250     3.083 r  u_soc_top/u_cpu/u_core/bp_unit/data_out[14]_i_22/O
                         net (fo=1, unplaced)         0.000     3.083    u_soc_top/u_cpu/u_core/hazard_ctrl/data_out_reg[14]_i_5_0[3]
                         CARRY4 (Prop_carry4_S[3]_CO[3])
                                                      0.332     3.415 r  u_soc_top/u_cpu/u_core/hazard_ctrl/data_out_reg[14]_i_10/CO[3]
                         net (fo=1, unplaced)         0.000     3.415    u_soc_top/u_cpu/u_core/hazard_ctrl/data_out_reg[14]_i_10_n_0
                         CARRY4 (Prop_carry4_CI_CO[2])
                                                      0.209     3.624 f  u_soc_top/u_cpu/u_core/hazard_ctrl/data_out_reg[14]_i_5/CO[2]
                         net (fo=1, unplaced)         0.349     3.973    u_soc_top/u_cpu/u_core/reg_id_ex0_ctrl/fq_instr_reg[0][31]_2[0]
                         LUT6 (Prop_lut6_I5_O)        0.252     4.225 f  u_soc_top/u_cpu/u_core/reg_id_ex0_ctrl/data_out[14]_i_2/O
                         net (fo=146, unplaced)       0.456     4.681    u_soc_top/u_cpu/u_core/reg_id_ex0_ctrl/if_id_flush
                         LUT3 (Prop_lut3_I1_O)        0.108     4.789 f  u_soc_top/u_cpu/u_core/reg_id_ex0_ctrl/fq_instr[0][31]_i_8/O
                         net (fo=4, unplaced)         0.371     5.160    u_soc_top/u_cpu/u_core/reg_id_ex0_ctrl/fq_instr[0][31]_i_8_n_0
                         LUT6 (Prop_lut6_I4_O)        0.105     5.265 r  u_soc_top/u_cpu/u_core/reg_id_ex0_ctrl/fq_pc[1][31]_i_3/O
                         net (fo=96, unplaced)        0.446     5.711    u_soc_top/u_cpu/u_core/reg_id_ex0_ctrl/fetch_absorb2
                         LUT6 (Prop_lut6_I5_O)        0.105     5.816 r  u_soc_top/u_cpu/u_core/reg_id_ex0_ctrl/fq_pc[1][31]_i_1/O
                         net (fo=64, unplaced)        0.454     6.270    u_soc_top/u_cpu/u_core/reg_id_ex0_ctrl_n_16
                         FDRE                                         r  u_soc_top/u_cpu/u_core/fq_instr_reg[1][10]/CE
  -------------------------------------------------------------------    -------------------

                         (clock cpu_clk rise edge)   10.000    10.000 r  
    K21                                               0.000    10.000 r  clk_50M (IN)
                         net (fo=0)                   0.000    10.000    u_soc_top/pll_clk.u_clk_pll/inst/clk_in1
    K21                  IBUF (Prop_ibuf_I_O)         1.328    11.328 r  u_soc_top/pll_clk.u_clk_pll/inst/clkin1_ibufg/O
                         net (fo=1, unplaced)         0.439    11.767    u_soc_top/pll_clk.u_clk_pll/inst/clk_in1_clk_pll
                         PLLE2_ADV (Prop_plle2_adv_CLKIN1_CLKOUT0)
                                                     -5.039     6.728 r  u_soc_top/pll_clk.u_clk_pll/inst/plle2_adv_inst/CLKOUT0
                         net (fo=1, unplaced)         0.613     7.341    u_soc_top/pll_clk.u_clk_pll/inst/cpu_clk_clk_pll
                         BUFG (Prop_bufg_I_O)         0.077     7.418 r  u_soc_top/pll_clk.u_clk_pll/inst/clkout1_buf/O
                         net (fo=4388, unplaced)      0.439     7.857    u_soc_top/u_cpu/u_core/cpu_clk
                         FDRE                                         r  u_soc_top/u_cpu/u_core/fq_instr_reg[1][10]/C
                         clock pessimism             -0.496     7.361    
                         clock uncertainty           -0.094     7.266    
                         FDRE (Setup_fdre_C_CE)      -0.165     7.101    u_soc_top/u_cpu/u_core/fq_instr_reg[1][10]
  -------------------------------------------------------------------
                         required time                          7.101    
                         arrival time                          -6.270    
  -------------------------------------------------------------------
                         slack                                  0.832    

Slack (MET) :             0.832ns  (required time - arrival time)
  Source:                 u_soc_top/u_cpu/u_core/fq_instr_reg[0][20]/C
                            (rising edge-triggered cell FDRE clocked by cpu_clk  {rise@0.000ns fall@5.000ns period=10.000ns})
  Destination:            u_soc_top/u_cpu/u_core/fq_instr_reg[1][10]/CE
                            (rising edge-triggered cell FDRE clocked by cpu_clk  {rise@0.000ns fall@5.000ns period=10.000ns})
  Path Group:             cpu_clk
  Path Type:              Setup (Max at Slow Process Corner)
  Requirement:            10.000ns  (cpu_clk rise@10.000ns - cpu_clk rise@0.000ns)
  Data Path Delay:        8.764ns  (logic 3.621ns (41.317%)  route 5.143ns (58.683%))
  Logic Levels:           19  (CARRY4=8 LUT2=1 LUT3=1 LUT5=2 LUT6=7)
  Clock Path Skew:        -0.145ns (DCD - SCD + CPR)
    Destination Clock Delay (DCD):    -2.143ns = ( 7.857 - 10.000 ) 
    Source Clock Delay      (SCD):    -2.494ns
    Clock Pessimism Removal (CPR):    -0.496ns
  Clock Uncertainty:      0.094ns  ((TSJ^2 + DJ^2)^1/2) / 2 + PE
    Total System Jitter     (TSJ):    0.071ns
    Discrete Jitter          (DJ):    0.175ns
    Phase Error              (PE):    0.000ns

    Location             Delay type                Incr(ns)  Path(ns)    Netlist Resource(s)
  -------------------------------------------------------------------    -------------------
                         (clock cpu_clk rise edge)    0.000     0.000 r  
    K21                                               0.000     0.000 r  clk_50M (IN)
                         net (fo=0)                   0.000     0.000    u_soc_top/pll_clk.u_clk_pll/inst/clk_in1
    K21                  IBUF (Prop_ibuf_I_O)         1.394     1.394 r  u_soc_top/pll_clk.u_clk_pll/inst/clkin1_ibufg/O
                         net (fo=1, unplaced)         0.584     1.978    u_soc_top/pll_clk.u_clk_pll/inst/clk_in1_clk_pll
                         PLLE2_ADV (Prop_plle2_adv_CLKIN1_CLKOUT0)
                                                     -5.783    -3.805 r  u_soc_top/pll_clk.u_clk_pll/inst/plle2_adv_inst/CLKOUT0
                         net (fo=1, unplaced)         0.646    -3.159    u_soc_top/pll_clk.u_clk_pll/inst/cpu_clk_clk_pll
                         BUFG (Prop_bufg_I_O)         0.081    -3.078 r  u_soc_top/pll_clk.u_clk_pll/inst/clkout1_buf/O
                         net (fo=4388, unplaced)      0.584    -2.494    u_soc_top/u_cpu/u_core/cpu_clk
                         FDRE                                         r  u_soc_top/u_cpu/u_core/fq_instr_reg[0][20]/C
  -------------------------------------------------------------------    -------------------
                         FDRE (Prop_fdre_C_Q)         0.379    -2.115 f  u_soc_top/u_cpu/u_core/fq_instr_reg[0][20]/Q
                         net (fo=29, unplaced)        0.726    -1.389    u_soc_top/u_cpu/u_core/reg_id_ex0_data/data_out_reg[4]_0[20]
                         LUT5 (Prop_lut5_I0_O)        0.232    -1.157 f  u_soc_top/u_cpu/u_core/reg_id_ex0_data/data_out[13]_i_8__0/O
                         net (fo=3, unplaced)         0.365    -0.792    u_soc_top/u_cpu/u_core/reg_id_ex0_data/fq_instr_reg[0][20]
                         LUT6 (Prop_lut6_I5_O)        0.105    -0.687 r  u_soc_top/u_cpu/u_core/reg_id_ex0_data/data_out[87]_i_4/O
                         net (fo=2, unplaced)         0.358    -0.329    u_soc_top/u_cpu/u_core/reg_id_ex0_data/fq_instr_reg[0][25]_0
                         LUT5 (Prop_lut5_I0_O)        0.105    -0.224 r  u_soc_top/u_cpu/u_core/reg_id_ex0_data/data_out[3]_i_2__1/O
                         net (fo=2, unplaced)         0.358     0.134    u_soc_top/u_cpu/u_core/bp_unit/data_out_reg[84]_0
                         LUT6 (Prop_lut6_I2_O)        0.105     0.239 r  u_soc_top/u_cpu/u_core/bp_unit/data_out[84]_i_2__1/O
                         net (fo=2, unplaced)         0.358     0.597    u_soc_top/u_cpu/u_core/bp_unit/data_out[84]_i_2__1_n_0
                         LUT6 (Prop_lut6_I0_O)        0.105     0.702 r  u_soc_top/u_cpu/u_core/bp_unit/data_out[84]_i_1__1/O
                         net (fo=3, unplaced)         0.365     1.067    u_soc_top/u_cpu/u_core/bp_unit/D[1]
                         LUT2 (Prop_lut2_I1_O)        0.105     1.172 r  u_soc_top/u_cpu/u_core/bp_unit/pc[0]_i_8/O
                         net (fo=1, unplaced)         0.000     1.172    u_soc_top/u_cpu/u_core/bp_unit/pc[0]_i_8_n_0
                         CARRY4 (Prop_carry4_S[1]_CO[3])
                                                      0.457     1.629 r  u_soc_top/u_cpu/u_core/bp_unit/pc_reg[0]_i_3/CO[3]
                         net (fo=1, unplaced)         0.000     1.629    u_soc_top/u_cpu/u_core/bp_unit/pc_reg[0]_i_3_n_0
                         CARRY4 (Prop_carry4_CI_CO[3])
                                                      0.098     1.727 f  u_soc_top/u_cpu/u_core/bp_unit/pc_reg[7]_i_4/CO[3]
                         net (fo=1, unplaced)         0.000     1.727    u_soc_top/u_cpu/u_core/bp_unit/pc_reg[7]_i_4_n_0
                         CARRY4 (Prop_carry4_CI_CO[3])
                                                      0.098     1.825 r  u_soc_top/u_cpu/u_core/bp_unit/pc_reg[11]_i_4/CO[3]
                         net (fo=1, unplaced)         0.000     1.825    u_soc_top/u_cpu/u_core/bp_unit/pc_reg[11]_i_4_n_0
                         CARRY4 (Prop_carry4_CI_CO[3])
                                                      0.098     1.923 r  u_soc_top/u_cpu/u_core/bp_unit/pc_reg[15]_i_4/CO[3]
                         net (fo=1, unplaced)         0.000     1.923    u_soc_top/u_cpu/u_core/bp_unit/pc_reg[15]_i_4_n_0
                         CARRY4 (Prop_carry4_CI_CO[3])
                                                      0.098     2.021 r  u_soc_top/u_cpu/u_core/bp_unit/pc_reg[19]_i_4/CO[3]
                         net (fo=1, unplaced)         0.000     2.021    u_soc_top/u_cpu/u_core/bp_unit/pc_reg[19]_i_4_n_0
                         CARRY4 (Prop_carry4_CI_O[3])
                                                      0.275     2.296 f  u_soc_top/u_cpu/u_core/bp_unit/pc_reg[23]_i_4/O[3]
                         net (fo=3, unplaced)         0.537     2.833    u_soc_top/u_cpu/u_core/bp_unit/bp_jump_pc[23]
                         LUT6 (Prop_lut6_I4_O)        0.250     3.083 r  u_soc_top/u_cpu/u_core/bp_unit/data_out[14]_i_22/O
                         net (fo=1, unplaced)         0.000     3.083    u_soc_top/u_cpu/u_core/hazard_ctrl/data_out_reg[14]_i_5_0[3]
                         CARRY4 (Prop_carry4_S[3]_CO[3])
                                                      0.332     3.415 r  u_soc_top/u_cpu/u_core/hazard_ctrl/data_out_reg[14]_i_10/CO[3]
                         net (fo=1, unplaced)         0.000     3.415    u_soc_top/u_cpu/u_core/hazard_ctrl/data_out_reg[14]_i_10_n_0
                         CARRY4 (Prop_carry4_CI_CO[2])
                                                      0.209     3.624 f  u_soc_top/u_cpu/u_core/hazard_ctrl/data_out_reg[14]_i_5/CO[2]
                         net (fo=1, unplaced)         0.349     3.973    u_soc_top/u_cpu/u_core/reg_id_ex0_ctrl/fq_instr_reg[0][31]_2[0]
                         LUT6 (Prop_lut6_I5_O)        0.252     4.225 f  u_soc_top/u_cpu/u_core/reg_id_ex0_ctrl/data_out[14]_i_2/O
                         net (fo=146, unplaced)       0.456     4.681    u_soc_top/u_cpu/u_core/reg_id_ex0_ctrl/if_id_flush
                         LUT3 (Prop_lut3_I1_O)        0.108     4.789 f  u_soc_top/u_cpu/u_core/reg_id_ex0_ctrl/fq_instr[0][31]_i_8/O
                         net (fo=4, unplaced)         0.371     5.160    u_soc_top/u_cpu/u_core/reg_id_ex0_ctrl/fq_instr[0][31]_i_8_n_0
                         LUT6 (Prop_lut6_I4_O)        0.105     5.265 r  u_soc_top/u_cpu/u_core/reg_id_ex0_ctrl/fq_pc[1][31]_i_3/O
                         net (fo=96, unplaced)        0.446     5.711    u_soc_top/u_cpu/u_core/reg_id_ex0_ctrl/fetch_absorb2
                         LUT6 (Prop_lut6_I5_O)        0.105     5.816 r  u_soc_top/u_cpu/u_core/reg_id_ex0_ctrl/fq_pc[1][31]_i_1/O
                         net (fo=64, unplaced)        0.454     6.270    u_soc_top/u_cpu/u_core/reg_id_ex0_ctrl_n_16
                         FDRE                                         r  u_soc_top/u_cpu/u_core/fq_instr_reg[1][10]/CE
  -------------------------------------------------------------------    -------------------

                         (clock cpu_clk rise edge)   10.000    10.000 r  
    K21                                               0.000    10.000 r  clk_50M (IN)
                         net (fo=0)                   0.000    10.000    u_soc_top/pll_clk.u_clk_pll/inst/clk_in1
    K21                  IBUF (Prop_ibuf_I_O)         1.328    11.328 r  u_soc_top/pll_clk.u_clk_pll/inst/clkin1_ibufg/O
                         net (fo=1, unplaced)         0.439    11.767    u_soc_top/pll_clk.u_clk_pll/inst/clk_in1_clk_pll
                         PLLE2_ADV (Prop_plle2_adv_CLKIN1_CLKOUT0)
                                                     -5.039     6.728 r  u_soc_top/pll_clk.u_clk_pll/inst/plle2_adv_inst/CLKOUT0
                         net (fo=1, unplaced)         0.613     7.341    u_soc_top/pll_clk.u_clk_pll/inst/cpu_clk_clk_pll
                         BUFG (Prop_bufg_I_O)         0.077     7.418 r  u_soc_top/pll_clk.u_clk_pll/inst/clkout1_buf/O
                         net (fo=4388, unplaced)      0.439     7.857    u_soc_top/u_cpu/u_core/cpu_clk
                         FDRE                                         r  u_soc_top/u_cpu/u_core/fq_instr_reg[1][10]/C
                         clock pessimism             -0.496     7.361    
                         clock uncertainty           -0.094     7.266    
                         FDRE (Setup_fdre_C_CE)      -0.165     7.101    u_soc_top/u_cpu/u_core/fq_instr_reg[1][10]
  -------------------------------------------------------------------
                         required time                          7.101    
                         arrival time                          -6.270    
  -------------------------------------------------------------------
                         slack                                  0.832    

Slack (MET) :             0.832ns  (required time - arrival time)
  Source:                 u_soc_top/u_cpu/u_core/fq_instr_reg[0][20]/C
                            (rising edge-triggered cell FDRE clocked by cpu_clk  {rise@0.000ns fall@5.000ns period=10.000ns})
  Destination:            u_soc_top/u_cpu/u_core/fq_instr_reg[1][10]/CE
                            (rising edge-triggered cell FDRE clocked by cpu_clk  {rise@0.000ns fall@5.000ns period=10.000ns})
  Path Group:             cpu_clk
  Path Type:              Setup (Max at Slow Process Corner)
  Requirement:            10.000ns  (cpu_clk rise@10.000ns - cpu_clk rise@0.000ns)
  Data Path Delay:        8.764ns  (logic 3.621ns (41.317%)  route 5.143ns (58.683%))
  Logic Levels:           19  (CARRY4=8 LUT2=1 LUT3=1 LUT5=2 LUT6=7)
  Clock Path Skew:        -0.145ns (DCD - SCD + CPR)
    Destination Clock Delay (DCD):    -2.143ns = ( 7.857 - 10.000 ) 
    Source Clock Delay      (SCD):    -2.494ns
    Clock Pessimism Removal (CPR):    -0.496ns
  Clock Uncertainty:      0.094ns  ((TSJ^2 + DJ^2)^1/2) / 2 + PE
    Total System Jitter     (TSJ):    0.071ns
    Discrete Jitter          (DJ):    0.175ns
    Phase Error              (PE):    0.000ns

    Location             Delay type                Incr(ns)  Path(ns)    Netlist Resource(s)
  -------------------------------------------------------------------    -------------------
                         (clock cpu_clk rise edge)    0.000     0.000 r  
    K21                                               0.000     0.000 r  clk_50M (IN)
                         net (fo=0)                   0.000     0.000    u_soc_top/pll_clk.u_clk_pll/inst/clk_in1
    K21                  IBUF (Prop_ibuf_I_O)         1.394     1.394 r  u_soc_top/pll_clk.u_clk_pll/inst/clkin1_ibufg/O
                         net (fo=1, unplaced)         0.584     1.978    u_soc_top/pll_clk.u_clk_pll/inst/clk_in1_clk_pll
                         PLLE2_ADV (Prop_plle2_adv_CLKIN1_CLKOUT0)
                                                     -5.783    -3.805 r  u_soc_top/pll_clk.u_clk_pll/inst/plle2_adv_inst/CLKOUT0
                         net (fo=1, unplaced)         0.646    -3.159    u_soc_top/pll_clk.u_clk_pll/inst/cpu_clk_clk_pll
                         BUFG (Prop_bufg_I_O)         0.081    -3.078 r  u_soc_top/pll_clk.u_clk_pll/inst/clkout1_buf/O
                         net (fo=4388, unplaced)      0.584    -2.494    u_soc_top/u_cpu/u_core/cpu_clk
                         FDRE                                         r  u_soc_top/u_cpu/u_core/fq_instr_reg[0][20]/C
  -------------------------------------------------------------------    -------------------
                         FDRE (Prop_fdre_C_Q)         0.379    -2.115 r  u_soc_top/u_cpu/u_core/fq_instr_reg[0][20]/Q
                         net (fo=29, unplaced)        0.726    -1.389    u_soc_top/u_cpu/u_core/reg_id_ex0_data/data_out_reg[4]_0[20]
                         LUT5 (Prop_lut5_I0_O)        0.232    -1.157 r  u_soc_top/u_cpu/u_core/reg_id_ex0_data/data_out[13]_i_8__0/O
                         net (fo=3, unplaced)         0.365    -0.792    u_soc_top/u_cpu/u_core/reg_id_ex0_data/fq_instr_reg[0][20]
                         LUT6 (Prop_lut6_I5_O)        0.105    -0.687 f  u_soc_top/u_cpu/u_core/reg_id_ex0_data/data_out[87]_i_4/O
                         net (fo=2, unplaced)         0.358    -0.329    u_soc_top/u_cpu/u_core/reg_id_ex0_data/fq_instr_reg[0][25]_0
                         LUT5 (Prop_lut5_I0_O)        0.105    -0.224 f  u_soc_top/u_cpu/u_core/reg_id_ex0_data/data_out[3]_i_2__1/O
                         net (fo=2, unplaced)         0.358     0.134    u_soc_top/u_cpu/u_core/bp_unit/data_out_reg[84]_0
                         LUT6 (Prop_lut6_I2_O)        0.105     0.239 f  u_soc_top/u_cpu/u_core/bp_unit/data_out[84]_i_2__1/O
                         net (fo=2, unplaced)         0.358     0.597    u_soc_top/u_cpu/u_core/bp_unit/data_out[84]_i_2__1_n_0
                         LUT6 (Prop_lut6_I0_O)        0.105     0.702 f  u_soc_top/u_cpu/u_core/bp_unit/data_out[84]_i_1__1/O
                         net (fo=3, unplaced)         0.365     1.067    u_soc_top/u_cpu/u_core/bp_unit/D[1]
                         LUT2 (Prop_lut2_I1_O)        0.105     1.172 r  u_soc_top/u_cpu/u_core/bp_unit/pc[0]_i_8/O
                         net (fo=1, unplaced)         0.000     1.172    u_soc_top/u_cpu/u_core/bp_unit/pc[0]_i_8_n_0
                         CARRY4 (Prop_carry4_S[1]_CO[3])
                                                      0.457     1.629 r  u_soc_top/u_cpu/u_core/bp_unit/pc_reg[0]_i_3/CO[3]
                         net (fo=1, unplaced)         0.000     1.629    u_soc_top/u_cpu/u_core/bp_unit/pc_reg[0]_i_3_n_0
                         CARRY4 (Prop_carry4_CI_CO[3])
                                                      0.098     1.727 f  u_soc_top/u_cpu/u_core/bp_unit/pc_reg[7]_i_4/CO[3]
                         net (fo=1, unplaced)         0.000     1.727    u_soc_top/u_cpu/u_core/bp_unit/pc_reg[7]_i_4_n_0
                         CARRY4 (Prop_carry4_CI_CO[3])
                                                      0.098     1.825 r  u_soc_top/u_cpu/u_core/bp_unit/pc_reg[11]_i_4/CO[3]
                         net (fo=1, unplaced)         0.000     1.825    u_soc_top/u_cpu/u_core/bp_unit/pc_reg[11]_i_4_n_0
                         CARRY4 (Prop_carry4_CI_CO[3])
                                                      0.098     1.923 r  u_soc_top/u_cpu/u_core/bp_unit/pc_reg[15]_i_4/CO[3]
                         net (fo=1, unplaced)         0.000     1.923    u_soc_top/u_cpu/u_core/bp_unit/pc_reg[15]_i_4_n_0
                         CARRY4 (Prop_carry4_CI_CO[3])
                                                      0.098     2.021 r  u_soc_top/u_cpu/u_core/bp_unit/pc_reg[19]_i_4/CO[3]
                         net (fo=1, unplaced)         0.000     2.021    u_soc_top/u_cpu/u_core/bp_unit/pc_reg[19]_i_4_n_0
                         CARRY4 (Prop_carry4_CI_O[3])
                                                      0.275     2.296 f  u_soc_top/u_cpu/u_core/bp_unit/pc_reg[23]_i_4/O[3]
                         net (fo=3, unplaced)         0.537     2.833    u_soc_top/u_cpu/u_core/bp_unit/bp_jump_pc[23]
                         LUT6 (Prop_lut6_I4_O)        0.250     3.083 r  u_soc_top/u_cpu/u_core/bp_unit/data_out[14]_i_22/O
                         net (fo=1, unplaced)         0.000     3.083    u_soc_top/u_cpu/u_core/hazard_ctrl/data_out_reg[14]_i_5_0[3]
                         CARRY4 (Prop_carry4_S[3]_CO[3])
                                                      0.332     3.415 r  u_soc_top/u_cpu/u_core/hazard_ctrl/data_out_reg[14]_i_10/CO[3]
                         net (fo=1, unplaced)         0.000     3.415    u_soc_top/u_cpu/u_core/hazard_ctrl/data_out_reg[14]_i_10_n_0
                         CARRY4 (Prop_carry4_CI_CO[2])
                                                      0.209     3.624 f  u_soc_top/u_cpu/u_core/hazard_ctrl/data_out_reg[14]_i_5/CO[2]
                         net (fo=1, unplaced)         0.349     3.973    u_soc_top/u_cpu/u_core/reg_id_ex0_ctrl/fq_instr_reg[0][31]_2[0]
                         LUT6 (Prop_lut6_I5_O)        0.252     4.225 f  u_soc_top/u_cpu/u_core/reg_id_ex0_ctrl/data_out[14]_i_2/O
                         net (fo=146, unplaced)       0.456     4.681    u_soc_top/u_cpu/u_core/reg_id_ex0_ctrl/if_id_flush
                         LUT3 (Prop_lut3_I1_O)        0.108     4.789 f  u_soc_top/u_cpu/u_core/reg_id_ex0_ctrl/fq_instr[0][31]_i_8/O
                         net (fo=4, unplaced)         0.371     5.160    u_soc_top/u_cpu/u_core/reg_id_ex0_ctrl/fq_instr[0][31]_i_8_n_0
                         LUT6 (Prop_lut6_I4_O)        0.105     5.265 r  u_soc_top/u_cpu/u_core/reg_id_ex0_ctrl/fq_pc[1][31]_i_3/O
                         net (fo=96, unplaced)        0.446     5.711    u_soc_top/u_cpu/u_core/reg_id_ex0_ctrl/fetch_absorb2
                         LUT6 (Prop_lut6_I5_O)        0.105     5.816 r  u_soc_top/u_cpu/u_core/reg_id_ex0_ctrl/fq_pc[1][31]_i_1/O
                         net (fo=64, unplaced)        0.454     6.270    u_soc_top/u_cpu/u_core/reg_id_ex0_ctrl_n_16
                         FDRE                                         r  u_soc_top/u_cpu/u_core/fq_instr_reg[1][10]/CE
  -------------------------------------------------------------------    -------------------

                         (clock cpu_clk rise edge)   10.000    10.000 r  
    K21                                               0.000    10.000 r  clk_50M (IN)
                         net (fo=0)                   0.000    10.000    u_soc_top/pll_clk.u_clk_pll/inst/clk_in1
    K21                  IBUF (Prop_ibuf_I_O)         1.328    11.328 r  u_soc_top/pll_clk.u_clk_pll/inst/clkin1_ibufg/O
                         net (fo=1, unplaced)         0.439    11.767    u_soc_top/pll_clk.u_clk_pll/inst/clk_in1_clk_pll
                         PLLE2_ADV (Prop_plle2_adv_CLKIN1_CLKOUT0)
                                                     -5.039     6.728 r  u_soc_top/pll_clk.u_clk_pll/inst/plle2_adv_inst/CLKOUT0
                         net (fo=1, unplaced)         0.613     7.341    u_soc_top/pll_clk.u_clk_pll/inst/cpu_clk_clk_pll
                         BUFG (Prop_bufg_I_O)         0.077     7.418 r  u_soc_top/pll_clk.u_clk_pll/inst/clkout1_buf/O
                         net (fo=4388, unplaced)      0.439     7.857    u_soc_top/u_cpu/u_core/cpu_clk
                         FDRE                                         r  u_soc_top/u_cpu/u_core/fq_instr_reg[1][10]/C
                         clock pessimism             -0.496     7.361    
                         clock uncertainty           -0.094     7.266    
                         FDRE (Setup_fdre_C_CE)      -0.165     7.101    u_soc_top/u_cpu/u_core/fq_instr_reg[1][10]
  -------------------------------------------------------------------
                         required time                          7.101    
                         arrival time                          -6.270    
  -------------------------------------------------------------------
                         slack                                  0.832    




