Copyright 1986-2019 Xilinx, Inc. All Rights Reserved.
---------------------------------------------------------------------------------------------------------------------
| Tool Version : Vivado v.2019.2 (lin64) Build 2708876 Wed Nov  6 21:39:14 MST 2019
| Date         : Tue Aug  4 15:33:22 2026
| Host         : f81e95c81b2f running 64-bit Ubuntu 18.04.6 LTS
| Command      : report_timing -max_paths 20 -nworst 10 -file /workspace/run_vivado/project/synth_critical_paths.rpt
| Design       : thinpad_top
| Device       : 7a200t-fbg676
| Speed File   : -2  PRODUCTION 1.23 2018-06-13
---------------------------------------------------------------------------------------------------------------------

Timing Report

Slack (VIOLATED) :        -0.435ns  (required time - arrival time)
  Source:                 u_soc_top/u_cpu/u_core/reg_ex_mem0_ctrl/data_out_reg[6]/C
                            (rising edge-triggered cell FDRE clocked by cpu_clk  {rise@0.000ns fall@5.000ns period=10.000ns})
  Destination:            u_soc_top/u_axi_sram_direct/base_ram_addr_out_r_reg[10]_rep/D
                            (rising edge-triggered cell FDRE clocked by cpu_clk  {rise@0.000ns fall@5.000ns period=10.000ns})
  Path Group:             cpu_clk
  Path Type:              Setup (Max at Slow Process Corner)
  Requirement:            10.000ns  (cpu_clk rise@10.000ns - cpu_clk rise@0.000ns)
  Data Path Delay:        9.602ns  (logic 2.661ns (27.714%)  route 6.941ns (72.286%))
  Logic Levels:           16  (CARRY4=1 LUT3=2 LUT5=5 LUT6=8)
  Clock Path Skew:        -0.032ns (DCD - SCD + CPR)
    Destination Clock Delay (DCD):    -1.968ns = ( 8.032 - 10.000 ) 
    Source Clock Delay      (SCD):    -2.433ns
    Clock Pessimism Removal (CPR):    -0.496ns
  Clock Uncertainty:      0.094ns  ((TSJ^2 + DJ^2)^1/2) / 2 + PE
    Total System Jitter     (TSJ):    0.071ns
    Discrete Jitter          (DJ):    0.175ns
    Phase Error              (PE):    0.000ns

    Location             Delay type                Incr(ns)  Path(ns)    Netlist Resource(s)
  -------------------------------------------------------------------    -------------------
                         (clock cpu_clk rise edge)    0.000     0.000 r  
    K21                                               0.000     0.000 r  clk_50M (IN)
                         net (fo=0)                   0.000     0.000    u_soc_top/pll_clk.u_clk_pll/inst/clk_in1
    K21                  IBUF (Prop_ibuf_I_O)         1.394     1.394 r  u_soc_top/pll_clk.u_clk_pll/inst/clkin1_ibufg/O
                         net (fo=1, unplaced)         0.584     1.978    u_soc_top/pll_clk.u_clk_pll/inst/clk_in1_clk_pll
                         PLLE2_ADV (Prop_plle2_adv_CLKIN1_CLKOUT0)
                                                     -5.783    -3.805 r  u_soc_top/pll_clk.u_clk_pll/inst/plle2_adv_inst/CLKOUT0
                         net (fo=1, unplaced)         0.646    -3.159    u_soc_top/pll_clk.u_clk_pll/inst/cpu_clk_clk_pll
                         BUFG (Prop_bufg_I_O)         0.081    -3.078 r  u_soc_top/pll_clk.u_clk_pll/inst/clkout1_buf/O
                         net (fo=4537, unplaced)      0.646    -2.433    u_soc_top/u_cpu/u_core/reg_ex_mem0_ctrl/cpu_clk
                         FDRE                                         r  u_soc_top/u_cpu/u_core/reg_ex_mem0_ctrl/data_out_reg[6]/C
  -------------------------------------------------------------------    -------------------
                         FDRE (Prop_fdre_C_Q)         0.379    -2.054 r  u_soc_top/u_cpu/u_core/reg_ex_mem0_ctrl/data_out_reg[6]/Q
                         net (fo=124, unplaced)       0.704    -1.350    u_soc_top/u_cpu/u_core/reg_ex_mem0_ctrl/ex_mem0_out[ctrl][valid]
                         LUT3 (Prop_lut3_I0_O)        0.232    -1.118 r  u_soc_top/u_cpu/u_core/reg_ex_mem0_ctrl/wdata_stored[31]_i_5/O
                         net (fo=102, unplaced)       0.447    -0.671    u_soc_top/u_cpu/u_core/reg_ex_mem1_data/wdata_stored_reg[8]
                         LUT5 (Prop_lut5_I3_O)        0.105    -0.566 f  u_soc_top/u_cpu/u_core/reg_ex_mem1_data/wstrb_stored[2]_i_2/O
                         net (fo=7, unplaced)         0.617     0.051    u_soc_top/u_cpu/u_core/reg_ex_mem1_data/data_out_reg[34]_0
                         LUT6 (Prop_lut6_I0_O)        0.105     0.156 f  u_soc_top/u_cpu/u_core/reg_ex_mem1_data/r_addr[31]_i_5/O
                         net (fo=12, unplaced)        0.395     0.551    u_soc_top/u_cpu/u_core/reg_ex_mem1_ctrl/ar_preview_addr_r_reg[25]
                         LUT6 (Prop_lut6_I5_O)        0.105     0.656 r  u_soc_top/u_cpu/u_core/reg_ex_mem1_ctrl/r_addr[31]_i_4/O
                         net (fo=68, unplaced)        0.437     1.093    u_soc_top/u_cpu/u_core/reg_ex_mem1_ctrl/FSM_sequential_state_reg
                         LUT5 (Prop_lut5_I3_O)        0.105     1.198 f  u_soc_top/u_cpu/u_core/reg_ex_mem1_ctrl/ar_preview_addr_r[31]_i_2/O
                         net (fo=2, unplaced)         0.478     1.676    u_soc_top/u_cpu/u_arbiter/ar_preview_addr_r_reg[31]_0
                         LUT6 (Prop_lut6_I3_O)        0.105     1.781 f  u_soc_top/u_cpu/u_arbiter/ar_preview_addr_r[31]_i_1/O
                         net (fo=2, unplaced)         0.352     2.133    u_soc_top/u_axi_sram_direct/D[29]
                         LUT3 (Prop_lut3_I0_O)        0.105     2.238 r  u_soc_top/u_axi_sram_direct/wb_cover_line_r[14]_i_26/O
                         net (fo=8, unplaced)         0.385     2.623    u_soc_top/u_axi_sram_direct/wb_cover_line_r[14]_i_26_n_0
                         LUT6 (Prop_lut6_I0_O)        0.105     2.728 r  u_soc_top/u_axi_sram_direct/wb_fwd_w_r[31]_i_32/O
                         net (fo=1, unplaced)         0.347     3.075    u_soc_top/u_axi_sram_direct/wb_fwd_w_r[31]_i_32_n_0
                         LUT5 (Prop_lut5_I4_O)        0.105     3.180 r  u_soc_top/u_axi_sram_direct/wb_fwd_w_r[31]_i_17/O
                         net (fo=1, unplaced)         0.000     3.180    u_soc_top/u_axi_sram_direct/wb_fwd_w_r[31]_i_17_n_0
                         CARRY4 (Prop_carry4_S[1]_CO[1])
                                                      0.408     3.588 f  u_soc_top/u_axi_sram_direct/wb_fwd_w_r_reg[31]_i_12/CO[1]
                         net (fo=1, unplaced)         0.240     3.828    u_soc_top/u_axi_sram_direct/wb_cover_ar11_out
                         LUT5 (Prop_lut5_I4_O)        0.277     4.105 f  u_soc_top/u_axi_sram_direct/wb_fwd_w_r[31]_i_9/O
                         net (fo=26, unplaced)        0.413     4.518    u_soc_top/u_axi_sram_direct/wb_fwd_w_r[31]_i_9_n_0
                         LUT6 (Prop_lut6_I4_O)        0.105     4.623 f  u_soc_top/u_axi_sram_direct/wb_fwd_w_r[15]_i_5/O
                         net (fo=2, unplaced)         0.358     4.981    u_soc_top/u_axi_sram_direct/wb_fwd_w_r[15]_i_5_n_0
                         LUT5 (Prop_lut5_I2_O)        0.105     5.086 r  u_soc_top/u_axi_sram_direct/wb_full_w_r_i_12/O
                         net (fo=1, unplaced)         0.347     5.433    u_soc_top/u_axi_sram_direct/wb_full_w_r_i_12_n_0
                         LUT6 (Prop_lut6_I5_O)        0.105     5.538 r  u_soc_top/u_axi_sram_direct/wb_full_w_r_i_5/O
                         net (fo=5, unplaced)         0.375     5.913    u_soc_top/u_axi_sram_direct/wb_full_w_r_i_5_n_0
                         LUT6 (Prop_lut6_I0_O)        0.105     6.018 r  u_soc_top/u_axi_sram_direct/base_ram_addr_out_r[7]_rep_i_3/O
                         net (fo=15, unplaced)        0.400     6.418    u_soc_top/u_axi_sram_direct/base_ram_addr_out_r[7]_rep_i_3_n_0
                         LUT6 (Prop_lut6_I5_O)        0.105     6.523 r  u_soc_top/u_axi_sram_direct/base_ram_addr_out_r[10]_rep_i_1/O
                         net (fo=2, unplaced)         0.646     7.169    u_soc_top/u_axi_sram_direct/ram_addr_out[10]
    OLOGIC_X0Y82         FDRE                                         r  u_soc_top/u_axi_sram_direct/base_ram_addr_out_r_reg[10]_rep/D
  -------------------------------------------------------------------    -------------------

                         (clock cpu_clk rise edge)   10.000    10.000 r  
    K21                                               0.000    10.000 r  clk_50M (IN)
                         net (fo=0)                   0.000    10.000    u_soc_top/pll_clk.u_clk_pll/inst/clk_in1
    K21                  IBUF (Prop_ibuf_I_O)         1.328    11.328 r  u_soc_top/pll_clk.u_clk_pll/inst/clkin1_ibufg/O
                         net (fo=1, unplaced)         0.439    11.767    u_soc_top/pll_clk.u_clk_pll/inst/clk_in1_clk_pll
                         PLLE2_ADV (Prop_plle2_adv_CLKIN1_CLKOUT0)
                                                     -5.039     6.728 r  u_soc_top/pll_clk.u_clk_pll/inst/plle2_adv_inst/CLKOUT0
                         net (fo=1, unplaced)         0.613     7.341    u_soc_top/pll_clk.u_clk_pll/inst/cpu_clk_clk_pll
                         BUFG (Prop_bufg_I_O)         0.077     7.418 r  u_soc_top/pll_clk.u_clk_pll/inst/clkout1_buf/O
                         net (fo=4537, unplaced)      0.613     8.032    u_soc_top/u_axi_sram_direct/cpu_clk
    OLOGIC_X0Y82         FDRE                                         r  u_soc_top/u_axi_sram_direct/base_ram_addr_out_r_reg[10]_rep/C
                         clock pessimism             -0.496     7.535    
                         clock uncertainty           -0.094     7.441    
    OLOGIC_X0Y82         FDRE (Setup_fdre_C_D)       -0.707     6.734    u_soc_top/u_axi_sram_direct/base_ram_addr_out_r_reg[10]_rep
  -------------------------------------------------------------------
                         required time                          6.734    
                         arrival time                          -7.169    
  -------------------------------------------------------------------
                         slack                                 -0.435    

Slack (VIOLATED) :        -0.435ns  (required time - arrival time)
  Source:                 u_soc_top/u_cpu/u_core/reg_ex_mem0_ctrl/data_out_reg[6]/C
                            (rising edge-triggered cell FDRE clocked by cpu_clk  {rise@0.000ns fall@5.000ns period=10.000ns})
  Destination:            u_soc_top/u_axi_sram_direct/base_ram_addr_out_r_reg[10]_rep/D
                            (rising edge-triggered cell FDRE clocked by cpu_clk  {rise@0.000ns fall@5.000ns period=10.000ns})
  Path Group:             cpu_clk
  Path Type:              Setup (Max at Slow Process Corner)
  Requirement:            10.000ns  (cpu_clk rise@10.000ns - cpu_clk rise@0.000ns)
  Data Path Delay:        9.602ns  (logic 2.661ns (27.714%)  route 6.941ns (72.286%))
  Logic Levels:           16  (CARRY4=1 LUT3=2 LUT5=5 LUT6=8)
  Clock Path Skew:        -0.032ns (DCD - SCD + CPR)
    Destination Clock Delay (DCD):    -1.968ns = ( 8.032 - 10.000 ) 
    Source Clock Delay      (SCD):    -2.433ns
    Clock Pessimism Removal (CPR):    -0.496ns
  Clock Uncertainty:      0.094ns  ((TSJ^2 + DJ^2)^1/2) / 2 + PE
    Total System Jitter     (TSJ):    0.071ns
    Discrete Jitter          (DJ):    0.175ns
    Phase Error              (PE):    0.000ns

    Location             Delay type                Incr(ns)  Path(ns)    Netlist Resource(s)
  -------------------------------------------------------------------    -------------------
                         (clock cpu_clk rise edge)    0.000     0.000 r  
    K21                                               0.000     0.000 r  clk_50M (IN)
                         net (fo=0)                   0.000     0.000    u_soc_top/pll_clk.u_clk_pll/inst/clk_in1
    K21                  IBUF (Prop_ibuf_I_O)         1.394     1.394 r  u_soc_top/pll_clk.u_clk_pll/inst/clkin1_ibufg/O
                         net (fo=1, unplaced)         0.584     1.978    u_soc_top/pll_clk.u_clk_pll/inst/clk_in1_clk_pll
                         PLLE2_ADV (Prop_plle2_adv_CLKIN1_CLKOUT0)
                                                     -5.783    -3.805 r  u_soc_top/pll_clk.u_clk_pll/inst/plle2_adv_inst/CLKOUT0
                         net (fo=1, unplaced)         0.646    -3.159    u_soc_top/pll_clk.u_clk_pll/inst/cpu_clk_clk_pll
                         BUFG (Prop_bufg_I_O)         0.081    -3.078 r  u_soc_top/pll_clk.u_clk_pll/inst/clkout1_buf/O
                         net (fo=4537, unplaced)      0.646    -2.433    u_soc_top/u_cpu/u_core/reg_ex_mem0_ctrl/cpu_clk
                         FDRE                                         r  u_soc_top/u_cpu/u_core/reg_ex_mem0_ctrl/data_out_reg[6]/C
  -------------------------------------------------------------------    -------------------
                         FDRE (Prop_fdre_C_Q)         0.379    -2.054 r  u_soc_top/u_cpu/u_core/reg_ex_mem0_ctrl/data_out_reg[6]/Q
                         net (fo=124, unplaced)       0.704    -1.350    u_soc_top/u_cpu/u_core/reg_ex_mem0_ctrl/ex_mem0_out[ctrl][valid]
                         LUT3 (Prop_lut3_I0_O)        0.232    -1.118 r  u_soc_top/u_cpu/u_core/reg_ex_mem0_ctrl/wdata_stored[31]_i_5/O
                         net (fo=102, unplaced)       0.447    -0.671    u_soc_top/u_cpu/u_core/reg_ex_mem1_data/wdata_stored_reg[8]
                         LUT5 (Prop_lut5_I3_O)        0.105    -0.566 r  u_soc_top/u_cpu/u_core/reg_ex_mem1_data/wstrb_stored[2]_i_2/O
                         net (fo=7, unplaced)         0.617     0.051    u_soc_top/u_cpu/u_core/reg_ex_mem1_data/data_out_reg[34]_0
                         LUT6 (Prop_lut6_I0_O)        0.105     0.156 r  u_soc_top/u_cpu/u_core/reg_ex_mem1_data/r_addr[31]_i_5/O
                         net (fo=12, unplaced)        0.395     0.551    u_soc_top/u_cpu/u_core/reg_ex_mem1_ctrl/ar_preview_addr_r_reg[25]
                         LUT6 (Prop_lut6_I5_O)        0.105     0.656 f  u_soc_top/u_cpu/u_core/reg_ex_mem1_ctrl/r_addr[31]_i_4/O
                         net (fo=68, unplaced)        0.437     1.093    u_soc_top/u_cpu/u_core/reg_ex_mem1_ctrl/FSM_sequential_state_reg
                         LUT5 (Prop_lut5_I3_O)        0.105     1.198 f  u_soc_top/u_cpu/u_core/reg_ex_mem1_ctrl/ar_preview_addr_r[31]_i_2/O
                         net (fo=2, unplaced)         0.478     1.676    u_soc_top/u_cpu/u_arbiter/ar_preview_addr_r_reg[31]_0
                         LUT6 (Prop_lut6_I3_O)        0.105     1.781 f  u_soc_top/u_cpu/u_arbiter/ar_preview_addr_r[31]_i_1/O
                         net (fo=2, unplaced)         0.352     2.133    u_soc_top/u_axi_sram_direct/D[29]
                         LUT3 (Prop_lut3_I0_O)        0.105     2.238 r  u_soc_top/u_axi_sram_direct/wb_cover_line_r[14]_i_26/O
                         net (fo=8, unplaced)         0.385     2.623    u_soc_top/u_axi_sram_direct/wb_cover_line_r[14]_i_26_n_0
                         LUT6 (Prop_lut6_I0_O)        0.105     2.728 r  u_soc_top/u_axi_sram_direct/wb_fwd_w_r[31]_i_32/O
                         net (fo=1, unplaced)         0.347     3.075    u_soc_top/u_axi_sram_direct/wb_fwd_w_r[31]_i_32_n_0
                         LUT5 (Prop_lut5_I4_O)        0.105     3.180 r  u_soc_top/u_axi_sram_direct/wb_fwd_w_r[31]_i_17/O
                         net (fo=1, unplaced)         0.000     3.180    u_soc_top/u_axi_sram_direct/wb_fwd_w_r[31]_i_17_n_0
                         CARRY4 (Prop_carry4_S[1]_CO[1])
                                                      0.408     3.588 f  u_soc_top/u_axi_sram_direct/wb_fwd_w_r_reg[31]_i_12/CO[1]
                         net (fo=1, unplaced)         0.240     3.828    u_soc_top/u_axi_sram_direct/wb_cover_ar11_out
                         LUT5 (Prop_lut5_I4_O)        0.277     4.105 f  u_soc_top/u_axi_sram_direct/wb_fwd_w_r[31]_i_9/O
                         net (fo=26, unplaced)        0.413     4.518    u_soc_top/u_axi_sram_direct/wb_fwd_w_r[31]_i_9_n_0
                         LUT6 (Prop_lut6_I4_O)        0.105     4.623 f  u_soc_top/u_axi_sram_direct/wb_fwd_w_r[15]_i_5/O
                         net (fo=2, unplaced)         0.358     4.981    u_soc_top/u_axi_sram_direct/wb_fwd_w_r[15]_i_5_n_0
                         LUT5 (Prop_lut5_I2_O)        0.105     5.086 r  u_soc_top/u_axi_sram_direct/wb_full_w_r_i_12/O
                         net (fo=1, unplaced)         0.347     5.433    u_soc_top/u_axi_sram_direct/wb_full_w_r_i_12_n_0
                         LUT6 (Prop_lut6_I5_O)        0.105     5.538 r  u_soc_top/u_axi_sram_direct/wb_full_w_r_i_5/O
                         net (fo=5, unplaced)         0.375     5.913    u_soc_top/u_axi_sram_direct/wb_full_w_r_i_5_n_0
                         LUT6 (Prop_lut6_I0_O)        0.105     6.018 r  u_soc_top/u_axi_sram_direct/base_ram_addr_out_r[7]_rep_i_3/O
                         net (fo=15, unplaced)        0.400     6.418    u_soc_top/u_axi_sram_direct/base_ram_addr_out_r[7]_rep_i_3_n_0
                         LUT6 (Prop_lut6_I5_O)        0.105     6.523 r  u_soc_top/u_axi_sram_direct/base_ram_addr_out_r[10]_rep_i_1/O
                         net (fo=2, unplaced)         0.646     7.169    u_soc_top/u_axi_sram_direct/ram_addr_out[10]
    OLOGIC_X0Y82         FDRE                                         r  u_soc_top/u_axi_sram_direct/base_ram_addr_out_r_reg[10]_rep/D
  -------------------------------------------------------------------    -------------------

                         (clock cpu_clk rise edge)   10.000    10.000 r  
    K21                                               0.000    10.000 r  clk_50M (IN)
                         net (fo=0)                   0.000    10.000    u_soc_top/pll_clk.u_clk_pll/inst/clk_in1
    K21                  IBUF (Prop_ibuf_I_O)         1.328    11.328 r  u_soc_top/pll_clk.u_clk_pll/inst/clkin1_ibufg/O
                         net (fo=1, unplaced)         0.439    11.767    u_soc_top/pll_clk.u_clk_pll/inst/clk_in1_clk_pll
                         PLLE2_ADV (Prop_plle2_adv_CLKIN1_CLKOUT0)
                                                     -5.039     6.728 r  u_soc_top/pll_clk.u_clk_pll/inst/plle2_adv_inst/CLKOUT0
                         net (fo=1, unplaced)         0.613     7.341    u_soc_top/pll_clk.u_clk_pll/inst/cpu_clk_clk_pll
                         BUFG (Prop_bufg_I_O)         0.077     7.418 r  u_soc_top/pll_clk.u_clk_pll/inst/clkout1_buf/O
                         net (fo=4537, unplaced)      0.613     8.032    u_soc_top/u_axi_sram_direct/cpu_clk
    OLOGIC_X0Y82         FDRE                                         r  u_soc_top/u_axi_sram_direct/base_ram_addr_out_r_reg[10]_rep/C
                         clock pessimism             -0.496     7.535    
                         clock uncertainty           -0.094     7.441    
    OLOGIC_X0Y82         FDRE (Setup_fdre_C_D)       -0.707     6.734    u_soc_top/u_axi_sram_direct/base_ram_addr_out_r_reg[10]_rep
  -------------------------------------------------------------------
                         required time                          6.734    
                         arrival time                          -7.169    
  -------------------------------------------------------------------
                         slack                                 -0.435    

Slack (VIOLATED) :        -0.435ns  (required time - arrival time)
  Source:                 u_soc_top/u_cpu/u_core/reg_ex_mem0_ctrl/data_out_reg[6]/C
                            (rising edge-triggered cell FDRE clocked by cpu_clk  {rise@0.000ns fall@5.000ns period=10.000ns})
  Destination:            u_soc_top/u_axi_sram_direct/base_ram_addr_out_r_reg[10]_rep/D
                            (rising edge-triggered cell FDRE clocked by cpu_clk  {rise@0.000ns fall@5.000ns period=10.000ns})
  Path Group:             cpu_clk
  Path Type:              Setup (Max at Slow Process Corner)
  Requirement:            10.000ns  (cpu_clk rise@10.000ns - cpu_clk rise@0.000ns)
  Data Path Delay:        9.602ns  (logic 2.661ns (27.714%)  route 6.941ns (72.286%))
  Logic Levels:           16  (CARRY4=1 LUT3=2 LUT5=5 LUT6=8)
  Clock Path Skew:        -0.032ns (DCD - SCD + CPR)
    Destination Clock Delay (DCD):    -1.968ns = ( 8.032 - 10.000 ) 
    Source Clock Delay      (SCD):    -2.433ns
    Clock Pessimism Removal (CPR):    -0.496ns
  Clock Uncertainty:      0.094ns  ((TSJ^2 + DJ^2)^1/2) / 2 + PE
    Total System Jitter     (TSJ):    0.071ns
    Discrete Jitter          (DJ):    0.175ns
    Phase Error              (PE):    0.000ns

    Location             Delay type                Incr(ns)  Path(ns)    Netlist Resource(s)
  -------------------------------------------------------------------    -------------------
                         (clock cpu_clk rise edge)    0.000     0.000 r  
    K21                                               0.000     0.000 r  clk_50M (IN)
                         net (fo=0)                   0.000     0.000    u_soc_top/pll_clk.u_clk_pll/inst/clk_in1
    K21                  IBUF (Prop_ibuf_I_O)         1.394     1.394 r  u_soc_top/pll_clk.u_clk_pll/inst/clkin1_ibufg/O
                         net (fo=1, unplaced)         0.584     1.978    u_soc_top/pll_clk.u_clk_pll/inst/clk_in1_clk_pll
                         PLLE2_ADV (Prop_plle2_adv_CLKIN1_CLKOUT0)
                                                     -5.783    -3.805 r  u_soc_top/pll_clk.u_clk_pll/inst/plle2_adv_inst/CLKOUT0
                         net (fo=1, unplaced)         0.646    -3.159    u_soc_top/pll_clk.u_clk_pll/inst/cpu_clk_clk_pll
                         BUFG (Prop_bufg_I_O)         0.081    -3.078 r  u_soc_top/pll_clk.u_clk_pll/inst/clkout1_buf/O
                         net (fo=4537, unplaced)      0.646    -2.433    u_soc_top/u_cpu/u_core/reg_ex_mem0_ctrl/cpu_clk
                         FDRE                                         r  u_soc_top/u_cpu/u_core/reg_ex_mem0_ctrl/data_out_reg[6]/C
  -------------------------------------------------------------------    -------------------
                         FDRE (Prop_fdre_C_Q)         0.379    -2.054 r  u_soc_top/u_cpu/u_core/reg_ex_mem0_ctrl/data_out_reg[6]/Q
                         net (fo=124, unplaced)       0.704    -1.350    u_soc_top/u_cpu/u_core/reg_ex_mem0_ctrl/ex_mem0_out[ctrl][valid]
                         LUT3 (Prop_lut3_I0_O)        0.232    -1.118 r  u_soc_top/u_cpu/u_core/reg_ex_mem0_ctrl/wdata_stored[31]_i_5/O
                         net (fo=102, unplaced)       0.447    -0.671    u_soc_top/u_cpu/u_core/reg_ex_mem1_data/wdata_stored_reg[8]
                         LUT5 (Prop_lut5_I3_O)        0.105    -0.566 f  u_soc_top/u_cpu/u_core/reg_ex_mem1_data/wstrb_stored[2]_i_2/O
                         net (fo=7, unplaced)         0.617     0.051    u_soc_top/u_cpu/u_core/reg_ex_mem1_data/data_out_reg[34]_0
                         LUT6 (Prop_lut6_I0_O)        0.105     0.156 f  u_soc_top/u_cpu/u_core/reg_ex_mem1_data/r_addr[31]_i_5/O
                         net (fo=12, unplaced)        0.395     0.551    u_soc_top/u_cpu/u_core/reg_ex_mem1_ctrl/ar_preview_addr_r_reg[25]
                         LUT6 (Prop_lut6_I5_O)        0.105     0.656 r  u_soc_top/u_cpu/u_core/reg_ex_mem1_ctrl/r_addr[31]_i_4/O
                         net (fo=68, unplaced)        0.437     1.093    u_soc_top/u_cpu/u_core/reg_ex_mem1_ctrl/FSM_sequential_state_reg
                         LUT5 (Prop_lut5_I3_O)        0.105     1.198 r  u_soc_top/u_cpu/u_core/reg_ex_mem1_ctrl/ar_preview_addr_r[31]_i_2/O
                         net (fo=2, unplaced)         0.478     1.676    u_soc_top/u_cpu/u_arbiter/ar_preview_addr_r_reg[31]_0
                         LUT6 (Prop_lut6_I3_O)        0.105     1.781 r  u_soc_top/u_cpu/u_arbiter/ar_preview_addr_r[31]_i_1/O
                         net (fo=2, unplaced)         0.352     2.133    u_soc_top/u_axi_sram_direct/D[29]
                         LUT3 (Prop_lut3_I0_O)        0.105     2.238 f  u_soc_top/u_axi_sram_direct/wb_cover_line_r[14]_i_26/O
                         net (fo=8, unplaced)         0.385     2.623    u_soc_top/u_axi_sram_direct/wb_cover_line_r[14]_i_26_n_0
                         LUT6 (Prop_lut6_I0_O)        0.105     2.728 r  u_soc_top/u_axi_sram_direct/wb_fwd_w_r[31]_i_32/O
                         net (fo=1, unplaced)         0.347     3.075    u_soc_top/u_axi_sram_direct/wb_fwd_w_r[31]_i_32_n_0
                         LUT5 (Prop_lut5_I4_O)        0.105     3.180 r  u_soc_top/u_axi_sram_direct/wb_fwd_w_r[31]_i_17/O
                         net (fo=1, unplaced)         0.000     3.180    u_soc_top/u_axi_sram_direct/wb_fwd_w_r[31]_i_17_n_0
                         CARRY4 (Prop_carry4_S[1]_CO[1])
                                                      0.408     3.588 f  u_soc_top/u_axi_sram_direct/wb_fwd_w_r_reg[31]_i_12/CO[1]
                         net (fo=1, unplaced)         0.240     3.828    u_soc_top/u_axi_sram_direct/wb_cover_ar11_out
                         LUT5 (Prop_lut5_I4_O)        0.277     4.105 f  u_soc_top/u_axi_sram_direct/wb_fwd_w_r[31]_i_9/O
                         net (fo=26, unplaced)        0.413     4.518    u_soc_top/u_axi_sram_direct/wb_fwd_w_r[31]_i_9_n_0
                         LUT6 (Prop_lut6_I4_O)        0.105     4.623 f  u_soc_top/u_axi_sram_direct/wb_fwd_w_r[15]_i_5/O
                         net (fo=2, unplaced)         0.358     4.981    u_soc_top/u_axi_sram_direct/wb_fwd_w_r[15]_i_5_n_0
                         LUT5 (Prop_lut5_I2_O)        0.105     5.086 r  u_soc_top/u_axi_sram_direct/wb_full_w_r_i_12/O
                         net (fo=1, unplaced)         0.347     5.433    u_soc_top/u_axi_sram_direct/wb_full_w_r_i_12_n_0
                         LUT6 (Prop_lut6_I5_O)        0.105     5.538 r  u_soc_top/u_axi_sram_direct/wb_full_w_r_i_5/O
                         net (fo=5, unplaced)         0.375     5.913    u_soc_top/u_axi_sram_direct/wb_full_w_r_i_5_n_0
                         LUT6 (Prop_lut6_I0_O)        0.105     6.018 r  u_soc_top/u_axi_sram_direct/base_ram_addr_out_r[7]_rep_i_3/O
                         net (fo=15, unplaced)        0.400     6.418    u_soc_top/u_axi_sram_direct/base_ram_addr_out_r[7]_rep_i_3_n_0
                         LUT6 (Prop_lut6_I5_O)        0.105     6.523 r  u_soc_top/u_axi_sram_direct/base_ram_addr_out_r[10]_rep_i_1/O
                         net (fo=2, unplaced)         0.646     7.169    u_soc_top/u_axi_sram_direct/ram_addr_out[10]
    OLOGIC_X0Y82         FDRE                                         r  u_soc_top/u_axi_sram_direct/base_ram_addr_out_r_reg[10]_rep/D
  -------------------------------------------------------------------    -------------------

                         (clock cpu_clk rise edge)   10.000    10.000 r  
    K21                                               0.000    10.000 r  clk_50M (IN)
                         net (fo=0)                   0.000    10.000    u_soc_top/pll_clk.u_clk_pll/inst/clk_in1
    K21                  IBUF (Prop_ibuf_I_O)         1.328    11.328 r  u_soc_top/pll_clk.u_clk_pll/inst/clkin1_ibufg/O
                         net (fo=1, unplaced)         0.439    11.767    u_soc_top/pll_clk.u_clk_pll/inst/clk_in1_clk_pll
                         PLLE2_ADV (Prop_plle2_adv_CLKIN1_CLKOUT0)
                                                     -5.039     6.728 r  u_soc_top/pll_clk.u_clk_pll/inst/plle2_adv_inst/CLKOUT0
                         net (fo=1, unplaced)         0.613     7.341    u_soc_top/pll_clk.u_clk_pll/inst/cpu_clk_clk_pll
                         BUFG (Prop_bufg_I_O)         0.077     7.418 r  u_soc_top/pll_clk.u_clk_pll/inst/clkout1_buf/O
                         net (fo=4537, unplaced)      0.613     8.032    u_soc_top/u_axi_sram_direct/cpu_clk
    OLOGIC_X0Y82         FDRE                                         r  u_soc_top/u_axi_sram_direct/base_ram_addr_out_r_reg[10]_rep/C
                         clock pessimism             -0.496     7.535    
                         clock uncertainty           -0.094     7.441    
    OLOGIC_X0Y82         FDRE (Setup_fdre_C_D)       -0.707     6.734    u_soc_top/u_axi_sram_direct/base_ram_addr_out_r_reg[10]_rep
  -------------------------------------------------------------------
                         required time                          6.734    
                         arrival time                          -7.169    
  -------------------------------------------------------------------
                         slack                                 -0.435    

Slack (VIOLATED) :        -0.435ns  (required time - arrival time)
  Source:                 u_soc_top/u_cpu/u_core/reg_ex_mem0_ctrl/data_out_reg[6]/C
                            (rising edge-triggered cell FDRE clocked by cpu_clk  {rise@0.000ns fall@5.000ns period=10.000ns})
  Destination:            u_soc_top/u_axi_sram_direct/base_ram_addr_out_r_reg[10]_rep/D
                            (rising edge-triggered cell FDRE clocked by cpu_clk  {rise@0.000ns fall@5.000ns period=10.000ns})
  Path Group:             cpu_clk
  Path Type:              Setup (Max at Slow Process Corner)
  Requirement:            10.000ns  (cpu_clk rise@10.000ns - cpu_clk rise@0.000ns)
  Data Path Delay:        9.602ns  (logic 2.661ns (27.714%)  route 6.941ns (72.286%))
  Logic Levels:           16  (CARRY4=1 LUT3=2 LUT5=5 LUT6=8)
  Clock Path Skew:        -0.032ns (DCD - SCD + CPR)
    Destination Clock Delay (DCD):    -1.968ns = ( 8.032 - 10.000 ) 
    Source Clock Delay      (SCD):    -2.433ns
    Clock Pessimism Removal (CPR):    -0.496ns
  Clock Uncertainty:      0.094ns  ((TSJ^2 + DJ^2)^1/2) / 2 + PE
    Total System Jitter     (TSJ):    0.071ns
    Discrete Jitter          (DJ):    0.175ns
    Phase Error              (PE):    0.000ns

    Location             Delay type                Incr(ns)  Path(ns)    Netlist Resource(s)
  -------------------------------------------------------------------    -------------------
                         (clock cpu_clk rise edge)    0.000     0.000 r  
    K21                                               0.000     0.000 r  clk_50M (IN)
                         net (fo=0)                   0.000     0.000    u_soc_top/pll_clk.u_clk_pll/inst/clk_in1
    K21                  IBUF (Prop_ibuf_I_O)         1.394     1.394 r  u_soc_top/pll_clk.u_clk_pll/inst/clkin1_ibufg/O
                         net (fo=1, unplaced)         0.584     1.978    u_soc_top/pll_clk.u_clk_pll/inst/clk_in1_clk_pll
                         PLLE2_ADV (Prop_plle2_adv_CLKIN1_CLKOUT0)
                                                     -5.783    -3.805 r  u_soc_top/pll_clk.u_clk_pll/inst/plle2_adv_inst/CLKOUT0
                         net (fo=1, unplaced)         0.646    -3.159    u_soc_top/pll_clk.u_clk_pll/inst/cpu_clk_clk_pll
                         BUFG (Prop_bufg_I_O)         0.081    -3.078 r  u_soc_top/pll_clk.u_clk_pll/inst/clkout1_buf/O
                         net (fo=4537, unplaced)      0.646    -2.433    u_soc_top/u_cpu/u_core/reg_ex_mem0_ctrl/cpu_clk
                         FDRE                                         r  u_soc_top/u_cpu/u_core/reg_ex_mem0_ctrl/data_out_reg[6]/C
  -------------------------------------------------------------------    -------------------
                         FDRE (Prop_fdre_C_Q)         0.379    -2.054 f  u_soc_top/u_cpu/u_core/reg_ex_mem0_ctrl/data_out_reg[6]/Q
                         net (fo=124, unplaced)       0.704    -1.350    u_soc_top/u_cpu/u_core/reg_ex_mem0_ctrl/ex_mem0_out[ctrl][valid]
                         LUT3 (Prop_lut3_I0_O)        0.232    -1.118 f  u_soc_top/u_cpu/u_core/reg_ex_mem0_ctrl/wdata_stored[31]_i_5/O
                         net (fo=102, unplaced)       0.447    -0.671    u_soc_top/u_cpu/u_core/reg_ex_mem1_data/wdata_stored_reg[8]
                         LUT5 (Prop_lut5_I3_O)        0.105    -0.566 f  u_soc_top/u_cpu/u_core/reg_ex_mem1_data/wstrb_stored[2]_i_2/O
                         net (fo=7, unplaced)         0.617     0.051    u_soc_top/u_cpu/u_core/reg_ex_mem1_data/data_out_reg[34]_0
                         LUT6 (Prop_lut6_I0_O)        0.105     0.156 f  u_soc_top/u_cpu/u_core/reg_ex_mem1_data/r_addr[31]_i_5/O
                         net (fo=12, unplaced)        0.395     0.551    u_soc_top/u_cpu/u_core/reg_ex_mem1_ctrl/ar_preview_addr_r_reg[25]
                         LUT6 (Prop_lut6_I5_O)        0.105     0.656 r  u_soc_top/u_cpu/u_core/reg_ex_mem1_ctrl/r_addr[31]_i_4/O
                         net (fo=68, unplaced)        0.437     1.093    u_soc_top/u_cpu/u_core/reg_ex_mem1_ctrl/FSM_sequential_state_reg
                         LUT5 (Prop_lut5_I3_O)        0.105     1.198 r  u_soc_top/u_cpu/u_core/reg_ex_mem1_ctrl/ar_preview_addr_r[31]_i_2/O
                         net (fo=2, unplaced)         0.478     1.676    u_soc_top/u_cpu/u_arbiter/ar_preview_addr_r_reg[31]_0
                         LUT6 (Prop_lut6_I3_O)        0.105     1.781 r  u_soc_top/u_cpu/u_arbiter/ar_preview_addr_r[31]_i_1/O
                         net (fo=2, unplaced)         0.352     2.133    u_soc_top/u_axi_sram_direct/D[29]
                         LUT3 (Prop_lut3_I0_O)        0.105     2.238 f  u_soc_top/u_axi_sram_direct/wb_cover_line_r[14]_i_26/O
                         net (fo=8, unplaced)         0.385     2.623    u_soc_top/u_axi_sram_direct/wb_cover_line_r[14]_i_26_n_0
                         LUT6 (Prop_lut6_I0_O)        0.105     2.728 r  u_soc_top/u_axi_sram_direct/wb_fwd_w_r[31]_i_32/O
                         net (fo=1, unplaced)         0.347     3.075    u_soc_top/u_axi_sram_direct/wb_fwd_w_r[31]_i_32_n_0
                         LUT5 (Prop_lut5_I4_O)        0.105     3.180 r  u_soc_top/u_axi_sram_direct/wb_fwd_w_r[31]_i_17/O
                         net (fo=1, unplaced)         0.000     3.180    u_soc_top/u_axi_sram_direct/wb_fwd_w_r[31]_i_17_n_0
                         CARRY4 (Prop_carry4_S[1]_CO[1])
                                                      0.408     3.588 f  u_soc_top/u_axi_sram_direct/wb_fwd_w_r_reg[31]_i_12/CO[1]
                         net (fo=1, unplaced)         0.240     3.828    u_soc_top/u_axi_sram_direct/wb_cover_ar11_out
                         LUT5 (Prop_lut5_I4_O)        0.277     4.105 f  u_soc_top/u_axi_sram_direct/wb_fwd_w_r[31]_i_9/O
                         net (fo=26, unplaced)        0.413     4.518    u_soc_top/u_axi_sram_direct/wb_fwd_w_r[31]_i_9_n_0
                         LUT6 (Prop_lut6_I4_O)        0.105     4.623 f  u_soc_top/u_axi_sram_direct/wb_fwd_w_r[15]_i_5/O
                         net (fo=2, unplaced)         0.358     4.981    u_soc_top/u_axi_sram_direct/wb_fwd_w_r[15]_i_5_n_0
                         LUT5 (Prop_lut5_I2_O)        0.105     5.086 r  u_soc_top/u_axi_sram_direct/wb_full_w_r_i_12/O
                         net (fo=1, unplaced)         0.347     5.433    u_soc_top/u_axi_sram_direct/wb_full_w_r_i_12_n_0
                         LUT6 (Prop_lut6_I5_O)        0.105     5.538 r  u_soc_top/u_axi_sram_direct/wb_full_w_r_i_5/O
                         net (fo=5, unplaced)         0.375     5.913    u_soc_top/u_axi_sram_direct/wb_full_w_r_i_5_n_0
                         LUT6 (Prop_lut6_I0_O)        0.105     6.018 r  u_soc_top/u_axi_sram_direct/base_ram_addr_out_r[7]_rep_i_3/O
                         net (fo=15, unplaced)        0.400     6.418    u_soc_top/u_axi_sram_direct/base_ram_addr_out_r[7]_rep_i_3_n_0
                         LUT6 (Prop_lut6_I5_O)        0.105     6.523 r  u_soc_top/u_axi_sram_direct/base_ram_addr_out_r[10]_rep_i_1/O
                         net (fo=2, unplaced)         0.646     7.169    u_soc_top/u_axi_sram_direct/ram_addr_out[10]
    OLOGIC_X0Y82         FDRE                                         r  u_soc_top/u_axi_sram_direct/base_ram_addr_out_r_reg[10]_rep/D
  -------------------------------------------------------------------    -------------------

                         (clock cpu_clk rise edge)   10.000    10.000 r  
    K21                                               0.000    10.000 r  clk_50M (IN)
                         net (fo=0)                   0.000    10.000    u_soc_top/pll_clk.u_clk_pll/inst/clk_in1
    K21                  IBUF (Prop_ibuf_I_O)         1.328    11.328 r  u_soc_top/pll_clk.u_clk_pll/inst/clkin1_ibufg/O
                         net (fo=1, unplaced)         0.439    11.767    u_soc_top/pll_clk.u_clk_pll/inst/clk_in1_clk_pll
                         PLLE2_ADV (Prop_plle2_adv_CLKIN1_CLKOUT0)
                                                     -5.039     6.728 r  u_soc_top/pll_clk.u_clk_pll/inst/plle2_adv_inst/CLKOUT0
                         net (fo=1, unplaced)         0.613     7.341    u_soc_top/pll_clk.u_clk_pll/inst/cpu_clk_clk_pll
                         BUFG (Prop_bufg_I_O)         0.077     7.418 r  u_soc_top/pll_clk.u_clk_pll/inst/clkout1_buf/O
                         net (fo=4537, unplaced)      0.613     8.032    u_soc_top/u_axi_sram_direct/cpu_clk
    OLOGIC_X0Y82         FDRE                                         r  u_soc_top/u_axi_sram_direct/base_ram_addr_out_r_reg[10]_rep/C
                         clock pessimism             -0.496     7.535    
                         clock uncertainty           -0.094     7.441    
    OLOGIC_X0Y82         FDRE (Setup_fdre_C_D)       -0.707     6.734    u_soc_top/u_axi_sram_direct/base_ram_addr_out_r_reg[10]_rep
  -------------------------------------------------------------------
                         required time                          6.734    
                         arrival time                          -7.169    
  -------------------------------------------------------------------
                         slack                                 -0.435    

Slack (VIOLATED) :        -0.435ns  (required time - arrival time)
  Source:                 u_soc_top/u_cpu/u_core/reg_ex_mem0_ctrl/data_out_reg[6]/C
                            (rising edge-triggered cell FDRE clocked by cpu_clk  {rise@0.000ns fall@5.000ns period=10.000ns})
  Destination:            u_soc_top/u_axi_sram_direct/base_ram_addr_out_r_reg[10]_rep/D
                            (rising edge-triggered cell FDRE clocked by cpu_clk  {rise@0.000ns fall@5.000ns period=10.000ns})
  Path Group:             cpu_clk
  Path Type:              Setup (Max at Slow Process Corner)
  Requirement:            10.000ns  (cpu_clk rise@10.000ns - cpu_clk rise@0.000ns)
  Data Path Delay:        9.602ns  (logic 2.661ns (27.714%)  route 6.941ns (72.286%))
  Logic Levels:           16  (CARRY4=1 LUT3=2 LUT5=5 LUT6=8)
  Clock Path Skew:        -0.032ns (DCD - SCD + CPR)
    Destination Clock Delay (DCD):    -1.968ns = ( 8.032 - 10.000 ) 
    Source Clock Delay      (SCD):    -2.433ns
    Clock Pessimism Removal (CPR):    -0.496ns
  Clock Uncertainty:      0.094ns  ((TSJ^2 + DJ^2)^1/2) / 2 + PE
    Total System Jitter     (TSJ):    0.071ns
    Discrete Jitter          (DJ):    0.175ns
    Phase Error              (PE):    0.000ns

    Location             Delay type                Incr(ns)  Path(ns)    Netlist Resource(s)
  -------------------------------------------------------------------    -------------------
                         (clock cpu_clk rise edge)    0.000     0.000 r  
    K21                                               0.000     0.000 r  clk_50M (IN)
                         net (fo=0)                   0.000     0.000    u_soc_top/pll_clk.u_clk_pll/inst/clk_in1
    K21                  IBUF (Prop_ibuf_I_O)         1.394     1.394 r  u_soc_top/pll_clk.u_clk_pll/inst/clkin1_ibufg/O
                         net (fo=1, unplaced)         0.584     1.978    u_soc_top/pll_clk.u_clk_pll/inst/clk_in1_clk_pll
                         PLLE2_ADV (Prop_plle2_adv_CLKIN1_CLKOUT0)
                                                     -5.783    -3.805 r  u_soc_top/pll_clk.u_clk_pll/inst/plle2_adv_inst/CLKOUT0
                         net (fo=1, unplaced)         0.646    -3.159    u_soc_top/pll_clk.u_clk_pll/inst/cpu_clk_clk_pll
                         BUFG (Prop_bufg_I_O)         0.081    -3.078 r  u_soc_top/pll_clk.u_clk_pll/inst/clkout1_buf/O
                         net (fo=4537, unplaced)      0.646    -2.433    u_soc_top/u_cpu/u_core/reg_ex_mem0_ctrl/cpu_clk
                         FDRE                                         r  u_soc_top/u_cpu/u_core/reg_ex_mem0_ctrl/data_out_reg[6]/C
  -------------------------------------------------------------------    -------------------
                         FDRE (Prop_fdre_C_Q)         0.379    -2.054 r  u_soc_top/u_cpu/u_core/reg_ex_mem0_ctrl/data_out_reg[6]/Q
                         net (fo=124, unplaced)       0.704    -1.350    u_soc_top/u_cpu/u_core/reg_ex_mem0_ctrl/ex_mem0_out[ctrl][valid]
                         LUT3 (Prop_lut3_I0_O)        0.232    -1.118 r  u_soc_top/u_cpu/u_core/reg_ex_mem0_ctrl/wdata_stored[31]_i_5/O
                         net (fo=102, unplaced)       0.447    -0.671    u_soc_top/u_cpu/u_core/reg_ex_mem1_data/wdata_stored_reg[8]
                         LUT5 (Prop_lut5_I3_O)        0.105    -0.566 r  u_soc_top/u_cpu/u_core/reg_ex_mem1_data/wstrb_stored[2]_i_2/O
                         net (fo=7, unplaced)         0.617     0.051    u_soc_top/u_cpu/u_core/reg_ex_mem1_data/data_out_reg[34]_0
                         LUT6 (Prop_lut6_I0_O)        0.105     0.156 r  u_soc_top/u_cpu/u_core/reg_ex_mem1_data/r_addr[31]_i_5/O
                         net (fo=12, unplaced)        0.395     0.551    u_soc_top/u_cpu/u_core/reg_ex_mem1_ctrl/ar_preview_addr_r_reg[25]
                         LUT6 (Prop_lut6_I5_O)        0.105     0.656 f  u_soc_top/u_cpu/u_core/reg_ex_mem1_ctrl/r_addr[31]_i_4/O
                         net (fo=68, unplaced)        0.437     1.093    u_soc_top/u_cpu/u_core/reg_ex_mem1_ctrl/FSM_sequential_state_reg
                         LUT5 (Prop_lut5_I3_O)        0.105     1.198 r  u_soc_top/u_cpu/u_core/reg_ex_mem1_ctrl/ar_preview_addr_r[31]_i_2/O
                         net (fo=2, unplaced)         0.478     1.676    u_soc_top/u_cpu/u_arbiter/ar_preview_addr_r_reg[31]_0
                         LUT6 (Prop_lut6_I3_O)        0.105     1.781 r  u_soc_top/u_cpu/u_arbiter/ar_preview_addr_r[31]_i_1/O
                         net (fo=2, unplaced)         0.352     2.133    u_soc_top/u_axi_sram_direct/D[29]
                         LUT3 (Prop_lut3_I0_O)        0.105     2.238 f  u_soc_top/u_axi_sram_direct/wb_cover_line_r[14]_i_26/O
                         net (fo=8, unplaced)         0.385     2.623    u_soc_top/u_axi_sram_direct/wb_cover_line_r[14]_i_26_n_0
                         LUT6 (Prop_lut6_I0_O)        0.105     2.728 r  u_soc_top/u_axi_sram_direct/wb_fwd_w_r[31]_i_32/O
                         net (fo=1, unplaced)         0.347     3.075    u_soc_top/u_axi_sram_direct/wb_fwd_w_r[31]_i_32_n_0
                         LUT5 (Prop_lut5_I4_O)        0.105     3.180 r  u_soc_top/u_axi_sram_direct/wb_fwd_w_r[31]_i_17/O
                         net (fo=1, unplaced)         0.000     3.180    u_soc_top/u_axi_sram_direct/wb_fwd_w_r[31]_i_17_n_0
                         CARRY4 (Prop_carry4_S[1]_CO[1])
                                                      0.408     3.588 f  u_soc_top/u_axi_sram_direct/wb_fwd_w_r_reg[31]_i_12/CO[1]
                         net (fo=1, unplaced)         0.240     3.828    u_soc_top/u_axi_sram_direct/wb_cover_ar11_out
                         LUT5 (Prop_lut5_I4_O)        0.277     4.105 f  u_soc_top/u_axi_sram_direct/wb_fwd_w_r[31]_i_9/O
                         net (fo=26, unplaced)        0.413     4.518    u_soc_top/u_axi_sram_direct/wb_fwd_w_r[31]_i_9_n_0
                         LUT6 (Prop_lut6_I4_O)        0.105     4.623 f  u_soc_top/u_axi_sram_direct/wb_fwd_w_r[15]_i_5/O
                         net (fo=2, unplaced)         0.358     4.981    u_soc_top/u_axi_sram_direct/wb_fwd_w_r[15]_i_5_n_0
                         LUT5 (Prop_lut5_I2_O)        0.105     5.086 r  u_soc_top/u_axi_sram_direct/wb_full_w_r_i_12/O
                         net (fo=1, unplaced)         0.347     5.433    u_soc_top/u_axi_sram_direct/wb_full_w_r_i_12_n_0
                         LUT6 (Prop_lut6_I5_O)        0.105     5.538 r  u_soc_top/u_axi_sram_direct/wb_full_w_r_i_5/O
                         net (fo=5, unplaced)         0.375     5.913    u_soc_top/u_axi_sram_direct/wb_full_w_r_i_5_n_0
                         LUT6 (Prop_lut6_I0_O)        0.105     6.018 r  u_soc_top/u_axi_sram_direct/base_ram_addr_out_r[7]_rep_i_3/O
                         net (fo=15, unplaced)        0.400     6.418    u_soc_top/u_axi_sram_direct/base_ram_addr_out_r[7]_rep_i_3_n_0
                         LUT6 (Prop_lut6_I5_O)        0.105     6.523 r  u_soc_top/u_axi_sram_direct/base_ram_addr_out_r[10]_rep_i_1/O
                         net (fo=2, unplaced)         0.646     7.169    u_soc_top/u_axi_sram_direct/ram_addr_out[10]
    OLOGIC_X0Y82         FDRE                                         r  u_soc_top/u_axi_sram_direct/base_ram_addr_out_r_reg[10]_rep/D
  -------------------------------------------------------------------    -------------------

                         (clock cpu_clk rise edge)   10.000    10.000 r  
    K21                                               0.000    10.000 r  clk_50M (IN)
                         net (fo=0)                   0.000    10.000    u_soc_top/pll_clk.u_clk_pll/inst/clk_in1
    K21                  IBUF (Prop_ibuf_I_O)         1.328    11.328 r  u_soc_top/pll_clk.u_clk_pll/inst/clkin1_ibufg/O
                         net (fo=1, unplaced)         0.439    11.767    u_soc_top/pll_clk.u_clk_pll/inst/clk_in1_clk_pll
                         PLLE2_ADV (Prop_plle2_adv_CLKIN1_CLKOUT0)
                                                     -5.039     6.728 r  u_soc_top/pll_clk.u_clk_pll/inst/plle2_adv_inst/CLKOUT0
                         net (fo=1, unplaced)         0.613     7.341    u_soc_top/pll_clk.u_clk_pll/inst/cpu_clk_clk_pll
                         BUFG (Prop_bufg_I_O)         0.077     7.418 r  u_soc_top/pll_clk.u_clk_pll/inst/clkout1_buf/O
                         net (fo=4537, unplaced)      0.613     8.032    u_soc_top/u_axi_sram_direct/cpu_clk
    OLOGIC_X0Y82         FDRE                                         r  u_soc_top/u_axi_sram_direct/base_ram_addr_out_r_reg[10]_rep/C
                         clock pessimism             -0.496     7.535    
                         clock uncertainty           -0.094     7.441    
    OLOGIC_X0Y82         FDRE (Setup_fdre_C_D)       -0.707     6.734    u_soc_top/u_axi_sram_direct/base_ram_addr_out_r_reg[10]_rep
  -------------------------------------------------------------------
                         required time                          6.734    
                         arrival time                          -7.169    
  -------------------------------------------------------------------
                         slack                                 -0.435    

Slack (VIOLATED) :        -0.435ns  (required time - arrival time)
  Source:                 u_soc_top/u_cpu/u_core/reg_ex_mem0_ctrl/data_out_reg[6]/C
                            (rising edge-triggered cell FDRE clocked by cpu_clk  {rise@0.000ns fall@5.000ns period=10.000ns})
  Destination:            u_soc_top/u_axi_sram_direct/base_ram_addr_out_r_reg[10]_rep/D
                            (rising edge-triggered cell FDRE clocked by cpu_clk  {rise@0.000ns fall@5.000ns period=10.000ns})
  Path Group:             cpu_clk
  Path Type:              Setup (Max at Slow Process Corner)
  Requirement:            10.000ns  (cpu_clk rise@10.000ns - cpu_clk rise@0.000ns)
  Data Path Delay:        9.602ns  (logic 2.661ns (27.714%)  route 6.941ns (72.286%))
  Logic Levels:           16  (CARRY4=1 LUT3=2 LUT5=5 LUT6=8)
  Clock Path Skew:        -0.032ns (DCD - SCD + CPR)
    Destination Clock Delay (DCD):    -1.968ns = ( 8.032 - 10.000 ) 
    Source Clock Delay      (SCD):    -2.433ns
    Clock Pessimism Removal (CPR):    -0.496ns
  Clock Uncertainty:      0.094ns  ((TSJ^2 + DJ^2)^1/2) / 2 + PE
    Total System Jitter     (TSJ):    0.071ns
    Discrete Jitter          (DJ):    0.175ns
    Phase Error              (PE):    0.000ns

    Location             Delay type                Incr(ns)  Path(ns)    Netlist Resource(s)
  -------------------------------------------------------------------    -------------------
                         (clock cpu_clk rise edge)    0.000     0.000 r  
    K21                                               0.000     0.000 r  clk_50M (IN)
                         net (fo=0)                   0.000     0.000    u_soc_top/pll_clk.u_clk_pll/inst/clk_in1
    K21                  IBUF (Prop_ibuf_I_O)         1.394     1.394 r  u_soc_top/pll_clk.u_clk_pll/inst/clkin1_ibufg/O
                         net (fo=1, unplaced)         0.584     1.978    u_soc_top/pll_clk.u_clk_pll/inst/clk_in1_clk_pll
                         PLLE2_ADV (Prop_plle2_adv_CLKIN1_CLKOUT0)
                                                     -5.783    -3.805 r  u_soc_top/pll_clk.u_clk_pll/inst/plle2_adv_inst/CLKOUT0
                         net (fo=1, unplaced)         0.646    -3.159    u_soc_top/pll_clk.u_clk_pll/inst/cpu_clk_clk_pll
                         BUFG (Prop_bufg_I_O)         0.081    -3.078 r  u_soc_top/pll_clk.u_clk_pll/inst/clkout1_buf/O
                         net (fo=4537, unplaced)      0.646    -2.433    u_soc_top/u_cpu/u_core/reg_ex_mem0_ctrl/cpu_clk
                         FDRE                                         r  u_soc_top/u_cpu/u_core/reg_ex_mem0_ctrl/data_out_reg[6]/C
  -------------------------------------------------------------------    -------------------
                         FDRE (Prop_fdre_C_Q)         0.379    -2.054 f  u_soc_top/u_cpu/u_core/reg_ex_mem0_ctrl/data_out_reg[6]/Q
                         net (fo=124, unplaced)       0.704    -1.350    u_soc_top/u_cpu/u_core/reg_ex_mem0_ctrl/ex_mem0_out[ctrl][valid]
                         LUT3 (Prop_lut3_I0_O)        0.232    -1.118 f  u_soc_top/u_cpu/u_core/reg_ex_mem0_ctrl/wdata_stored[31]_i_5/O
                         net (fo=102, unplaced)       0.447    -0.671    u_soc_top/u_cpu/u_core/reg_ex_mem1_data/wdata_stored_reg[8]
                         LUT5 (Prop_lut5_I3_O)        0.105    -0.566 r  u_soc_top/u_cpu/u_core/reg_ex_mem1_data/wstrb_stored[2]_i_2/O
                         net (fo=7, unplaced)         0.617     0.051    u_soc_top/u_cpu/u_core/reg_ex_mem1_data/data_out_reg[34]_0
                         LUT6 (Prop_lut6_I0_O)        0.105     0.156 r  u_soc_top/u_cpu/u_core/reg_ex_mem1_data/r_addr[31]_i_5/O
                         net (fo=12, unplaced)        0.395     0.551    u_soc_top/u_cpu/u_core/reg_ex_mem1_ctrl/ar_preview_addr_r_reg[25]
                         LUT6 (Prop_lut6_I5_O)        0.105     0.656 f  u_soc_top/u_cpu/u_core/reg_ex_mem1_ctrl/r_addr[31]_i_4/O
                         net (fo=68, unplaced)        0.437     1.093    u_soc_top/u_cpu/u_core/reg_ex_mem1_ctrl/FSM_sequential_state_reg
                         LUT5 (Prop_lut5_I3_O)        0.105     1.198 r  u_soc_top/u_cpu/u_core/reg_ex_mem1_ctrl/ar_preview_addr_r[31]_i_2/O
                         net (fo=2, unplaced)         0.478     1.676    u_soc_top/u_cpu/u_arbiter/ar_preview_addr_r_reg[31]_0
                         LUT6 (Prop_lut6_I3_O)        0.105     1.781 r  u_soc_top/u_cpu/u_arbiter/ar_preview_addr_r[31]_i_1/O
                         net (fo=2, unplaced)         0.352     2.133    u_soc_top/u_axi_sram_direct/D[29]
                         LUT3 (Prop_lut3_I0_O)        0.105     2.238 f  u_soc_top/u_axi_sram_direct/wb_cover_line_r[14]_i_26/O
                         net (fo=8, unplaced)         0.385     2.623    u_soc_top/u_axi_sram_direct/wb_cover_line_r[14]_i_26_n_0
                         LUT6 (Prop_lut6_I0_O)        0.105     2.728 r  u_soc_top/u_axi_sram_direct/wb_fwd_w_r[31]_i_32/O
                         net (fo=1, unplaced)         0.347     3.075    u_soc_top/u_axi_sram_direct/wb_fwd_w_r[31]_i_32_n_0
                         LUT5 (Prop_lut5_I4_O)        0.105     3.180 r  u_soc_top/u_axi_sram_direct/wb_fwd_w_r[31]_i_17/O
                         net (fo=1, unplaced)         0.000     3.180    u_soc_top/u_axi_sram_direct/wb_fwd_w_r[31]_i_17_n_0
                         CARRY4 (Prop_carry4_S[1]_CO[1])
                                                      0.408     3.588 f  u_soc_top/u_axi_sram_direct/wb_fwd_w_r_reg[31]_i_12/CO[1]
                         net (fo=1, unplaced)         0.240     3.828    u_soc_top/u_axi_sram_direct/wb_cover_ar11_out
                         LUT5 (Prop_lut5_I4_O)        0.277     4.105 f  u_soc_top/u_axi_sram_direct/wb_fwd_w_r[31]_i_9/O
                         net (fo=26, unplaced)        0.413     4.518    u_soc_top/u_axi_sram_direct/wb_fwd_w_r[31]_i_9_n_0
                         LUT6 (Prop_lut6_I4_O)        0.105     4.623 f  u_soc_top/u_axi_sram_direct/wb_fwd_w_r[15]_i_5/O
                         net (fo=2, unplaced)         0.358     4.981    u_soc_top/u_axi_sram_direct/wb_fwd_w_r[15]_i_5_n_0
                         LUT5 (Prop_lut5_I2_O)        0.105     5.086 r  u_soc_top/u_axi_sram_direct/wb_full_w_r_i_12/O
                         net (fo=1, unplaced)         0.347     5.433    u_soc_top/u_axi_sram_direct/wb_full_w_r_i_12_n_0
                         LUT6 (Prop_lut6_I5_O)        0.105     5.538 r  u_soc_top/u_axi_sram_direct/wb_full_w_r_i_5/O
                         net (fo=5, unplaced)         0.375     5.913    u_soc_top/u_axi_sram_direct/wb_full_w_r_i_5_n_0
                         LUT6 (Prop_lut6_I0_O)        0.105     6.018 r  u_soc_top/u_axi_sram_direct/base_ram_addr_out_r[7]_rep_i_3/O
                         net (fo=15, unplaced)        0.400     6.418    u_soc_top/u_axi_sram_direct/base_ram_addr_out_r[7]_rep_i_3_n_0
                         LUT6 (Prop_lut6_I5_O)        0.105     6.523 r  u_soc_top/u_axi_sram_direct/base_ram_addr_out_r[10]_rep_i_1/O
                         net (fo=2, unplaced)         0.646     7.169    u_soc_top/u_axi_sram_direct/ram_addr_out[10]
    OLOGIC_X0Y82         FDRE                                         r  u_soc_top/u_axi_sram_direct/base_ram_addr_out_r_reg[10]_rep/D
  -------------------------------------------------------------------    -------------------

                         (clock cpu_clk rise edge)   10.000    10.000 r  
    K21                                               0.000    10.000 r  clk_50M (IN)
                         net (fo=0)                   0.000    10.000    u_soc_top/pll_clk.u_clk_pll/inst/clk_in1
    K21                  IBUF (Prop_ibuf_I_O)         1.328    11.328 r  u_soc_top/pll_clk.u_clk_pll/inst/clkin1_ibufg/O
                         net (fo=1, unplaced)         0.439    11.767    u_soc_top/pll_clk.u_clk_pll/inst/clk_in1_clk_pll
                         PLLE2_ADV (Prop_plle2_adv_CLKIN1_CLKOUT0)
                                                     -5.039     6.728 r  u_soc_top/pll_clk.u_clk_pll/inst/plle2_adv_inst/CLKOUT0
                         net (fo=1, unplaced)         0.613     7.341    u_soc_top/pll_clk.u_clk_pll/inst/cpu_clk_clk_pll
                         BUFG (Prop_bufg_I_O)         0.077     7.418 r  u_soc_top/pll_clk.u_clk_pll/inst/clkout1_buf/O
                         net (fo=4537, unplaced)      0.613     8.032    u_soc_top/u_axi_sram_direct/cpu_clk
    OLOGIC_X0Y82         FDRE                                         r  u_soc_top/u_axi_sram_direct/base_ram_addr_out_r_reg[10]_rep/C
                         clock pessimism             -0.496     7.535    
                         clock uncertainty           -0.094     7.441    
    OLOGIC_X0Y82         FDRE (Setup_fdre_C_D)       -0.707     6.734    u_soc_top/u_axi_sram_direct/base_ram_addr_out_r_reg[10]_rep
  -------------------------------------------------------------------
                         required time                          6.734    
                         arrival time                          -7.169    
  -------------------------------------------------------------------
                         slack                                 -0.435    

Slack (VIOLATED) :        -0.435ns  (required time - arrival time)
  Source:                 u_soc_top/u_cpu/u_core/reg_ex_mem0_ctrl/data_out_reg[6]/C
                            (rising edge-triggered cell FDRE clocked by cpu_clk  {rise@0.000ns fall@5.000ns period=10.000ns})
  Destination:            u_soc_top/u_axi_sram_direct/base_ram_addr_out_r_reg[10]_rep/D
                            (rising edge-triggered cell FDRE clocked by cpu_clk  {rise@0.000ns fall@5.000ns period=10.000ns})
  Path Group:             cpu_clk
  Path Type:              Setup (Max at Slow Process Corner)
  Requirement:            10.000ns  (cpu_clk rise@10.000ns - cpu_clk rise@0.000ns)
  Data Path Delay:        9.602ns  (logic 2.661ns (27.714%)  route 6.941ns (72.286%))
  Logic Levels:           16  (CARRY4=1 LUT3=2 LUT5=5 LUT6=8)
  Clock Path Skew:        -0.032ns (DCD - SCD + CPR)
    Destination Clock Delay (DCD):    -1.968ns = ( 8.032 - 10.000 ) 
    Source Clock Delay      (SCD):    -2.433ns
    Clock Pessimism Removal (CPR):    -0.496ns
  Clock Uncertainty:      0.094ns  ((TSJ^2 + DJ^2)^1/2) / 2 + PE
    Total System Jitter     (TSJ):    0.071ns
    Discrete Jitter          (DJ):    0.175ns
    Phase Error              (PE):    0.000ns

    Location             Delay type                Incr(ns)  Path(ns)    Netlist Resource(s)
  -------------------------------------------------------------------    -------------------
                         (clock cpu_clk rise edge)    0.000     0.000 r  
    K21                                               0.000     0.000 r  clk_50M (IN)
                         net (fo=0)                   0.000     0.000    u_soc_top/pll_clk.u_clk_pll/inst/clk_in1
    K21                  IBUF (Prop_ibuf_I_O)         1.394     1.394 r  u_soc_top/pll_clk.u_clk_pll/inst/clkin1_ibufg/O
                         net (fo=1, unplaced)         0.584     1.978    u_soc_top/pll_clk.u_clk_pll/inst/clk_in1_clk_pll
                         PLLE2_ADV (Prop_plle2_adv_CLKIN1_CLKOUT0)
                                                     -5.783    -3.805 r  u_soc_top/pll_clk.u_clk_pll/inst/plle2_adv_inst/CLKOUT0
                         net (fo=1, unplaced)         0.646    -3.159    u_soc_top/pll_clk.u_clk_pll/inst/cpu_clk_clk_pll
                         BUFG (Prop_bufg_I_O)         0.081    -3.078 r  u_soc_top/pll_clk.u_clk_pll/inst/clkout1_buf/O
                         net (fo=4537, unplaced)      0.646    -2.433    u_soc_top/u_cpu/u_core/reg_ex_mem0_ctrl/cpu_clk
                         FDRE                                         r  u_soc_top/u_cpu/u_core/reg_ex_mem0_ctrl/data_out_reg[6]/C
  -------------------------------------------------------------------    -------------------
                         FDRE (Prop_fdre_C_Q)         0.379    -2.054 r  u_soc_top/u_cpu/u_core/reg_ex_mem0_ctrl/data_out_reg[6]/Q
                         net (fo=124, unplaced)       0.704    -1.350    u_soc_top/u_cpu/u_core/reg_ex_mem0_ctrl/ex_mem0_out[ctrl][valid]
                         LUT3 (Prop_lut3_I0_O)        0.232    -1.118 r  u_soc_top/u_cpu/u_core/reg_ex_mem0_ctrl/wdata_stored[31]_i_5/O
                         net (fo=102, unplaced)       0.447    -0.671    u_soc_top/u_cpu/u_core/reg_ex_mem1_data/wdata_stored_reg[8]
                         LUT5 (Prop_lut5_I3_O)        0.105    -0.566 f  u_soc_top/u_cpu/u_core/reg_ex_mem1_data/wstrb_stored[2]_i_2/O
                         net (fo=7, unplaced)         0.617     0.051    u_soc_top/u_cpu/u_core/reg_ex_mem1_data/data_out_reg[34]_0
                         LUT6 (Prop_lut6_I0_O)        0.105     0.156 f  u_soc_top/u_cpu/u_core/reg_ex_mem1_data/r_addr[31]_i_5/O
                         net (fo=12, unplaced)        0.395     0.551    u_soc_top/u_cpu/u_core/reg_ex_mem1_ctrl/ar_preview_addr_r_reg[25]
                         LUT6 (Prop_lut6_I5_O)        0.105     0.656 r  u_soc_top/u_cpu/u_core/reg_ex_mem1_ctrl/r_addr[31]_i_4/O
                         net (fo=68, unplaced)        0.437     1.093    u_soc_top/u_cpu/u_core/reg_ex_mem1_ctrl/FSM_sequential_state_reg
                         LUT5 (Prop_lut5_I3_O)        0.105     1.198 f  u_soc_top/u_cpu/u_core/reg_ex_mem1_ctrl/ar_preview_addr_r[31]_i_2/O
                         net (fo=2, unplaced)         0.478     1.676    u_soc_top/u_cpu/u_arbiter/ar_preview_addr_r_reg[31]_0
                         LUT6 (Prop_lut6_I3_O)        0.105     1.781 f  u_soc_top/u_cpu/u_arbiter/ar_preview_addr_r[31]_i_1/O
                         net (fo=2, unplaced)         0.352     2.133    u_soc_top/u_axi_sram_direct/D[29]
                         LUT3 (Prop_lut3_I0_O)        0.105     2.238 r  u_soc_top/u_axi_sram_direct/wb_cover_line_r[14]_i_26/O
                         net (fo=8, unplaced)         0.385     2.623    u_soc_top/u_axi_sram_direct/wb_cover_line_r[14]_i_26_n_0
                         LUT6 (Prop_lut6_I0_O)        0.105     2.728 f  u_soc_top/u_axi_sram_direct/wb_fwd_w_r[31]_i_32/O
                         net (fo=1, unplaced)         0.347     3.075    u_soc_top/u_axi_sram_direct/wb_fwd_w_r[31]_i_32_n_0
                         LUT5 (Prop_lut5_I4_O)        0.105     3.180 f  u_soc_top/u_axi_sram_direct/wb_fwd_w_r[31]_i_17/O
                         net (fo=1, unplaced)         0.000     3.180    u_soc_top/u_axi_sram_direct/wb_fwd_w_r[31]_i_17_n_0
                         CARRY4 (Prop_carry4_S[1]_CO[1])
                                                      0.408     3.588 f  u_soc_top/u_axi_sram_direct/wb_fwd_w_r_reg[31]_i_12/CO[1]
                         net (fo=1, unplaced)         0.240     3.828    u_soc_top/u_axi_sram_direct/wb_cover_ar11_out
                         LUT5 (Prop_lut5_I4_O)        0.277     4.105 f  u_soc_top/u_axi_sram_direct/wb_fwd_w_r[31]_i_9/O
                         net (fo=26, unplaced)        0.413     4.518    u_soc_top/u_axi_sram_direct/wb_fwd_w_r[31]_i_9_n_0
                         LUT6 (Prop_lut6_I4_O)        0.105     4.623 f  u_soc_top/u_axi_sram_direct/wb_fwd_w_r[15]_i_5/O
                         net (fo=2, unplaced)         0.358     4.981    u_soc_top/u_axi_sram_direct/wb_fwd_w_r[15]_i_5_n_0
                         LUT5 (Prop_lut5_I2_O)        0.105     5.086 r  u_soc_top/u_axi_sram_direct/wb_full_w_r_i_12/O
                         net (fo=1, unplaced)         0.347     5.433    u_soc_top/u_axi_sram_direct/wb_full_w_r_i_12_n_0
                         LUT6 (Prop_lut6_I5_O)        0.105     5.538 r  u_soc_top/u_axi_sram_direct/wb_full_w_r_i_5/O
                         net (fo=5, unplaced)         0.375     5.913    u_soc_top/u_axi_sram_direct/wb_full_w_r_i_5_n_0
                         LUT6 (Prop_lut6_I0_O)        0.105     6.018 r  u_soc_top/u_axi_sram_direct/base_ram_addr_out_r[7]_rep_i_3/O
                         net (fo=15, unplaced)        0.400     6.418    u_soc_top/u_axi_sram_direct/base_ram_addr_out_r[7]_rep_i_3_n_0
                         LUT6 (Prop_lut6_I5_O)        0.105     6.523 r  u_soc_top/u_axi_sram_direct/base_ram_addr_out_r[10]_rep_i_1/O
                         net (fo=2, unplaced)         0.646     7.169    u_soc_top/u_axi_sram_direct/ram_addr_out[10]
    OLOGIC_X0Y82         FDRE                                         r  u_soc_top/u_axi_sram_direct/base_ram_addr_out_r_reg[10]_rep/D
  -------------------------------------------------------------------    -------------------

                         (clock cpu_clk rise edge)   10.000    10.000 r  
    K21                                               0.000    10.000 r  clk_50M (IN)
                         net (fo=0)                   0.000    10.000    u_soc_top/pll_clk.u_clk_pll/inst/clk_in1
    K21                  IBUF (Prop_ibuf_I_O)         1.328    11.328 r  u_soc_top/pll_clk.u_clk_pll/inst/clkin1_ibufg/O
                         net (fo=1, unplaced)         0.439    11.767    u_soc_top/pll_clk.u_clk_pll/inst/clk_in1_clk_pll
                         PLLE2_ADV (Prop_plle2_adv_CLKIN1_CLKOUT0)
                                                     -5.039     6.728 r  u_soc_top/pll_clk.u_clk_pll/inst/plle2_adv_inst/CLKOUT0
                         net (fo=1, unplaced)         0.613     7.341    u_soc_top/pll_clk.u_clk_pll/inst/cpu_clk_clk_pll
                         BUFG (Prop_bufg_I_O)         0.077     7.418 r  u_soc_top/pll_clk.u_clk_pll/inst/clkout1_buf/O
                         net (fo=4537, unplaced)      0.613     8.032    u_soc_top/u_axi_sram_direct/cpu_clk
    OLOGIC_X0Y82         FDRE                                         r  u_soc_top/u_axi_sram_direct/base_ram_addr_out_r_reg[10]_rep/C
                         clock pessimism             -0.496     7.535    
                         clock uncertainty           -0.094     7.441    
    OLOGIC_X0Y82         FDRE (Setup_fdre_C_D)       -0.707     6.734    u_soc_top/u_axi_sram_direct/base_ram_addr_out_r_reg[10]_rep
  -------------------------------------------------------------------
                         required time                          6.734    
                         arrival time                          -7.169    
  -------------------------------------------------------------------
                         slack                                 -0.435    

Slack (VIOLATED) :        -0.435ns  (required time - arrival time)
  Source:                 u_soc_top/u_cpu/u_core/reg_ex_mem0_ctrl/data_out_reg[6]/C
                            (rising edge-triggered cell FDRE clocked by cpu_clk  {rise@0.000ns fall@5.000ns period=10.000ns})
  Destination:            u_soc_top/u_axi_sram_direct/base_ram_addr_out_r_reg[10]_rep/D
                            (rising edge-triggered cell FDRE clocked by cpu_clk  {rise@0.000ns fall@5.000ns period=10.000ns})
  Path Group:             cpu_clk
  Path Type:              Setup (Max at Slow Process Corner)
  Requirement:            10.000ns  (cpu_clk rise@10.000ns - cpu_clk rise@0.000ns)
  Data Path Delay:        9.602ns  (logic 2.661ns (27.714%)  route 6.941ns (72.286%))
  Logic Levels:           16  (CARRY4=1 LUT3=2 LUT5=5 LUT6=8)
  Clock Path Skew:        -0.032ns (DCD - SCD + CPR)
    Destination Clock Delay (DCD):    -1.968ns = ( 8.032 - 10.000 ) 
    Source Clock Delay      (SCD):    -2.433ns
    Clock Pessimism Removal (CPR):    -0.496ns
  Clock Uncertainty:      0.094ns  ((TSJ^2 + DJ^2)^1/2) / 2 + PE
    Total System Jitter     (TSJ):    0.071ns
    Discrete Jitter          (DJ):    0.175ns
    Phase Error              (PE):    0.000ns

    Location             Delay type                Incr(ns)  Path(ns)    Netlist Resource(s)
  -------------------------------------------------------------------    -------------------
                         (clock cpu_clk rise edge)    0.000     0.000 r  
    K21                                               0.000     0.000 r  clk_50M (IN)
                         net (fo=0)                   0.000     0.000    u_soc_top/pll_clk.u_clk_pll/inst/clk_in1
    K21                  IBUF (Prop_ibuf_I_O)         1.394     1.394 r  u_soc_top/pll_clk.u_clk_pll/inst/clkin1_ibufg/O
                         net (fo=1, unplaced)         0.584     1.978    u_soc_top/pll_clk.u_clk_pll/inst/clk_in1_clk_pll
                         PLLE2_ADV (Prop_plle2_adv_CLKIN1_CLKOUT0)
                                                     -5.783    -3.805 r  u_soc_top/pll_clk.u_clk_pll/inst/plle2_adv_inst/CLKOUT0
                         net (fo=1, unplaced)         0.646    -3.159    u_soc_top/pll_clk.u_clk_pll/inst/cpu_clk_clk_pll
                         BUFG (Prop_bufg_I_O)         0.081    -3.078 r  u_soc_top/pll_clk.u_clk_pll/inst/clkout1_buf/O
                         net (fo=4537, unplaced)      0.646    -2.433    u_soc_top/u_cpu/u_core/reg_ex_mem0_ctrl/cpu_clk
                         FDRE                                         r  u_soc_top/u_cpu/u_core/reg_ex_mem0_ctrl/data_out_reg[6]/C
  -------------------------------------------------------------------    -------------------
                         FDRE (Prop_fdre_C_Q)         0.379    -2.054 r  u_soc_top/u_cpu/u_core/reg_ex_mem0_ctrl/data_out_reg[6]/Q
                         net (fo=124, unplaced)       0.704    -1.350    u_soc_top/u_cpu/u_core/reg_ex_mem0_ctrl/ex_mem0_out[ctrl][valid]
                         LUT3 (Prop_lut3_I0_O)        0.232    -1.118 r  u_soc_top/u_cpu/u_core/reg_ex_mem0_ctrl/wdata_stored[31]_i_5/O
                         net (fo=102, unplaced)       0.447    -0.671    u_soc_top/u_cpu/u_core/reg_ex_mem1_data/wdata_stored_reg[8]
                         LUT5 (Prop_lut5_I3_O)        0.105    -0.566 r  u_soc_top/u_cpu/u_core/reg_ex_mem1_data/wstrb_stored[2]_i_2/O
                         net (fo=7, unplaced)         0.617     0.051    u_soc_top/u_cpu/u_core/reg_ex_mem1_data/data_out_reg[34]_0
                         LUT6 (Prop_lut6_I0_O)        0.105     0.156 r  u_soc_top/u_cpu/u_core/reg_ex_mem1_data/r_addr[31]_i_5/O
                         net (fo=12, unplaced)        0.395     0.551    u_soc_top/u_cpu/u_core/reg_ex_mem1_ctrl/ar_preview_addr_r_reg[25]
                         LUT6 (Prop_lut6_I5_O)        0.105     0.656 f  u_soc_top/u_cpu/u_core/reg_ex_mem1_ctrl/r_addr[31]_i_4/O
                         net (fo=68, unplaced)        0.437     1.093    u_soc_top/u_cpu/u_core/reg_ex_mem1_ctrl/FSM_sequential_state_reg
                         LUT5 (Prop_lut5_I3_O)        0.105     1.198 f  u_soc_top/u_cpu/u_core/reg_ex_mem1_ctrl/ar_preview_addr_r[31]_i_2/O
                         net (fo=2, unplaced)         0.478     1.676    u_soc_top/u_cpu/u_arbiter/ar_preview_addr_r_reg[31]_0
                         LUT6 (Prop_lut6_I3_O)        0.105     1.781 f  u_soc_top/u_cpu/u_arbiter/ar_preview_addr_r[31]_i_1/O
                         net (fo=2, unplaced)         0.352     2.133    u_soc_top/u_axi_sram_direct/D[29]
                         LUT3 (Prop_lut3_I0_O)        0.105     2.238 r  u_soc_top/u_axi_sram_direct/wb_cover_line_r[14]_i_26/O
                         net (fo=8, unplaced)         0.385     2.623    u_soc_top/u_axi_sram_direct/wb_cover_line_r[14]_i_26_n_0
                         LUT6 (Prop_lut6_I0_O)        0.105     2.728 f  u_soc_top/u_axi_sram_direct/wb_fwd_w_r[31]_i_32/O
                         net (fo=1, unplaced)         0.347     3.075    u_soc_top/u_axi_sram_direct/wb_fwd_w_r[31]_i_32_n_0
                         LUT5 (Prop_lut5_I4_O)        0.105     3.180 f  u_soc_top/u_axi_sram_direct/wb_fwd_w_r[31]_i_17/O
                         net (fo=1, unplaced)         0.000     3.180    u_soc_top/u_axi_sram_direct/wb_fwd_w_r[31]_i_17_n_0
                         CARRY4 (Prop_carry4_S[1]_CO[1])
                                                      0.408     3.588 f  u_soc_top/u_axi_sram_direct/wb_fwd_w_r_reg[31]_i_12/CO[1]
                         net (fo=1, unplaced)         0.240     3.828    u_soc_top/u_axi_sram_direct/wb_cover_ar11_out
                         LUT5 (Prop_lut5_I4_O)        0.277     4.105 f  u_soc_top/u_axi_sram_direct/wb_fwd_w_r[31]_i_9/O
                         net (fo=26, unplaced)        0.413     4.518    u_soc_top/u_axi_sram_direct/wb_fwd_w_r[31]_i_9_n_0
                         LUT6 (Prop_lut6_I4_O)        0.105     4.623 f  u_soc_top/u_axi_sram_direct/wb_fwd_w_r[15]_i_5/O
                         net (fo=2, unplaced)         0.358     4.981    u_soc_top/u_axi_sram_direct/wb_fwd_w_r[15]_i_5_n_0
                         LUT5 (Prop_lut5_I2_O)        0.105     5.086 r  u_soc_top/u_axi_sram_direct/wb_full_w_r_i_12/O
                         net (fo=1, unplaced)         0.347     5.433    u_soc_top/u_axi_sram_direct/wb_full_w_r_i_12_n_0
                         LUT6 (Prop_lut6_I5_O)        0.105     5.538 r  u_soc_top/u_axi_sram_direct/wb_full_w_r_i_5/O
                         net (fo=5, unplaced)         0.375     5.913    u_soc_top/u_axi_sram_direct/wb_full_w_r_i_5_n_0
                         LUT6 (Prop_lut6_I0_O)        0.105     6.018 r  u_soc_top/u_axi_sram_direct/base_ram_addr_out_r[7]_rep_i_3/O
                         net (fo=15, unplaced)        0.400     6.418    u_soc_top/u_axi_sram_direct/base_ram_addr_out_r[7]_rep_i_3_n_0
                         LUT6 (Prop_lut6_I5_O)        0.105     6.523 r  u_soc_top/u_axi_sram_direct/base_ram_addr_out_r[10]_rep_i_1/O
                         net (fo=2, unplaced)         0.646     7.169    u_soc_top/u_axi_sram_direct/ram_addr_out[10]
    OLOGIC_X0Y82         FDRE                                         r  u_soc_top/u_axi_sram_direct/base_ram_addr_out_r_reg[10]_rep/D
  -------------------------------------------------------------------    -------------------

                         (clock cpu_clk rise edge)   10.000    10.000 r  
    K21                                               0.000    10.000 r  clk_50M (IN)
                         net (fo=0)                   0.000    10.000    u_soc_top/pll_clk.u_clk_pll/inst/clk_in1
    K21                  IBUF (Prop_ibuf_I_O)         1.328    11.328 r  u_soc_top/pll_clk.u_clk_pll/inst/clkin1_ibufg/O
                         net (fo=1, unplaced)         0.439    11.767    u_soc_top/pll_clk.u_clk_pll/inst/clk_in1_clk_pll
                         PLLE2_ADV (Prop_plle2_adv_CLKIN1_CLKOUT0)
                                                     -5.039     6.728 r  u_soc_top/pll_clk.u_clk_pll/inst/plle2_adv_inst/CLKOUT0
                         net (fo=1, unplaced)         0.613     7.341    u_soc_top/pll_clk.u_clk_pll/inst/cpu_clk_clk_pll
                         BUFG (Prop_bufg_I_O)         0.077     7.418 r  u_soc_top/pll_clk.u_clk_pll/inst/clkout1_buf/O
                         net (fo=4537, unplaced)      0.613     8.032    u_soc_top/u_axi_sram_direct/cpu_clk
    OLOGIC_X0Y82         FDRE                                         r  u_soc_top/u_axi_sram_direct/base_ram_addr_out_r_reg[10]_rep/C
                         clock pessimism             -0.496     7.535    
                         clock uncertainty           -0.094     7.441    
    OLOGIC_X0Y82         FDRE (Setup_fdre_C_D)       -0.707     6.734    u_soc_top/u_axi_sram_direct/base_ram_addr_out_r_reg[10]_rep
  -------------------------------------------------------------------
                         required time                          6.734    
                         arrival time                          -7.169    
  -------------------------------------------------------------------
                         slack                                 -0.435    

Slack (VIOLATED) :        -0.435ns  (required time - arrival time)
  Source:                 u_soc_top/u_cpu/u_core/reg_ex_mem0_ctrl/data_out_reg[6]/C
                            (rising edge-triggered cell FDRE clocked by cpu_clk  {rise@0.000ns fall@5.000ns period=10.000ns})
  Destination:            u_soc_top/u_axi_sram_direct/base_ram_addr_out_r_reg[10]_rep/D
                            (rising edge-triggered cell FDRE clocked by cpu_clk  {rise@0.000ns fall@5.000ns period=10.000ns})
  Path Group:             cpu_clk
  Path Type:              Setup (Max at Slow Process Corner)
  Requirement:            10.000ns  (cpu_clk rise@10.000ns - cpu_clk rise@0.000ns)
  Data Path Delay:        9.602ns  (logic 2.661ns (27.714%)  route 6.941ns (72.286%))
  Logic Levels:           16  (CARRY4=1 LUT3=2 LUT5=5 LUT6=8)
  Clock Path Skew:        -0.032ns (DCD - SCD + CPR)
    Destination Clock Delay (DCD):    -1.968ns = ( 8.032 - 10.000 ) 
    Source Clock Delay      (SCD):    -2.433ns
    Clock Pessimism Removal (CPR):    -0.496ns
  Clock Uncertainty:      0.094ns  ((TSJ^2 + DJ^2)^1/2) / 2 + PE
    Total System Jitter     (TSJ):    0.071ns
    Discrete Jitter          (DJ):    0.175ns
    Phase Error              (PE):    0.000ns

    Location             Delay type                Incr(ns)  Path(ns)    Netlist Resource(s)
  -------------------------------------------------------------------    -------------------
                         (clock cpu_clk rise edge)    0.000     0.000 r  
    K21                                               0.000     0.000 r  clk_50M (IN)
                         net (fo=0)                   0.000     0.000    u_soc_top/pll_clk.u_clk_pll/inst/clk_in1
    K21                  IBUF (Prop_ibuf_I_O)         1.394     1.394 r  u_soc_top/pll_clk.u_clk_pll/inst/clkin1_ibufg/O
                         net (fo=1, unplaced)         0.584     1.978    u_soc_top/pll_clk.u_clk_pll/inst/clk_in1_clk_pll
                         PLLE2_ADV (Prop_plle2_adv_CLKIN1_CLKOUT0)
                                                     -5.783    -3.805 r  u_soc_top/pll_clk.u_clk_pll/inst/plle2_adv_inst/CLKOUT0
                         net (fo=1, unplaced)         0.646    -3.159    u_soc_top/pll_clk.u_clk_pll/inst/cpu_clk_clk_pll
                         BUFG (Prop_bufg_I_O)         0.081    -3.078 r  u_soc_top/pll_clk.u_clk_pll/inst/clkout1_buf/O
                         net (fo=4537, unplaced)      0.646    -2.433    u_soc_top/u_cpu/u_core/reg_ex_mem0_ctrl/cpu_clk
                         FDRE                                         r  u_soc_top/u_cpu/u_core/reg_ex_mem0_ctrl/data_out_reg[6]/C
  -------------------------------------------------------------------    -------------------
                         FDRE (Prop_fdre_C_Q)         0.379    -2.054 r  u_soc_top/u_cpu/u_core/reg_ex_mem0_ctrl/data_out_reg[6]/Q
                         net (fo=124, unplaced)       0.704    -1.350    u_soc_top/u_cpu/u_core/reg_ex_mem0_ctrl/ex_mem0_out[ctrl][valid]
                         LUT3 (Prop_lut3_I0_O)        0.232    -1.118 r  u_soc_top/u_cpu/u_core/reg_ex_mem0_ctrl/wdata_stored[31]_i_5/O
                         net (fo=102, unplaced)       0.447    -0.671    u_soc_top/u_cpu/u_core/reg_ex_mem1_data/wdata_stored_reg[8]
                         LUT5 (Prop_lut5_I3_O)        0.105    -0.566 f  u_soc_top/u_cpu/u_core/reg_ex_mem1_data/wstrb_stored[2]_i_2/O
                         net (fo=7, unplaced)         0.617     0.051    u_soc_top/u_cpu/u_core/reg_ex_mem1_data/data_out_reg[34]_0
                         LUT6 (Prop_lut6_I0_O)        0.105     0.156 f  u_soc_top/u_cpu/u_core/reg_ex_mem1_data/r_addr[31]_i_5/O
                         net (fo=12, unplaced)        0.395     0.551    u_soc_top/u_cpu/u_core/reg_ex_mem1_ctrl/ar_preview_addr_r_reg[25]
                         LUT6 (Prop_lut6_I5_O)        0.105     0.656 r  u_soc_top/u_cpu/u_core/reg_ex_mem1_ctrl/r_addr[31]_i_4/O
                         net (fo=68, unplaced)        0.437     1.093    u_soc_top/u_cpu/u_core/reg_ex_mem1_ctrl/FSM_sequential_state_reg
                         LUT5 (Prop_lut5_I3_O)        0.105     1.198 r  u_soc_top/u_cpu/u_core/reg_ex_mem1_ctrl/ar_preview_addr_r[31]_i_2/O
                         net (fo=2, unplaced)         0.478     1.676    u_soc_top/u_cpu/u_arbiter/ar_preview_addr_r_reg[31]_0
                         LUT6 (Prop_lut6_I3_O)        0.105     1.781 r  u_soc_top/u_cpu/u_arbiter/ar_preview_addr_r[31]_i_1/O
                         net (fo=2, unplaced)         0.352     2.133    u_soc_top/u_axi_sram_direct/D[29]
                         LUT3 (Prop_lut3_I0_O)        0.105     2.238 f  u_soc_top/u_axi_sram_direct/wb_cover_line_r[14]_i_26/O
                         net (fo=8, unplaced)         0.385     2.623    u_soc_top/u_axi_sram_direct/wb_cover_line_r[14]_i_26_n_0
                         LUT6 (Prop_lut6_I0_O)        0.105     2.728 f  u_soc_top/u_axi_sram_direct/wb_fwd_w_r[31]_i_32/O
                         net (fo=1, unplaced)         0.347     3.075    u_soc_top/u_axi_sram_direct/wb_fwd_w_r[31]_i_32_n_0
                         LUT5 (Prop_lut5_I4_O)        0.105     3.180 f  u_soc_top/u_axi_sram_direct/wb_fwd_w_r[31]_i_17/O
                         net (fo=1, unplaced)         0.000     3.180    u_soc_top/u_axi_sram_direct/wb_fwd_w_r[31]_i_17_n_0
                         CARRY4 (Prop_carry4_S[1]_CO[1])
                                                      0.408     3.588 f  u_soc_top/u_axi_sram_direct/wb_fwd_w_r_reg[31]_i_12/CO[1]
                         net (fo=1, unplaced)         0.240     3.828    u_soc_top/u_axi_sram_direct/wb_cover_ar11_out
                         LUT5 (Prop_lut5_I4_O)        0.277     4.105 f  u_soc_top/u_axi_sram_direct/wb_fwd_w_r[31]_i_9/O
                         net (fo=26, unplaced)        0.413     4.518    u_soc_top/u_axi_sram_direct/wb_fwd_w_r[31]_i_9_n_0
                         LUT6 (Prop_lut6_I4_O)        0.105     4.623 f  u_soc_top/u_axi_sram_direct/wb_fwd_w_r[15]_i_5/O
                         net (fo=2, unplaced)         0.358     4.981    u_soc_top/u_axi_sram_direct/wb_fwd_w_r[15]_i_5_n_0
                         LUT5 (Prop_lut5_I2_O)        0.105     5.086 r  u_soc_top/u_axi_sram_direct/wb_full_w_r_i_12/O
                         net (fo=1, unplaced)         0.347     5.433    u_soc_top/u_axi_sram_direct/wb_full_w_r_i_12_n_0
                         LUT6 (Prop_lut6_I5_O)        0.105     5.538 r  u_soc_top/u_axi_sram_direct/wb_full_w_r_i_5/O
                         net (fo=5, unplaced)         0.375     5.913    u_soc_top/u_axi_sram_direct/wb_full_w_r_i_5_n_0
                         LUT6 (Prop_lut6_I0_O)        0.105     6.018 r  u_soc_top/u_axi_sram_direct/base_ram_addr_out_r[7]_rep_i_3/O
                         net (fo=15, unplaced)        0.400     6.418    u_soc_top/u_axi_sram_direct/base_ram_addr_out_r[7]_rep_i_3_n_0
                         LUT6 (Prop_lut6_I5_O)        0.105     6.523 r  u_soc_top/u_axi_sram_direct/base_ram_addr_out_r[10]_rep_i_1/O
                         net (fo=2, unplaced)         0.646     7.169    u_soc_top/u_axi_sram_direct/ram_addr_out[10]
    OLOGIC_X0Y82         FDRE                                         r  u_soc_top/u_axi_sram_direct/base_ram_addr_out_r_reg[10]_rep/D
  -------------------------------------------------------------------    -------------------

                         (clock cpu_clk rise edge)   10.000    10.000 r  
    K21                                               0.000    10.000 r  clk_50M (IN)
                         net (fo=0)                   0.000    10.000    u_soc_top/pll_clk.u_clk_pll/inst/clk_in1
    K21                  IBUF (Prop_ibuf_I_O)         1.328    11.328 r  u_soc_top/pll_clk.u_clk_pll/inst/clkin1_ibufg/O
                         net (fo=1, unplaced)         0.439    11.767    u_soc_top/pll_clk.u_clk_pll/inst/clk_in1_clk_pll
                         PLLE2_ADV (Prop_plle2_adv_CLKIN1_CLKOUT0)
                                                     -5.039     6.728 r  u_soc_top/pll_clk.u_clk_pll/inst/plle2_adv_inst/CLKOUT0
                         net (fo=1, unplaced)         0.613     7.341    u_soc_top/pll_clk.u_clk_pll/inst/cpu_clk_clk_pll
                         BUFG (Prop_bufg_I_O)         0.077     7.418 r  u_soc_top/pll_clk.u_clk_pll/inst/clkout1_buf/O
                         net (fo=4537, unplaced)      0.613     8.032    u_soc_top/u_axi_sram_direct/cpu_clk
    OLOGIC_X0Y82         FDRE                                         r  u_soc_top/u_axi_sram_direct/base_ram_addr_out_r_reg[10]_rep/C
                         clock pessimism             -0.496     7.535    
                         clock uncertainty           -0.094     7.441    
    OLOGIC_X0Y82         FDRE (Setup_fdre_C_D)       -0.707     6.734    u_soc_top/u_axi_sram_direct/base_ram_addr_out_r_reg[10]_rep
  -------------------------------------------------------------------
                         required time                          6.734    
                         arrival time                          -7.169    
  -------------------------------------------------------------------
                         slack                                 -0.435    

Slack (VIOLATED) :        -0.435ns  (required time - arrival time)
  Source:                 u_soc_top/u_cpu/u_core/reg_ex_mem0_ctrl/data_out_reg[6]/C
                            (rising edge-triggered cell FDRE clocked by cpu_clk  {rise@0.000ns fall@5.000ns period=10.000ns})
  Destination:            u_soc_top/u_axi_sram_direct/base_ram_addr_out_r_reg[10]_rep/D
                            (rising edge-triggered cell FDRE clocked by cpu_clk  {rise@0.000ns fall@5.000ns period=10.000ns})
  Path Group:             cpu_clk
  Path Type:              Setup (Max at Slow Process Corner)
  Requirement:            10.000ns  (cpu_clk rise@10.000ns - cpu_clk rise@0.000ns)
  Data Path Delay:        9.602ns  (logic 2.661ns (27.714%)  route 6.941ns (72.286%))
  Logic Levels:           16  (CARRY4=1 LUT3=2 LUT5=5 LUT6=8)
  Clock Path Skew:        -0.032ns (DCD - SCD + CPR)
    Destination Clock Delay (DCD):    -1.968ns = ( 8.032 - 10.000 ) 
    Source Clock Delay      (SCD):    -2.433ns
    Clock Pessimism Removal (CPR):    -0.496ns
  Clock Uncertainty:      0.094ns  ((TSJ^2 + DJ^2)^1/2) / 2 + PE
    Total System Jitter     (TSJ):    0.071ns
    Discrete Jitter          (DJ):    0.175ns
    Phase Error              (PE):    0.000ns

    Location             Delay type                Incr(ns)  Path(ns)    Netlist Resource(s)
  -------------------------------------------------------------------    -------------------
                         (clock cpu_clk rise edge)    0.000     0.000 r  
    K21                                               0.000     0.000 r  clk_50M (IN)
                         net (fo=0)                   0.000     0.000    u_soc_top/pll_clk.u_clk_pll/inst/clk_in1
    K21                  IBUF (Prop_ibuf_I_O)         1.394     1.394 r  u_soc_top/pll_clk.u_clk_pll/inst/clkin1_ibufg/O
                         net (fo=1, unplaced)         0.584     1.978    u_soc_top/pll_clk.u_clk_pll/inst/clk_in1_clk_pll
                         PLLE2_ADV (Prop_plle2_adv_CLKIN1_CLKOUT0)
                                                     -5.783    -3.805 r  u_soc_top/pll_clk.u_clk_pll/inst/plle2_adv_inst/CLKOUT0
                         net (fo=1, unplaced)         0.646    -3.159    u_soc_top/pll_clk.u_clk_pll/inst/cpu_clk_clk_pll
                         BUFG (Prop_bufg_I_O)         0.081    -3.078 r  u_soc_top/pll_clk.u_clk_pll/inst/clkout1_buf/O
                         net (fo=4537, unplaced)      0.646    -2.433    u_soc_top/u_cpu/u_core/reg_ex_mem0_ctrl/cpu_clk
                         FDRE                                         r  u_soc_top/u_cpu/u_core/reg_ex_mem0_ctrl/data_out_reg[6]/C
  -------------------------------------------------------------------    -------------------
                         FDRE (Prop_fdre_C_Q)         0.379    -2.054 r  u_soc_top/u_cpu/u_core/reg_ex_mem0_ctrl/data_out_reg[6]/Q
                         net (fo=124, unplaced)       0.704    -1.350    u_soc_top/u_cpu/u_core/reg_ex_mem0_ctrl/ex_mem0_out[ctrl][valid]
                         LUT3 (Prop_lut3_I0_O)        0.232    -1.118 r  u_soc_top/u_cpu/u_core/reg_ex_mem0_ctrl/wdata_stored[31]_i_5/O
                         net (fo=102, unplaced)       0.447    -0.671    u_soc_top/u_cpu/u_core/reg_ex_mem1_data/wdata_stored_reg[8]
                         LUT5 (Prop_lut5_I3_O)        0.105    -0.566 r  u_soc_top/u_cpu/u_core/reg_ex_mem1_data/wstrb_stored[2]_i_2/O
                         net (fo=7, unplaced)         0.617     0.051    u_soc_top/u_cpu/u_core/reg_ex_mem1_data/data_out_reg[34]_0
                         LUT6 (Prop_lut6_I0_O)        0.105     0.156 r  u_soc_top/u_cpu/u_core/reg_ex_mem1_data/r_addr[31]_i_5/O
                         net (fo=12, unplaced)        0.395     0.551    u_soc_top/u_cpu/u_core/reg_ex_mem1_ctrl/ar_preview_addr_r_reg[25]
                         LUT6 (Prop_lut6_I5_O)        0.105     0.656 f  u_soc_top/u_cpu/u_core/reg_ex_mem1_ctrl/r_addr[31]_i_4/O
                         net (fo=68, unplaced)        0.437     1.093    u_soc_top/u_cpu/u_core/reg_ex_mem1_ctrl/FSM_sequential_state_reg
                         LUT5 (Prop_lut5_I3_O)        0.105     1.198 r  u_soc_top/u_cpu/u_core/reg_ex_mem1_ctrl/ar_preview_addr_r[31]_i_2/O
                         net (fo=2, unplaced)         0.478     1.676    u_soc_top/u_cpu/u_arbiter/ar_preview_addr_r_reg[31]_0
                         LUT6 (Prop_lut6_I3_O)        0.105     1.781 r  u_soc_top/u_cpu/u_arbiter/ar_preview_addr_r[31]_i_1/O
                         net (fo=2, unplaced)         0.352     2.133    u_soc_top/u_axi_sram_direct/D[29]
                         LUT3 (Prop_lut3_I0_O)        0.105     2.238 f  u_soc_top/u_axi_sram_direct/wb_cover_line_r[14]_i_26/O
                         net (fo=8, unplaced)         0.385     2.623    u_soc_top/u_axi_sram_direct/wb_cover_line_r[14]_i_26_n_0
                         LUT6 (Prop_lut6_I0_O)        0.105     2.728 f  u_soc_top/u_axi_sram_direct/wb_fwd_w_r[31]_i_32/O
                         net (fo=1, unplaced)         0.347     3.075    u_soc_top/u_axi_sram_direct/wb_fwd_w_r[31]_i_32_n_0
                         LUT5 (Prop_lut5_I4_O)        0.105     3.180 f  u_soc_top/u_axi_sram_direct/wb_fwd_w_r[31]_i_17/O
                         net (fo=1, unplaced)         0.000     3.180    u_soc_top/u_axi_sram_direct/wb_fwd_w_r[31]_i_17_n_0
                         CARRY4 (Prop_carry4_S[1]_CO[1])
                                                      0.408     3.588 f  u_soc_top/u_axi_sram_direct/wb_fwd_w_r_reg[31]_i_12/CO[1]
                         net (fo=1, unplaced)         0.240     3.828    u_soc_top/u_axi_sram_direct/wb_cover_ar11_out
                         LUT5 (Prop_lut5_I4_O)        0.277     4.105 f  u_soc_top/u_axi_sram_direct/wb_fwd_w_r[31]_i_9/O
                         net (fo=26, unplaced)        0.413     4.518    u_soc_top/u_axi_sram_direct/wb_fwd_w_r[31]_i_9_n_0
                         LUT6 (Prop_lut6_I4_O)        0.105     4.623 f  u_soc_top/u_axi_sram_direct/wb_fwd_w_r[15]_i_5/O
                         net (fo=2, unplaced)         0.358     4.981    u_soc_top/u_axi_sram_direct/wb_fwd_w_r[15]_i_5_n_0
                         LUT5 (Prop_lut5_I2_O)        0.105     5.086 r  u_soc_top/u_axi_sram_direct/wb_full_w_r_i_12/O
                         net (fo=1, unplaced)         0.347     5.433    u_soc_top/u_axi_sram_direct/wb_full_w_r_i_12_n_0
                         LUT6 (Prop_lut6_I5_O)        0.105     5.538 r  u_soc_top/u_axi_sram_direct/wb_full_w_r_i_5/O
                         net (fo=5, unplaced)         0.375     5.913    u_soc_top/u_axi_sram_direct/wb_full_w_r_i_5_n_0
                         LUT6 (Prop_lut6_I0_O)        0.105     6.018 r  u_soc_top/u_axi_sram_direct/base_ram_addr_out_r[7]_rep_i_3/O
                         net (fo=15, unplaced)        0.400     6.418    u_soc_top/u_axi_sram_direct/base_ram_addr_out_r[7]_rep_i_3_n_0
                         LUT6 (Prop_lut6_I5_O)        0.105     6.523 r  u_soc_top/u_axi_sram_direct/base_ram_addr_out_r[10]_rep_i_1/O
                         net (fo=2, unplaced)         0.646     7.169    u_soc_top/u_axi_sram_direct/ram_addr_out[10]
    OLOGIC_X0Y82         FDRE                                         r  u_soc_top/u_axi_sram_direct/base_ram_addr_out_r_reg[10]_rep/D
  -------------------------------------------------------------------    -------------------

                         (clock cpu_clk rise edge)   10.000    10.000 r  
    K21                                               0.000    10.000 r  clk_50M (IN)
                         net (fo=0)                   0.000    10.000    u_soc_top/pll_clk.u_clk_pll/inst/clk_in1
    K21                  IBUF (Prop_ibuf_I_O)         1.328    11.328 r  u_soc_top/pll_clk.u_clk_pll/inst/clkin1_ibufg/O
                         net (fo=1, unplaced)         0.439    11.767    u_soc_top/pll_clk.u_clk_pll/inst/clk_in1_clk_pll
                         PLLE2_ADV (Prop_plle2_adv_CLKIN1_CLKOUT0)
                                                     -5.039     6.728 r  u_soc_top/pll_clk.u_clk_pll/inst/plle2_adv_inst/CLKOUT0
                         net (fo=1, unplaced)         0.613     7.341    u_soc_top/pll_clk.u_clk_pll/inst/cpu_clk_clk_pll
                         BUFG (Prop_bufg_I_O)         0.077     7.418 r  u_soc_top/pll_clk.u_clk_pll/inst/clkout1_buf/O
                         net (fo=4537, unplaced)      0.613     8.032    u_soc_top/u_axi_sram_direct/cpu_clk
    OLOGIC_X0Y82         FDRE                                         r  u_soc_top/u_axi_sram_direct/base_ram_addr_out_r_reg[10]_rep/C
                         clock pessimism             -0.496     7.535    
                         clock uncertainty           -0.094     7.441    
    OLOGIC_X0Y82         FDRE (Setup_fdre_C_D)       -0.707     6.734    u_soc_top/u_axi_sram_direct/base_ram_addr_out_r_reg[10]_rep
  -------------------------------------------------------------------
                         required time                          6.734    
                         arrival time                          -7.169    
  -------------------------------------------------------------------
                         slack                                 -0.435    

Slack (VIOLATED) :        -0.435ns  (required time - arrival time)
  Source:                 u_soc_top/u_cpu/u_core/reg_ex_mem0_ctrl/data_out_reg[6]/C
                            (rising edge-triggered cell FDRE clocked by cpu_clk  {rise@0.000ns fall@5.000ns period=10.000ns})
  Destination:            u_soc_top/u_axi_sram_direct/base_ram_addr_out_r_reg[10]_rep__0/D
                            (rising edge-triggered cell FDRE clocked by cpu_clk  {rise@0.000ns fall@5.000ns period=10.000ns})
  Path Group:             cpu_clk
  Path Type:              Setup (Max at Slow Process Corner)
  Requirement:            10.000ns  (cpu_clk rise@10.000ns - cpu_clk rise@0.000ns)
  Data Path Delay:        9.602ns  (logic 2.661ns (27.714%)  route 6.941ns (72.286%))
  Logic Levels:           16  (CARRY4=1 LUT3=2 LUT5=5 LUT6=8)
  Clock Path Skew:        -0.032ns (DCD - SCD + CPR)
    Destination Clock Delay (DCD):    -1.968ns = ( 8.032 - 10.000 ) 
    Source Clock Delay      (SCD):    -2.433ns
    Clock Pessimism Removal (CPR):    -0.496ns
  Clock Uncertainty:      0.094ns  ((TSJ^2 + DJ^2)^1/2) / 2 + PE
    Total System Jitter     (TSJ):    0.071ns
    Discrete Jitter          (DJ):    0.175ns
    Phase Error              (PE):    0.000ns

    Location             Delay type                Incr(ns)  Path(ns)    Netlist Resource(s)
  -------------------------------------------------------------------    -------------------
                         (clock cpu_clk rise edge)    0.000     0.000 r  
    K21                                               0.000     0.000 r  clk_50M (IN)
                         net (fo=0)                   0.000     0.000    u_soc_top/pll_clk.u_clk_pll/inst/clk_in1
    K21                  IBUF (Prop_ibuf_I_O)         1.394     1.394 r  u_soc_top/pll_clk.u_clk_pll/inst/clkin1_ibufg/O
                         net (fo=1, unplaced)         0.584     1.978    u_soc_top/pll_clk.u_clk_pll/inst/clk_in1_clk_pll
                         PLLE2_ADV (Prop_plle2_adv_CLKIN1_CLKOUT0)
                                                     -5.783    -3.805 r  u_soc_top/pll_clk.u_clk_pll/inst/plle2_adv_inst/CLKOUT0
                         net (fo=1, unplaced)         0.646    -3.159    u_soc_top/pll_clk.u_clk_pll/inst/cpu_clk_clk_pll
                         BUFG (Prop_bufg_I_O)         0.081    -3.078 r  u_soc_top/pll_clk.u_clk_pll/inst/clkout1_buf/O
                         net (fo=4537, unplaced)      0.646    -2.433    u_soc_top/u_cpu/u_core/reg_ex_mem0_ctrl/cpu_clk
                         FDRE                                         r  u_soc_top/u_cpu/u_core/reg_ex_mem0_ctrl/data_out_reg[6]/C
  -------------------------------------------------------------------    -------------------
                         FDRE (Prop_fdre_C_Q)         0.379    -2.054 r  u_soc_top/u_cpu/u_core/reg_ex_mem0_ctrl/data_out_reg[6]/Q
                         net (fo=124, unplaced)       0.704    -1.350    u_soc_top/u_cpu/u_core/reg_ex_mem0_ctrl/ex_mem0_out[ctrl][valid]
                         LUT3 (Prop_lut3_I0_O)        0.232    -1.118 r  u_soc_top/u_cpu/u_core/reg_ex_mem0_ctrl/wdata_stored[31]_i_5/O
                         net (fo=102, unplaced)       0.447    -0.671    u_soc_top/u_cpu/u_core/reg_ex_mem1_data/wdata_stored_reg[8]
                         LUT5 (Prop_lut5_I3_O)        0.105    -0.566 f  u_soc_top/u_cpu/u_core/reg_ex_mem1_data/wstrb_stored[2]_i_2/O
                         net (fo=7, unplaced)         0.617     0.051    u_soc_top/u_cpu/u_core/reg_ex_mem1_data/data_out_reg[34]_0
                         LUT6 (Prop_lut6_I0_O)        0.105     0.156 f  u_soc_top/u_cpu/u_core/reg_ex_mem1_data/r_addr[31]_i_5/O
                         net (fo=12, unplaced)        0.395     0.551    u_soc_top/u_cpu/u_core/reg_ex_mem1_ctrl/ar_preview_addr_r_reg[25]
                         LUT6 (Prop_lut6_I5_O)        0.105     0.656 r  u_soc_top/u_cpu/u_core/reg_ex_mem1_ctrl/r_addr[31]_i_4/O
                         net (fo=68, unplaced)        0.437     1.093    u_soc_top/u_cpu/u_core/reg_ex_mem1_ctrl/FSM_sequential_state_reg
                         LUT5 (Prop_lut5_I3_O)        0.105     1.198 f  u_soc_top/u_cpu/u_core/reg_ex_mem1_ctrl/ar_preview_addr_r[31]_i_2/O
                         net (fo=2, unplaced)         0.478     1.676    u_soc_top/u_cpu/u_arbiter/ar_preview_addr_r_reg[31]_0
                         LUT6 (Prop_lut6_I3_O)        0.105     1.781 f  u_soc_top/u_cpu/u_arbiter/ar_preview_addr_r[31]_i_1/O
                         net (fo=2, unplaced)         0.352     2.133    u_soc_top/u_axi_sram_direct/D[29]
                         LUT3 (Prop_lut3_I0_O)        0.105     2.238 r  u_soc_top/u_axi_sram_direct/wb_cover_line_r[14]_i_26/O
                         net (fo=8, unplaced)         0.385     2.623    u_soc_top/u_axi_sram_direct/wb_cover_line_r[14]_i_26_n_0
                         LUT6 (Prop_lut6_I0_O)        0.105     2.728 r  u_soc_top/u_axi_sram_direct/wb_fwd_w_r[31]_i_32/O
                         net (fo=1, unplaced)         0.347     3.075    u_soc_top/u_axi_sram_direct/wb_fwd_w_r[31]_i_32_n_0
                         LUT5 (Prop_lut5_I4_O)        0.105     3.180 r  u_soc_top/u_axi_sram_direct/wb_fwd_w_r[31]_i_17/O
                         net (fo=1, unplaced)         0.000     3.180    u_soc_top/u_axi_sram_direct/wb_fwd_w_r[31]_i_17_n_0
                         CARRY4 (Prop_carry4_S[1]_CO[1])
                                                      0.408     3.588 f  u_soc_top/u_axi_sram_direct/wb_fwd_w_r_reg[31]_i_12/CO[1]
                         net (fo=1, unplaced)         0.240     3.828    u_soc_top/u_axi_sram_direct/wb_cover_ar11_out
                         LUT5 (Prop_lut5_I4_O)        0.277     4.105 f  u_soc_top/u_axi_sram_direct/wb_fwd_w_r[31]_i_9/O
                         net (fo=26, unplaced)        0.413     4.518    u_soc_top/u_axi_sram_direct/wb_fwd_w_r[31]_i_9_n_0
                         LUT6 (Prop_lut6_I4_O)        0.105     4.623 f  u_soc_top/u_axi_sram_direct/wb_fwd_w_r[15]_i_5/O
                         net (fo=2, unplaced)         0.358     4.981    u_soc_top/u_axi_sram_direct/wb_fwd_w_r[15]_i_5_n_0
                         LUT5 (Prop_lut5_I2_O)        0.105     5.086 r  u_soc_top/u_axi_sram_direct/wb_full_w_r_i_12/O
                         net (fo=1, unplaced)         0.347     5.433    u_soc_top/u_axi_sram_direct/wb_full_w_r_i_12_n_0
                         LUT6 (Prop_lut6_I5_O)        0.105     5.538 r  u_soc_top/u_axi_sram_direct/wb_full_w_r_i_5/O
                         net (fo=5, unplaced)         0.375     5.913    u_soc_top/u_axi_sram_direct/wb_full_w_r_i_5_n_0
                         LUT6 (Prop_lut6_I0_O)        0.105     6.018 r  u_soc_top/u_axi_sram_direct/base_ram_addr_out_r[7]_rep_i_3/O
                         net (fo=15, unplaced)        0.400     6.418    u_soc_top/u_axi_sram_direct/base_ram_addr_out_r[7]_rep_i_3_n_0
                         LUT6 (Prop_lut6_I5_O)        0.105     6.523 r  u_soc_top/u_axi_sram_direct/base_ram_addr_out_r[10]_rep_i_1/O
                         net (fo=2, unplaced)         0.646     7.169    u_soc_top/u_axi_sram_direct/ram_addr_out[10]
    OLOGIC_X0Y89         FDRE                                         r  u_soc_top/u_axi_sram_direct/base_ram_addr_out_r_reg[10]_rep__0/D
  -------------------------------------------------------------------    -------------------

                         (clock cpu_clk rise edge)   10.000    10.000 r  
    K21                                               0.000    10.000 r  clk_50M (IN)
                         net (fo=0)                   0.000    10.000    u_soc_top/pll_clk.u_clk_pll/inst/clk_in1
    K21                  IBUF (Prop_ibuf_I_O)         1.328    11.328 r  u_soc_top/pll_clk.u_clk_pll/inst/clkin1_ibufg/O
                         net (fo=1, unplaced)         0.439    11.767    u_soc_top/pll_clk.u_clk_pll/inst/clk_in1_clk_pll
                         PLLE2_ADV (Prop_plle2_adv_CLKIN1_CLKOUT0)
                                                     -5.039     6.728 r  u_soc_top/pll_clk.u_clk_pll/inst/plle2_adv_inst/CLKOUT0
                         net (fo=1, unplaced)         0.613     7.341    u_soc_top/pll_clk.u_clk_pll/inst/cpu_clk_clk_pll
                         BUFG (Prop_bufg_I_O)         0.077     7.418 r  u_soc_top/pll_clk.u_clk_pll/inst/clkout1_buf/O
                         net (fo=4537, unplaced)      0.613     8.032    u_soc_top/u_axi_sram_direct/cpu_clk
    OLOGIC_X0Y89         FDRE                                         r  u_soc_top/u_axi_sram_direct/base_ram_addr_out_r_reg[10]_rep__0/C
                         clock pessimism             -0.496     7.535    
                         clock uncertainty           -0.094     7.441    
    OLOGIC_X0Y89         FDRE (Setup_fdre_C_D)       -0.707     6.734    u_soc_top/u_axi_sram_direct/base_ram_addr_out_r_reg[10]_rep__0
  -------------------------------------------------------------------
                         required time                          6.734    
                         arrival time                          -7.169    
  -------------------------------------------------------------------
                         slack                                 -0.435    

Slack (VIOLATED) :        -0.435ns  (required time - arrival time)
  Source:                 u_soc_top/u_cpu/u_core/reg_ex_mem0_ctrl/data_out_reg[6]/C
                            (rising edge-triggered cell FDRE clocked by cpu_clk  {rise@0.000ns fall@5.000ns period=10.000ns})
  Destination:            u_soc_top/u_axi_sram_direct/base_ram_addr_out_r_reg[10]_rep__0/D
                            (rising edge-triggered cell FDRE clocked by cpu_clk  {rise@0.000ns fall@5.000ns period=10.000ns})
  Path Group:             cpu_clk
  Path Type:              Setup (Max at Slow Process Corner)
  Requirement:            10.000ns  (cpu_clk rise@10.000ns - cpu_clk rise@0.000ns)
  Data Path Delay:        9.602ns  (logic 2.661ns (27.714%)  route 6.941ns (72.286%))
  Logic Levels:           16  (CARRY4=1 LUT3=2 LUT5=5 LUT6=8)
  Clock Path Skew:        -0.032ns (DCD - SCD + CPR)
    Destination Clock Delay (DCD):    -1.968ns = ( 8.032 - 10.000 ) 
    Source Clock Delay      (SCD):    -2.433ns
    Clock Pessimism Removal (CPR):    -0.496ns
  Clock Uncertainty:      0.094ns  ((TSJ^2 + DJ^2)^1/2) / 2 + PE
    Total System Jitter     (TSJ):    0.071ns
    Discrete Jitter          (DJ):    0.175ns
    Phase Error              (PE):    0.000ns

    Location             Delay type                Incr(ns)  Path(ns)    Netlist Resource(s)
  -------------------------------------------------------------------    -------------------
                         (clock cpu_clk rise edge)    0.000     0.000 r  
    K21                                               0.000     0.000 r  clk_50M (IN)
                         net (fo=0)                   0.000     0.000    u_soc_top/pll_clk.u_clk_pll/inst/clk_in1
    K21                  IBUF (Prop_ibuf_I_O)         1.394     1.394 r  u_soc_top/pll_clk.u_clk_pll/inst/clkin1_ibufg/O
                         net (fo=1, unplaced)         0.584     1.978    u_soc_top/pll_clk.u_clk_pll/inst/clk_in1_clk_pll
                         PLLE2_ADV (Prop_plle2_adv_CLKIN1_CLKOUT0)
                                                     -5.783    -3.805 r  u_soc_top/pll_clk.u_clk_pll/inst/plle2_adv_inst/CLKOUT0
                         net (fo=1, unplaced)         0.646    -3.159    u_soc_top/pll_clk.u_clk_pll/inst/cpu_clk_clk_pll
                         BUFG (Prop_bufg_I_O)         0.081    -3.078 r  u_soc_top/pll_clk.u_clk_pll/inst/clkout1_buf/O
                         net (fo=4537, unplaced)      0.646    -2.433    u_soc_top/u_cpu/u_core/reg_ex_mem0_ctrl/cpu_clk
                         FDRE                                         r  u_soc_top/u_cpu/u_core/reg_ex_mem0_ctrl/data_out_reg[6]/C
  -------------------------------------------------------------------    -------------------
                         FDRE (Prop_fdre_C_Q)         0.379    -2.054 r  u_soc_top/u_cpu/u_core/reg_ex_mem0_ctrl/data_out_reg[6]/Q
                         net (fo=124, unplaced)       0.704    -1.350    u_soc_top/u_cpu/u_core/reg_ex_mem0_ctrl/ex_mem0_out[ctrl][valid]
                         LUT3 (Prop_lut3_I0_O)        0.232    -1.118 r  u_soc_top/u_cpu/u_core/reg_ex_mem0_ctrl/wdata_stored[31]_i_5/O
                         net (fo=102, unplaced)       0.447    -0.671    u_soc_top/u_cpu/u_core/reg_ex_mem1_data/wdata_stored_reg[8]
                         LUT5 (Prop_lut5_I3_O)        0.105    -0.566 r  u_soc_top/u_cpu/u_core/reg_ex_mem1_data/wstrb_stored[2]_i_2/O
                         net (fo=7, unplaced)         0.617     0.051    u_soc_top/u_cpu/u_core/reg_ex_mem1_data/data_out_reg[34]_0
                         LUT6 (Prop_lut6_I0_O)        0.105     0.156 r  u_soc_top/u_cpu/u_core/reg_ex_mem1_data/r_addr[31]_i_5/O
                         net (fo=12, unplaced)        0.395     0.551    u_soc_top/u_cpu/u_core/reg_ex_mem1_ctrl/ar_preview_addr_r_reg[25]
                         LUT6 (Prop_lut6_I5_O)        0.105     0.656 f  u_soc_top/u_cpu/u_core/reg_ex_mem1_ctrl/r_addr[31]_i_4/O
                         net (fo=68, unplaced)        0.437     1.093    u_soc_top/u_cpu/u_core/reg_ex_mem1_ctrl/FSM_sequential_state_reg
                         LUT5 (Prop_lut5_I3_O)        0.105     1.198 f  u_soc_top/u_cpu/u_core/reg_ex_mem1_ctrl/ar_preview_addr_r[31]_i_2/O
                         net (fo=2, unplaced)         0.478     1.676    u_soc_top/u_cpu/u_arbiter/ar_preview_addr_r_reg[31]_0
                         LUT6 (Prop_lut6_I3_O)        0.105     1.781 f  u_soc_top/u_cpu/u_arbiter/ar_preview_addr_r[31]_i_1/O
                         net (fo=2, unplaced)         0.352     2.133    u_soc_top/u_axi_sram_direct/D[29]
                         LUT3 (Prop_lut3_I0_O)        0.105     2.238 r  u_soc_top/u_axi_sram_direct/wb_cover_line_r[14]_i_26/O
                         net (fo=8, unplaced)         0.385     2.623    u_soc_top/u_axi_sram_direct/wb_cover_line_r[14]_i_26_n_0
                         LUT6 (Prop_lut6_I0_O)        0.105     2.728 r  u_soc_top/u_axi_sram_direct/wb_fwd_w_r[31]_i_32/O
                         net (fo=1, unplaced)         0.347     3.075    u_soc_top/u_axi_sram_direct/wb_fwd_w_r[31]_i_32_n_0
                         LUT5 (Prop_lut5_I4_O)        0.105     3.180 r  u_soc_top/u_axi_sram_direct/wb_fwd_w_r[31]_i_17/O
                         net (fo=1, unplaced)         0.000     3.180    u_soc_top/u_axi_sram_direct/wb_fwd_w_r[31]_i_17_n_0
                         CARRY4 (Prop_carry4_S[1]_CO[1])
                                                      0.408     3.588 f  u_soc_top/u_axi_sram_direct/wb_fwd_w_r_reg[31]_i_12/CO[1]
                         net (fo=1, unplaced)         0.240     3.828    u_soc_top/u_axi_sram_direct/wb_cover_ar11_out
                         LUT5 (Prop_lut5_I4_O)        0.277     4.105 f  u_soc_top/u_axi_sram_direct/wb_fwd_w_r[31]_i_9/O
                         net (fo=26, unplaced)        0.413     4.518    u_soc_top/u_axi_sram_direct/wb_fwd_w_r[31]_i_9_n_0
                         LUT6 (Prop_lut6_I4_O)        0.105     4.623 f  u_soc_top/u_axi_sram_direct/wb_fwd_w_r[15]_i_5/O
                         net (fo=2, unplaced)         0.358     4.981    u_soc_top/u_axi_sram_direct/wb_fwd_w_r[15]_i_5_n_0
                         LUT5 (Prop_lut5_I2_O)        0.105     5.086 r  u_soc_top/u_axi_sram_direct/wb_full_w_r_i_12/O
                         net (fo=1, unplaced)         0.347     5.433    u_soc_top/u_axi_sram_direct/wb_full_w_r_i_12_n_0
                         LUT6 (Prop_lut6_I5_O)        0.105     5.538 r  u_soc_top/u_axi_sram_direct/wb_full_w_r_i_5/O
                         net (fo=5, unplaced)         0.375     5.913    u_soc_top/u_axi_sram_direct/wb_full_w_r_i_5_n_0
                         LUT6 (Prop_lut6_I0_O)        0.105     6.018 r  u_soc_top/u_axi_sram_direct/base_ram_addr_out_r[7]_rep_i_3/O
                         net (fo=15, unplaced)        0.400     6.418    u_soc_top/u_axi_sram_direct/base_ram_addr_out_r[7]_rep_i_3_n_0
                         LUT6 (Prop_lut6_I5_O)        0.105     6.523 r  u_soc_top/u_axi_sram_direct/base_ram_addr_out_r[10]_rep_i_1/O
                         net (fo=2, unplaced)         0.646     7.169    u_soc_top/u_axi_sram_direct/ram_addr_out[10]
    OLOGIC_X0Y89         FDRE                                         r  u_soc_top/u_axi_sram_direct/base_ram_addr_out_r_reg[10]_rep__0/D
  -------------------------------------------------------------------    -------------------

                         (clock cpu_clk rise edge)   10.000    10.000 r  
    K21                                               0.000    10.000 r  clk_50M (IN)
                         net (fo=0)                   0.000    10.000    u_soc_top/pll_clk.u_clk_pll/inst/clk_in1
    K21                  IBUF (Prop_ibuf_I_O)         1.328    11.328 r  u_soc_top/pll_clk.u_clk_pll/inst/clkin1_ibufg/O
                         net (fo=1, unplaced)         0.439    11.767    u_soc_top/pll_clk.u_clk_pll/inst/clk_in1_clk_pll
                         PLLE2_ADV (Prop_plle2_adv_CLKIN1_CLKOUT0)
                                                     -5.039     6.728 r  u_soc_top/pll_clk.u_clk_pll/inst/plle2_adv_inst/CLKOUT0
                         net (fo=1, unplaced)         0.613     7.341    u_soc_top/pll_clk.u_clk_pll/inst/cpu_clk_clk_pll
                         BUFG (Prop_bufg_I_O)         0.077     7.418 r  u_soc_top/pll_clk.u_clk_pll/inst/clkout1_buf/O
                         net (fo=4537, unplaced)      0.613     8.032    u_soc_top/u_axi_sram_direct/cpu_clk
    OLOGIC_X0Y89         FDRE                                         r  u_soc_top/u_axi_sram_direct/base_ram_addr_out_r_reg[10]_rep__0/C
                         clock pessimism             -0.496     7.535    
                         clock uncertainty           -0.094     7.441    
    OLOGIC_X0Y89         FDRE (Setup_fdre_C_D)       -0.707     6.734    u_soc_top/u_axi_sram_direct/base_ram_addr_out_r_reg[10]_rep__0
  -------------------------------------------------------------------
                         required time                          6.734    
                         arrival time                          -7.169    
  -------------------------------------------------------------------
                         slack                                 -0.435    

Slack (VIOLATED) :        -0.435ns  (required time - arrival time)
  Source:                 u_soc_top/u_cpu/u_core/reg_ex_mem0_ctrl/data_out_reg[6]/C
                            (rising edge-triggered cell FDRE clocked by cpu_clk  {rise@0.000ns fall@5.000ns period=10.000ns})
  Destination:            u_soc_top/u_axi_sram_direct/base_ram_addr_out_r_reg[10]_rep__0/D
                            (rising edge-triggered cell FDRE clocked by cpu_clk  {rise@0.000ns fall@5.000ns period=10.000ns})
  Path Group:             cpu_clk
  Path Type:              Setup (Max at Slow Process Corner)
  Requirement:            10.000ns  (cpu_clk rise@10.000ns - cpu_clk rise@0.000ns)
  Data Path Delay:        9.602ns  (logic 2.661ns (27.714%)  route 6.941ns (72.286%))
  Logic Levels:           16  (CARRY4=1 LUT3=2 LUT5=5 LUT6=8)
  Clock Path Skew:        -0.032ns (DCD - SCD + CPR)
    Destination Clock Delay (DCD):    -1.968ns = ( 8.032 - 10.000 ) 
    Source Clock Delay      (SCD):    -2.433ns
    Clock Pessimism Removal (CPR):    -0.496ns
  Clock Uncertainty:      0.094ns  ((TSJ^2 + DJ^2)^1/2) / 2 + PE
    Total System Jitter     (TSJ):    0.071ns
    Discrete Jitter          (DJ):    0.175ns
    Phase Error              (PE):    0.000ns

    Location             Delay type                Incr(ns)  Path(ns)    Netlist Resource(s)
  -------------------------------------------------------------------    -------------------
                         (clock cpu_clk rise edge)    0.000     0.000 r  
    K21                                               0.000     0.000 r  clk_50M (IN)
                         net (fo=0)                   0.000     0.000    u_soc_top/pll_clk.u_clk_pll/inst/clk_in1
    K21                  IBUF (Prop_ibuf_I_O)         1.394     1.394 r  u_soc_top/pll_clk.u_clk_pll/inst/clkin1_ibufg/O
                         net (fo=1, unplaced)         0.584     1.978    u_soc_top/pll_clk.u_clk_pll/inst/clk_in1_clk_pll
                         PLLE2_ADV (Prop_plle2_adv_CLKIN1_CLKOUT0)
                                                     -5.783    -3.805 r  u_soc_top/pll_clk.u_clk_pll/inst/plle2_adv_inst/CLKOUT0
                         net (fo=1, unplaced)         0.646    -3.159    u_soc_top/pll_clk.u_clk_pll/inst/cpu_clk_clk_pll
                         BUFG (Prop_bufg_I_O)         0.081    -3.078 r  u_soc_top/pll_clk.u_clk_pll/inst/clkout1_buf/O
                         net (fo=4537, unplaced)      0.646    -2.433    u_soc_top/u_cpu/u_core/reg_ex_mem0_ctrl/cpu_clk
                         FDRE                                         r  u_soc_top/u_cpu/u_core/reg_ex_mem0_ctrl/data_out_reg[6]/C
  -------------------------------------------------------------------    -------------------
                         FDRE (Prop_fdre_C_Q)         0.379    -2.054 r  u_soc_top/u_cpu/u_core/reg_ex_mem0_ctrl/data_out_reg[6]/Q
                         net (fo=124, unplaced)       0.704    -1.350    u_soc_top/u_cpu/u_core/reg_ex_mem0_ctrl/ex_mem0_out[ctrl][valid]
                         LUT3 (Prop_lut3_I0_O)        0.232    -1.118 r  u_soc_top/u_cpu/u_core/reg_ex_mem0_ctrl/wdata_stored[31]_i_5/O
                         net (fo=102, unplaced)       0.447    -0.671    u_soc_top/u_cpu/u_core/reg_ex_mem1_data/wdata_stored_reg[8]
                         LUT5 (Prop_lut5_I3_O)        0.105    -0.566 f  u_soc_top/u_cpu/u_core/reg_ex_mem1_data/wstrb_stored[2]_i_2/O
                         net (fo=7, unplaced)         0.617     0.051    u_soc_top/u_cpu/u_core/reg_ex_mem1_data/data_out_reg[34]_0
                         LUT6 (Prop_lut6_I0_O)        0.105     0.156 f  u_soc_top/u_cpu/u_core/reg_ex_mem1_data/r_addr[31]_i_5/O
                         net (fo=12, unplaced)        0.395     0.551    u_soc_top/u_cpu/u_core/reg_ex_mem1_ctrl/ar_preview_addr_r_reg[25]
                         LUT6 (Prop_lut6_I5_O)        0.105     0.656 r  u_soc_top/u_cpu/u_core/reg_ex_mem1_ctrl/r_addr[31]_i_4/O
                         net (fo=68, unplaced)        0.437     1.093    u_soc_top/u_cpu/u_core/reg_ex_mem1_ctrl/FSM_sequential_state_reg
                         LUT5 (Prop_lut5_I3_O)        0.105     1.198 r  u_soc_top/u_cpu/u_core/reg_ex_mem1_ctrl/ar_preview_addr_r[31]_i_2/O
                         net (fo=2, unplaced)         0.478     1.676    u_soc_top/u_cpu/u_arbiter/ar_preview_addr_r_reg[31]_0
                         LUT6 (Prop_lut6_I3_O)        0.105     1.781 r  u_soc_top/u_cpu/u_arbiter/ar_preview_addr_r[31]_i_1/O
                         net (fo=2, unplaced)         0.352     2.133    u_soc_top/u_axi_sram_direct/D[29]
                         LUT3 (Prop_lut3_I0_O)        0.105     2.238 f  u_soc_top/u_axi_sram_direct/wb_cover_line_r[14]_i_26/O
                         net (fo=8, unplaced)         0.385     2.623    u_soc_top/u_axi_sram_direct/wb_cover_line_r[14]_i_26_n_0
                         LUT6 (Prop_lut6_I0_O)        0.105     2.728 r  u_soc_top/u_axi_sram_direct/wb_fwd_w_r[31]_i_32/O
                         net (fo=1, unplaced)         0.347     3.075    u_soc_top/u_axi_sram_direct/wb_fwd_w_r[31]_i_32_n_0
                         LUT5 (Prop_lut5_I4_O)        0.105     3.180 r  u_soc_top/u_axi_sram_direct/wb_fwd_w_r[31]_i_17/O
                         net (fo=1, unplaced)         0.000     3.180    u_soc_top/u_axi_sram_direct/wb_fwd_w_r[31]_i_17_n_0
                         CARRY4 (Prop_carry4_S[1]_CO[1])
                                                      0.408     3.588 f  u_soc_top/u_axi_sram_direct/wb_fwd_w_r_reg[31]_i_12/CO[1]
                         net (fo=1, unplaced)         0.240     3.828    u_soc_top/u_axi_sram_direct/wb_cover_ar11_out
                         LUT5 (Prop_lut5_I4_O)        0.277     4.105 f  u_soc_top/u_axi_sram_direct/wb_fwd_w_r[31]_i_9/O
                         net (fo=26, unplaced)        0.413     4.518    u_soc_top/u_axi_sram_direct/wb_fwd_w_r[31]_i_9_n_0
                         LUT6 (Prop_lut6_I4_O)        0.105     4.623 f  u_soc_top/u_axi_sram_direct/wb_fwd_w_r[15]_i_5/O
                         net (fo=2, unplaced)         0.358     4.981    u_soc_top/u_axi_sram_direct/wb_fwd_w_r[15]_i_5_n_0
                         LUT5 (Prop_lut5_I2_O)        0.105     5.086 r  u_soc_top/u_axi_sram_direct/wb_full_w_r_i_12/O
                         net (fo=1, unplaced)         0.347     5.433    u_soc_top/u_axi_sram_direct/wb_full_w_r_i_12_n_0
                         LUT6 (Prop_lut6_I5_O)        0.105     5.538 r  u_soc_top/u_axi_sram_direct/wb_full_w_r_i_5/O
                         net (fo=5, unplaced)         0.375     5.913    u_soc_top/u_axi_sram_direct/wb_full_w_r_i_5_n_0
                         LUT6 (Prop_lut6_I0_O)        0.105     6.018 r  u_soc_top/u_axi_sram_direct/base_ram_addr_out_r[7]_rep_i_3/O
                         net (fo=15, unplaced)        0.400     6.418    u_soc_top/u_axi_sram_direct/base_ram_addr_out_r[7]_rep_i_3_n_0
                         LUT6 (Prop_lut6_I5_O)        0.105     6.523 r  u_soc_top/u_axi_sram_direct/base_ram_addr_out_r[10]_rep_i_1/O
                         net (fo=2, unplaced)         0.646     7.169    u_soc_top/u_axi_sram_direct/ram_addr_out[10]
    OLOGIC_X0Y89         FDRE                                         r  u_soc_top/u_axi_sram_direct/base_ram_addr_out_r_reg[10]_rep__0/D
  -------------------------------------------------------------------    -------------------

                         (clock cpu_clk rise edge)   10.000    10.000 r  
    K21                                               0.000    10.000 r  clk_50M (IN)
                         net (fo=0)                   0.000    10.000    u_soc_top/pll_clk.u_clk_pll/inst/clk_in1
    K21                  IBUF (Prop_ibuf_I_O)         1.328    11.328 r  u_soc_top/pll_clk.u_clk_pll/inst/clkin1_ibufg/O
                         net (fo=1, unplaced)         0.439    11.767    u_soc_top/pll_clk.u_clk_pll/inst/clk_in1_clk_pll
                         PLLE2_ADV (Prop_plle2_adv_CLKIN1_CLKOUT0)
                                                     -5.039     6.728 r  u_soc_top/pll_clk.u_clk_pll/inst/plle2_adv_inst/CLKOUT0
                         net (fo=1, unplaced)         0.613     7.341    u_soc_top/pll_clk.u_clk_pll/inst/cpu_clk_clk_pll
                         BUFG (Prop_bufg_I_O)         0.077     7.418 r  u_soc_top/pll_clk.u_clk_pll/inst/clkout1_buf/O
                         net (fo=4537, unplaced)      0.613     8.032    u_soc_top/u_axi_sram_direct/cpu_clk
    OLOGIC_X0Y89         FDRE                                         r  u_soc_top/u_axi_sram_direct/base_ram_addr_out_r_reg[10]_rep__0/C
                         clock pessimism             -0.496     7.535    
                         clock uncertainty           -0.094     7.441    
    OLOGIC_X0Y89         FDRE (Setup_fdre_C_D)       -0.707     6.734    u_soc_top/u_axi_sram_direct/base_ram_addr_out_r_reg[10]_rep__0
  -------------------------------------------------------------------
                         required time                          6.734    
                         arrival time                          -7.169    
  -------------------------------------------------------------------
                         slack                                 -0.435    

Slack (VIOLATED) :        -0.435ns  (required time - arrival time)
  Source:                 u_soc_top/u_cpu/u_core/reg_ex_mem0_ctrl/data_out_reg[6]/C
                            (rising edge-triggered cell FDRE clocked by cpu_clk  {rise@0.000ns fall@5.000ns period=10.000ns})
  Destination:            u_soc_top/u_axi_sram_direct/base_ram_addr_out_r_reg[10]_rep__0/D
                            (rising edge-triggered cell FDRE clocked by cpu_clk  {rise@0.000ns fall@5.000ns period=10.000ns})
  Path Group:             cpu_clk
  Path Type:              Setup (Max at Slow Process Corner)
  Requirement:            10.000ns  (cpu_clk rise@10.000ns - cpu_clk rise@0.000ns)
  Data Path Delay:        9.602ns  (logic 2.661ns (27.714%)  route 6.941ns (72.286%))
  Logic Levels:           16  (CARRY4=1 LUT3=2 LUT5=5 LUT6=8)
  Clock Path Skew:        -0.032ns (DCD - SCD + CPR)
    Destination Clock Delay (DCD):    -1.968ns = ( 8.032 - 10.000 ) 
    Source Clock Delay      (SCD):    -2.433ns
    Clock Pessimism Removal (CPR):    -0.496ns
  Clock Uncertainty:      0.094ns  ((TSJ^2 + DJ^2)^1/2) / 2 + PE
    Total System Jitter     (TSJ):    0.071ns
    Discrete Jitter          (DJ):    0.175ns
    Phase Error              (PE):    0.000ns

    Location             Delay type                Incr(ns)  Path(ns)    Netlist Resource(s)
  -------------------------------------------------------------------    -------------------
                         (clock cpu_clk rise edge)    0.000     0.000 r  
    K21                                               0.000     0.000 r  clk_50M (IN)
                         net (fo=0)                   0.000     0.000    u_soc_top/pll_clk.u_clk_pll/inst/clk_in1
    K21                  IBUF (Prop_ibuf_I_O)         1.394     1.394 r  u_soc_top/pll_clk.u_clk_pll/inst/clkin1_ibufg/O
                         net (fo=1, unplaced)         0.584     1.978    u_soc_top/pll_clk.u_clk_pll/inst/clk_in1_clk_pll
                         PLLE2_ADV (Prop_plle2_adv_CLKIN1_CLKOUT0)
                                                     -5.783    -3.805 r  u_soc_top/pll_clk.u_clk_pll/inst/plle2_adv_inst/CLKOUT0
                         net (fo=1, unplaced)         0.646    -3.159    u_soc_top/pll_clk.u_clk_pll/inst/cpu_clk_clk_pll
                         BUFG (Prop_bufg_I_O)         0.081    -3.078 r  u_soc_top/pll_clk.u_clk_pll/inst/clkout1_buf/O
                         net (fo=4537, unplaced)      0.646    -2.433    u_soc_top/u_cpu/u_core/reg_ex_mem0_ctrl/cpu_clk
                         FDRE                                         r  u_soc_top/u_cpu/u_core/reg_ex_mem0_ctrl/data_out_reg[6]/C
  -------------------------------------------------------------------    -------------------
                         FDRE (Prop_fdre_C_Q)         0.379    -2.054 r  u_soc_top/u_cpu/u_core/reg_ex_mem0_ctrl/data_out_reg[6]/Q
                         net (fo=124, unplaced)       0.704    -1.350    u_soc_top/u_cpu/u_core/reg_ex_mem0_ctrl/ex_mem0_out[ctrl][valid]
                         LUT3 (Prop_lut3_I0_O)        0.232    -1.118 r  u_soc_top/u_cpu/u_core/reg_ex_mem0_ctrl/wdata_stored[31]_i_5/O
                         net (fo=102, unplaced)       0.447    -0.671    u_soc_top/u_cpu/u_core/reg_ex_mem1_data/wdata_stored_reg[8]
                         LUT5 (Prop_lut5_I3_O)        0.105    -0.566 r  u_soc_top/u_cpu/u_core/reg_ex_mem1_data/wstrb_stored[2]_i_2/O
                         net (fo=7, unplaced)         0.617     0.051    u_soc_top/u_cpu/u_core/reg_ex_mem1_data/data_out_reg[34]_0
                         LUT6 (Prop_lut6_I0_O)        0.105     0.156 r  u_soc_top/u_cpu/u_core/reg_ex_mem1_data/r_addr[31]_i_5/O
                         net (fo=12, unplaced)        0.395     0.551    u_soc_top/u_cpu/u_core/reg_ex_mem1_ctrl/ar_preview_addr_r_reg[25]
                         LUT6 (Prop_lut6_I5_O)        0.105     0.656 f  u_soc_top/u_cpu/u_core/reg_ex_mem1_ctrl/r_addr[31]_i_4/O
                         net (fo=68, unplaced)        0.437     1.093    u_soc_top/u_cpu/u_core/reg_ex_mem1_ctrl/FSM_sequential_state_reg
                         LUT5 (Prop_lut5_I3_O)        0.105     1.198 r  u_soc_top/u_cpu/u_core/reg_ex_mem1_ctrl/ar_preview_addr_r[31]_i_2/O
                         net (fo=2, unplaced)         0.478     1.676    u_soc_top/u_cpu/u_arbiter/ar_preview_addr_r_reg[31]_0
                         LUT6 (Prop_lut6_I3_O)        0.105     1.781 r  u_soc_top/u_cpu/u_arbiter/ar_preview_addr_r[31]_i_1/O
                         net (fo=2, unplaced)         0.352     2.133    u_soc_top/u_axi_sram_direct/D[29]
                         LUT3 (Prop_lut3_I0_O)        0.105     2.238 f  u_soc_top/u_axi_sram_direct/wb_cover_line_r[14]_i_26/O
                         net (fo=8, unplaced)         0.385     2.623    u_soc_top/u_axi_sram_direct/wb_cover_line_r[14]_i_26_n_0
                         LUT6 (Prop_lut6_I0_O)        0.105     2.728 r  u_soc_top/u_axi_sram_direct/wb_fwd_w_r[31]_i_32/O
                         net (fo=1, unplaced)         0.347     3.075    u_soc_top/u_axi_sram_direct/wb_fwd_w_r[31]_i_32_n_0
                         LUT5 (Prop_lut5_I4_O)        0.105     3.180 r  u_soc_top/u_axi_sram_direct/wb_fwd_w_r[31]_i_17/O
                         net (fo=1, unplaced)         0.000     3.180    u_soc_top/u_axi_sram_direct/wb_fwd_w_r[31]_i_17_n_0
                         CARRY4 (Prop_carry4_S[1]_CO[1])
                                                      0.408     3.588 f  u_soc_top/u_axi_sram_direct/wb_fwd_w_r_reg[31]_i_12/CO[1]
                         net (fo=1, unplaced)         0.240     3.828    u_soc_top/u_axi_sram_direct/wb_cover_ar11_out
                         LUT5 (Prop_lut5_I4_O)        0.277     4.105 f  u_soc_top/u_axi_sram_direct/wb_fwd_w_r[31]_i_9/O
                         net (fo=26, unplaced)        0.413     4.518    u_soc_top/u_axi_sram_direct/wb_fwd_w_r[31]_i_9_n_0
                         LUT6 (Prop_lut6_I4_O)        0.105     4.623 f  u_soc_top/u_axi_sram_direct/wb_fwd_w_r[15]_i_5/O
                         net (fo=2, unplaced)         0.358     4.981    u_soc_top/u_axi_sram_direct/wb_fwd_w_r[15]_i_5_n_0
                         LUT5 (Prop_lut5_I2_O)        0.105     5.086 r  u_soc_top/u_axi_sram_direct/wb_full_w_r_i_12/O
                         net (fo=1, unplaced)         0.347     5.433    u_soc_top/u_axi_sram_direct/wb_full_w_r_i_12_n_0
                         LUT6 (Prop_lut6_I5_O)        0.105     5.538 r  u_soc_top/u_axi_sram_direct/wb_full_w_r_i_5/O
                         net (fo=5, unplaced)         0.375     5.913    u_soc_top/u_axi_sram_direct/wb_full_w_r_i_5_n_0
                         LUT6 (Prop_lut6_I0_O)        0.105     6.018 r  u_soc_top/u_axi_sram_direct/base_ram_addr_out_r[7]_rep_i_3/O
                         net (fo=15, unplaced)        0.400     6.418    u_soc_top/u_axi_sram_direct/base_ram_addr_out_r[7]_rep_i_3_n_0
                         LUT6 (Prop_lut6_I5_O)        0.105     6.523 r  u_soc_top/u_axi_sram_direct/base_ram_addr_out_r[10]_rep_i_1/O
                         net (fo=2, unplaced)         0.646     7.169    u_soc_top/u_axi_sram_direct/ram_addr_out[10]
    OLOGIC_X0Y89         FDRE                                         r  u_soc_top/u_axi_sram_direct/base_ram_addr_out_r_reg[10]_rep__0/D
  -------------------------------------------------------------------    -------------------

                         (clock cpu_clk rise edge)   10.000    10.000 r  
    K21                                               0.000    10.000 r  clk_50M (IN)
                         net (fo=0)                   0.000    10.000    u_soc_top/pll_clk.u_clk_pll/inst/clk_in1
    K21                  IBUF (Prop_ibuf_I_O)         1.328    11.328 r  u_soc_top/pll_clk.u_clk_pll/inst/clkin1_ibufg/O
                         net (fo=1, unplaced)         0.439    11.767    u_soc_top/pll_clk.u_clk_pll/inst/clk_in1_clk_pll
                         PLLE2_ADV (Prop_plle2_adv_CLKIN1_CLKOUT0)
                                                     -5.039     6.728 r  u_soc_top/pll_clk.u_clk_pll/inst/plle2_adv_inst/CLKOUT0
                         net (fo=1, unplaced)         0.613     7.341    u_soc_top/pll_clk.u_clk_pll/inst/cpu_clk_clk_pll
                         BUFG (Prop_bufg_I_O)         0.077     7.418 r  u_soc_top/pll_clk.u_clk_pll/inst/clkout1_buf/O
                         net (fo=4537, unplaced)      0.613     8.032    u_soc_top/u_axi_sram_direct/cpu_clk
    OLOGIC_X0Y89         FDRE                                         r  u_soc_top/u_axi_sram_direct/base_ram_addr_out_r_reg[10]_rep__0/C
                         clock pessimism             -0.496     7.535    
                         clock uncertainty           -0.094     7.441    
    OLOGIC_X0Y89         FDRE (Setup_fdre_C_D)       -0.707     6.734    u_soc_top/u_axi_sram_direct/base_ram_addr_out_r_reg[10]_rep__0
  -------------------------------------------------------------------
                         required time                          6.734    
                         arrival time                          -7.169    
  -------------------------------------------------------------------
                         slack                                 -0.435    

Slack (VIOLATED) :        -0.435ns  (required time - arrival time)
  Source:                 u_soc_top/u_cpu/u_core/reg_ex_mem0_ctrl/data_out_reg[6]/C
                            (rising edge-triggered cell FDRE clocked by cpu_clk  {rise@0.000ns fall@5.000ns period=10.000ns})
  Destination:            u_soc_top/u_axi_sram_direct/base_ram_addr_out_r_reg[10]_rep__0/D
                            (rising edge-triggered cell FDRE clocked by cpu_clk  {rise@0.000ns fall@5.000ns period=10.000ns})
  Path Group:             cpu_clk
  Path Type:              Setup (Max at Slow Process Corner)
  Requirement:            10.000ns  (cpu_clk rise@10.000ns - cpu_clk rise@0.000ns)
  Data Path Delay:        9.602ns  (logic 2.661ns (27.714%)  route 6.941ns (72.286%))
  Logic Levels:           16  (CARRY4=1 LUT3=2 LUT5=5 LUT6=8)
  Clock Path Skew:        -0.032ns (DCD - SCD + CPR)
    Destination Clock Delay (DCD):    -1.968ns = ( 8.032 - 10.000 ) 
    Source Clock Delay      (SCD):    -2.433ns
    Clock Pessimism Removal (CPR):    -0.496ns
  Clock Uncertainty:      0.094ns  ((TSJ^2 + DJ^2)^1/2) / 2 + PE
    Total System Jitter     (TSJ):    0.071ns
    Discrete Jitter          (DJ):    0.175ns
    Phase Error              (PE):    0.000ns

    Location             Delay type                Incr(ns)  Path(ns)    Netlist Resource(s)
  -------------------------------------------------------------------    -------------------
                         (clock cpu_clk rise edge)    0.000     0.000 r  
    K21                                               0.000     0.000 r  clk_50M (IN)
                         net (fo=0)                   0.000     0.000    u_soc_top/pll_clk.u_clk_pll/inst/clk_in1
    K21                  IBUF (Prop_ibuf_I_O)         1.394     1.394 r  u_soc_top/pll_clk.u_clk_pll/inst/clkin1_ibufg/O
                         net (fo=1, unplaced)         0.584     1.978    u_soc_top/pll_clk.u_clk_pll/inst/clk_in1_clk_pll
                         PLLE2_ADV (Prop_plle2_adv_CLKIN1_CLKOUT0)
                                                     -5.783    -3.805 r  u_soc_top/pll_clk.u_clk_pll/inst/plle2_adv_inst/CLKOUT0
                         net (fo=1, unplaced)         0.646    -3.159    u_soc_top/pll_clk.u_clk_pll/inst/cpu_clk_clk_pll
                         BUFG (Prop_bufg_I_O)         0.081    -3.078 r  u_soc_top/pll_clk.u_clk_pll/inst/clkout1_buf/O
                         net (fo=4537, unplaced)      0.646    -2.433    u_soc_top/u_cpu/u_core/reg_ex_mem0_ctrl/cpu_clk
                         FDRE                                         r  u_soc_top/u_cpu/u_core/reg_ex_mem0_ctrl/data_out_reg[6]/C
  -------------------------------------------------------------------    -------------------
                         FDRE (Prop_fdre_C_Q)         0.379    -2.054 r  u_soc_top/u_cpu/u_core/reg_ex_mem0_ctrl/data_out_reg[6]/Q
                         net (fo=124, unplaced)       0.704    -1.350    u_soc_top/u_cpu/u_core/reg_ex_mem0_ctrl/ex_mem0_out[ctrl][valid]
                         LUT3 (Prop_lut3_I0_O)        0.232    -1.118 r  u_soc_top/u_cpu/u_core/reg_ex_mem0_ctrl/wdata_stored[31]_i_5/O
                         net (fo=102, unplaced)       0.447    -0.671    u_soc_top/u_cpu/u_core/reg_ex_mem1_data/wdata_stored_reg[8]
                         LUT5 (Prop_lut5_I3_O)        0.105    -0.566 f  u_soc_top/u_cpu/u_core/reg_ex_mem1_data/wstrb_stored[2]_i_2/O
                         net (fo=7, unplaced)         0.617     0.051    u_soc_top/u_cpu/u_core/reg_ex_mem1_data/data_out_reg[34]_0
                         LUT6 (Prop_lut6_I0_O)        0.105     0.156 f  u_soc_top/u_cpu/u_core/reg_ex_mem1_data/r_addr[31]_i_5/O
                         net (fo=12, unplaced)        0.395     0.551    u_soc_top/u_cpu/u_core/reg_ex_mem1_ctrl/ar_preview_addr_r_reg[25]
                         LUT6 (Prop_lut6_I5_O)        0.105     0.656 r  u_soc_top/u_cpu/u_core/reg_ex_mem1_ctrl/r_addr[31]_i_4/O
                         net (fo=68, unplaced)        0.437     1.093    u_soc_top/u_cpu/u_core/reg_ex_mem1_ctrl/FSM_sequential_state_reg
                         LUT5 (Prop_lut5_I3_O)        0.105     1.198 f  u_soc_top/u_cpu/u_core/reg_ex_mem1_ctrl/ar_preview_addr_r[31]_i_2/O
                         net (fo=2, unplaced)         0.478     1.676    u_soc_top/u_cpu/u_arbiter/ar_preview_addr_r_reg[31]_0
                         LUT6 (Prop_lut6_I3_O)        0.105     1.781 f  u_soc_top/u_cpu/u_arbiter/ar_preview_addr_r[31]_i_1/O
                         net (fo=2, unplaced)         0.352     2.133    u_soc_top/u_axi_sram_direct/D[29]
                         LUT3 (Prop_lut3_I0_O)        0.105     2.238 r  u_soc_top/u_axi_sram_direct/wb_cover_line_r[14]_i_26/O
                         net (fo=8, unplaced)         0.385     2.623    u_soc_top/u_axi_sram_direct/wb_cover_line_r[14]_i_26_n_0
                         LUT6 (Prop_lut6_I0_O)        0.105     2.728 f  u_soc_top/u_axi_sram_direct/wb_fwd_w_r[31]_i_32/O
                         net (fo=1, unplaced)         0.347     3.075    u_soc_top/u_axi_sram_direct/wb_fwd_w_r[31]_i_32_n_0
                         LUT5 (Prop_lut5_I4_O)        0.105     3.180 f  u_soc_top/u_axi_sram_direct/wb_fwd_w_r[31]_i_17/O
                         net (fo=1, unplaced)         0.000     3.180    u_soc_top/u_axi_sram_direct/wb_fwd_w_r[31]_i_17_n_0
                         CARRY4 (Prop_carry4_S[1]_CO[1])
                                                      0.408     3.588 f  u_soc_top/u_axi_sram_direct/wb_fwd_w_r_reg[31]_i_12/CO[1]
                         net (fo=1, unplaced)         0.240     3.828    u_soc_top/u_axi_sram_direct/wb_cover_ar11_out
                         LUT5 (Prop_lut5_I4_O)        0.277     4.105 f  u_soc_top/u_axi_sram_direct/wb_fwd_w_r[31]_i_9/O
                         net (fo=26, unplaced)        0.413     4.518    u_soc_top/u_axi_sram_direct/wb_fwd_w_r[31]_i_9_n_0
                         LUT6 (Prop_lut6_I4_O)        0.105     4.623 f  u_soc_top/u_axi_sram_direct/wb_fwd_w_r[15]_i_5/O
                         net (fo=2, unplaced)         0.358     4.981    u_soc_top/u_axi_sram_direct/wb_fwd_w_r[15]_i_5_n_0
                         LUT5 (Prop_lut5_I2_O)        0.105     5.086 r  u_soc_top/u_axi_sram_direct/wb_full_w_r_i_12/O
                         net (fo=1, unplaced)         0.347     5.433    u_soc_top/u_axi_sram_direct/wb_full_w_r_i_12_n_0
                         LUT6 (Prop_lut6_I5_O)        0.105     5.538 r  u_soc_top/u_axi_sram_direct/wb_full_w_r_i_5/O
                         net (fo=5, unplaced)         0.375     5.913    u_soc_top/u_axi_sram_direct/wb_full_w_r_i_5_n_0
                         LUT6 (Prop_lut6_I0_O)        0.105     6.018 r  u_soc_top/u_axi_sram_direct/base_ram_addr_out_r[7]_rep_i_3/O
                         net (fo=15, unplaced)        0.400     6.418    u_soc_top/u_axi_sram_direct/base_ram_addr_out_r[7]_rep_i_3_n_0
                         LUT6 (Prop_lut6_I5_O)        0.105     6.523 r  u_soc_top/u_axi_sram_direct/base_ram_addr_out_r[10]_rep_i_1/O
                         net (fo=2, unplaced)         0.646     7.169    u_soc_top/u_axi_sram_direct/ram_addr_out[10]
    OLOGIC_X0Y89         FDRE                                         r  u_soc_top/u_axi_sram_direct/base_ram_addr_out_r_reg[10]_rep__0/D
  -------------------------------------------------------------------    -------------------

                         (clock cpu_clk rise edge)   10.000    10.000 r  
    K21                                               0.000    10.000 r  clk_50M (IN)
                         net (fo=0)                   0.000    10.000    u_soc_top/pll_clk.u_clk_pll/inst/clk_in1
    K21                  IBUF (Prop_ibuf_I_O)         1.328    11.328 r  u_soc_top/pll_clk.u_clk_pll/inst/clkin1_ibufg/O
                         net (fo=1, unplaced)         0.439    11.767    u_soc_top/pll_clk.u_clk_pll/inst/clk_in1_clk_pll
                         PLLE2_ADV (Prop_plle2_adv_CLKIN1_CLKOUT0)
                                                     -5.039     6.728 r  u_soc_top/pll_clk.u_clk_pll/inst/plle2_adv_inst/CLKOUT0
                         net (fo=1, unplaced)         0.613     7.341    u_soc_top/pll_clk.u_clk_pll/inst/cpu_clk_clk_pll
                         BUFG (Prop_bufg_I_O)         0.077     7.418 r  u_soc_top/pll_clk.u_clk_pll/inst/clkout1_buf/O
                         net (fo=4537, unplaced)      0.613     8.032    u_soc_top/u_axi_sram_direct/cpu_clk
    OLOGIC_X0Y89         FDRE                                         r  u_soc_top/u_axi_sram_direct/base_ram_addr_out_r_reg[10]_rep__0/C
                         clock pessimism             -0.496     7.535    
                         clock uncertainty           -0.094     7.441    
    OLOGIC_X0Y89         FDRE (Setup_fdre_C_D)       -0.707     6.734    u_soc_top/u_axi_sram_direct/base_ram_addr_out_r_reg[10]_rep__0
  -------------------------------------------------------------------
                         required time                          6.734    
                         arrival time                          -7.169    
  -------------------------------------------------------------------
                         slack                                 -0.435    

Slack (VIOLATED) :        -0.435ns  (required time - arrival time)
  Source:                 u_soc_top/u_cpu/u_core/reg_ex_mem0_ctrl/data_out_reg[6]/C
                            (rising edge-triggered cell FDRE clocked by cpu_clk  {rise@0.000ns fall@5.000ns period=10.000ns})
  Destination:            u_soc_top/u_axi_sram_direct/base_ram_addr_out_r_reg[10]_rep__0/D
                            (rising edge-triggered cell FDRE clocked by cpu_clk  {rise@0.000ns fall@5.000ns period=10.000ns})
  Path Group:             cpu_clk
  Path Type:              Setup (Max at Slow Process Corner)
  Requirement:            10.000ns  (cpu_clk rise@10.000ns - cpu_clk rise@0.000ns)
  Data Path Delay:        9.602ns  (logic 2.661ns (27.714%)  route 6.941ns (72.286%))
  Logic Levels:           16  (CARRY4=1 LUT3=2 LUT5=5 LUT6=8)
  Clock Path Skew:        -0.032ns (DCD - SCD + CPR)
    Destination Clock Delay (DCD):    -1.968ns = ( 8.032 - 10.000 ) 
    Source Clock Delay      (SCD):    -2.433ns
    Clock Pessimism Removal (CPR):    -0.496ns
  Clock Uncertainty:      0.094ns  ((TSJ^2 + DJ^2)^1/2) / 2 + PE
    Total System Jitter     (TSJ):    0.071ns
    Discrete Jitter          (DJ):    0.175ns
    Phase Error              (PE):    0.000ns

    Location             Delay type                Incr(ns)  Path(ns)    Netlist Resource(s)
  -------------------------------------------------------------------    -------------------
                         (clock cpu_clk rise edge)    0.000     0.000 r  
    K21                                               0.000     0.000 r  clk_50M (IN)
                         net (fo=0)                   0.000     0.000    u_soc_top/pll_clk.u_clk_pll/inst/clk_in1
    K21                  IBUF (Prop_ibuf_I_O)         1.394     1.394 r  u_soc_top/pll_clk.u_clk_pll/inst/clkin1_ibufg/O
                         net (fo=1, unplaced)         0.584     1.978    u_soc_top/pll_clk.u_clk_pll/inst/clk_in1_clk_pll
                         PLLE2_ADV (Prop_plle2_adv_CLKIN1_CLKOUT0)
                                                     -5.783    -3.805 r  u_soc_top/pll_clk.u_clk_pll/inst/plle2_adv_inst/CLKOUT0
                         net (fo=1, unplaced)         0.646    -3.159    u_soc_top/pll_clk.u_clk_pll/inst/cpu_clk_clk_pll
                         BUFG (Prop_bufg_I_O)         0.081    -3.078 r  u_soc_top/pll_clk.u_clk_pll/inst/clkout1_buf/O
                         net (fo=4537, unplaced)      0.646    -2.433    u_soc_top/u_cpu/u_core/reg_ex_mem0_ctrl/cpu_clk
                         FDRE                                         r  u_soc_top/u_cpu/u_core/reg_ex_mem0_ctrl/data_out_reg[6]/C
  -------------------------------------------------------------------    -------------------
                         FDRE (Prop_fdre_C_Q)         0.379    -2.054 f  u_soc_top/u_cpu/u_core/reg_ex_mem0_ctrl/data_out_reg[6]/Q
                         net (fo=124, unplaced)       0.704    -1.350    u_soc_top/u_cpu/u_core/reg_ex_mem0_ctrl/ex_mem0_out[ctrl][valid]
                         LUT3 (Prop_lut3_I0_O)        0.232    -1.118 f  u_soc_top/u_cpu/u_core/reg_ex_mem0_ctrl/wdata_stored[31]_i_5/O
                         net (fo=102, unplaced)       0.447    -0.671    u_soc_top/u_cpu/u_core/reg_ex_mem1_data/wdata_stored_reg[8]
                         LUT5 (Prop_lut5_I3_O)        0.105    -0.566 f  u_soc_top/u_cpu/u_core/reg_ex_mem1_data/wstrb_stored[2]_i_2/O
                         net (fo=7, unplaced)         0.617     0.051    u_soc_top/u_cpu/u_core/reg_ex_mem1_data/data_out_reg[34]_0
                         LUT6 (Prop_lut6_I0_O)        0.105     0.156 f  u_soc_top/u_cpu/u_core/reg_ex_mem1_data/r_addr[31]_i_5/O
                         net (fo=12, unplaced)        0.395     0.551    u_soc_top/u_cpu/u_core/reg_ex_mem1_ctrl/ar_preview_addr_r_reg[25]
                         LUT6 (Prop_lut6_I5_O)        0.105     0.656 r  u_soc_top/u_cpu/u_core/reg_ex_mem1_ctrl/r_addr[31]_i_4/O
                         net (fo=68, unplaced)        0.437     1.093    u_soc_top/u_cpu/u_core/reg_ex_mem1_ctrl/FSM_sequential_state_reg
                         LUT5 (Prop_lut5_I3_O)        0.105     1.198 f  u_soc_top/u_cpu/u_core/reg_ex_mem1_ctrl/ar_preview_addr_r[31]_i_2/O
                         net (fo=2, unplaced)         0.478     1.676    u_soc_top/u_cpu/u_arbiter/ar_preview_addr_r_reg[31]_0
                         LUT6 (Prop_lut6_I3_O)        0.105     1.781 f  u_soc_top/u_cpu/u_arbiter/ar_preview_addr_r[31]_i_1/O
                         net (fo=2, unplaced)         0.352     2.133    u_soc_top/u_axi_sram_direct/D[29]
                         LUT3 (Prop_lut3_I0_O)        0.105     2.238 r  u_soc_top/u_axi_sram_direct/wb_cover_line_r[14]_i_26/O
                         net (fo=8, unplaced)         0.385     2.623    u_soc_top/u_axi_sram_direct/wb_cover_line_r[14]_i_26_n_0
                         LUT6 (Prop_lut6_I0_O)        0.105     2.728 f  u_soc_top/u_axi_sram_direct/wb_fwd_w_r[31]_i_32/O
                         net (fo=1, unplaced)         0.347     3.075    u_soc_top/u_axi_sram_direct/wb_fwd_w_r[31]_i_32_n_0
                         LUT5 (Prop_lut5_I4_O)        0.105     3.180 f  u_soc_top/u_axi_sram_direct/wb_fwd_w_r[31]_i_17/O
                         net (fo=1, unplaced)         0.000     3.180    u_soc_top/u_axi_sram_direct/wb_fwd_w_r[31]_i_17_n_0
                         CARRY4 (Prop_carry4_S[1]_CO[1])
                                                      0.408     3.588 f  u_soc_top/u_axi_sram_direct/wb_fwd_w_r_reg[31]_i_12/CO[1]
                         net (fo=1, unplaced)         0.240     3.828    u_soc_top/u_axi_sram_direct/wb_cover_ar11_out
                         LUT5 (Prop_lut5_I4_O)        0.277     4.105 f  u_soc_top/u_axi_sram_direct/wb_fwd_w_r[31]_i_9/O
                         net (fo=26, unplaced)        0.413     4.518    u_soc_top/u_axi_sram_direct/wb_fwd_w_r[31]_i_9_n_0
                         LUT6 (Prop_lut6_I4_O)        0.105     4.623 f  u_soc_top/u_axi_sram_direct/wb_fwd_w_r[15]_i_5/O
                         net (fo=2, unplaced)         0.358     4.981    u_soc_top/u_axi_sram_direct/wb_fwd_w_r[15]_i_5_n_0
                         LUT5 (Prop_lut5_I2_O)        0.105     5.086 r  u_soc_top/u_axi_sram_direct/wb_full_w_r_i_12/O
                         net (fo=1, unplaced)         0.347     5.433    u_soc_top/u_axi_sram_direct/wb_full_w_r_i_12_n_0
                         LUT6 (Prop_lut6_I5_O)        0.105     5.538 r  u_soc_top/u_axi_sram_direct/wb_full_w_r_i_5/O
                         net (fo=5, unplaced)         0.375     5.913    u_soc_top/u_axi_sram_direct/wb_full_w_r_i_5_n_0
                         LUT6 (Prop_lut6_I0_O)        0.105     6.018 r  u_soc_top/u_axi_sram_direct/base_ram_addr_out_r[7]_rep_i_3/O
                         net (fo=15, unplaced)        0.400     6.418    u_soc_top/u_axi_sram_direct/base_ram_addr_out_r[7]_rep_i_3_n_0
                         LUT6 (Prop_lut6_I5_O)        0.105     6.523 r  u_soc_top/u_axi_sram_direct/base_ram_addr_out_r[10]_rep_i_1/O
                         net (fo=2, unplaced)         0.646     7.169    u_soc_top/u_axi_sram_direct/ram_addr_out[10]
    OLOGIC_X0Y89         FDRE                                         r  u_soc_top/u_axi_sram_direct/base_ram_addr_out_r_reg[10]_rep__0/D
  -------------------------------------------------------------------    -------------------

                         (clock cpu_clk rise edge)   10.000    10.000 r  
    K21                                               0.000    10.000 r  clk_50M (IN)
                         net (fo=0)                   0.000    10.000    u_soc_top/pll_clk.u_clk_pll/inst/clk_in1
    K21                  IBUF (Prop_ibuf_I_O)         1.328    11.328 r  u_soc_top/pll_clk.u_clk_pll/inst/clkin1_ibufg/O
                         net (fo=1, unplaced)         0.439    11.767    u_soc_top/pll_clk.u_clk_pll/inst/clk_in1_clk_pll
                         PLLE2_ADV (Prop_plle2_adv_CLKIN1_CLKOUT0)
                                                     -5.039     6.728 r  u_soc_top/pll_clk.u_clk_pll/inst/plle2_adv_inst/CLKOUT0
                         net (fo=1, unplaced)         0.613     7.341    u_soc_top/pll_clk.u_clk_pll/inst/cpu_clk_clk_pll
                         BUFG (Prop_bufg_I_O)         0.077     7.418 r  u_soc_top/pll_clk.u_clk_pll/inst/clkout1_buf/O
                         net (fo=4537, unplaced)      0.613     8.032    u_soc_top/u_axi_sram_direct/cpu_clk
    OLOGIC_X0Y89         FDRE                                         r  u_soc_top/u_axi_sram_direct/base_ram_addr_out_r_reg[10]_rep__0/C
                         clock pessimism             -0.496     7.535    
                         clock uncertainty           -0.094     7.441    
    OLOGIC_X0Y89         FDRE (Setup_fdre_C_D)       -0.707     6.734    u_soc_top/u_axi_sram_direct/base_ram_addr_out_r_reg[10]_rep__0
  -------------------------------------------------------------------
                         required time                          6.734    
                         arrival time                          -7.169    
  -------------------------------------------------------------------
                         slack                                 -0.435    

Slack (VIOLATED) :        -0.435ns  (required time - arrival time)
  Source:                 u_soc_top/u_cpu/u_core/reg_ex_mem0_ctrl/data_out_reg[6]/C
                            (rising edge-triggered cell FDRE clocked by cpu_clk  {rise@0.000ns fall@5.000ns period=10.000ns})
  Destination:            u_soc_top/u_axi_sram_direct/base_ram_addr_out_r_reg[10]_rep__0/D
                            (rising edge-triggered cell FDRE clocked by cpu_clk  {rise@0.000ns fall@5.000ns period=10.000ns})
  Path Group:             cpu_clk
  Path Type:              Setup (Max at Slow Process Corner)
  Requirement:            10.000ns  (cpu_clk rise@10.000ns - cpu_clk rise@0.000ns)
  Data Path Delay:        9.602ns  (logic 2.661ns (27.714%)  route 6.941ns (72.286%))
  Logic Levels:           16  (CARRY4=1 LUT3=2 LUT5=5 LUT6=8)
  Clock Path Skew:        -0.032ns (DCD - SCD + CPR)
    Destination Clock Delay (DCD):    -1.968ns = ( 8.032 - 10.000 ) 
    Source Clock Delay      (SCD):    -2.433ns
    Clock Pessimism Removal (CPR):    -0.496ns
  Clock Uncertainty:      0.094ns  ((TSJ^2 + DJ^2)^1/2) / 2 + PE
    Total System Jitter     (TSJ):    0.071ns
    Discrete Jitter          (DJ):    0.175ns
    Phase Error              (PE):    0.000ns

    Location             Delay type                Incr(ns)  Path(ns)    Netlist Resource(s)
  -------------------------------------------------------------------    -------------------
                         (clock cpu_clk rise edge)    0.000     0.000 r  
    K21                                               0.000     0.000 r  clk_50M (IN)
                         net (fo=0)                   0.000     0.000    u_soc_top/pll_clk.u_clk_pll/inst/clk_in1
    K21                  IBUF (Prop_ibuf_I_O)         1.394     1.394 r  u_soc_top/pll_clk.u_clk_pll/inst/clkin1_ibufg/O
                         net (fo=1, unplaced)         0.584     1.978    u_soc_top/pll_clk.u_clk_pll/inst/clk_in1_clk_pll
                         PLLE2_ADV (Prop_plle2_adv_CLKIN1_CLKOUT0)
                                                     -5.783    -3.805 r  u_soc_top/pll_clk.u_clk_pll/inst/plle2_adv_inst/CLKOUT0
                         net (fo=1, unplaced)         0.646    -3.159    u_soc_top/pll_clk.u_clk_pll/inst/cpu_clk_clk_pll
                         BUFG (Prop_bufg_I_O)         0.081    -3.078 r  u_soc_top/pll_clk.u_clk_pll/inst/clkout1_buf/O
                         net (fo=4537, unplaced)      0.646    -2.433    u_soc_top/u_cpu/u_core/reg_ex_mem0_ctrl/cpu_clk
                         FDRE                                         r  u_soc_top/u_cpu/u_core/reg_ex_mem0_ctrl/data_out_reg[6]/C
  -------------------------------------------------------------------    -------------------
                         FDRE (Prop_fdre_C_Q)         0.379    -2.054 r  u_soc_top/u_cpu/u_core/reg_ex_mem0_ctrl/data_out_reg[6]/Q
                         net (fo=124, unplaced)       0.704    -1.350    u_soc_top/u_cpu/u_core/reg_ex_mem0_ctrl/ex_mem0_out[ctrl][valid]
                         LUT3 (Prop_lut3_I0_O)        0.232    -1.118 r  u_soc_top/u_cpu/u_core/reg_ex_mem0_ctrl/wdata_stored[31]_i_5/O
                         net (fo=102, unplaced)       0.447    -0.671    u_soc_top/u_cpu/u_core/reg_ex_mem1_data/wdata_stored_reg[8]
                         LUT5 (Prop_lut5_I3_O)        0.105    -0.566 r  u_soc_top/u_cpu/u_core/reg_ex_mem1_data/wstrb_stored[2]_i_2/O
                         net (fo=7, unplaced)         0.617     0.051    u_soc_top/u_cpu/u_core/reg_ex_mem1_data/data_out_reg[34]_0
                         LUT6 (Prop_lut6_I0_O)        0.105     0.156 r  u_soc_top/u_cpu/u_core/reg_ex_mem1_data/r_addr[31]_i_5/O
                         net (fo=12, unplaced)        0.395     0.551    u_soc_top/u_cpu/u_core/reg_ex_mem1_ctrl/ar_preview_addr_r_reg[25]
                         LUT6 (Prop_lut6_I5_O)        0.105     0.656 f  u_soc_top/u_cpu/u_core/reg_ex_mem1_ctrl/r_addr[31]_i_4/O
                         net (fo=68, unplaced)        0.437     1.093    u_soc_top/u_cpu/u_core/reg_ex_mem1_ctrl/FSM_sequential_state_reg
                         LUT5 (Prop_lut5_I3_O)        0.105     1.198 f  u_soc_top/u_cpu/u_core/reg_ex_mem1_ctrl/ar_preview_addr_r[31]_i_2/O
                         net (fo=2, unplaced)         0.478     1.676    u_soc_top/u_cpu/u_arbiter/ar_preview_addr_r_reg[31]_0
                         LUT6 (Prop_lut6_I3_O)        0.105     1.781 f  u_soc_top/u_cpu/u_arbiter/ar_preview_addr_r[31]_i_1/O
                         net (fo=2, unplaced)         0.352     2.133    u_soc_top/u_axi_sram_direct/D[29]
                         LUT3 (Prop_lut3_I0_O)        0.105     2.238 r  u_soc_top/u_axi_sram_direct/wb_cover_line_r[14]_i_26/O
                         net (fo=8, unplaced)         0.385     2.623    u_soc_top/u_axi_sram_direct/wb_cover_line_r[14]_i_26_n_0
                         LUT6 (Prop_lut6_I0_O)        0.105     2.728 f  u_soc_top/u_axi_sram_direct/wb_fwd_w_r[31]_i_32/O
                         net (fo=1, unplaced)         0.347     3.075    u_soc_top/u_axi_sram_direct/wb_fwd_w_r[31]_i_32_n_0
                         LUT5 (Prop_lut5_I4_O)        0.105     3.180 f  u_soc_top/u_axi_sram_direct/wb_fwd_w_r[31]_i_17/O
                         net (fo=1, unplaced)         0.000     3.180    u_soc_top/u_axi_sram_direct/wb_fwd_w_r[31]_i_17_n_0
                         CARRY4 (Prop_carry4_S[1]_CO[1])
                                                      0.408     3.588 f  u_soc_top/u_axi_sram_direct/wb_fwd_w_r_reg[31]_i_12/CO[1]
                         net (fo=1, unplaced)         0.240     3.828    u_soc_top/u_axi_sram_direct/wb_cover_ar11_out
                         LUT5 (Prop_lut5_I4_O)        0.277     4.105 f  u_soc_top/u_axi_sram_direct/wb_fwd_w_r[31]_i_9/O
                         net (fo=26, unplaced)        0.413     4.518    u_soc_top/u_axi_sram_direct/wb_fwd_w_r[31]_i_9_n_0
                         LUT6 (Prop_lut6_I4_O)        0.105     4.623 f  u_soc_top/u_axi_sram_direct/wb_fwd_w_r[15]_i_5/O
                         net (fo=2, unplaced)         0.358     4.981    u_soc_top/u_axi_sram_direct/wb_fwd_w_r[15]_i_5_n_0
                         LUT5 (Prop_lut5_I2_O)        0.105     5.086 r  u_soc_top/u_axi_sram_direct/wb_full_w_r_i_12/O
                         net (fo=1, unplaced)         0.347     5.433    u_soc_top/u_axi_sram_direct/wb_full_w_r_i_12_n_0
                         LUT6 (Prop_lut6_I5_O)        0.105     5.538 r  u_soc_top/u_axi_sram_direct/wb_full_w_r_i_5/O
                         net (fo=5, unplaced)         0.375     5.913    u_soc_top/u_axi_sram_direct/wb_full_w_r_i_5_n_0
                         LUT6 (Prop_lut6_I0_O)        0.105     6.018 r  u_soc_top/u_axi_sram_direct/base_ram_addr_out_r[7]_rep_i_3/O
                         net (fo=15, unplaced)        0.400     6.418    u_soc_top/u_axi_sram_direct/base_ram_addr_out_r[7]_rep_i_3_n_0
                         LUT6 (Prop_lut6_I5_O)        0.105     6.523 r  u_soc_top/u_axi_sram_direct/base_ram_addr_out_r[10]_rep_i_1/O
                         net (fo=2, unplaced)         0.646     7.169    u_soc_top/u_axi_sram_direct/ram_addr_out[10]
    OLOGIC_X0Y89         FDRE                                         r  u_soc_top/u_axi_sram_direct/base_ram_addr_out_r_reg[10]_rep__0/D
  -------------------------------------------------------------------    -------------------

                         (clock cpu_clk rise edge)   10.000    10.000 r  
    K21                                               0.000    10.000 r  clk_50M (IN)
                         net (fo=0)                   0.000    10.000    u_soc_top/pll_clk.u_clk_pll/inst/clk_in1
    K21                  IBUF (Prop_ibuf_I_O)         1.328    11.328 r  u_soc_top/pll_clk.u_clk_pll/inst/clkin1_ibufg/O
                         net (fo=1, unplaced)         0.439    11.767    u_soc_top/pll_clk.u_clk_pll/inst/clk_in1_clk_pll
                         PLLE2_ADV (Prop_plle2_adv_CLKIN1_CLKOUT0)
                                                     -5.039     6.728 r  u_soc_top/pll_clk.u_clk_pll/inst/plle2_adv_inst/CLKOUT0
                         net (fo=1, unplaced)         0.613     7.341    u_soc_top/pll_clk.u_clk_pll/inst/cpu_clk_clk_pll
                         BUFG (Prop_bufg_I_O)         0.077     7.418 r  u_soc_top/pll_clk.u_clk_pll/inst/clkout1_buf/O
                         net (fo=4537, unplaced)      0.613     8.032    u_soc_top/u_axi_sram_direct/cpu_clk
    OLOGIC_X0Y89         FDRE                                         r  u_soc_top/u_axi_sram_direct/base_ram_addr_out_r_reg[10]_rep__0/C
                         clock pessimism             -0.496     7.535    
                         clock uncertainty           -0.094     7.441    
    OLOGIC_X0Y89         FDRE (Setup_fdre_C_D)       -0.707     6.734    u_soc_top/u_axi_sram_direct/base_ram_addr_out_r_reg[10]_rep__0
  -------------------------------------------------------------------
                         required time                          6.734    
                         arrival time                          -7.169    
  -------------------------------------------------------------------
                         slack                                 -0.435    

Slack (VIOLATED) :        -0.435ns  (required time - arrival time)
  Source:                 u_soc_top/u_cpu/u_core/reg_ex_mem0_ctrl/data_out_reg[6]/C
                            (rising edge-triggered cell FDRE clocked by cpu_clk  {rise@0.000ns fall@5.000ns period=10.000ns})
  Destination:            u_soc_top/u_axi_sram_direct/base_ram_addr_out_r_reg[10]_rep__0/D
                            (rising edge-triggered cell FDRE clocked by cpu_clk  {rise@0.000ns fall@5.000ns period=10.000ns})
  Path Group:             cpu_clk
  Path Type:              Setup (Max at Slow Process Corner)
  Requirement:            10.000ns  (cpu_clk rise@10.000ns - cpu_clk rise@0.000ns)
  Data Path Delay:        9.602ns  (logic 2.661ns (27.714%)  route 6.941ns (72.286%))
  Logic Levels:           16  (CARRY4=1 LUT3=2 LUT5=5 LUT6=8)
  Clock Path Skew:        -0.032ns (DCD - SCD + CPR)
    Destination Clock Delay (DCD):    -1.968ns = ( 8.032 - 10.000 ) 
    Source Clock Delay      (SCD):    -2.433ns
    Clock Pessimism Removal (CPR):    -0.496ns
  Clock Uncertainty:      0.094ns  ((TSJ^2 + DJ^2)^1/2) / 2 + PE
    Total System Jitter     (TSJ):    0.071ns
    Discrete Jitter          (DJ):    0.175ns
    Phase Error              (PE):    0.000ns

    Location             Delay type                Incr(ns)  Path(ns)    Netlist Resource(s)
  -------------------------------------------------------------------    -------------------
                         (clock cpu_clk rise edge)    0.000     0.000 r  
    K21                                               0.000     0.000 r  clk_50M (IN)
                         net (fo=0)                   0.000     0.000    u_soc_top/pll_clk.u_clk_pll/inst/clk_in1
    K21                  IBUF (Prop_ibuf_I_O)         1.394     1.394 r  u_soc_top/pll_clk.u_clk_pll/inst/clkin1_ibufg/O
                         net (fo=1, unplaced)         0.584     1.978    u_soc_top/pll_clk.u_clk_pll/inst/clk_in1_clk_pll
                         PLLE2_ADV (Prop_plle2_adv_CLKIN1_CLKOUT0)
                                                     -5.783    -3.805 r  u_soc_top/pll_clk.u_clk_pll/inst/plle2_adv_inst/CLKOUT0
                         net (fo=1, unplaced)         0.646    -3.159    u_soc_top/pll_clk.u_clk_pll/inst/cpu_clk_clk_pll
                         BUFG (Prop_bufg_I_O)         0.081    -3.078 r  u_soc_top/pll_clk.u_clk_pll/inst/clkout1_buf/O
                         net (fo=4537, unplaced)      0.646    -2.433    u_soc_top/u_cpu/u_core/reg_ex_mem0_ctrl/cpu_clk
                         FDRE                                         r  u_soc_top/u_cpu/u_core/reg_ex_mem0_ctrl/data_out_reg[6]/C
  -------------------------------------------------------------------    -------------------
                         FDRE (Prop_fdre_C_Q)         0.379    -2.054 r  u_soc_top/u_cpu/u_core/reg_ex_mem0_ctrl/data_out_reg[6]/Q
                         net (fo=124, unplaced)       0.704    -1.350    u_soc_top/u_cpu/u_core/reg_ex_mem0_ctrl/ex_mem0_out[ctrl][valid]
                         LUT3 (Prop_lut3_I0_O)        0.232    -1.118 r  u_soc_top/u_cpu/u_core/reg_ex_mem0_ctrl/wdata_stored[31]_i_5/O
                         net (fo=102, unplaced)       0.447    -0.671    u_soc_top/u_cpu/u_core/reg_ex_mem1_data/wdata_stored_reg[8]
                         LUT5 (Prop_lut5_I3_O)        0.105    -0.566 f  u_soc_top/u_cpu/u_core/reg_ex_mem1_data/wstrb_stored[2]_i_2/O
                         net (fo=7, unplaced)         0.617     0.051    u_soc_top/u_cpu/u_core/reg_ex_mem1_data/data_out_reg[34]_0
                         LUT6 (Prop_lut6_I0_O)        0.105     0.156 f  u_soc_top/u_cpu/u_core/reg_ex_mem1_data/r_addr[31]_i_5/O
                         net (fo=12, unplaced)        0.395     0.551    u_soc_top/u_cpu/u_core/reg_ex_mem1_ctrl/ar_preview_addr_r_reg[25]
                         LUT6 (Prop_lut6_I5_O)        0.105     0.656 r  u_soc_top/u_cpu/u_core/reg_ex_mem1_ctrl/r_addr[31]_i_4/O
                         net (fo=68, unplaced)        0.437     1.093    u_soc_top/u_cpu/u_core/reg_ex_mem1_ctrl/FSM_sequential_state_reg
                         LUT5 (Prop_lut5_I3_O)        0.105     1.198 r  u_soc_top/u_cpu/u_core/reg_ex_mem1_ctrl/ar_preview_addr_r[31]_i_2/O
                         net (fo=2, unplaced)         0.478     1.676    u_soc_top/u_cpu/u_arbiter/ar_preview_addr_r_reg[31]_0
                         LUT6 (Prop_lut6_I3_O)        0.105     1.781 r  u_soc_top/u_cpu/u_arbiter/ar_preview_addr_r[31]_i_1/O
                         net (fo=2, unplaced)         0.352     2.133    u_soc_top/u_axi_sram_direct/D[29]
                         LUT3 (Prop_lut3_I0_O)        0.105     2.238 f  u_soc_top/u_axi_sram_direct/wb_cover_line_r[14]_i_26/O
                         net (fo=8, unplaced)         0.385     2.623    u_soc_top/u_axi_sram_direct/wb_cover_line_r[14]_i_26_n_0
                         LUT6 (Prop_lut6_I0_O)        0.105     2.728 f  u_soc_top/u_axi_sram_direct/wb_fwd_w_r[31]_i_32/O
                         net (fo=1, unplaced)         0.347     3.075    u_soc_top/u_axi_sram_direct/wb_fwd_w_r[31]_i_32_n_0
                         LUT5 (Prop_lut5_I4_O)        0.105     3.180 f  u_soc_top/u_axi_sram_direct/wb_fwd_w_r[31]_i_17/O
                         net (fo=1, unplaced)         0.000     3.180    u_soc_top/u_axi_sram_direct/wb_fwd_w_r[31]_i_17_n_0
                         CARRY4 (Prop_carry4_S[1]_CO[1])
                                                      0.408     3.588 f  u_soc_top/u_axi_sram_direct/wb_fwd_w_r_reg[31]_i_12/CO[1]
                         net (fo=1, unplaced)         0.240     3.828    u_soc_top/u_axi_sram_direct/wb_cover_ar11_out
                         LUT5 (Prop_lut5_I4_O)        0.277     4.105 f  u_soc_top/u_axi_sram_direct/wb_fwd_w_r[31]_i_9/O
                         net (fo=26, unplaced)        0.413     4.518    u_soc_top/u_axi_sram_direct/wb_fwd_w_r[31]_i_9_n_0
                         LUT6 (Prop_lut6_I4_O)        0.105     4.623 f  u_soc_top/u_axi_sram_direct/wb_fwd_w_r[15]_i_5/O
                         net (fo=2, unplaced)         0.358     4.981    u_soc_top/u_axi_sram_direct/wb_fwd_w_r[15]_i_5_n_0
                         LUT5 (Prop_lut5_I2_O)        0.105     5.086 r  u_soc_top/u_axi_sram_direct/wb_full_w_r_i_12/O
                         net (fo=1, unplaced)         0.347     5.433    u_soc_top/u_axi_sram_direct/wb_full_w_r_i_12_n_0
                         LUT6 (Prop_lut6_I5_O)        0.105     5.538 r  u_soc_top/u_axi_sram_direct/wb_full_w_r_i_5/O
                         net (fo=5, unplaced)         0.375     5.913    u_soc_top/u_axi_sram_direct/wb_full_w_r_i_5_n_0
                         LUT6 (Prop_lut6_I0_O)        0.105     6.018 r  u_soc_top/u_axi_sram_direct/base_ram_addr_out_r[7]_rep_i_3/O
                         net (fo=15, unplaced)        0.400     6.418    u_soc_top/u_axi_sram_direct/base_ram_addr_out_r[7]_rep_i_3_n_0
                         LUT6 (Prop_lut6_I5_O)        0.105     6.523 r  u_soc_top/u_axi_sram_direct/base_ram_addr_out_r[10]_rep_i_1/O
                         net (fo=2, unplaced)         0.646     7.169    u_soc_top/u_axi_sram_direct/ram_addr_out[10]
    OLOGIC_X0Y89         FDRE                                         r  u_soc_top/u_axi_sram_direct/base_ram_addr_out_r_reg[10]_rep__0/D
  -------------------------------------------------------------------    -------------------

                         (clock cpu_clk rise edge)   10.000    10.000 r  
    K21                                               0.000    10.000 r  clk_50M (IN)
                         net (fo=0)                   0.000    10.000    u_soc_top/pll_clk.u_clk_pll/inst/clk_in1
    K21                  IBUF (Prop_ibuf_I_O)         1.328    11.328 r  u_soc_top/pll_clk.u_clk_pll/inst/clkin1_ibufg/O
                         net (fo=1, unplaced)         0.439    11.767    u_soc_top/pll_clk.u_clk_pll/inst/clk_in1_clk_pll
                         PLLE2_ADV (Prop_plle2_adv_CLKIN1_CLKOUT0)
                                                     -5.039     6.728 r  u_soc_top/pll_clk.u_clk_pll/inst/plle2_adv_inst/CLKOUT0
                         net (fo=1, unplaced)         0.613     7.341    u_soc_top/pll_clk.u_clk_pll/inst/cpu_clk_clk_pll
                         BUFG (Prop_bufg_I_O)         0.077     7.418 r  u_soc_top/pll_clk.u_clk_pll/inst/clkout1_buf/O
                         net (fo=4537, unplaced)      0.613     8.032    u_soc_top/u_axi_sram_direct/cpu_clk
    OLOGIC_X0Y89         FDRE                                         r  u_soc_top/u_axi_sram_direct/base_ram_addr_out_r_reg[10]_rep__0/C
                         clock pessimism             -0.496     7.535    
                         clock uncertainty           -0.094     7.441    
    OLOGIC_X0Y89         FDRE (Setup_fdre_C_D)       -0.707     6.734    u_soc_top/u_axi_sram_direct/base_ram_addr_out_r_reg[10]_rep__0
  -------------------------------------------------------------------
                         required time                          6.734    
                         arrival time                          -7.169    
  -------------------------------------------------------------------
                         slack                                 -0.435    

Slack (VIOLATED) :        -0.435ns  (required time - arrival time)
  Source:                 u_soc_top/u_cpu/u_core/reg_ex_mem0_ctrl/data_out_reg[6]/C
                            (rising edge-triggered cell FDRE clocked by cpu_clk  {rise@0.000ns fall@5.000ns period=10.000ns})
  Destination:            u_soc_top/u_axi_sram_direct/base_ram_addr_out_r_reg[10]_rep__0/D
                            (rising edge-triggered cell FDRE clocked by cpu_clk  {rise@0.000ns fall@5.000ns period=10.000ns})
  Path Group:             cpu_clk
  Path Type:              Setup (Max at Slow Process Corner)
  Requirement:            10.000ns  (cpu_clk rise@10.000ns - cpu_clk rise@0.000ns)
  Data Path Delay:        9.602ns  (logic 2.661ns (27.714%)  route 6.941ns (72.286%))
  Logic Levels:           16  (CARRY4=1 LUT3=2 LUT5=5 LUT6=8)
  Clock Path Skew:        -0.032ns (DCD - SCD + CPR)
    Destination Clock Delay (DCD):    -1.968ns = ( 8.032 - 10.000 ) 
    Source Clock Delay      (SCD):    -2.433ns
    Clock Pessimism Removal (CPR):    -0.496ns
  Clock Uncertainty:      0.094ns  ((TSJ^2 + DJ^2)^1/2) / 2 + PE
    Total System Jitter     (TSJ):    0.071ns
    Discrete Jitter          (DJ):    0.175ns
    Phase Error              (PE):    0.000ns

    Location             Delay type                Incr(ns)  Path(ns)    Netlist Resource(s)
  -------------------------------------------------------------------    -------------------
                         (clock cpu_clk rise edge)    0.000     0.000 r  
    K21                                               0.000     0.000 r  clk_50M (IN)
                         net (fo=0)                   0.000     0.000    u_soc_top/pll_clk.u_clk_pll/inst/clk_in1
    K21                  IBUF (Prop_ibuf_I_O)         1.394     1.394 r  u_soc_top/pll_clk.u_clk_pll/inst/clkin1_ibufg/O
                         net (fo=1, unplaced)         0.584     1.978    u_soc_top/pll_clk.u_clk_pll/inst/clk_in1_clk_pll
                         PLLE2_ADV (Prop_plle2_adv_CLKIN1_CLKOUT0)
                                                     -5.783    -3.805 r  u_soc_top/pll_clk.u_clk_pll/inst/plle2_adv_inst/CLKOUT0
                         net (fo=1, unplaced)         0.646    -3.159    u_soc_top/pll_clk.u_clk_pll/inst/cpu_clk_clk_pll
                         BUFG (Prop_bufg_I_O)         0.081    -3.078 r  u_soc_top/pll_clk.u_clk_pll/inst/clkout1_buf/O
                         net (fo=4537, unplaced)      0.646    -2.433    u_soc_top/u_cpu/u_core/reg_ex_mem0_ctrl/cpu_clk
                         FDRE                                         r  u_soc_top/u_cpu/u_core/reg_ex_mem0_ctrl/data_out_reg[6]/C
  -------------------------------------------------------------------    -------------------
                         FDRE (Prop_fdre_C_Q)         0.379    -2.054 f  u_soc_top/u_cpu/u_core/reg_ex_mem0_ctrl/data_out_reg[6]/Q
                         net (fo=124, unplaced)       0.704    -1.350    u_soc_top/u_cpu/u_core/reg_ex_mem0_ctrl/ex_mem0_out[ctrl][valid]
                         LUT3 (Prop_lut3_I0_O)        0.232    -1.118 f  u_soc_top/u_cpu/u_core/reg_ex_mem0_ctrl/wdata_stored[31]_i_5/O
                         net (fo=102, unplaced)       0.447    -0.671    u_soc_top/u_cpu/u_core/reg_ex_mem1_data/wdata_stored_reg[8]
                         LUT5 (Prop_lut5_I3_O)        0.105    -0.566 f  u_soc_top/u_cpu/u_core/reg_ex_mem1_data/wstrb_stored[2]_i_2/O
                         net (fo=7, unplaced)         0.617     0.051    u_soc_top/u_cpu/u_core/reg_ex_mem1_data/data_out_reg[34]_0
                         LUT6 (Prop_lut6_I0_O)        0.105     0.156 f  u_soc_top/u_cpu/u_core/reg_ex_mem1_data/r_addr[31]_i_5/O
                         net (fo=12, unplaced)        0.395     0.551    u_soc_top/u_cpu/u_core/reg_ex_mem1_ctrl/ar_preview_addr_r_reg[25]
                         LUT6 (Prop_lut6_I5_O)        0.105     0.656 r  u_soc_top/u_cpu/u_core/reg_ex_mem1_ctrl/r_addr[31]_i_4/O
                         net (fo=68, unplaced)        0.437     1.093    u_soc_top/u_cpu/u_core/reg_ex_mem1_ctrl/FSM_sequential_state_reg
                         LUT5 (Prop_lut5_I3_O)        0.105     1.198 r  u_soc_top/u_cpu/u_core/reg_ex_mem1_ctrl/ar_preview_addr_r[31]_i_2/O
                         net (fo=2, unplaced)         0.478     1.676    u_soc_top/u_cpu/u_arbiter/ar_preview_addr_r_reg[31]_0
                         LUT6 (Prop_lut6_I3_O)        0.105     1.781 r  u_soc_top/u_cpu/u_arbiter/ar_preview_addr_r[31]_i_1/O
                         net (fo=2, unplaced)         0.352     2.133    u_soc_top/u_axi_sram_direct/D[29]
                         LUT3 (Prop_lut3_I0_O)        0.105     2.238 f  u_soc_top/u_axi_sram_direct/wb_cover_line_r[14]_i_26/O
                         net (fo=8, unplaced)         0.385     2.623    u_soc_top/u_axi_sram_direct/wb_cover_line_r[14]_i_26_n_0
                         LUT6 (Prop_lut6_I0_O)        0.105     2.728 f  u_soc_top/u_axi_sram_direct/wb_fwd_w_r[31]_i_32/O
                         net (fo=1, unplaced)         0.347     3.075    u_soc_top/u_axi_sram_direct/wb_fwd_w_r[31]_i_32_n_0
                         LUT5 (Prop_lut5_I4_O)        0.105     3.180 f  u_soc_top/u_axi_sram_direct/wb_fwd_w_r[31]_i_17/O
                         net (fo=1, unplaced)         0.000     3.180    u_soc_top/u_axi_sram_direct/wb_fwd_w_r[31]_i_17_n_0
                         CARRY4 (Prop_carry4_S[1]_CO[1])
                                                      0.408     3.588 f  u_soc_top/u_axi_sram_direct/wb_fwd_w_r_reg[31]_i_12/CO[1]
                         net (fo=1, unplaced)         0.240     3.828    u_soc_top/u_axi_sram_direct/wb_cover_ar11_out
                         LUT5 (Prop_lut5_I4_O)        0.277     4.105 f  u_soc_top/u_axi_sram_direct/wb_fwd_w_r[31]_i_9/O
                         net (fo=26, unplaced)        0.413     4.518    u_soc_top/u_axi_sram_direct/wb_fwd_w_r[31]_i_9_n_0
                         LUT6 (Prop_lut6_I4_O)        0.105     4.623 f  u_soc_top/u_axi_sram_direct/wb_fwd_w_r[15]_i_5/O
                         net (fo=2, unplaced)         0.358     4.981    u_soc_top/u_axi_sram_direct/wb_fwd_w_r[15]_i_5_n_0
                         LUT5 (Prop_lut5_I2_O)        0.105     5.086 r  u_soc_top/u_axi_sram_direct/wb_full_w_r_i_12/O
                         net (fo=1, unplaced)         0.347     5.433    u_soc_top/u_axi_sram_direct/wb_full_w_r_i_12_n_0
                         LUT6 (Prop_lut6_I5_O)        0.105     5.538 r  u_soc_top/u_axi_sram_direct/wb_full_w_r_i_5/O
                         net (fo=5, unplaced)         0.375     5.913    u_soc_top/u_axi_sram_direct/wb_full_w_r_i_5_n_0
                         LUT6 (Prop_lut6_I0_O)        0.105     6.018 r  u_soc_top/u_axi_sram_direct/base_ram_addr_out_r[7]_rep_i_3/O
                         net (fo=15, unplaced)        0.400     6.418    u_soc_top/u_axi_sram_direct/base_ram_addr_out_r[7]_rep_i_3_n_0
                         LUT6 (Prop_lut6_I5_O)        0.105     6.523 r  u_soc_top/u_axi_sram_direct/base_ram_addr_out_r[10]_rep_i_1/O
                         net (fo=2, unplaced)         0.646     7.169    u_soc_top/u_axi_sram_direct/ram_addr_out[10]
    OLOGIC_X0Y89         FDRE                                         r  u_soc_top/u_axi_sram_direct/base_ram_addr_out_r_reg[10]_rep__0/D
  -------------------------------------------------------------------    -------------------

                         (clock cpu_clk rise edge)   10.000    10.000 r  
    K21                                               0.000    10.000 r  clk_50M (IN)
                         net (fo=0)                   0.000    10.000    u_soc_top/pll_clk.u_clk_pll/inst/clk_in1
    K21                  IBUF (Prop_ibuf_I_O)         1.328    11.328 r  u_soc_top/pll_clk.u_clk_pll/inst/clkin1_ibufg/O
                         net (fo=1, unplaced)         0.439    11.767    u_soc_top/pll_clk.u_clk_pll/inst/clk_in1_clk_pll
                         PLLE2_ADV (Prop_plle2_adv_CLKIN1_CLKOUT0)
                                                     -5.039     6.728 r  u_soc_top/pll_clk.u_clk_pll/inst/plle2_adv_inst/CLKOUT0
                         net (fo=1, unplaced)         0.613     7.341    u_soc_top/pll_clk.u_clk_pll/inst/cpu_clk_clk_pll
                         BUFG (Prop_bufg_I_O)         0.077     7.418 r  u_soc_top/pll_clk.u_clk_pll/inst/clkout1_buf/O
                         net (fo=4537, unplaced)      0.613     8.032    u_soc_top/u_axi_sram_direct/cpu_clk
    OLOGIC_X0Y89         FDRE                                         r  u_soc_top/u_axi_sram_direct/base_ram_addr_out_r_reg[10]_rep__0/C
                         clock pessimism             -0.496     7.535    
                         clock uncertainty           -0.094     7.441    
    OLOGIC_X0Y89         FDRE (Setup_fdre_C_D)       -0.707     6.734    u_soc_top/u_axi_sram_direct/base_ram_addr_out_r_reg[10]_rep__0
  -------------------------------------------------------------------
                         required time                          6.734    
                         arrival time                          -7.169    
  -------------------------------------------------------------------
                         slack                                 -0.435    

Slack (VIOLATED) :        -0.435ns  (required time - arrival time)
  Source:                 u_soc_top/u_cpu/u_core/reg_ex_mem0_ctrl/data_out_reg[6]/C
                            (rising edge-triggered cell FDRE clocked by cpu_clk  {rise@0.000ns fall@5.000ns period=10.000ns})
  Destination:            u_soc_top/u_axi_sram_direct/base_ram_addr_out_r_reg[10]_rep__0/D
                            (rising edge-triggered cell FDRE clocked by cpu_clk  {rise@0.000ns fall@5.000ns period=10.000ns})
  Path Group:             cpu_clk
  Path Type:              Setup (Max at Slow Process Corner)
  Requirement:            10.000ns  (cpu_clk rise@10.000ns - cpu_clk rise@0.000ns)
  Data Path Delay:        9.602ns  (logic 2.661ns (27.714%)  route 6.941ns (72.286%))
  Logic Levels:           16  (CARRY4=1 LUT3=2 LUT5=5 LUT6=8)
  Clock Path Skew:        -0.032ns (DCD - SCD + CPR)
    Destination Clock Delay (DCD):    -1.968ns = ( 8.032 - 10.000 ) 
    Source Clock Delay      (SCD):    -2.433ns
    Clock Pessimism Removal (CPR):    -0.496ns
  Clock Uncertainty:      0.094ns  ((TSJ^2 + DJ^2)^1/2) / 2 + PE
    Total System Jitter     (TSJ):    0.071ns
    Discrete Jitter          (DJ):    0.175ns
    Phase Error              (PE):    0.000ns

    Location             Delay type                Incr(ns)  Path(ns)    Netlist Resource(s)
  -------------------------------------------------------------------    -------------------
                         (clock cpu_clk rise edge)    0.000     0.000 r  
    K21                                               0.000     0.000 r  clk_50M (IN)
                         net (fo=0)                   0.000     0.000    u_soc_top/pll_clk.u_clk_pll/inst/clk_in1
    K21                  IBUF (Prop_ibuf_I_O)         1.394     1.394 r  u_soc_top/pll_clk.u_clk_pll/inst/clkin1_ibufg/O
                         net (fo=1, unplaced)         0.584     1.978    u_soc_top/pll_clk.u_clk_pll/inst/clk_in1_clk_pll
                         PLLE2_ADV (Prop_plle2_adv_CLKIN1_CLKOUT0)
                                                     -5.783    -3.805 r  u_soc_top/pll_clk.u_clk_pll/inst/plle2_adv_inst/CLKOUT0
                         net (fo=1, unplaced)         0.646    -3.159    u_soc_top/pll_clk.u_clk_pll/inst/cpu_clk_clk_pll
                         BUFG (Prop_bufg_I_O)         0.081    -3.078 r  u_soc_top/pll_clk.u_clk_pll/inst/clkout1_buf/O
                         net (fo=4537, unplaced)      0.646    -2.433    u_soc_top/u_cpu/u_core/reg_ex_mem0_ctrl/cpu_clk
                         FDRE                                         r  u_soc_top/u_cpu/u_core/reg_ex_mem0_ctrl/data_out_reg[6]/C
  -------------------------------------------------------------------    -------------------
                         FDRE (Prop_fdre_C_Q)         0.379    -2.054 r  u_soc_top/u_cpu/u_core/reg_ex_mem0_ctrl/data_out_reg[6]/Q
                         net (fo=124, unplaced)       0.704    -1.350    u_soc_top/u_cpu/u_core/reg_ex_mem0_ctrl/ex_mem0_out[ctrl][valid]
                         LUT3 (Prop_lut3_I0_O)        0.232    -1.118 r  u_soc_top/u_cpu/u_core/reg_ex_mem0_ctrl/wdata_stored[31]_i_5/O
                         net (fo=102, unplaced)       0.447    -0.671    u_soc_top/u_cpu/u_core/reg_ex_mem1_data/wdata_stored_reg[8]
                         LUT5 (Prop_lut5_I3_O)        0.105    -0.566 r  u_soc_top/u_cpu/u_core/reg_ex_mem1_data/wstrb_stored[2]_i_2/O
                         net (fo=7, unplaced)         0.617     0.051    u_soc_top/u_cpu/u_core/reg_ex_mem1_data/data_out_reg[34]_0
                         LUT6 (Prop_lut6_I0_O)        0.105     0.156 r  u_soc_top/u_cpu/u_core/reg_ex_mem1_data/r_addr[31]_i_5/O
                         net (fo=12, unplaced)        0.395     0.551    u_soc_top/u_cpu/u_core/reg_ex_mem1_ctrl/ar_preview_addr_r_reg[25]
                         LUT6 (Prop_lut6_I5_O)        0.105     0.656 f  u_soc_top/u_cpu/u_core/reg_ex_mem1_ctrl/r_addr[31]_i_4/O
                         net (fo=68, unplaced)        0.437     1.093    u_soc_top/u_cpu/u_core/reg_ex_mem1_ctrl/FSM_sequential_state_reg
                         LUT5 (Prop_lut5_I3_O)        0.105     1.198 r  u_soc_top/u_cpu/u_core/reg_ex_mem1_ctrl/ar_preview_addr_r[31]_i_2/O
                         net (fo=2, unplaced)         0.478     1.676    u_soc_top/u_cpu/u_arbiter/ar_preview_addr_r_reg[31]_0
                         LUT6 (Prop_lut6_I3_O)        0.105     1.781 r  u_soc_top/u_cpu/u_arbiter/ar_preview_addr_r[31]_i_1/O
                         net (fo=2, unplaced)         0.352     2.133    u_soc_top/u_axi_sram_direct/D[29]
                         LUT3 (Prop_lut3_I0_O)        0.105     2.238 f  u_soc_top/u_axi_sram_direct/wb_cover_line_r[14]_i_26/O
                         net (fo=8, unplaced)         0.385     2.623    u_soc_top/u_axi_sram_direct/wb_cover_line_r[14]_i_26_n_0
                         LUT6 (Prop_lut6_I0_O)        0.105     2.728 f  u_soc_top/u_axi_sram_direct/wb_fwd_w_r[31]_i_32/O
                         net (fo=1, unplaced)         0.347     3.075    u_soc_top/u_axi_sram_direct/wb_fwd_w_r[31]_i_32_n_0
                         LUT5 (Prop_lut5_I4_O)        0.105     3.180 f  u_soc_top/u_axi_sram_direct/wb_fwd_w_r[31]_i_17/O
                         net (fo=1, unplaced)         0.000     3.180    u_soc_top/u_axi_sram_direct/wb_fwd_w_r[31]_i_17_n_0
                         CARRY4 (Prop_carry4_S[1]_CO[1])
                                                      0.408     3.588 f  u_soc_top/u_axi_sram_direct/wb_fwd_w_r_reg[31]_i_12/CO[1]
                         net (fo=1, unplaced)         0.240     3.828    u_soc_top/u_axi_sram_direct/wb_cover_ar11_out
                         LUT5 (Prop_lut5_I4_O)        0.277     4.105 f  u_soc_top/u_axi_sram_direct/wb_fwd_w_r[31]_i_9/O
                         net (fo=26, unplaced)        0.413     4.518    u_soc_top/u_axi_sram_direct/wb_fwd_w_r[31]_i_9_n_0
                         LUT6 (Prop_lut6_I4_O)        0.105     4.623 f  u_soc_top/u_axi_sram_direct/wb_fwd_w_r[15]_i_5/O
                         net (fo=2, unplaced)         0.358     4.981    u_soc_top/u_axi_sram_direct/wb_fwd_w_r[15]_i_5_n_0
                         LUT5 (Prop_lut5_I2_O)        0.105     5.086 r  u_soc_top/u_axi_sram_direct/wb_full_w_r_i_12/O
                         net (fo=1, unplaced)         0.347     5.433    u_soc_top/u_axi_sram_direct/wb_full_w_r_i_12_n_0
                         LUT6 (Prop_lut6_I5_O)        0.105     5.538 r  u_soc_top/u_axi_sram_direct/wb_full_w_r_i_5/O
                         net (fo=5, unplaced)         0.375     5.913    u_soc_top/u_axi_sram_direct/wb_full_w_r_i_5_n_0
                         LUT6 (Prop_lut6_I0_O)        0.105     6.018 r  u_soc_top/u_axi_sram_direct/base_ram_addr_out_r[7]_rep_i_3/O
                         net (fo=15, unplaced)        0.400     6.418    u_soc_top/u_axi_sram_direct/base_ram_addr_out_r[7]_rep_i_3_n_0
                         LUT6 (Prop_lut6_I5_O)        0.105     6.523 r  u_soc_top/u_axi_sram_direct/base_ram_addr_out_r[10]_rep_i_1/O
                         net (fo=2, unplaced)         0.646     7.169    u_soc_top/u_axi_sram_direct/ram_addr_out[10]
    OLOGIC_X0Y89         FDRE                                         r  u_soc_top/u_axi_sram_direct/base_ram_addr_out_r_reg[10]_rep__0/D
  -------------------------------------------------------------------    -------------------

                         (clock cpu_clk rise edge)   10.000    10.000 r  
    K21                                               0.000    10.000 r  clk_50M (IN)
                         net (fo=0)                   0.000    10.000    u_soc_top/pll_clk.u_clk_pll/inst/clk_in1
    K21                  IBUF (Prop_ibuf_I_O)         1.328    11.328 r  u_soc_top/pll_clk.u_clk_pll/inst/clkin1_ibufg/O
                         net (fo=1, unplaced)         0.439    11.767    u_soc_top/pll_clk.u_clk_pll/inst/clk_in1_clk_pll
                         PLLE2_ADV (Prop_plle2_adv_CLKIN1_CLKOUT0)
                                                     -5.039     6.728 r  u_soc_top/pll_clk.u_clk_pll/inst/plle2_adv_inst/CLKOUT0
                         net (fo=1, unplaced)         0.613     7.341    u_soc_top/pll_clk.u_clk_pll/inst/cpu_clk_clk_pll
                         BUFG (Prop_bufg_I_O)         0.077     7.418 r  u_soc_top/pll_clk.u_clk_pll/inst/clkout1_buf/O
                         net (fo=4537, unplaced)      0.613     8.032    u_soc_top/u_axi_sram_direct/cpu_clk
    OLOGIC_X0Y89         FDRE                                         r  u_soc_top/u_axi_sram_direct/base_ram_addr_out_r_reg[10]_rep__0/C
                         clock pessimism             -0.496     7.535    
                         clock uncertainty           -0.094     7.441    
    OLOGIC_X0Y89         FDRE (Setup_fdre_C_D)       -0.707     6.734    u_soc_top/u_axi_sram_direct/base_ram_addr_out_r_reg[10]_rep__0
  -------------------------------------------------------------------
                         required time                          6.734    
                         arrival time                          -7.169    
  -------------------------------------------------------------------
                         slack                                 -0.435    




