Copyright 1986-2019 Xilinx, Inc. All Rights Reserved.
----------------------------------------------------------------------------------------------------------------------------------------------
| Tool Version : Vivado v.2019.2 (lin64) Build 2708876 Wed Nov  6 21:39:14 MST 2019
| Date         : Tue Aug  4 15:41:38 2026
| Host         : 26e310e1468b running 64-bit Ubuntu 18.04.6 LTS
| Command      : report_timing_summary -delay_type min_max -report_unconstrained -file /workspace/run_vivado/project/synth_timing_summary.rpt
| Design       : thinpad_top
| Device       : 7a200t-fbg676
| Speed File   : -2  PRODUCTION 1.23 2018-06-13
----------------------------------------------------------------------------------------------------------------------------------------------

Timing Summary Report

------------------------------------------------------------------------------------------------
| Timer Settings
| --------------
------------------------------------------------------------------------------------------------

  Enable Multi Corner Analysis               :  Yes
  Enable Pessimism Removal                   :  Yes
  Pessimism Removal Resolution               :  Nearest Common Node
  Enable Input Delay Default Clock           :  No
  Enable Preset / Clear Arcs                 :  No
  Disable Flight Delays                      :  No
  Ignore I/O Paths                           :  No
  Timing Early Launch at Borrowing Latches   :  No
  Borrow Time for Max Delay Exceptions       :  Yes
  Merge Timing Exceptions                    :  Yes

  Corner  Analyze    Analyze    
  Name    Max Paths  Min Paths  
  ------  ---------  ---------  
  Slow    Yes        Yes        
  Fast    Yes        Yes        



check_timing report

Table of Contents
-----------------
1. checking no_clock
2. checking constant_clock
3. checking pulse_width_clock
4. checking unconstrained_internal_endpoints
5. checking no_input_delay
6. checking no_output_delay
7. checking multiple_clock
8. checking generated_clocks
9. checking loops
10. checking partial_input_delay
11. checking partial_output_delay
12. checking latch_loops

1. checking no_clock
--------------------
 There are 0 register/latch pins with no clock.


2. checking constant_clock
--------------------------
 There are 0 register/latch pins with constant_clock.


3. checking pulse_width_clock
-----------------------------
 There are 0 register/latch pins which need pulse_width check


4. checking unconstrained_internal_endpoints
--------------------------------------------
 There are 0 pins that are not constrained for maximum delay.

 There are 0 pins that are not constrained for maximum delay due to constant clock.


5. checking no_input_delay
--------------------------
 There are 34 input ports with no input delay specified. (HIGH)

 There are 0 input ports with no input delay but user has a false path constraint.


6. checking no_output_delay
---------------------------
 There are 34 ports with no output delay specified. (HIGH)

 There are 0 ports with no output delay but user has a false path constraint

 There are 0 ports with no output delay but with a timing clock defined on it or propagating through it


7. checking multiple_clock
--------------------------
 There are 0 register/latch pins with multiple clocks.


8. checking generated_clocks
----------------------------
 There are 0 generated clocks that are not connected to a clock source.


9. checking loops
-----------------
 There are 0 combinational loops in the design.


10. checking partial_input_delay
--------------------------------
 There are 0 input ports with partial input delay specified.


11. checking partial_output_delay
---------------------------------
 There are 0 ports with partial output delay specified.


12. checking latch_loops
------------------------
 There are 0 combinational latch loops in the design through latch input



------------------------------------------------------------------------------------------------
| Design Timing Summary
| ---------------------
------------------------------------------------------------------------------------------------

    WNS(ns)      TNS(ns)  TNS Failing Endpoints  TNS Total Endpoints      WHS(ns)      THS(ns)  THS Failing Endpoints  THS Total Endpoints     WPWS(ns)     TPWS(ns)  TPWS Failing Endpoints  TPWS Total Endpoints  
    -------      -------  ---------------------  -------------------      -------      -------  ---------------------  -------------------     --------     --------  ----------------------  --------------------  
      0.571        0.000                      0                15763        0.003        0.000                      0                15763        3.870        0.000                       0                  5503  


All user specified timing constraints are met.


------------------------------------------------------------------------------------------------
| Clock Summary
| -------------
------------------------------------------------------------------------------------------------

Clock               Waveform(ns)       Period(ns)      Frequency(MHz)
-----               ------------       ----------      --------------
clk_50M             {0.000 10.000}     20.000          50.000          
  clkfbout_clk_pll  {0.000 10.000}     20.000          50.000          
  cpu_clk           {0.000 5.000}      10.000          100.000         
  sys_clk           {0.000 20.000}     40.000          25.000          


------------------------------------------------------------------------------------------------
| Intra Clock Table
| -----------------
------------------------------------------------------------------------------------------------

Clock                   WNS(ns)      TNS(ns)  TNS Failing Endpoints  TNS Total Endpoints      WHS(ns)      THS(ns)  THS Failing Endpoints  THS Total Endpoints     WPWS(ns)     TPWS(ns)  TPWS Failing Endpoints  TPWS Total Endpoints  
-----                   -------      -------  ---------------------  -------------------      -------      -------  ---------------------  -------------------     --------     --------  ----------------------  --------------------  
clk_50M                                                                                                                                                               7.000        0.000                       0                     1  
  clkfbout_clk_pll                                                                                                                                                   18.408        0.000                       0                     3  
  cpu_clk                 0.571        0.000                      0                12835        0.003        0.000                      0                12835        3.870        0.000                       0                  4405  
  sys_clk                34.260        0.000                      0                 2653        0.003        0.000                      0                 2653       18.870        0.000                       0                  1094  


------------------------------------------------------------------------------------------------
| Inter Clock Table
| -----------------
------------------------------------------------------------------------------------------------

From Clock    To Clock          WNS(ns)      TNS(ns)  TNS Failing Endpoints  TNS Total Endpoints      WHS(ns)      THS(ns)  THS Failing Endpoints  THS Total Endpoints  
----------    --------          -------      -------  ---------------------  -------------------      -------      -------  ---------------------  -------------------  


------------------------------------------------------------------------------------------------
| Other Path Groups Table
| -----------------------
------------------------------------------------------------------------------------------------

Path Group         From Clock         To Clock               WNS(ns)      TNS(ns)  TNS Failing Endpoints  TNS Total Endpoints      WHS(ns)      THS(ns)  THS Failing Endpoints  THS Total Endpoints  
----------         ----------         --------               -------      -------  ---------------------  -------------------      -------      -------  ---------------------  -------------------  
**async_default**  cpu_clk            cpu_clk                  7.726        0.000                      0                   67        0.661        0.000                      0                   67  
**async_default**  sys_clk            sys_clk                 37.677        0.000                      0                  208        0.666        0.000                      0                  208  


------------------------------------------------------------------------------------------------
| User Ignored Path Table
| -----------------------
------------------------------------------------------------------------------------------------

Path Group    From Clock    To Clock    
----------    ----------    --------    
(none)        sys_clk       cpu_clk       
(none)        cpu_clk       sys_clk       


------------------------------------------------------------------------------------------------
| Unconstrained Path Table
| ------------------------
------------------------------------------------------------------------------------------------

Path Group        From Clock        To Clock        
----------        ----------        --------        
(none)            clkfbout_clk_pll                    
(none)            sys_clk                             
(none)                              sys_clk           


------------------------------------------------------------------------------------------------
| Timing Details
| --------------
------------------------------------------------------------------------------------------------


---------------------------------------------------------------------------------------------------
From Clock:  clk_50M
  To Clock:  clk_50M

Setup :           NA  Failing Endpoints,  Worst Slack           NA  ,  Total Violation           NA
Hold  :           NA  Failing Endpoints,  Worst Slack           NA  ,  Total Violation           NA
PW    :            0  Failing Endpoints,  Worst Slack        7.000ns,  Total Violation        0.000ns
---------------------------------------------------------------------------------------------------


Pulse Width Checks
--------------------------------------------------------------------------------------
Clock Name:         clk_50M
Waveform(ns):       { 0.000 10.000 }
Period(ns):         20.000
Sources:            { clk_50M }

Check Type        Corner  Lib Pin           Reference Pin  Required(ns)  Actual(ns)  Slack(ns)  Location  Pin
Min Period        n/a     PLLE2_ADV/CLKIN1  n/a            1.249         20.000      18.751               u_soc_top/pll_clk.u_clk_pll/inst/plle2_adv_inst/CLKIN1
Max Period        n/a     PLLE2_ADV/CLKIN1  n/a            52.633        20.000      32.633               u_soc_top/pll_clk.u_clk_pll/inst/plle2_adv_inst/CLKIN1
Low Pulse Width   Slow    PLLE2_ADV/CLKIN1  n/a            3.000         10.000      7.000                u_soc_top/pll_clk.u_clk_pll/inst/plle2_adv_inst/CLKIN1
High Pulse Width  Fast    PLLE2_ADV/CLKIN1  n/a            3.000         10.000      7.000                u_soc_top/pll_clk.u_clk_pll/inst/plle2_adv_inst/CLKIN1



---------------------------------------------------------------------------------------------------
From Clock:  clkfbout_clk_pll
  To Clock:  clkfbout_clk_pll

Setup :           NA  Failing Endpoints,  Worst Slack           NA  ,  Total Violation           NA
Hold  :           NA  Failing Endpoints,  Worst Slack           NA  ,  Total Violation           NA
PW    :            0  Failing Endpoints,  Worst Slack       18.408ns,  Total Violation        0.000ns
---------------------------------------------------------------------------------------------------


Pulse Width Checks
--------------------------------------------------------------------------------------
Clock Name:         clkfbout_clk_pll
Waveform(ns):       { 0.000 10.000 }
Period(ns):         20.000
Sources:            { u_soc_top/pll_clk.u_clk_pll/inst/plle2_adv_inst/CLKFBOUT }

Check Type  Corner  Lib Pin            Reference Pin  Required(ns)  Actual(ns)  Slack(ns)  Location  Pin
Min Period  n/a     BUFG/I             n/a            1.592         20.000      18.408               u_soc_top/pll_clk.u_clk_pll/inst/clkf_buf/I
Max Period  n/a     PLLE2_ADV/CLKFBIN  n/a            52.633        20.000      32.633               u_soc_top/pll_clk.u_clk_pll/inst/plle2_adv_inst/CLKFBIN



---------------------------------------------------------------------------------------------------
From Clock:  cpu_clk
  To Clock:  cpu_clk

Setup :            0  Failing Endpoints,  Worst Slack        0.571ns,  Total Violation        0.000ns
Hold  :            0  Failing Endpoints,  Worst Slack        0.003ns,  Total Violation        0.000ns
PW    :            0  Failing Endpoints,  Worst Slack        3.870ns,  Total Violation        0.000ns
---------------------------------------------------------------------------------------------------


Max Delay Paths
--------------------------------------------------------------------------------------
Slack (MET) :             0.571ns  (required time - arrival time)
  Source:                 u_soc_top/u_cpu/u_core/fq_instr_reg[0][16]/C
                            (rising edge-triggered cell FDRE clocked by cpu_clk  {rise@0.000ns fall@5.000ns period=10.000ns})
  Destination:            u_soc_top/u_cpu/u_core/pc_reg[10]/D
                            (rising edge-triggered cell FDRE clocked by cpu_clk  {rise@0.000ns fall@5.000ns period=10.000ns})
  Path Group:             cpu_clk
  Path Type:              Setup (Max at Slow Process Corner)
  Requirement:            10.000ns  (cpu_clk rise@10.000ns - cpu_clk rise@0.000ns)
  Data Path Delay:        9.219ns  (logic 3.933ns (42.662%)  route 5.286ns (57.338%))
  Logic Levels:           22  (CARRY4=8 LUT2=2 LUT4=1 LUT5=2 LUT6=9)
  Clock Path Skew:        -0.145ns (DCD - SCD + CPR)
    Destination Clock Delay (DCD):    -2.143ns = ( 7.857 - 10.000 ) 
    Source Clock Delay      (SCD):    -2.494ns
    Clock Pessimism Removal (CPR):    -0.496ns
  Clock Uncertainty:      0.094ns  ((TSJ^2 + DJ^2)^1/2) / 2 + PE
    Total System Jitter     (TSJ):    0.071ns
    Discrete Jitter          (DJ):    0.175ns
    Phase Error              (PE):    0.000ns

    Location             Delay type                Incr(ns)  Path(ns)    Netlist Resource(s)
  -------------------------------------------------------------------    -------------------
                         (clock cpu_clk rise edge)    0.000     0.000 r  
    K21                                               0.000     0.000 r  clk_50M (IN)
                         net (fo=0)                   0.000     0.000    u_soc_top/pll_clk.u_clk_pll/inst/clk_in1
    K21                  IBUF (Prop_ibuf_I_O)         1.394     1.394 r  u_soc_top/pll_clk.u_clk_pll/inst/clkin1_ibufg/O
                         net (fo=1, unplaced)         0.584     1.978    u_soc_top/pll_clk.u_clk_pll/inst/clk_in1_clk_pll
                         PLLE2_ADV (Prop_plle2_adv_CLKIN1_CLKOUT0)
                                                     -5.783    -3.805 r  u_soc_top/pll_clk.u_clk_pll/inst/plle2_adv_inst/CLKOUT0
                         net (fo=1, unplaced)         0.646    -3.159    u_soc_top/pll_clk.u_clk_pll/inst/cpu_clk_clk_pll
                         BUFG (Prop_bufg_I_O)         0.081    -3.078 r  u_soc_top/pll_clk.u_clk_pll/inst/clkout1_buf/O
                         net (fo=4404, unplaced)      0.584    -2.494    u_soc_top/u_cpu/u_core/cpu_clk
                         FDRE                                         r  u_soc_top/u_cpu/u_core/fq_instr_reg[0][16]/C
  -------------------------------------------------------------------    -------------------
                         FDRE (Prop_fdre_C_Q)         0.379    -2.115 f  u_soc_top/u_cpu/u_core/fq_instr_reg[0][16]/Q
                         net (fo=20, unplaced)        0.422    -1.693    u_soc_top/u_cpu/u_core/reg_id_ex0_data/data_out_reg[100]_0[16]
                         LUT2 (Prop_lut2_I0_O)        0.232    -1.461 r  u_soc_top/u_cpu/u_core/reg_id_ex0_data/data_out[14]_i_9/O
                         net (fo=2, unplaced)         0.358    -1.103    u_soc_top/u_cpu/u_core/reg_id_ex0_data/fq_instr_reg[0][16]
                         LUT6 (Prop_lut6_I3_O)        0.105    -0.998 r  u_soc_top/u_cpu/u_core/reg_id_ex0_data/data_out[87]_i_5/O
                         net (fo=1, unplaced)         0.347    -0.651    u_soc_top/u_cpu/u_core/reg_id_ex0_data/data_out[87]_i_5_n_0
                         LUT4 (Prop_lut4_I3_O)        0.105    -0.546 f  u_soc_top/u_cpu/u_core/reg_id_ex0_data/data_out[87]_i_4__1/O
                         net (fo=2, unplaced)         0.358    -0.188    u_soc_top/u_cpu/u_core/reg_id_ex0_data/data_out[87]_i_4__1_n_0
                         LUT5 (Prop_lut5_I4_O)        0.105    -0.083 r  u_soc_top/u_cpu/u_core/reg_id_ex0_data/data_out[3]_i_2__1/O
                         net (fo=2, unplaced)         0.358     0.275    u_soc_top/u_cpu/u_core/reg_id_ex0_data/data_out[3]_i_2__1_n_0
                         LUT6 (Prop_lut6_I2_O)        0.105     0.380 r  u_soc_top/u_cpu/u_core/reg_id_ex0_data/data_out[84]_i_2__2/O
                         net (fo=2, unplaced)         0.358     0.738    u_soc_top/u_cpu/u_core/reg_id_ex0_data/data_out[84]_i_2__2_n_0
                         LUT6 (Prop_lut6_I0_O)        0.105     0.843 r  u_soc_top/u_cpu/u_core/reg_id_ex0_data/data_out[84]_i_1__3/O
                         net (fo=3, unplaced)         0.365     1.208    u_soc_top/u_cpu/u_core/bp_unit/D[1]
                         LUT2 (Prop_lut2_I1_O)        0.105     1.313 r  u_soc_top/u_cpu/u_core/bp_unit/pc[3]_i_7/O
                         net (fo=1, unplaced)         0.000     1.313    u_soc_top/u_cpu/u_core/bp_unit/pc[3]_i_7_n_0
                         CARRY4 (Prop_carry4_S[1]_CO[3])
                                                      0.457     1.770 r  u_soc_top/u_cpu/u_core/bp_unit/pc_reg[3]_i_4/CO[3]
                         net (fo=1, unplaced)         0.000     1.770    u_soc_top/u_cpu/u_core/bp_unit/pc_reg[3]_i_4_n_0
                         CARRY4 (Prop_carry4_CI_CO[3])
                                                      0.098     1.868 r  u_soc_top/u_cpu/u_core/bp_unit/pc_reg[7]_i_4/CO[3]
                         net (fo=1, unplaced)         0.000     1.868    u_soc_top/u_cpu/u_core/bp_unit/pc_reg[7]_i_4_n_0
                         CARRY4 (Prop_carry4_CI_CO[3])
                                                      0.098     1.966 r  u_soc_top/u_cpu/u_core/bp_unit/pc_reg[11]_i_4/CO[3]
                         net (fo=1, unplaced)         0.000     1.966    u_soc_top/u_cpu/u_core/bp_unit/pc_reg[11]_i_4_n_0
                         CARRY4 (Prop_carry4_CI_CO[3])
                                                      0.098     2.064 r  u_soc_top/u_cpu/u_core/bp_unit/pc_reg[15]_i_4/CO[3]
                         net (fo=1, unplaced)         0.000     2.064    u_soc_top/u_cpu/u_core/bp_unit/pc_reg[15]_i_4_n_0
                         CARRY4 (Prop_carry4_CI_CO[3])
                                                      0.098     2.162 r  u_soc_top/u_cpu/u_core/bp_unit/pc_reg[19]_i_4/CO[3]
                         net (fo=1, unplaced)         0.000     2.162    u_soc_top/u_cpu/u_core/bp_unit/pc_reg[19]_i_4_n_0
                         CARRY4 (Prop_carry4_CI_O[3])
                                                      0.275     2.437 r  u_soc_top/u_cpu/u_core/bp_unit/pc_reg[23]_i_4/O[3]
                         net (fo=3, unplaced)         0.537     2.974    u_soc_top/u_cpu/u_core/bp_unit/bp_jump_pc[23]
                         LUT6 (Prop_lut6_I4_O)        0.250     3.224 r  u_soc_top/u_cpu/u_core/bp_unit/fq_pc[2][31]_i_15/O
                         net (fo=1, unplaced)         0.000     3.224    u_soc_top/u_cpu/u_core/hazard_ctrl/fq_pc_reg[2][31]_i_9_0[3]
                         CARRY4 (Prop_carry4_S[3]_CO[3])
                                                      0.332     3.556 r  u_soc_top/u_cpu/u_core/hazard_ctrl/fq_pc_reg[2][31]_i_10/CO[3]
                         net (fo=1, unplaced)         0.000     3.556    u_soc_top/u_cpu/u_core/hazard_ctrl/fq_pc_reg[2][31]_i_10_n_0
                         CARRY4 (Prop_carry4_CI_CO[2])
                                                      0.209     3.765 r  u_soc_top/u_cpu/u_core/hazard_ctrl/fq_pc_reg[2][31]_i_9/CO[2]
                         net (fo=2, unplaced)         0.360     4.125    u_soc_top/u_cpu/u_core/reg_id_ex0_ctrl/fq_valid_reg[2]_1[0]
                         LUT5 (Prop_lut5_I4_O)        0.252     4.377 r  u_soc_top/u_cpu/u_core/reg_id_ex0_ctrl/fq_instr[1][31]_i_26/O
                         net (fo=3, unplaced)         0.365     4.742    u_soc_top/u_cpu/u_core/reg_id_ex0_ctrl/fq_valid_reg[0]_0
                         LUT6 (Prop_lut6_I0_O)        0.105     4.847 r  u_soc_top/u_cpu/u_core/reg_id_ex0_ctrl/pc[31]_i_42/O
                         net (fo=1, unplaced)         0.347     5.194    u_soc_top/u_cpu/u_core/reg_id_ex0_ctrl/pc[31]_i_42_n_0
                         LUT6 (Prop_lut6_I1_O)        0.105     5.299 r  u_soc_top/u_cpu/u_core/reg_id_ex0_ctrl/pc[31]_i_28/O
                         net (fo=1, unplaced)         0.347     5.646    u_soc_top/u_cpu/u_core/reg_id_ex0_ctrl/pc[31]_i_28_n_0
                         LUT6 (Prop_lut6_I0_O)        0.105     5.751 r  u_soc_top/u_cpu/u_core/reg_id_ex0_ctrl/pc[31]_i_16/O
                         net (fo=31, unplaced)        0.417     6.168    u_soc_top/u_cpu/u_core/if_stage/pc_stall_fetch
                         LUT6 (Prop_lut6_I5_O)        0.105     6.273 r  u_soc_top/u_cpu/u_core/if_stage/pc[10]_i_3/O
                         net (fo=1, unplaced)         0.347     6.620    u_soc_top/u_cpu/u_core/reg_id_ex0_ctrl/pc_reg[10]
                         LUT6 (Prop_lut6_I5_O)        0.105     6.725 r  u_soc_top/u_cpu/u_core/reg_id_ex0_ctrl/pc[10]_i_1/O
                         net (fo=1, unplaced)         0.000     6.725    u_soc_top/u_cpu/u_core/next_pc_reg[10]
                         FDRE                                         r  u_soc_top/u_cpu/u_core/pc_reg[10]/D
  -------------------------------------------------------------------    -------------------

                         (clock cpu_clk rise edge)   10.000    10.000 r  
    K21                                               0.000    10.000 r  clk_50M (IN)
                         net (fo=0)                   0.000    10.000    u_soc_top/pll_clk.u_clk_pll/inst/clk_in1
    K21                  IBUF (Prop_ibuf_I_O)         1.328    11.328 r  u_soc_top/pll_clk.u_clk_pll/inst/clkin1_ibufg/O
                         net (fo=1, unplaced)         0.439    11.767    u_soc_top/pll_clk.u_clk_pll/inst/clk_in1_clk_pll
                         PLLE2_ADV (Prop_plle2_adv_CLKIN1_CLKOUT0)
                                                     -5.039     6.728 r  u_soc_top/pll_clk.u_clk_pll/inst/plle2_adv_inst/CLKOUT0
                         net (fo=1, unplaced)         0.613     7.341    u_soc_top/pll_clk.u_clk_pll/inst/cpu_clk_clk_pll
                         BUFG (Prop_bufg_I_O)         0.077     7.418 r  u_soc_top/pll_clk.u_clk_pll/inst/clkout1_buf/O
                         net (fo=4404, unplaced)      0.439     7.857    u_soc_top/u_cpu/u_core/cpu_clk
                         FDRE                                         r  u_soc_top/u_cpu/u_core/pc_reg[10]/C
                         clock pessimism             -0.496     7.361    
                         clock uncertainty           -0.094     7.266    
                         FDRE (Setup_fdre_C_D)        0.029     7.295    u_soc_top/u_cpu/u_core/pc_reg[10]
  -------------------------------------------------------------------
                         required time                          7.295    
                         arrival time                          -6.725    
  -------------------------------------------------------------------
                         slack                                  0.571    





Min Delay Paths
--------------------------------------------------------------------------------------
Slack (MET) :             0.003ns  (arrival time - required time)
  Source:                 u_soc_top/u_Axi_CDC/arFifo/popToPushGray_buffercc/buffers_0_reg[0]/C
                            (rising edge-triggered cell FDCE clocked by cpu_clk  {rise@0.000ns fall@5.000ns period=10.000ns})
  Destination:            u_soc_top/u_Axi_CDC/arFifo/popToPushGray_buffercc/buffers_1_reg[0]/D
                            (rising edge-triggered cell FDCE clocked by cpu_clk  {rise@0.000ns fall@5.000ns period=10.000ns})
  Path Group:             cpu_clk
  Path Type:              Hold (Min at Fast Process Corner)
  Requirement:            0.000ns  (cpu_clk rise@0.000ns - cpu_clk rise@0.000ns)
  Data Path Delay:        0.218ns  (logic 0.141ns (64.719%)  route 0.077ns (35.281%))
  Logic Levels:           0  
  Clock Path Skew:        0.145ns (DCD - SCD - CPR)
    Destination Clock Delay (DCD):    -0.650ns
    Source Clock Delay      (SCD):    -0.978ns
    Clock Pessimism Removal (CPR):    0.183ns

    Location             Delay type                Incr(ns)  Path(ns)    Netlist Resource(s)
  -------------------------------------------------------------------    -------------------
                         (clock cpu_clk rise edge)    0.000     0.000 r  
    K21                                               0.000     0.000 r  clk_50M (IN)
                         net (fo=0)                   0.000     0.000    u_soc_top/pll_clk.u_clk_pll/inst/clk_in1
    K21                  IBUF (Prop_ibuf_I_O)         0.231     0.231 r  u_soc_top/pll_clk.u_clk_pll/inst/clkin1_ibufg/O
                         net (fo=1, unplaced)         0.114     0.345    u_soc_top/pll_clk.u_clk_pll/inst/clk_in1_clk_pll
                         PLLE2_ADV (Prop_plle2_adv_CLKIN1_CLKOUT0)
                                                     -1.783    -1.438 r  u_soc_top/pll_clk.u_clk_pll/inst/plle2_adv_inst/CLKOUT0
                         net (fo=1, unplaced)         0.320    -1.118    u_soc_top/pll_clk.u_clk_pll/inst/cpu_clk_clk_pll
                         BUFG (Prop_bufg_I_O)         0.026    -1.092 r  u_soc_top/pll_clk.u_clk_pll/inst/clkout1_buf/O
                         net (fo=4404, unplaced)      0.114    -0.978    u_soc_top/u_Axi_CDC/arFifo/popToPushGray_buffercc/cpu_clk
                         FDCE                                         r  u_soc_top/u_Axi_CDC/arFifo/popToPushGray_buffercc/buffers_0_reg[0]/C
  -------------------------------------------------------------------    -------------------
                         FDCE (Prop_fdce_C_Q)         0.141    -0.837 r  u_soc_top/u_Axi_CDC/arFifo/popToPushGray_buffercc/buffers_0_reg[0]/Q
                         net (fo=1, unplaced)         0.077    -0.760    u_soc_top/u_Axi_CDC/arFifo/popToPushGray_buffercc/buffers_0[0]
                         FDCE                                         r  u_soc_top/u_Axi_CDC/arFifo/popToPushGray_buffercc/buffers_1_reg[0]/D
  -------------------------------------------------------------------    -------------------

                         (clock cpu_clk rise edge)    0.000     0.000 r  
    K21                                               0.000     0.000 r  clk_50M (IN)
                         net (fo=0)                   0.000     0.000    u_soc_top/pll_clk.u_clk_pll/inst/clk_in1
    K21                  IBUF (Prop_ibuf_I_O)         0.419     0.419 r  u_soc_top/pll_clk.u_clk_pll/inst/clkin1_ibufg/O
                         net (fo=1, unplaced)         0.259     0.678    u_soc_top/pll_clk.u_clk_pll/inst/clk_in1_clk_pll
                         PLLE2_ADV (Prop_plle2_adv_CLKIN1_CLKOUT0)
                                                     -1.953    -1.275 r  u_soc_top/pll_clk.u_clk_pll/inst/plle2_adv_inst/CLKOUT0
                         net (fo=1, unplaced)         0.337    -0.938    u_soc_top/pll_clk.u_clk_pll/inst/cpu_clk_clk_pll
                         BUFG (Prop_bufg_I_O)         0.029    -0.909 r  u_soc_top/pll_clk.u_clk_pll/inst/clkout1_buf/O
                         net (fo=4404, unplaced)      0.259    -0.650    u_soc_top/u_Axi_CDC/arFifo/popToPushGray_buffercc/cpu_clk
                         FDCE                                         r  u_soc_top/u_Axi_CDC/arFifo/popToPushGray_buffercc/buffers_1_reg[0]/C
                         clock pessimism             -0.183    -0.833    
                         FDCE (Hold_fdce_C_D)         0.070    -0.763    u_soc_top/u_Axi_CDC/arFifo/popToPushGray_buffercc/buffers_1_reg[0]
  -------------------------------------------------------------------
                         required time                          0.763    
                         arrival time                          -0.760    
  -------------------------------------------------------------------
                         slack                                  0.003    





Pulse Width Checks
--------------------------------------------------------------------------------------
Clock Name:         cpu_clk
Waveform(ns):       { 0.000 5.000 }
Period(ns):         10.000
Sources:            { u_soc_top/pll_clk.u_clk_pll/inst/plle2_adv_inst/CLKOUT0 }

Check Type        Corner  Lib Pin            Reference Pin  Required(ns)  Actual(ns)  Slack(ns)  Location  Pin
Min Period        n/a     DSP48E1/CLK        n/a            1.816         10.000      8.184                u_soc_top/u_cpu/u_core/mul_p0_reg_reg/CLK
Max Period        n/a     PLLE2_ADV/CLKOUT0  n/a            160.000       10.000      150.000              u_soc_top/pll_clk.u_clk_pll/inst/plle2_adv_inst/CLKOUT0
Low Pulse Width   Slow    RAMD64E/CLK        n/a            1.130         5.000       3.870                u_icache/g_data_word[0].u_data_ram/g_dist.mem_reg_0_63_0_0/DP/CLK
High Pulse Width  Slow    RAMD64E/CLK        n/a            1.130         5.000       3.870                u_icache/g_data_word[0].u_data_ram/g_dist.mem_reg_0_63_0_0/DP/CLK



---------------------------------------------------------------------------------------------------
From Clock:  sys_clk
  To Clock:  sys_clk

Setup :            0  Failing Endpoints,  Worst Slack       34.260ns,  Total Violation        0.000ns
Hold  :            0  Failing Endpoints,  Worst Slack        0.003ns,  Total Violation        0.000ns
PW    :            0  Failing Endpoints,  Worst Slack       18.870ns,  Total Violation        0.000ns
---------------------------------------------------------------------------------------------------


Max Delay Paths
--------------------------------------------------------------------------------------
Slack (MET) :             34.260ns  (required time - arrival time)
  Source:                 u_soc_top/u_Axi_CDC/arFifo/popCC_addressGen_rValid_reg/C
                            (rising edge-triggered cell FDCE clocked by sys_clk  {rise@0.000ns fall@20.000ns period=40.000ns})
  Destination:            u_soc_top/u_AxiCrossbar_2x8/axiIn_0_readOnly_decoder/errorSlave/remaining_reg[0]/CE
                            (rising edge-triggered cell FDRE clocked by sys_clk  {rise@0.000ns fall@20.000ns period=40.000ns})
  Path Group:             sys_clk
  Path Type:              Setup (Max at Slow Process Corner)
  Requirement:            40.000ns  (sys_clk rise@40.000ns - sys_clk rise@0.000ns)
  Data Path Delay:        5.301ns  (logic 1.349ns (25.448%)  route 3.952ns (74.552%))
  Logic Levels:           8  (LUT2=2 LUT3=1 LUT4=1 LUT5=2 LUT6=2)
  Clock Path Skew:        -0.145ns (DCD - SCD + CPR)
    Destination Clock Delay (DCD):    -2.143ns = ( 37.857 - 40.000 ) 
    Source Clock Delay      (SCD):    -2.494ns
    Clock Pessimism Removal (CPR):    -0.496ns
  Clock Uncertainty:      0.129ns  ((TSJ^2 + DJ^2)^1/2) / 2 + PE
    Total System Jitter     (TSJ):    0.071ns
    Discrete Jitter          (DJ):    0.247ns
    Phase Error              (PE):    0.000ns

    Location             Delay type                Incr(ns)  Path(ns)    Netlist Resource(s)
  -------------------------------------------------------------------    -------------------
                         (clock sys_clk rise edge)    0.000     0.000 r  
    K21                                               0.000     0.000 r  clk_50M (IN)
                         net (fo=0)                   0.000     0.000    u_soc_top/pll_clk.u_clk_pll/inst/clk_in1
    K21                  IBUF (Prop_ibuf_I_O)         1.394     1.394 r  u_soc_top/pll_clk.u_clk_pll/inst/clkin1_ibufg/O
                         net (fo=1, unplaced)         0.584     1.978    u_soc_top/pll_clk.u_clk_pll/inst/clk_in1_clk_pll
                         PLLE2_ADV (Prop_plle2_adv_CLKIN1_CLKOUT1)
                                                     -5.783    -3.805 r  u_soc_top/pll_clk.u_clk_pll/inst/plle2_adv_inst/CLKOUT1
                         net (fo=1, unplaced)         0.646    -3.159    u_soc_top/pll_clk.u_clk_pll/inst/sys_clk_clk_pll
                         BUFG (Prop_bufg_I_O)         0.081    -3.078 r  u_soc_top/pll_clk.u_clk_pll/inst/clkout2_buf/O
                         net (fo=1092, unplaced)      0.584    -2.494    u_soc_top/u_Axi_CDC/arFifo/sys_clk
                         FDCE                                         r  u_soc_top/u_Axi_CDC/arFifo/popCC_addressGen_rValid_reg/C
  -------------------------------------------------------------------    -------------------
                         FDCE (Prop_fdce_C_Q)         0.379    -2.115 r  u_soc_top/u_Axi_CDC/arFifo/popCC_addressGen_rValid_reg/Q
                         net (fo=10, unplaced)        0.700    -1.415    u_soc_top/u_Axi_CDC/arFifo/popCC_addressGen_rValid_reg_0
                         LUT5 (Prop_lut5_I0_O)        0.232    -1.183 r  u_soc_top/u_Axi_CDC/arFifo/pendingSels[1]_i_2/O
                         net (fo=3, unplaced)         0.365    -0.818    u_soc_top/u_Axi_CDC/arFifo/pendingSels[1]_i_2_n_0
                         LUT6 (Prop_lut6_I2_O)        0.105    -0.713 r  u_soc_top/u_Axi_CDC/arFifo/pendingError_i_5/O
                         net (fo=8, unplaced)         0.385    -0.328    u_soc_top/u_Axi_CDC/arFifo/pendingError_i_5_n_0
                         LUT4 (Prop_lut4_I3_O)        0.108    -0.220 r  u_soc_top/u_Axi_CDC/arFifo/pendingSels[4]_i_1/O
                         net (fo=4, unplaced)         0.606     0.386    u_soc_top/u_AxiCrossbar_2x8/axiIn_0_readOnly_decoder/D[4]
                         LUT5 (Prop_lut5_I0_O)        0.105     0.491 f  u_soc_top/u_AxiCrossbar_2x8/axiIn_0_readOnly_decoder/pendingError_i_8/O
                         net (fo=1, unplaced)         0.328     0.819    u_soc_top/u_AxiCrossbar_2x8/axiIn_0_readOnly_decoder/pendingError_i_8_n_0
                         LUT6 (Prop_lut6_I0_O)        0.105     0.924 r  u_soc_top/u_AxiCrossbar_2x8/axiIn_0_readOnly_decoder/pendingError_i_4/O
                         net (fo=10, unplaced)        0.390     1.314    u_soc_top/u_AxiCrossbar_2x8/axiIn_0_readOnly_decoder/errorSlave/allowCmd__5
                         LUT2 (Prop_lut2_I0_O)        0.105     1.419 f  u_soc_top/u_AxiCrossbar_2x8/axiIn_0_readOnly_decoder/errorSlave/id[3]_i_2/O
                         net (fo=12, unplaced)        0.395     1.814    u_soc_top/u_AxiCrossbar_2x8/axiIn_0_readOnly_decoder/errorSlave/popCC_addressGen_rValid_reg
                         LUT3 (Prop_lut3_I1_O)        0.105     1.919 r  u_soc_top/u_AxiCrossbar_2x8/axiIn_0_readOnly_decoder/errorSlave/id[3]_i_1/O
                         net (fo=6, unplaced)         0.379     2.298    u_soc_top/u_AxiCrossbar_2x8/axiIn_0_readOnly_decoder/errorSlave/id[3]_i_1_n_0
                         LUT2 (Prop_lut2_I0_O)        0.105     2.403 r  u_soc_top/u_AxiCrossbar_2x8/axiIn_0_readOnly_decoder/errorSlave/remaining[7]_i_1/O
                         net (fo=8, unplaced)         0.404     2.807    u_soc_top/u_AxiCrossbar_2x8/axiIn_0_readOnly_decoder/errorSlave/remaining[7]_i_1_n_0
                         FDRE                                         r  u_soc_top/u_AxiCrossbar_2x8/axiIn_0_readOnly_decoder/errorSlave/remaining_reg[0]/CE
  -------------------------------------------------------------------    -------------------

                         (clock sys_clk rise edge)   40.000    40.000 r  
    K21                                               0.000    40.000 r  clk_50M (IN)
                         net (fo=0)                   0.000    40.000    u_soc_top/pll_clk.u_clk_pll/inst/clk_in1
    K21                  IBUF (Prop_ibuf_I_O)         1.328    41.328 r  u_soc_top/pll_clk.u_clk_pll/inst/clkin1_ibufg/O
                         net (fo=1, unplaced)         0.439    41.767    u_soc_top/pll_clk.u_clk_pll/inst/clk_in1_clk_pll
                         PLLE2_ADV (Prop_plle2_adv_CLKIN1_CLKOUT1)
                                                     -5.039    36.728 r  u_soc_top/pll_clk.u_clk_pll/inst/plle2_adv_inst/CLKOUT1
                         net (fo=1, unplaced)         0.613    37.341    u_soc_top/pll_clk.u_clk_pll/inst/sys_clk_clk_pll
                         BUFG (Prop_bufg_I_O)         0.077    37.418 r  u_soc_top/pll_clk.u_clk_pll/inst/clkout2_buf/O
                         net (fo=1092, unplaced)      0.439    37.857    u_soc_top/u_AxiCrossbar_2x8/axiIn_0_readOnly_decoder/errorSlave/sys_clk
                         FDRE                                         r  u_soc_top/u_AxiCrossbar_2x8/axiIn_0_readOnly_decoder/errorSlave/remaining_reg[0]/C
                         clock pessimism             -0.496    37.361    
                         clock uncertainty           -0.129    37.232    
                         FDRE (Setup_fdre_C_CE)      -0.165    37.067    u_soc_top/u_AxiCrossbar_2x8/axiIn_0_readOnly_decoder/errorSlave/remaining_reg[0]
  -------------------------------------------------------------------
                         required time                         37.067    
                         arrival time                          -2.807    
  -------------------------------------------------------------------
                         slack                                 34.260    





Min Delay Paths
--------------------------------------------------------------------------------------
Slack (MET) :             0.003ns  (arrival time - required time)
  Source:                 u_soc_top/u_Axi_CDC/arFifo/pushToPopGray_buffercc/buffers_0_reg[0]/C
                            (rising edge-triggered cell FDCE clocked by sys_clk  {rise@0.000ns fall@20.000ns period=40.000ns})
  Destination:            u_soc_top/u_Axi_CDC/arFifo/pushToPopGray_buffercc/buffers_1_reg[0]/D
                            (rising edge-triggered cell FDCE clocked by sys_clk  {rise@0.000ns fall@20.000ns period=40.000ns})
  Path Group:             sys_clk
  Path Type:              Hold (Min at Fast Process Corner)
  Requirement:            0.000ns  (sys_clk rise@0.000ns - sys_clk rise@0.000ns)
  Data Path Delay:        0.218ns  (logic 0.141ns (64.719%)  route 0.077ns (35.281%))
  Logic Levels:           0  
  Clock Path Skew:        0.145ns (DCD - SCD - CPR)
    Destination Clock Delay (DCD):    -0.650ns
    Source Clock Delay      (SCD):    -0.978ns
    Clock Pessimism Removal (CPR):    0.183ns

    Location             Delay type                Incr(ns)  Path(ns)    Netlist Resource(s)
  -------------------------------------------------------------------    -------------------
                         (clock sys_clk rise edge)    0.000     0.000 r  
    K21                                               0.000     0.000 r  clk_50M (IN)
                         net (fo=0)                   0.000     0.000    u_soc_top/pll_clk.u_clk_pll/inst/clk_in1
    K21                  IBUF (Prop_ibuf_I_O)         0.231     0.231 r  u_soc_top/pll_clk.u_clk_pll/inst/clkin1_ibufg/O
                         net (fo=1, unplaced)         0.114     0.345    u_soc_top/pll_clk.u_clk_pll/inst/clk_in1_clk_pll
                         PLLE2_ADV (Prop_plle2_adv_CLKIN1_CLKOUT1)
                                                     -1.783    -1.438 r  u_soc_top/pll_clk.u_clk_pll/inst/plle2_adv_inst/CLKOUT1
                         net (fo=1, unplaced)         0.320    -1.118    u_soc_top/pll_clk.u_clk_pll/inst/sys_clk_clk_pll
                         BUFG (Prop_bufg_I_O)         0.026    -1.092 r  u_soc_top/pll_clk.u_clk_pll/inst/clkout2_buf/O
                         net (fo=1092, unplaced)      0.114    -0.978    u_soc_top/u_Axi_CDC/arFifo/pushToPopGray_buffercc/sys_clk
                         FDCE                                         r  u_soc_top/u_Axi_CDC/arFifo/pushToPopGray_buffercc/buffers_0_reg[0]/C
  -------------------------------------------------------------------    -------------------
                         FDCE (Prop_fdce_C_Q)         0.141    -0.837 r  u_soc_top/u_Axi_CDC/arFifo/pushToPopGray_buffercc/buffers_0_reg[0]/Q
                         net (fo=1, unplaced)         0.077    -0.760    u_soc_top/u_Axi_CDC/arFifo/pushToPopGray_buffercc/buffers_0[0]
                         FDCE                                         r  u_soc_top/u_Axi_CDC/arFifo/pushToPopGray_buffercc/buffers_1_reg[0]/D
  -------------------------------------------------------------------    -------------------

                         (clock sys_clk rise edge)    0.000     0.000 r  
    K21                                               0.000     0.000 r  clk_50M (IN)
                         net (fo=0)                   0.000     0.000    u_soc_top/pll_clk.u_clk_pll/inst/clk_in1
    K21                  IBUF (Prop_ibuf_I_O)         0.419     0.419 r  u_soc_top/pll_clk.u_clk_pll/inst/clkin1_ibufg/O
                         net (fo=1, unplaced)         0.259     0.678    u_soc_top/pll_clk.u_clk_pll/inst/clk_in1_clk_pll
                         PLLE2_ADV (Prop_plle2_adv_CLKIN1_CLKOUT1)
                                                     -1.953    -1.275 r  u_soc_top/pll_clk.u_clk_pll/inst/plle2_adv_inst/CLKOUT1
                         net (fo=1, unplaced)         0.337    -0.938    u_soc_top/pll_clk.u_clk_pll/inst/sys_clk_clk_pll
                         BUFG (Prop_bufg_I_O)         0.029    -0.909 r  u_soc_top/pll_clk.u_clk_pll/inst/clkout2_buf/O
                         net (fo=1092, unplaced)      0.259    -0.650    u_soc_top/u_Axi_CDC/arFifo/pushToPopGray_buffercc/sys_clk
                         FDCE                                         r  u_soc_top/u_Axi_CDC/arFifo/pushToPopGray_buffercc/buffers_1_reg[0]/C
                         clock pessimism             -0.183    -0.833    
                         FDCE (Hold_fdce_C_D)         0.070    -0.763    u_soc_top/u_Axi_CDC/arFifo/pushToPopGray_buffercc/buffers_1_reg[0]
  -------------------------------------------------------------------
                         required time                          0.763    
                         arrival time                          -0.760    
  -------------------------------------------------------------------
                         slack                                  0.003    





Pulse Width Checks
--------------------------------------------------------------------------------------
Clock Name:         sys_clk
Waveform(ns):       { 0.000 20.000 }
Period(ns):         40.000
Sources:            { u_soc_top/pll_clk.u_clk_pll/inst/plle2_adv_inst/CLKOUT1 }

Check Type        Corner  Lib Pin            Reference Pin  Required(ns)  Actual(ns)  Slack(ns)  Location  Pin
Min Period        n/a     BUFG/I             n/a            1.592         40.000      38.408               u_soc_top/pll_clk.u_clk_pll/inst/clkout2_buf/I
Max Period        n/a     PLLE2_ADV/CLKOUT1  n/a            160.000       40.000      120.000              u_soc_top/pll_clk.u_clk_pll/inst/plle2_adv_inst/CLKOUT1
Low Pulse Width   Fast    RAMD32/CLK         n/a            1.130         20.000      18.870               axi4WriteOnlyArbiter_4/cmdRouteFork_translated_fifo/fifo/logic_ram_reg_0_3_0_0/DP/CLK
High Pulse Width  Slow    RAMD32/CLK         n/a            1.130         20.000      18.870               axi4WriteOnlyArbiter_4/cmdRouteFork_translated_fifo/fifo/logic_ram_reg_0_3_0_0/DP/CLK



---------------------------------------------------------------------------------------------------
Path Group:  **async_default**
From Clock:  cpu_clk
  To Clock:  cpu_clk

Setup :            0  Failing Endpoints,  Worst Slack        7.726ns,  Total Violation        0.000ns
Hold  :            0  Failing Endpoints,  Worst Slack        0.661ns,  Total Violation        0.000ns
---------------------------------------------------------------------------------------------------


Max Delay Paths
--------------------------------------------------------------------------------------
Slack (MET) :             7.726ns  (required time - arrival time)
  Source:                 u_soc_top/pll_clk.u_rst_cpu/delay_reg[1]/C
                            (rising edge-triggered cell FDCE clocked by cpu_clk  {rise@0.000ns fall@5.000ns period=10.000ns})
  Destination:            u_soc_top/u_Axi_CDC/arFifo/popToPushGray_buffercc/buffers_0_reg[0]/CLR
                            (recovery check against rising-edge clock cpu_clk  {rise@0.000ns fall@5.000ns period=10.000ns})
  Path Group:             **async_default**
  Path Type:              Recovery (Max at Slow Process Corner)
  Requirement:            10.000ns  (cpu_clk rise@10.000ns - cpu_clk rise@0.000ns)
  Data Path Delay:        1.701ns  (logic 0.614ns (36.096%)  route 1.087ns (63.904%))
  Logic Levels:           1  (LUT1=1)
  Clock Path Skew:        -0.145ns (DCD - SCD + CPR)
    Destination Clock Delay (DCD):    -2.143ns = ( 7.857 - 10.000 ) 
    Source Clock Delay      (SCD):    -2.494ns
    Clock Pessimism Removal (CPR):    -0.496ns
  Clock Uncertainty:      0.094ns  ((TSJ^2 + DJ^2)^1/2) / 2 + PE
    Total System Jitter     (TSJ):    0.071ns
    Discrete Jitter          (DJ):    0.175ns
    Phase Error              (PE):    0.000ns

    Location             Delay type                Incr(ns)  Path(ns)    Netlist Resource(s)
  -------------------------------------------------------------------    -------------------
                         (clock cpu_clk rise edge)    0.000     0.000 r  
    K21                                               0.000     0.000 r  clk_50M (IN)
                         net (fo=0)                   0.000     0.000    u_soc_top/pll_clk.u_clk_pll/inst/clk_in1
    K21                  IBUF (Prop_ibuf_I_O)         1.394     1.394 r  u_soc_top/pll_clk.u_clk_pll/inst/clkin1_ibufg/O
                         net (fo=1, unplaced)         0.584     1.978    u_soc_top/pll_clk.u_clk_pll/inst/clk_in1_clk_pll
                         PLLE2_ADV (Prop_plle2_adv_CLKIN1_CLKOUT0)
                                                     -5.783    -3.805 r  u_soc_top/pll_clk.u_clk_pll/inst/plle2_adv_inst/CLKOUT0
                         net (fo=1, unplaced)         0.646    -3.159    u_soc_top/pll_clk.u_clk_pll/inst/cpu_clk_clk_pll
                         BUFG (Prop_bufg_I_O)         0.081    -3.078 r  u_soc_top/pll_clk.u_clk_pll/inst/clkout1_buf/O
                         net (fo=4404, unplaced)      0.584    -2.494    u_soc_top/pll_clk.u_rst_cpu/cpu_clk
                         FDCE                                         r  u_soc_top/pll_clk.u_rst_cpu/delay_reg[1]/C
  -------------------------------------------------------------------    -------------------
                         FDCE (Prop_fdce_C_Q)         0.379    -2.115 r  u_soc_top/pll_clk.u_rst_cpu/delay_reg[1]/Q
                         net (fo=23, unplaced)        0.303    -1.812    u_soc_top/pll_clk.u_rst_cpu/Q[0]
                         LUT1 (Prop_lut1_I0_O)        0.235    -1.577 f  u_soc_top/pll_clk.u_rst_cpu/wb_tail[1]_i_1/O
                         net (fo=2268, unplaced)      0.784    -0.793    u_soc_top/u_Axi_CDC/arFifo/popToPushGray_buffercc/buffers_0_reg[0]_0
                         FDCE                                         f  u_soc_top/u_Axi_CDC/arFifo/popToPushGray_buffercc/buffers_0_reg[0]/CLR
  -------------------------------------------------------------------    -------------------

                         (clock cpu_clk rise edge)   10.000    10.000 r  
    K21                                               0.000    10.000 r  clk_50M (IN)
                         net (fo=0)                   0.000    10.000    u_soc_top/pll_clk.u_clk_pll/inst/clk_in1
    K21                  IBUF (Prop_ibuf_I_O)         1.328    11.328 r  u_soc_top/pll_clk.u_clk_pll/inst/clkin1_ibufg/O
                         net (fo=1, unplaced)         0.439    11.767    u_soc_top/pll_clk.u_clk_pll/inst/clk_in1_clk_pll
                         PLLE2_ADV (Prop_plle2_adv_CLKIN1_CLKOUT0)
                                                     -5.039     6.728 r  u_soc_top/pll_clk.u_clk_pll/inst/plle2_adv_inst/CLKOUT0
                         net (fo=1, unplaced)         0.613     7.341    u_soc_top/pll_clk.u_clk_pll/inst/cpu_clk_clk_pll
                         BUFG (Prop_bufg_I_O)         0.077     7.418 r  u_soc_top/pll_clk.u_clk_pll/inst/clkout1_buf/O
                         net (fo=4404, unplaced)      0.439     7.857    u_soc_top/u_Axi_CDC/arFifo/popToPushGray_buffercc/cpu_clk
                         FDCE                                         r  u_soc_top/u_Axi_CDC/arFifo/popToPushGray_buffercc/buffers_0_reg[0]/C
                         clock pessimism             -0.496     7.361    
                         clock uncertainty           -0.094     7.266    
                         FDCE (Recov_fdce_C_CLR)     -0.334     6.932    u_soc_top/u_Axi_CDC/arFifo/popToPushGray_buffercc/buffers_0_reg[0]
  -------------------------------------------------------------------
                         required time                          6.932    
                         arrival time                           0.793    
  -------------------------------------------------------------------
                         slack                                  7.726    





Min Delay Paths
--------------------------------------------------------------------------------------
Slack (MET) :             0.661ns  (arrival time - required time)
  Source:                 u_soc_top/u_Axi_CDC/bFifo/bufferCC_12/buffers_1_reg/C
                            (rising edge-triggered cell FDCE clocked by cpu_clk  {rise@0.000ns fall@5.000ns period=10.000ns})
  Destination:            u_soc_top/u_Axi_CDC/bFifo/popCC_addressGen_rValid_reg/CLR
                            (removal check against rising-edge clock cpu_clk  {rise@0.000ns fall@5.000ns period=10.000ns})
  Path Group:             **async_default**
  Path Type:              Removal (Min at Fast Process Corner)
  Requirement:            0.000ns  (cpu_clk rise@0.000ns - cpu_clk rise@0.000ns)
  Data Path Delay:        0.712ns  (logic 0.239ns (33.563%)  route 0.473ns (66.437%))
  Logic Levels:           1  (LUT1=1)
  Clock Path Skew:        0.145ns (DCD - SCD - CPR)
    Destination Clock Delay (DCD):    -0.650ns
    Source Clock Delay      (SCD):    -0.978ns
    Clock Pessimism Removal (CPR):    0.183ns

    Location             Delay type                Incr(ns)  Path(ns)    Netlist Resource(s)
  -------------------------------------------------------------------    -------------------
                         (clock cpu_clk rise edge)    0.000     0.000 r  
    K21                                               0.000     0.000 r  clk_50M (IN)
                         net (fo=0)                   0.000     0.000    u_soc_top/pll_clk.u_clk_pll/inst/clk_in1
    K21                  IBUF (Prop_ibuf_I_O)         0.231     0.231 r  u_soc_top/pll_clk.u_clk_pll/inst/clkin1_ibufg/O
                         net (fo=1, unplaced)         0.114     0.345    u_soc_top/pll_clk.u_clk_pll/inst/clk_in1_clk_pll
                         PLLE2_ADV (Prop_plle2_adv_CLKIN1_CLKOUT0)
                                                     -1.783    -1.438 r  u_soc_top/pll_clk.u_clk_pll/inst/plle2_adv_inst/CLKOUT0
                         net (fo=1, unplaced)         0.320    -1.118    u_soc_top/pll_clk.u_clk_pll/inst/cpu_clk_clk_pll
                         BUFG (Prop_bufg_I_O)         0.026    -1.092 r  u_soc_top/pll_clk.u_clk_pll/inst/clkout1_buf/O
                         net (fo=4404, unplaced)      0.114    -0.978    u_soc_top/u_Axi_CDC/bFifo/bufferCC_12/cpu_clk
                         FDCE                                         r  u_soc_top/u_Axi_CDC/bFifo/bufferCC_12/buffers_1_reg/C
  -------------------------------------------------------------------    -------------------
                         FDCE (Prop_fdce_C_Q)         0.141    -0.837 r  u_soc_top/u_Axi_CDC/bFifo/bufferCC_12/buffers_1_reg/Q
                         net (fo=1, unplaced)         0.119    -0.718    u_soc_top/bFifo_bFifo_toplevel_axiOutRstn_syncronized_1
                         LUT1 (Prop_lut1_I0_O)        0.098    -0.620 f  u_soc_top/popCC_popPtr[2]_i_2__0/O
                         net (fo=30, unplaced)        0.354    -0.266    u_soc_top/u_Axi_CDC/bFifo/buffers_1_reg[0]
                         FDCE                                         f  u_soc_top/u_Axi_CDC/bFifo/popCC_addressGen_rValid_reg/CLR
  -------------------------------------------------------------------    -------------------

                         (clock cpu_clk rise edge)    0.000     0.000 r  
    K21                                               0.000     0.000 r  clk_50M (IN)
                         net (fo=0)                   0.000     0.000    u_soc_top/pll_clk.u_clk_pll/inst/clk_in1
    K21                  IBUF (Prop_ibuf_I_O)         0.419     0.419 r  u_soc_top/pll_clk.u_clk_pll/inst/clkin1_ibufg/O
                         net (fo=1, unplaced)         0.259     0.678    u_soc_top/pll_clk.u_clk_pll/inst/clk_in1_clk_pll
                         PLLE2_ADV (Prop_plle2_adv_CLKIN1_CLKOUT0)
                                                     -1.953    -1.275 r  u_soc_top/pll_clk.u_clk_pll/inst/plle2_adv_inst/CLKOUT0
                         net (fo=1, unplaced)         0.337    -0.938    u_soc_top/pll_clk.u_clk_pll/inst/cpu_clk_clk_pll
                         BUFG (Prop_bufg_I_O)         0.029    -0.909 r  u_soc_top/pll_clk.u_clk_pll/inst/clkout1_buf/O
                         net (fo=4404, unplaced)      0.259    -0.650    u_soc_top/u_Axi_CDC/bFifo/cpu_clk
                         FDCE                                         r  u_soc_top/u_Axi_CDC/bFifo/popCC_addressGen_rValid_reg/C
                         clock pessimism             -0.183    -0.833    
                         FDCE (Remov_fdce_C_CLR)     -0.094    -0.927    u_soc_top/u_Axi_CDC/bFifo/popCC_addressGen_rValid_reg
  -------------------------------------------------------------------
                         required time                          0.927    
                         arrival time                          -0.266    
  -------------------------------------------------------------------
                         slack                                  0.661    





---------------------------------------------------------------------------------------------------
Path Group:  **async_default**
From Clock:  sys_clk
  To Clock:  sys_clk

Setup :            0  Failing Endpoints,  Worst Slack       37.677ns,  Total Violation        0.000ns
Hold  :            0  Failing Endpoints,  Worst Slack        0.666ns,  Total Violation        0.000ns
---------------------------------------------------------------------------------------------------


Max Delay Paths
--------------------------------------------------------------------------------------
Slack (MET) :             37.677ns  (required time - arrival time)
  Source:                 u_soc_top/pll_clk.u_rst_sys/delay_reg[1]/C
                            (rising edge-triggered cell FDCE clocked by sys_clk  {rise@0.000ns fall@20.000ns period=40.000ns})
  Destination:            u_soc_top/u_AxiCrossbar_2x8/axi4ReadOnlyArbiter_4/cmdArbiter/maskLocked_0_reg/CLR
                            (recovery check against rising-edge clock sys_clk  {rise@0.000ns fall@20.000ns period=40.000ns})
  Path Group:             **async_default**
  Path Type:              Recovery (Max at Slow Process Corner)
  Requirement:            40.000ns  (sys_clk rise@40.000ns - sys_clk rise@0.000ns)
  Data Path Delay:        1.715ns  (logic 0.614ns (35.802%)  route 1.101ns (64.198%))
  Logic Levels:           1  (LUT1=1)
  Clock Path Skew:        -0.145ns (DCD - SCD + CPR)
    Destination Clock Delay (DCD):    -2.143ns = ( 37.857 - 40.000 ) 
    Source Clock Delay      (SCD):    -2.494ns
    Clock Pessimism Removal (CPR):    -0.496ns
  Clock Uncertainty:      0.129ns  ((TSJ^2 + DJ^2)^1/2) / 2 + PE
    Total System Jitter     (TSJ):    0.071ns
    Discrete Jitter          (DJ):    0.247ns
    Phase Error              (PE):    0.000ns

    Location             Delay type                Incr(ns)  Path(ns)    Netlist Resource(s)
  -------------------------------------------------------------------    -------------------
                         (clock sys_clk rise edge)    0.000     0.000 r  
    K21                                               0.000     0.000 r  clk_50M (IN)
                         net (fo=0)                   0.000     0.000    u_soc_top/pll_clk.u_clk_pll/inst/clk_in1
    K21                  IBUF (Prop_ibuf_I_O)         1.394     1.394 r  u_soc_top/pll_clk.u_clk_pll/inst/clkin1_ibufg/O
                         net (fo=1, unplaced)         0.584     1.978    u_soc_top/pll_clk.u_clk_pll/inst/clk_in1_clk_pll
                         PLLE2_ADV (Prop_plle2_adv_CLKIN1_CLKOUT1)
                                                     -5.783    -3.805 r  u_soc_top/pll_clk.u_clk_pll/inst/plle2_adv_inst/CLKOUT1
                         net (fo=1, unplaced)         0.646    -3.159    u_soc_top/pll_clk.u_clk_pll/inst/sys_clk_clk_pll
                         BUFG (Prop_bufg_I_O)         0.081    -3.078 r  u_soc_top/pll_clk.u_clk_pll/inst/clkout2_buf/O
                         net (fo=1092, unplaced)      0.584    -2.494    u_soc_top/pll_clk.u_rst_sys/sys_clk
                         FDCE                                         r  u_soc_top/pll_clk.u_rst_sys/delay_reg[1]/C
  -------------------------------------------------------------------    -------------------
                         FDCE (Prop_fdce_C_Q)         0.379    -2.115 r  u_soc_top/pll_clk.u_rst_sys/delay_reg[1]/Q
                         net (fo=40, unplaced)        0.317    -1.798    u_soc_top/sys_resetn
                         LUT1 (Prop_lut1_I0_O)        0.235    -1.563 f  u_soc_top/sendRsp_i_2/O
                         net (fo=612, unplaced)       0.784    -0.779    u_soc_top/u_AxiCrossbar_2x8/axi4ReadOnlyArbiter_4/cmdArbiter/prst
                         FDCE                                         f  u_soc_top/u_AxiCrossbar_2x8/axi4ReadOnlyArbiter_4/cmdArbiter/maskLocked_0_reg/CLR
  -------------------------------------------------------------------    -------------------

                         (clock sys_clk rise edge)   40.000    40.000 r  
    K21                                               0.000    40.000 r  clk_50M (IN)
                         net (fo=0)                   0.000    40.000    u_soc_top/pll_clk.u_clk_pll/inst/clk_in1
    K21                  IBUF (Prop_ibuf_I_O)         1.328    41.328 r  u_soc_top/pll_clk.u_clk_pll/inst/clkin1_ibufg/O
                         net (fo=1, unplaced)         0.439    41.767    u_soc_top/pll_clk.u_clk_pll/inst/clk_in1_clk_pll
                         PLLE2_ADV (Prop_plle2_adv_CLKIN1_CLKOUT1)
                                                     -5.039    36.728 r  u_soc_top/pll_clk.u_clk_pll/inst/plle2_adv_inst/CLKOUT1
                         net (fo=1, unplaced)         0.613    37.341    u_soc_top/pll_clk.u_clk_pll/inst/sys_clk_clk_pll
                         BUFG (Prop_bufg_I_O)         0.077    37.418 r  u_soc_top/pll_clk.u_clk_pll/inst/clkout2_buf/O
                         net (fo=1092, unplaced)      0.439    37.857    u_soc_top/u_AxiCrossbar_2x8/axi4ReadOnlyArbiter_4/cmdArbiter/sys_clk
                         FDCE                                         r  u_soc_top/u_AxiCrossbar_2x8/axi4ReadOnlyArbiter_4/cmdArbiter/maskLocked_0_reg/C
                         clock pessimism             -0.496    37.361    
                         clock uncertainty           -0.129    37.232    
                         FDCE (Recov_fdce_C_CLR)     -0.334    36.898    u_soc_top/u_AxiCrossbar_2x8/axi4ReadOnlyArbiter_4/cmdArbiter/maskLocked_0_reg
  -------------------------------------------------------------------
                         required time                         36.898    
                         arrival time                           0.779    
  -------------------------------------------------------------------
                         slack                                 37.677    





Min Delay Paths
--------------------------------------------------------------------------------------
Slack (MET) :             0.666ns  (arrival time - required time)
  Source:                 u_soc_top/u_Axi_CDC/awFifo/bufferCC_12/buffers_1_reg/C
                            (rising edge-triggered cell FDCE clocked by sys_clk  {rise@0.000ns fall@20.000ns period=40.000ns})
  Destination:            u_soc_top/u_Axi_CDC/arFifo/popCC_addressGen_rValid_reg/CLR
                            (removal check against rising-edge clock sys_clk  {rise@0.000ns fall@20.000ns period=40.000ns})
  Path Group:             **async_default**
  Path Type:              Removal (Min at Fast Process Corner)
  Requirement:            0.000ns  (sys_clk rise@0.000ns - sys_clk rise@0.000ns)
  Data Path Delay:        0.717ns  (logic 0.239ns (33.354%)  route 0.478ns (66.646%))
  Logic Levels:           1  (LUT1=1)
  Clock Path Skew:        0.145ns (DCD - SCD - CPR)
    Destination Clock Delay (DCD):    -0.650ns
    Source Clock Delay      (SCD):    -0.978ns
    Clock Pessimism Removal (CPR):    0.183ns

    Location             Delay type                Incr(ns)  Path(ns)    Netlist Resource(s)
  -------------------------------------------------------------------    -------------------
                         (clock sys_clk rise edge)    0.000     0.000 r  
    K21                                               0.000     0.000 r  clk_50M (IN)
                         net (fo=0)                   0.000     0.000    u_soc_top/pll_clk.u_clk_pll/inst/clk_in1
    K21                  IBUF (Prop_ibuf_I_O)         0.231     0.231 r  u_soc_top/pll_clk.u_clk_pll/inst/clkin1_ibufg/O
                         net (fo=1, unplaced)         0.114     0.345    u_soc_top/pll_clk.u_clk_pll/inst/clk_in1_clk_pll
                         PLLE2_ADV (Prop_plle2_adv_CLKIN1_CLKOUT1)
                                                     -1.783    -1.438 r  u_soc_top/pll_clk.u_clk_pll/inst/plle2_adv_inst/CLKOUT1
                         net (fo=1, unplaced)         0.320    -1.118    u_soc_top/pll_clk.u_clk_pll/inst/sys_clk_clk_pll
                         BUFG (Prop_bufg_I_O)         0.026    -1.092 r  u_soc_top/pll_clk.u_clk_pll/inst/clkout2_buf/O
                         net (fo=1092, unplaced)      0.114    -0.978    u_soc_top/u_Axi_CDC/awFifo/bufferCC_12/sys_clk
                         FDCE                                         r  u_soc_top/u_Axi_CDC/awFifo/bufferCC_12/buffers_1_reg/C
  -------------------------------------------------------------------    -------------------
                         FDCE (Prop_fdce_C_Q)         0.141    -0.837 r  u_soc_top/u_Axi_CDC/awFifo/bufferCC_12/buffers_1_reg/Q
                         net (fo=1, unplaced)         0.119    -0.718    u_soc_top/awFifo_awFifo_toplevel_axiInRstn_syncronized_1
                         LUT1 (Prop_lut1_I0_O)        0.098    -0.620 f  u_soc_top/popCC_popPtr[2]_i_2__0__0/O
                         net (fo=43, unplaced)        0.359    -0.262    u_soc_top/u_Axi_CDC/arFifo/buffers_1_reg[0]
                         FDCE                                         f  u_soc_top/u_Axi_CDC/arFifo/popCC_addressGen_rValid_reg/CLR
  -------------------------------------------------------------------    -------------------

                         (clock sys_clk rise edge)    0.000     0.000 r  
    K21                                               0.000     0.000 r  clk_50M (IN)
                         net (fo=0)                   0.000     0.000    u_soc_top/pll_clk.u_clk_pll/inst/clk_in1
    K21                  IBUF (Prop_ibuf_I_O)         0.419     0.419 r  u_soc_top/pll_clk.u_clk_pll/inst/clkin1_ibufg/O
                         net (fo=1, unplaced)         0.259     0.678    u_soc_top/pll_clk.u_clk_pll/inst/clk_in1_clk_pll
                         PLLE2_ADV (Prop_plle2_adv_CLKIN1_CLKOUT1)
                                                     -1.953    -1.275 r  u_soc_top/pll_clk.u_clk_pll/inst/plle2_adv_inst/CLKOUT1
                         net (fo=1, unplaced)         0.337    -0.938    u_soc_top/pll_clk.u_clk_pll/inst/sys_clk_clk_pll
                         BUFG (Prop_bufg_I_O)         0.029    -0.909 r  u_soc_top/pll_clk.u_clk_pll/inst/clkout2_buf/O
                         net (fo=1092, unplaced)      0.259    -0.650    u_soc_top/u_Axi_CDC/arFifo/sys_clk
                         FDCE                                         r  u_soc_top/u_Axi_CDC/arFifo/popCC_addressGen_rValid_reg/C
                         clock pessimism             -0.183    -0.833    
                         FDCE (Remov_fdce_C_CLR)     -0.094    -0.927    u_soc_top/u_Axi_CDC/arFifo/popCC_addressGen_rValid_reg
  -------------------------------------------------------------------
                         required time                          0.927    
                         arrival time                          -0.262    
  -------------------------------------------------------------------
                         slack                                  0.666    





--------------------------------------------------------------------------------------
Path Group:  (none)
From Clock:  sys_clk
  To Clock:  cpu_clk

Max Delay            54 Endpoints
Min Delay            54 Endpoints
--------------------------------------------------------------------------------------


Max Delay Paths
--------------------------------------------------------------------------------------
Slack:                    inf
  Source:                 u_soc_top/pll_clk.u_rst_sys/delay_reg[1]/C
                            (rising edge-triggered cell FDCE clocked by sys_clk  {rise@0.000ns fall@20.000ns period=40.000ns})
  Destination:            u_soc_top/pll_clk.u_rst_cpu/delay_reg[0]/CLR
                            (recovery check against rising-edge clock cpu_clk  {rise@0.000ns fall@5.000ns period=10.000ns})
  Path Group:             (none)
  Path Type:              Recovery (Max at Fast Process Corner)
  Data Path Delay:        0.876ns  (logic 0.301ns (34.371%)  route 0.575ns (65.629%))
  Logic Levels:           1  (LUT1=1)
  Clock Path Skew:        -0.328ns (DCD - SCD + CPR)
    Destination Clock Delay (DCD):    -0.978ns
    Source Clock Delay      (SCD):    -0.650ns
    Clock Pessimism Removal (CPR):    0.000ns
  Clock Uncertainty:      0.249ns  ((TSJ^2 + DJ^2)^1/2) / 2 + PE
    Total System Jitter     (TSJ):    0.071ns
    Discrete Jitter          (DJ):    0.247ns
    Phase Error              (PE):    0.120ns
  Timing Exception:       Asynchronous Clock Groups

    Location             Delay type                Incr(ns)  Path(ns)    Netlist Resource(s)
  -------------------------------------------------------------------    -------------------
                         (clock sys_clk rise edge)    0.000     0.000 r  
    K21                                               0.000     0.000 r  clk_50M (IN)
                         net (fo=0)                   0.000     0.000    u_soc_top/pll_clk.u_clk_pll/inst/clk_in1
    K21                  IBUF (Prop_ibuf_I_O)         0.419     0.419 r  u_soc_top/pll_clk.u_clk_pll/inst/clkin1_ibufg/O
                         net (fo=1, unplaced)         0.259     0.678    u_soc_top/pll_clk.u_clk_pll/inst/clk_in1_clk_pll
                         PLLE2_ADV (Prop_plle2_adv_CLKIN1_CLKOUT1)
                                                     -1.953    -1.275 r  u_soc_top/pll_clk.u_clk_pll/inst/plle2_adv_inst/CLKOUT1
                         net (fo=1, unplaced)         0.337    -0.938    u_soc_top/pll_clk.u_clk_pll/inst/sys_clk_clk_pll
                         BUFG (Prop_bufg_I_O)         0.029    -0.909 r  u_soc_top/pll_clk.u_clk_pll/inst/clkout2_buf/O
                         net (fo=1092, unplaced)      0.259    -0.650    u_soc_top/pll_clk.u_rst_sys/sys_clk
                         FDCE                                         r  u_soc_top/pll_clk.u_rst_sys/delay_reg[1]/C
  -------------------------------------------------------------------    -------------------
                         FDCE (Prop_fdce_C_Q)         0.175    -0.475 r  u_soc_top/pll_clk.u_rst_sys/delay_reg[1]/Q
                         net (fo=40, unplaced)        0.165    -0.310    u_soc_top/sys_resetn
                         LUT1 (Prop_lut1_I0_O)        0.126    -0.184 f  u_soc_top/sendRsp_i_2/O
                         net (fo=612, unplaced)       0.409     0.225    u_soc_top/pll_clk.u_rst_cpu/prst
                         FDCE                                         f  u_soc_top/pll_clk.u_rst_cpu/delay_reg[0]/CLR
  -------------------------------------------------------------------    -------------------

                         (clock cpu_clk rise edge)    0.000     0.000 r  
    K21                                               0.000     0.000 r  clk_50M (IN)
                         net (fo=0)                   0.000     0.000    u_soc_top/pll_clk.u_clk_pll/inst/clk_in1
    K21                  IBUF (Prop_ibuf_I_O)         0.231     0.231 r  u_soc_top/pll_clk.u_clk_pll/inst/clkin1_ibufg/O
                         net (fo=1, unplaced)         0.114     0.345    u_soc_top/pll_clk.u_clk_pll/inst/clk_in1_clk_pll
                         PLLE2_ADV (Prop_plle2_adv_CLKIN1_CLKOUT0)
                                                     -1.783    -1.438 r  u_soc_top/pll_clk.u_clk_pll/inst/plle2_adv_inst/CLKOUT0
                         net (fo=1, unplaced)         0.320    -1.118    u_soc_top/pll_clk.u_clk_pll/inst/cpu_clk_clk_pll
                         BUFG (Prop_bufg_I_O)         0.026    -1.092 r  u_soc_top/pll_clk.u_clk_pll/inst/clkout1_buf/O
                         net (fo=4404, unplaced)      0.114    -0.978    u_soc_top/pll_clk.u_rst_cpu/cpu_clk
                         FDCE                                         r  u_soc_top/pll_clk.u_rst_cpu/delay_reg[0]/C





Min Delay Paths
--------------------------------------------------------------------------------------
Slack:                    inf
  Source:                 u_soc_top/u_Axi_CDC/wFifo/popCC_ptrToPush_reg[0]/C
                            (rising edge-triggered cell FDCE clocked by sys_clk  {rise@0.000ns fall@20.000ns period=40.000ns})
  Destination:            u_soc_top/u_Axi_CDC/wFifo/popToPushGray_buffercc/buffers_0_reg[0]/D
                            (rising edge-triggered cell FDCE clocked by cpu_clk  {rise@0.000ns fall@5.000ns period=10.000ns})
  Path Group:             (none)
  Path Type:              Hold (Min at Slow Process Corner)
  Data Path Delay:        0.547ns  (logic 0.304ns (55.556%)  route 0.243ns (44.444%))
  Logic Levels:           0  
  Clock Path Skew:        -0.351ns (DCD - SCD - CPR)
    Destination Clock Delay (DCD):    -2.494ns
    Source Clock Delay      (SCD):    -2.143ns
    Clock Pessimism Removal (CPR):    -0.000ns
  Clock Uncertainty:      0.249ns  ((TSJ^2 + DJ^2)^1/2) / 2 + PE
    Total System Jitter     (TSJ):    0.071ns
    Discrete Jitter          (DJ):    0.247ns
    Phase Error              (PE):    0.120ns
  Timing Exception:       Asynchronous Clock Groups

    Location             Delay type                Incr(ns)  Path(ns)    Netlist Resource(s)
  -------------------------------------------------------------------    -------------------
                         (clock sys_clk rise edge)    0.000     0.000 r  
    K21                                               0.000     0.000 r  clk_50M (IN)
                         net (fo=0)                   0.000     0.000    u_soc_top/pll_clk.u_clk_pll/inst/clk_in1
    K21                  IBUF (Prop_ibuf_I_O)         1.328     1.328 r  u_soc_top/pll_clk.u_clk_pll/inst/clkin1_ibufg/O
                         net (fo=1, unplaced)         0.439     1.767    u_soc_top/pll_clk.u_clk_pll/inst/clk_in1_clk_pll
                         PLLE2_ADV (Prop_plle2_adv_CLKIN1_CLKOUT1)
                                                     -5.039    -3.272 r  u_soc_top/pll_clk.u_clk_pll/inst/plle2_adv_inst/CLKOUT1
                         net (fo=1, unplaced)         0.613    -2.659    u_soc_top/pll_clk.u_clk_pll/inst/sys_clk_clk_pll
                         BUFG (Prop_bufg_I_O)         0.077    -2.582 r  u_soc_top/pll_clk.u_clk_pll/inst/clkout2_buf/O
                         net (fo=1092, unplaced)      0.439    -2.143    u_soc_top/u_Axi_CDC/wFifo/sys_clk
                         FDCE                                         r  u_soc_top/u_Axi_CDC/wFifo/popCC_ptrToPush_reg[0]/C
  -------------------------------------------------------------------    -------------------
                         FDCE (Prop_fdce_C_Q)         0.304    -1.839 r  u_soc_top/u_Axi_CDC/wFifo/popCC_ptrToPush_reg[0]/Q
                         net (fo=1, unplaced)         0.243    -1.596    u_soc_top/u_Axi_CDC/wFifo/popToPushGray_buffercc/buffers_0_reg[3]_0[0]
                         FDCE                                         r  u_soc_top/u_Axi_CDC/wFifo/popToPushGray_buffercc/buffers_0_reg[0]/D
  -------------------------------------------------------------------    -------------------

                         (clock cpu_clk rise edge)    0.000     0.000 r  
    K21                                               0.000     0.000 r  clk_50M (IN)
                         net (fo=0)                   0.000     0.000    u_soc_top/pll_clk.u_clk_pll/inst/clk_in1
    K21                  IBUF (Prop_ibuf_I_O)         1.394     1.394 r  u_soc_top/pll_clk.u_clk_pll/inst/clkin1_ibufg/O
                         net (fo=1, unplaced)         0.584     1.978    u_soc_top/pll_clk.u_clk_pll/inst/clk_in1_clk_pll
                         PLLE2_ADV (Prop_plle2_adv_CLKIN1_CLKOUT0)
                                                     -5.783    -3.805 r  u_soc_top/pll_clk.u_clk_pll/inst/plle2_adv_inst/CLKOUT0
                         net (fo=1, unplaced)         0.646    -3.159    u_soc_top/pll_clk.u_clk_pll/inst/cpu_clk_clk_pll
                         BUFG (Prop_bufg_I_O)         0.081    -3.078 r  u_soc_top/pll_clk.u_clk_pll/inst/clkout1_buf/O
                         net (fo=4404, unplaced)      0.584    -2.494    u_soc_top/u_Axi_CDC/wFifo/popToPushGray_buffercc/cpu_clk
                         FDCE                                         r  u_soc_top/u_Axi_CDC/wFifo/popToPushGray_buffercc/buffers_0_reg[0]/C





--------------------------------------------------------------------------------------
Path Group:  (none)
From Clock:  cpu_clk
  To Clock:  sys_clk

Max Delay           139 Endpoints
Min Delay           139 Endpoints
--------------------------------------------------------------------------------------


Max Delay Paths
--------------------------------------------------------------------------------------
Slack:                    inf
  Source:                 u_soc_top/pll_clk.u_rst_cpu/delay_reg[1]/C
                            (rising edge-triggered cell FDCE clocked by cpu_clk  {rise@0.000ns fall@5.000ns period=10.000ns})
  Destination:            u_soc_top/u_Axi_CDC/awFifo/bufferCC_12/buffers_0_reg/CLR
                            (recovery check against rising-edge clock sys_clk  {rise@0.000ns fall@20.000ns period=40.000ns})
  Path Group:             (none)
  Path Type:              Recovery (Max at Fast Process Corner)
  Data Path Delay:        0.868ns  (logic 0.301ns (34.661%)  route 0.567ns (65.339%))
  Logic Levels:           1  (LUT1=1)
  Clock Path Skew:        -0.328ns (DCD - SCD + CPR)
    Destination Clock Delay (DCD):    -0.978ns
    Source Clock Delay      (SCD):    -0.650ns
    Clock Pessimism Removal (CPR):    0.000ns
  Clock Uncertainty:      0.249ns  ((TSJ^2 + DJ^2)^1/2) / 2 + PE
    Total System Jitter     (TSJ):    0.071ns
    Discrete Jitter          (DJ):    0.247ns
    Phase Error              (PE):    0.120ns
  Timing Exception:       Asynchronous Clock Groups

    Location             Delay type                Incr(ns)  Path(ns)    Netlist Resource(s)
  -------------------------------------------------------------------    -------------------
                         (clock cpu_clk rise edge)    0.000     0.000 r  
    K21                                               0.000     0.000 r  clk_50M (IN)
                         net (fo=0)                   0.000     0.000    u_soc_top/pll_clk.u_clk_pll/inst/clk_in1
    K21                  IBUF (Prop_ibuf_I_O)         0.419     0.419 r  u_soc_top/pll_clk.u_clk_pll/inst/clkin1_ibufg/O
                         net (fo=1, unplaced)         0.259     0.678    u_soc_top/pll_clk.u_clk_pll/inst/clk_in1_clk_pll
                         PLLE2_ADV (Prop_plle2_adv_CLKIN1_CLKOUT0)
                                                     -1.953    -1.275 r  u_soc_top/pll_clk.u_clk_pll/inst/plle2_adv_inst/CLKOUT0
                         net (fo=1, unplaced)         0.337    -0.938    u_soc_top/pll_clk.u_clk_pll/inst/cpu_clk_clk_pll
                         BUFG (Prop_bufg_I_O)         0.029    -0.909 r  u_soc_top/pll_clk.u_clk_pll/inst/clkout1_buf/O
                         net (fo=4404, unplaced)      0.259    -0.650    u_soc_top/pll_clk.u_rst_cpu/cpu_clk
                         FDCE                                         r  u_soc_top/pll_clk.u_rst_cpu/delay_reg[1]/C
  -------------------------------------------------------------------    -------------------
                         FDCE (Prop_fdce_C_Q)         0.175    -0.475 r  u_soc_top/pll_clk.u_rst_cpu/delay_reg[1]/Q
                         net (fo=23, unplaced)        0.158    -0.317    u_soc_top/pll_clk.u_rst_cpu/Q[0]
                         LUT1 (Prop_lut1_I0_O)        0.126    -0.191 f  u_soc_top/pll_clk.u_rst_cpu/wb_tail[1]_i_1/O
                         net (fo=2268, unplaced)      0.409     0.218    u_soc_top/u_Axi_CDC/awFifo/bufferCC_12/buffers_0_reg_0
                         FDCE                                         f  u_soc_top/u_Axi_CDC/awFifo/bufferCC_12/buffers_0_reg/CLR
  -------------------------------------------------------------------    -------------------

                         (clock sys_clk rise edge)    0.000     0.000 r  
    K21                                               0.000     0.000 r  clk_50M (IN)
                         net (fo=0)                   0.000     0.000    u_soc_top/pll_clk.u_clk_pll/inst/clk_in1
    K21                  IBUF (Prop_ibuf_I_O)         0.231     0.231 r  u_soc_top/pll_clk.u_clk_pll/inst/clkin1_ibufg/O
                         net (fo=1, unplaced)         0.114     0.345    u_soc_top/pll_clk.u_clk_pll/inst/clk_in1_clk_pll
                         PLLE2_ADV (Prop_plle2_adv_CLKIN1_CLKOUT1)
                                                     -1.783    -1.438 r  u_soc_top/pll_clk.u_clk_pll/inst/plle2_adv_inst/CLKOUT1
                         net (fo=1, unplaced)         0.320    -1.118    u_soc_top/pll_clk.u_clk_pll/inst/sys_clk_clk_pll
                         BUFG (Prop_bufg_I_O)         0.026    -1.092 r  u_soc_top/pll_clk.u_clk_pll/inst/clkout2_buf/O
                         net (fo=1092, unplaced)      0.114    -0.978    u_soc_top/u_Axi_CDC/awFifo/bufferCC_12/sys_clk
                         FDCE                                         r  u_soc_top/u_Axi_CDC/awFifo/bufferCC_12/buffers_0_reg/C





Min Delay Paths
--------------------------------------------------------------------------------------
Slack:                    inf
  Source:                 u_soc_top/u_Axi_CDC/rFifo/popCC_ptrToPush_reg[0]/C
                            (rising edge-triggered cell FDCE clocked by cpu_clk  {rise@0.000ns fall@5.000ns period=10.000ns})
  Destination:            u_soc_top/u_Axi_CDC/rFifo/popToPushGray_buffercc/buffers_0_reg[0]/D
                            (rising edge-triggered cell FDCE clocked by sys_clk  {rise@0.000ns fall@20.000ns period=40.000ns})
  Path Group:             (none)
  Path Type:              Hold (Min at Slow Process Corner)
  Data Path Delay:        0.547ns  (logic 0.304ns (55.556%)  route 0.243ns (44.444%))
  Logic Levels:           0  
  Clock Path Skew:        -0.351ns (DCD - SCD - CPR)
    Destination Clock Delay (DCD):    -2.494ns
    Source Clock Delay      (SCD):    -2.143ns
    Clock Pessimism Removal (CPR):    -0.000ns
  Clock Uncertainty:      0.249ns  ((TSJ^2 + DJ^2)^1/2) / 2 + PE
    Total System Jitter     (TSJ):    0.071ns
    Discrete Jitter          (DJ):    0.247ns
    Phase Error              (PE):    0.120ns
  Timing Exception:       Asynchronous Clock Groups

    Location             Delay type                Incr(ns)  Path(ns)    Netlist Resource(s)
  -------------------------------------------------------------------    -------------------
                         (clock cpu_clk rise edge)    0.000     0.000 r  
    K21                                               0.000     0.000 r  clk_50M (IN)
                         net (fo=0)                   0.000     0.000    u_soc_top/pll_clk.u_clk_pll/inst/clk_in1
    K21                  IBUF (Prop_ibuf_I_O)         1.328     1.328 r  u_soc_top/pll_clk.u_clk_pll/inst/clkin1_ibufg/O
                         net (fo=1, unplaced)         0.439     1.767    u_soc_top/pll_clk.u_clk_pll/inst/clk_in1_clk_pll
                         PLLE2_ADV (Prop_plle2_adv_CLKIN1_CLKOUT0)
                                                     -5.039    -3.272 r  u_soc_top/pll_clk.u_clk_pll/inst/plle2_adv_inst/CLKOUT0
                         net (fo=1, unplaced)         0.613    -2.659    u_soc_top/pll_clk.u_clk_pll/inst/cpu_clk_clk_pll
                         BUFG (Prop_bufg_I_O)         0.077    -2.582 r  u_soc_top/pll_clk.u_clk_pll/inst/clkout1_buf/O
                         net (fo=4404, unplaced)      0.439    -2.143    u_soc_top/u_Axi_CDC/rFifo/cpu_clk
                         FDCE                                         r  u_soc_top/u_Axi_CDC/rFifo/popCC_ptrToPush_reg[0]/C
  -------------------------------------------------------------------    -------------------
                         FDCE (Prop_fdce_C_Q)         0.304    -1.839 r  u_soc_top/u_Axi_CDC/rFifo/popCC_ptrToPush_reg[0]/Q
                         net (fo=1, unplaced)         0.243    -1.596    u_soc_top/u_Axi_CDC/rFifo/popToPushGray_buffercc/buffers_0_reg[3]_0[0]
                         FDCE                                         r  u_soc_top/u_Axi_CDC/rFifo/popToPushGray_buffercc/buffers_0_reg[0]/D
  -------------------------------------------------------------------    -------------------

                         (clock sys_clk rise edge)    0.000     0.000 r  
    K21                                               0.000     0.000 r  clk_50M (IN)
                         net (fo=0)                   0.000     0.000    u_soc_top/pll_clk.u_clk_pll/inst/clk_in1
    K21                  IBUF (Prop_ibuf_I_O)         1.394     1.394 r  u_soc_top/pll_clk.u_clk_pll/inst/clkin1_ibufg/O
                         net (fo=1, unplaced)         0.584     1.978    u_soc_top/pll_clk.u_clk_pll/inst/clk_in1_clk_pll
                         PLLE2_ADV (Prop_plle2_adv_CLKIN1_CLKOUT1)
                                                     -5.783    -3.805 r  u_soc_top/pll_clk.u_clk_pll/inst/plle2_adv_inst/CLKOUT1
                         net (fo=1, unplaced)         0.646    -3.159    u_soc_top/pll_clk.u_clk_pll/inst/sys_clk_clk_pll
                         BUFG (Prop_bufg_I_O)         0.081    -3.078 r  u_soc_top/pll_clk.u_clk_pll/inst/clkout2_buf/O
                         net (fo=1092, unplaced)      0.584    -2.494    u_soc_top/u_Axi_CDC/rFifo/popToPushGray_buffercc/sys_clk
                         FDCE                                         r  u_soc_top/u_Axi_CDC/rFifo/popToPushGray_buffercc/buffers_0_reg[0]/C





--------------------------------------------------------------------------------------
Path Group:  (none)
From Clock:  clkfbout_clk_pll
  To Clock:  

Max Delay             1 Endpoint
Min Delay             1 Endpoint
--------------------------------------------------------------------------------------


Max Delay Paths
--------------------------------------------------------------------------------------
Slack:                    inf
  Source:                 u_soc_top/pll_clk.u_clk_pll/inst/plle2_adv_inst/CLKFBOUT
                            (clock source 'clkfbout_clk_pll'  {rise@0.000ns fall@10.000ns period=20.000ns})
  Destination:            u_soc_top/pll_clk.u_clk_pll/inst/plle2_adv_inst/CLKFBIN
  Path Group:             (none)
  Path Type:              Max at Fast Process Corner
  Data Path Delay:        0.625ns  (logic 0.029ns (4.640%)  route 0.596ns (95.360%))
  Logic Levels:           1  (BUFG=1)
  Clock Uncertainty:      0.226ns  ((TSJ^2 + DJ^2)^1/2) / 2 + PE
    Total System Jitter     (TSJ):    0.050ns
    Discrete Jitter          (DJ):    0.118ns
    Phase Error              (PE):    0.162ns

    Location             Delay type                Incr(ns)  Path(ns)    Netlist Resource(s)
  -------------------------------------------------------------------    -------------------
                         (clock clkfbout_clk_pll fall edge)
                                                     10.000    10.000 f  
    K21                                               0.000    10.000 f  clk_50M (IN)
                         net (fo=0)                   0.000    10.000    u_soc_top/pll_clk.u_clk_pll/inst/clk_in1
    K21                  IBUF (Prop_ibuf_I_O)         0.419    10.419 f  u_soc_top/pll_clk.u_clk_pll/inst/clkin1_ibufg/O
                         net (fo=1, unplaced)         0.259    10.678    u_soc_top/pll_clk.u_clk_pll/inst/clk_in1_clk_pll
  -------------------------------------------------------------------    -------------------
                         PLLE2_ADV (Prop_plle2_adv_CLKIN1_CLKFBOUT)
                                                     -1.953     8.725 f  u_soc_top/pll_clk.u_clk_pll/inst/plle2_adv_inst/CLKFBOUT
                         net (fo=1, unplaced)         0.337     9.062    u_soc_top/pll_clk.u_clk_pll/inst/clkfbout_clk_pll
                         BUFG (Prop_bufg_I_O)         0.029     9.091 f  u_soc_top/pll_clk.u_clk_pll/inst/clkf_buf/O
                         net (fo=1, unplaced)         0.259     9.350    u_soc_top/pll_clk.u_clk_pll/inst/clkfbout_buf_clk_pll
                         PLLE2_ADV                                    f  u_soc_top/pll_clk.u_clk_pll/inst/plle2_adv_inst/CLKFBIN
  -------------------------------------------------------------------    -------------------





Min Delay Paths
--------------------------------------------------------------------------------------
Slack:                    inf
  Source:                 u_soc_top/pll_clk.u_clk_pll/inst/plle2_adv_inst/CLKFBOUT
                            (clock source 'clkfbout_clk_pll'  {rise@0.000ns fall@10.000ns period=20.000ns})
  Destination:            u_soc_top/pll_clk.u_clk_pll/inst/plle2_adv_inst/CLKFBIN
  Path Group:             (none)
  Path Type:              Min at Slow Process Corner
  Data Path Delay:        1.129ns  (logic 0.077ns (6.818%)  route 1.052ns (93.182%))
  Logic Levels:           1  (BUFG=1)
  Clock Uncertainty:      0.226ns  ((TSJ^2 + DJ^2)^1/2) / 2 + PE
    Total System Jitter     (TSJ):    0.050ns
    Discrete Jitter          (DJ):    0.118ns
    Phase Error              (PE):    0.162ns

    Location             Delay type                Incr(ns)  Path(ns)    Netlist Resource(s)
  -------------------------------------------------------------------    -------------------
                         (clock clkfbout_clk_pll rise edge)
                                                      0.000     0.000 r  
    K21                                               0.000     0.000 r  clk_50M (IN)
                         net (fo=0)                   0.000     0.000    u_soc_top/pll_clk.u_clk_pll/inst/clk_in1
    K21                  IBUF (Prop_ibuf_I_O)         1.328     1.328 r  u_soc_top/pll_clk.u_clk_pll/inst/clkin1_ibufg/O
                         net (fo=1, unplaced)         0.439     1.767    u_soc_top/pll_clk.u_clk_pll/inst/clk_in1_clk_pll
  -------------------------------------------------------------------    -------------------
                         PLLE2_ADV (Prop_plle2_adv_CLKIN1_CLKFBOUT)
                                                     -5.039    -3.272 r  u_soc_top/pll_clk.u_clk_pll/inst/plle2_adv_inst/CLKFBOUT
                         net (fo=1, unplaced)         0.613    -2.659    u_soc_top/pll_clk.u_clk_pll/inst/clkfbout_clk_pll
                         BUFG (Prop_bufg_I_O)         0.077    -2.582 r  u_soc_top/pll_clk.u_clk_pll/inst/clkf_buf/O
                         net (fo=1, unplaced)         0.439    -2.143    u_soc_top/pll_clk.u_clk_pll/inst/clkfbout_buf_clk_pll
                         PLLE2_ADV                                    r  u_soc_top/pll_clk.u_clk_pll/inst/plle2_adv_inst/CLKFBIN
  -------------------------------------------------------------------    -------------------





--------------------------------------------------------------------------------------
Path Group:  (none)
From Clock:  sys_clk
  To Clock:  

Max Delay            34 Endpoints
Min Delay            34 Endpoints
--------------------------------------------------------------------------------------


Max Delay Paths
--------------------------------------------------------------------------------------
Slack:                    inf
  Source:                 u_soc_top/u_axi_uart_controller/uart0/regs/mode_reg_reg[1]/C
                            (rising edge-triggered cell FDSE clocked by sys_clk  {rise@0.000ns fall@20.000ns period=40.000ns})
  Destination:            txd
                            (output port)
  Path Group:             (none)
  Path Type:              Max at Slow Process Corner
  Data Path Delay:        5.786ns  (logic 4.127ns (71.335%)  route 1.659ns (28.665%))
  Logic Levels:           4  (LUT1=2 LUT3=1 OBUFT=1)
  Clock Uncertainty:      0.288ns  ((TSJ^2 + DJ^2)^1/2) / 2 + PE
    Total System Jitter     (TSJ):    0.050ns
    Discrete Jitter          (DJ):    0.247ns
    Phase Error              (PE):    0.162ns

    Location             Delay type                Incr(ns)  Path(ns)    Netlist Resource(s)
  -------------------------------------------------------------------    -------------------
                         (clock sys_clk rise edge)    0.000     0.000 r  
    K21                                               0.000     0.000 r  clk_50M (IN)
                         net (fo=0)                   0.000     0.000    u_soc_top/pll_clk.u_clk_pll/inst/clk_in1
    K21                  IBUF (Prop_ibuf_I_O)         1.394     1.394 r  u_soc_top/pll_clk.u_clk_pll/inst/clkin1_ibufg/O
                         net (fo=1, unplaced)         0.584     1.978    u_soc_top/pll_clk.u_clk_pll/inst/clk_in1_clk_pll
                         PLLE2_ADV (Prop_plle2_adv_CLKIN1_CLKOUT1)
                                                     -5.783    -3.805 r  u_soc_top/pll_clk.u_clk_pll/inst/plle2_adv_inst/CLKOUT1
                         net (fo=1, unplaced)         0.646    -3.159    u_soc_top/pll_clk.u_clk_pll/inst/sys_clk_clk_pll
                         BUFG (Prop_bufg_I_O)         0.081    -3.078 r  u_soc_top/pll_clk.u_clk_pll/inst/clkout2_buf/O
                         net (fo=1092, unplaced)      0.584    -2.494    u_soc_top/u_axi_uart_controller/uart0/regs/sys_clk
                         FDSE                                         r  u_soc_top/u_axi_uart_controller/uart0/regs/mode_reg_reg[1]/C
  -------------------------------------------------------------------    -------------------
                         FDSE (Prop_fdse_C_Q)         0.379    -2.115 r  u_soc_top/u_axi_uart_controller/uart0/regs/mode_reg_reg[1]/Q
                         net (fo=2, unplaced)         0.251    -1.864    u_soc_top/u_axi_uart_controller/uart0/regs/rxd_TRI
                         LUT1 (Prop_lut1_I0_O)        0.232    -1.632 f  u_soc_top/u_axi_uart_controller/uart0/regs/FSM_sequential_rstate[3]_i_4/O
                         net (fo=28, unplaced)        0.415    -1.217    u_soc_top/u_axi_uart_controller/uart0/regs/transmitter/tf_pop_reg_1
                         LUT3 (Prop_lut3_I2_O)        0.105    -1.112 r  u_soc_top/u_axi_uart_controller/uart0/regs/transmitter/txd_IOBUF_inst_i_3/O
                         net (fo=1, unplaced)         0.347    -0.765    u_soc_top/u_axi_uart_controller/uart0/regs/transmitter/txd_IOBUF_inst_i_3_n_0
                         LUT1 (Prop_lut1_I0_O)        0.105    -0.660 f  u_soc_top/u_axi_uart_controller/uart0/regs/transmitter/txd_IOBUF_inst_i_2/O
                         net (fo=1, unplaced)         0.646    -0.015    txd_IOBUF_inst/T
    H18                  OBUFT (TriStatE_obuft_T_O)
                                                      3.306     3.292 r  txd_IOBUF_inst/OBUFT/O
                         net (fo=1, unset)            0.000     3.292    txd
    H18                                                               r  txd (INOUT)
  -------------------------------------------------------------------    -------------------





Min Delay Paths
--------------------------------------------------------------------------------------
Slack:                    inf
  Source:                 u_soc_top/u_axi_uart_controller/uart0/regs/mode_reg_reg[1]/C
                            (rising edge-triggered cell FDSE clocked by sys_clk  {rise@0.000ns fall@20.000ns period=40.000ns})
  Destination:            rxd
                            (output port)
  Path Group:             (none)
  Path Type:              Min at Fast Process Corner
  Data Path Delay:        1.339ns  (logic 1.019ns (76.093%)  route 0.320ns (23.907%))
  Logic Levels:           1  (OBUFT=1)
  Clock Uncertainty:      0.288ns  ((TSJ^2 + DJ^2)^1/2) / 2 + PE
    Total System Jitter     (TSJ):    0.050ns
    Discrete Jitter          (DJ):    0.247ns
    Phase Error              (PE):    0.162ns

    Location             Delay type                Incr(ns)  Path(ns)    Netlist Resource(s)
  -------------------------------------------------------------------    -------------------
                         (clock sys_clk rise edge)    0.000     0.000 r  
    K21                                               0.000     0.000 r  clk_50M (IN)
                         net (fo=0)                   0.000     0.000    u_soc_top/pll_clk.u_clk_pll/inst/clk_in1
    K21                  IBUF (Prop_ibuf_I_O)         0.231     0.231 r  u_soc_top/pll_clk.u_clk_pll/inst/clkin1_ibufg/O
                         net (fo=1, unplaced)         0.114     0.345    u_soc_top/pll_clk.u_clk_pll/inst/clk_in1_clk_pll
                         PLLE2_ADV (Prop_plle2_adv_CLKIN1_CLKOUT1)
                                                     -1.783    -1.438 r  u_soc_top/pll_clk.u_clk_pll/inst/plle2_adv_inst/CLKOUT1
                         net (fo=1, unplaced)         0.320    -1.118    u_soc_top/pll_clk.u_clk_pll/inst/sys_clk_clk_pll
                         BUFG (Prop_bufg_I_O)         0.026    -1.092 r  u_soc_top/pll_clk.u_clk_pll/inst/clkout2_buf/O
                         net (fo=1092, unplaced)      0.114    -0.978    u_soc_top/u_axi_uart_controller/uart0/regs/sys_clk
                         FDSE                                         r  u_soc_top/u_axi_uart_controller/uart0/regs/mode_reg_reg[1]/C
  -------------------------------------------------------------------    -------------------
                         FDSE (Prop_fdse_C_Q)         0.141    -0.837 r  u_soc_top/u_axi_uart_controller/uart0/regs/mode_reg_reg[1]/Q
                         net (fo=2, unplaced)         0.320    -0.517    rxd_IOBUF_inst/T
    J20                  OBUFT (TriStatD_obuft_T_O)
                                                      0.878     0.361 r  rxd_IOBUF_inst/OBUFT/O
                         net (fo=1, unset)            0.000     0.361    rxd
    J20                                                               r  rxd (INOUT)
  -------------------------------------------------------------------    -------------------





--------------------------------------------------------------------------------------
Path Group:  (none)
From Clock:  
  To Clock:  sys_clk

Max Delay            39 Endpoints
Min Delay            39 Endpoints
--------------------------------------------------------------------------------------


Max Delay Paths
--------------------------------------------------------------------------------------
Slack:                    inf
  Source:                 txd
                            (input port)
  Destination:            u_soc_top/u_axi_uart_controller/uart0/regs/transmitter/tx_error_reg/D
                            (rising edge-triggered cell FDRE clocked by sys_clk  {rise@0.000ns fall@20.000ns period=40.000ns})
  Path Group:             (none)
  Path Type:              Setup (Max at Slow Process Corner)
  Data Path Delay:        3.202ns  (logic 1.618ns (50.543%)  route 1.584ns (49.457%))
  Logic Levels:           3  (IBUF=1 LUT3=1 LUT6=1)
  Clock Path Skew:        -2.143ns (DCD - SCD + CPR)
    Destination Clock Delay (DCD):    -2.143ns
    Source Clock Delay      (SCD):    0.000ns
    Clock Pessimism Removal (CPR):    0.000ns

    Location             Delay type                Incr(ns)  Path(ns)    Netlist Resource(s)
  -------------------------------------------------------------------    -------------------
    H18                                               0.000     0.000 f  txd (INOUT)
                         net (fo=1, unset)            0.000     0.000    txd_IOBUF_inst/IO
    H18                  IBUF (Prop_ibuf_I_O)         1.405     1.405 f  txd_IOBUF_inst/IBUF/O
                         net (fo=4, unplaced)         0.646     2.051    u_soc_top/u_axi_uart_controller/uart0/regs/transmitter/txd_IBUF
                         LUT3 (Prop_lut3_I2_O)        0.108     2.159 r  u_soc_top/u_axi_uart_controller/uart0/regs/transmitter/tx_error_i_2/O
                         net (fo=1, unplaced)         0.938     3.097    u_soc_top/u_axi_uart_controller_n_50
                         LUT6 (Prop_lut6_I0_O)        0.105     3.202 r  u_soc_top/tx_error_i_1/O
                         net (fo=1, unplaced)         0.000     3.202    u_soc_top/u_axi_uart_controller/uart0/regs/transmitter/tx_error_reg_3
                         FDRE                                         r  u_soc_top/u_axi_uart_controller/uart0/regs/transmitter/tx_error_reg/D
  -------------------------------------------------------------------    -------------------

                         (clock sys_clk rise edge)    0.000     0.000 r  
    K21                                               0.000     0.000 r  clk_50M (IN)
                         net (fo=0)                   0.000     0.000    u_soc_top/pll_clk.u_clk_pll/inst/clk_in1
    K21                  IBUF (Prop_ibuf_I_O)         1.328     1.328 r  u_soc_top/pll_clk.u_clk_pll/inst/clkin1_ibufg/O
                         net (fo=1, unplaced)         0.439     1.767    u_soc_top/pll_clk.u_clk_pll/inst/clk_in1_clk_pll
                         PLLE2_ADV (Prop_plle2_adv_CLKIN1_CLKOUT1)
                                                     -5.039    -3.272 r  u_soc_top/pll_clk.u_clk_pll/inst/plle2_adv_inst/CLKOUT1
                         net (fo=1, unplaced)         0.613    -2.659    u_soc_top/pll_clk.u_clk_pll/inst/sys_clk_clk_pll
                         BUFG (Prop_bufg_I_O)         0.077    -2.582 r  u_soc_top/pll_clk.u_clk_pll/inst/clkout2_buf/O
                         net (fo=1092, unplaced)      0.439    -2.143    u_soc_top/u_axi_uart_controller/uart0/regs/transmitter/sys_clk
                         FDRE                                         r  u_soc_top/u_axi_uart_controller/uart0/regs/transmitter/tx_error_reg/C





Min Delay Paths
--------------------------------------------------------------------------------------
Slack:                    inf
  Source:                 rxd
                            (input port)
  Destination:            u_soc_top/u_axi_uart_controller/uart0/regs/i_uart_sync_flops/flop_0_reg[0]/D
                            (rising edge-triggered cell FDSE clocked by sys_clk  {rise@0.000ns fall@20.000ns period=40.000ns})
  Path Group:             (none)
  Path Type:              Hold (Min at Fast Process Corner)
  Data Path Delay:        0.599ns  (logic 0.279ns (46.523%)  route 0.320ns (53.477%))
  Logic Levels:           2  (IBUF=1 LUT4=1)
  Clock Path Skew:        -0.650ns (DCD - SCD - CPR)
    Destination Clock Delay (DCD):    -0.650ns
    Source Clock Delay      (SCD):    0.000ns
    Clock Pessimism Removal (CPR):    -0.000ns

    Location             Delay type                Incr(ns)  Path(ns)    Netlist Resource(s)
  -------------------------------------------------------------------    -------------------
    J20                                               0.000     0.000 r  rxd (INOUT)
                         net (fo=1, unset)            0.000     0.000    rxd_IOBUF_inst/IO
    J20                  IBUF (Prop_ibuf_I_O)         0.234     0.234 r  rxd_IOBUF_inst/IBUF/O
                         net (fo=1, unplaced)         0.320     0.554    u_soc_top/u_axi_uart_controller/uart0/regs/i_uart_sync_flops/rxd_IBUF
                         LUT4 (Prop_lut4_I3_O)        0.045     0.599 r  u_soc_top/u_axi_uart_controller/uart0/regs/i_uart_sync_flops/flop_0[0]_i_1/O
                         net (fo=1, unplaced)         0.000     0.599    u_soc_top/u_axi_uart_controller/uart0/regs/i_uart_sync_flops/rcv_pad_i
                         FDSE                                         r  u_soc_top/u_axi_uart_controller/uart0/regs/i_uart_sync_flops/flop_0_reg[0]/D
  -------------------------------------------------------------------    -------------------

                         (clock sys_clk rise edge)    0.000     0.000 r  
    K21                                               0.000     0.000 r  clk_50M (IN)
                         net (fo=0)                   0.000     0.000    u_soc_top/pll_clk.u_clk_pll/inst/clk_in1
    K21                  IBUF (Prop_ibuf_I_O)         0.419     0.419 r  u_soc_top/pll_clk.u_clk_pll/inst/clkin1_ibufg/O
                         net (fo=1, unplaced)         0.259     0.678    u_soc_top/pll_clk.u_clk_pll/inst/clk_in1_clk_pll
                         PLLE2_ADV (Prop_plle2_adv_CLKIN1_CLKOUT1)
                                                     -1.953    -1.275 r  u_soc_top/pll_clk.u_clk_pll/inst/plle2_adv_inst/CLKOUT1
                         net (fo=1, unplaced)         0.337    -0.938    u_soc_top/pll_clk.u_clk_pll/inst/sys_clk_clk_pll
                         BUFG (Prop_bufg_I_O)         0.029    -0.909 r  u_soc_top/pll_clk.u_clk_pll/inst/clkout2_buf/O
                         net (fo=1092, unplaced)      0.259    -0.650    u_soc_top/u_axi_uart_controller/uart0/regs/i_uart_sync_flops/sys_clk
                         FDSE                                         r  u_soc_top/u_axi_uart_controller/uart0/regs/i_uart_sync_flops/flop_0_reg[0]/C





