Copyright 1986-2019 Xilinx, Inc. All Rights Reserved.
---------------------------------------------------------------------------------------------------------------------
| Tool Version : Vivado v.2019.2 (lin64) Build 2708876 Wed Nov  6 21:39:14 MST 2019
| Date         : Tue Aug  4 05:12:19 2026
| Host         : cafb8dfe97ca running 64-bit Ubuntu 18.04.6 LTS
| Command      : report_timing -max_paths 20 -nworst 10 -file /workspace/run_vivado/project/synth_critical_paths.rpt
| Design       : thinpad_top
| Device       : 7a200t-fbg676
| Speed File   : -2  PRODUCTION 1.23 2018-06-13
---------------------------------------------------------------------------------------------------------------------

Timing Report

Slack (MET) :             0.050ns  (required time - arrival time)
  Source:                 u_soc_top/u_cpu/u_core/reg_ex_mem0_ctrl/data_out_reg[6]/C
                            (rising edge-triggered cell FDRE clocked by cpu_clk  {rise@0.000ns fall@5.000ns period=10.000ns})
  Destination:            u_soc_top/u_cpu/u_icache/m_eway_reg/CE
                            (rising edge-triggered cell FDRE clocked by cpu_clk  {rise@0.000ns fall@5.000ns period=10.000ns})
  Path Group:             cpu_clk
  Path Type:              Setup (Max at Slow Process Corner)
  Requirement:            10.000ns  (cpu_clk rise@10.000ns - cpu_clk rise@0.000ns)
  Data Path Delay:        9.546ns  (logic 2.855ns (29.908%)  route 6.691ns (70.092%))
  Logic Levels:           17  (CARRY4=3 LUT3=1 LUT5=7 LUT6=6)
  Clock Path Skew:        -0.145ns (DCD - SCD + CPR)
    Destination Clock Delay (DCD):    -2.143ns = ( 7.857 - 10.000 ) 
    Source Clock Delay      (SCD):    -2.494ns
    Clock Pessimism Removal (CPR):    -0.496ns
  Clock Uncertainty:      0.094ns  ((TSJ^2 + DJ^2)^1/2) / 2 + PE
    Total System Jitter     (TSJ):    0.071ns
    Discrete Jitter          (DJ):    0.175ns
    Phase Error              (PE):    0.000ns

    Location             Delay type                Incr(ns)  Path(ns)    Netlist Resource(s)
  -------------------------------------------------------------------    -------------------
                         (clock cpu_clk rise edge)    0.000     0.000 r  
    K21                                               0.000     0.000 r  clk_50M (IN)
                         net (fo=0)                   0.000     0.000    u_soc_top/pll_clk.u_clk_pll/inst/clk_in1
    K21                  IBUF (Prop_ibuf_I_O)         1.394     1.394 r  u_soc_top/pll_clk.u_clk_pll/inst/clkin1_ibufg/O
                         net (fo=1, unplaced)         0.584     1.978    u_soc_top/pll_clk.u_clk_pll/inst/clk_in1_clk_pll
                         PLLE2_ADV (Prop_plle2_adv_CLKIN1_CLKOUT0)
                                                     -5.783    -3.805 r  u_soc_top/pll_clk.u_clk_pll/inst/plle2_adv_inst/CLKOUT0
                         net (fo=1, unplaced)         0.646    -3.159    u_soc_top/pll_clk.u_clk_pll/inst/cpu_clk_clk_pll
                         BUFG (Prop_bufg_I_O)         0.081    -3.078 r  u_soc_top/pll_clk.u_clk_pll/inst/clkout1_buf/O
                         net (fo=6895, unplaced)      0.584    -2.494    u_soc_top/u_cpu/u_core/reg_ex_mem0_ctrl/cpu_clk
                         FDRE                                         r  u_soc_top/u_cpu/u_core/reg_ex_mem0_ctrl/data_out_reg[6]/C
  -------------------------------------------------------------------    -------------------
                         FDRE (Prop_fdre_C_Q)         0.379    -2.115 f  u_soc_top/u_cpu/u_core/reg_ex_mem0_ctrl/data_out_reg[6]/Q
                         net (fo=67, unplaced)        0.689    -1.426    u_soc_top/u_cpu/u_core/reg_ex_mem0_ctrl/data_out_reg[6]_0[2]
                         LUT3 (Prop_lut3_I0_O)        0.232    -1.194 f  u_soc_top/u_cpu/u_core/reg_ex_mem0_ctrl/wb_q[0][addr][30]_i_5/O
                         net (fo=115, unplaced)       0.450    -0.744    u_soc_top/u_cpu/u_core/reg_ex_mem1_ctrl/wdata_stored_reg[24]_0
                         LUT5 (Prop_lut5_I1_O)        0.108    -0.636 f  u_soc_top/u_cpu/u_core/reg_ex_mem1_ctrl/wb_q[0][addr][30]_i_2/O
                         net (fo=30, unplaced)        0.417    -0.219    u_soc_top/u_cpu/u_core/reg_ex_mem0_ctrl/wb_q_reg[7][addr][30]
                         LUT5 (Prop_lut5_I4_O)        0.105    -0.114 r  u_soc_top/u_cpu/u_core/reg_ex_mem0_ctrl/r_addr[21]_i_6/O
                         net (fo=33, unplaced)        0.539     0.425    u_soc_top/u_cpu/u_arbiter/r_bank_reg
                         LUT6 (Prop_lut6_I4_O)        0.105     0.530 r  u_soc_top/u_cpu/u_arbiter/r_addr[5]_i_1/O
                         net (fo=11, unplaced)        0.387     0.917    u_soc_top/u_axi_sram_direct/cpu_araddr[3]
                         LUT6 (Prop_lut6_I5_O)        0.105     1.022 r  u_soc_top/u_axi_sram_direct/wb_cover_line_r[15]_i_316/O
                         net (fo=2, unplaced)         0.358     1.380    u_soc_top/u_axi_sram_direct/wb_cover_line_r[15]_i_316_n_0
                         LUT5 (Prop_lut5_I4_O)        0.105     1.485 r  u_soc_top/u_axi_sram_direct/r_addr[21]_i_163/O
                         net (fo=1, unplaced)         0.000     1.485    u_soc_top/u_axi_sram_direct/r_addr[21]_i_163_n_0
                         CARRY4 (Prop_carry4_S[1]_CO[3])
                                                      0.457     1.942 r  u_soc_top/u_axi_sram_direct/r_addr_reg[21]_i_120/CO[3]
                         net (fo=1, unplaced)         0.000     1.942    u_soc_top/u_axi_sram_direct/r_addr_reg[21]_i_120_n_0
                         CARRY4 (Prop_carry4_CI_CO[3])
                                                      0.098     2.040 r  u_soc_top/u_axi_sram_direct/r_addr_reg[21]_i_75/CO[3]
                         net (fo=1, unplaced)         0.000     2.040    u_soc_top/u_axi_sram_direct/r_addr_reg[21]_i_75_n_0
                         CARRY4 (Prop_carry4_CI_CO[1])
                                                      0.149     2.189 f  u_soc_top/u_axi_sram_direct/r_addr_reg[21]_i_48/CO[1]
                         net (fo=1, unplaced)         0.240     2.429    u_soc_top/u_axi_sram_direct/wb_cover_ar17_out
                         LUT6 (Prop_lut6_I0_O)        0.277     2.706 f  u_soc_top/u_axi_sram_direct/r_addr[21]_i_33/O
                         net (fo=6, unplaced)         0.379     3.085    u_soc_top/u_axi_sram_direct/r_addr[21]_i_33_n_0
                         LUT5 (Prop_lut5_I1_O)        0.105     3.190 f  u_soc_top/u_axi_sram_direct/r_addr[21]_i_20/O
                         net (fo=1, unplaced)         0.582     3.772    u_soc_top/u_axi_sram_direct/r_addr[21]_i_20_n_0
                         LUT5 (Prop_lut5_I0_O)        0.105     3.877 r  u_soc_top/u_axi_sram_direct/r_addr[21]_i_12/O
                         net (fo=4, unplaced)         0.606     4.483    u_soc_top/u_axi_sram_direct/r_addr[21]_i_12_n_0
                         LUT6 (Prop_lut6_I1_O)        0.105     4.588 r  u_soc_top/u_axi_sram_direct/r_addr[21]_i_11/O
                         net (fo=2, unplaced)         0.358     4.946    u_soc_top/u_axi_sram_direct/r_addr[21]_i_11_n_0
                         LUT6 (Prop_lut6_I3_O)        0.105     5.051 r  u_soc_top/u_axi_sram_direct/r_addr[21]_i_4/O
                         net (fo=11, unplaced)        0.393     5.444    u_soc_top/u_axi_sram_direct/buffers_1_reg[2]
                         LUT5 (Prop_lut5_I4_O)        0.105     5.549 f  u_soc_top/u_axi_sram_direct/r_for_d_r_i_3/O
                         net (fo=3, unplaced)         0.251     5.800    u_soc_top/u_cpu/u_icache/cpu_arready
                         LUT6 (Prop_lut6_I2_O)        0.105     5.905 f  u_soc_top/u_cpu/u_icache/m_idx[7]_i_2/O
                         net (fo=2, unplaced)         0.593     6.498    u_soc_top/u_cpu/u_icache/m_idx[7]_i_2_n_0
                         LUT5 (Prop_lut5_I1_O)        0.105     6.603 r  u_soc_top/u_cpu/u_icache/m_idx[7]_i_1/O
                         net (fo=51, unplaced)        0.449     7.052    u_soc_top/u_cpu/u_icache/m_wo
                         FDRE                                         r  u_soc_top/u_cpu/u_icache/m_eway_reg/CE
  -------------------------------------------------------------------    -------------------

                         (clock cpu_clk rise edge)   10.000    10.000 r  
    K21                                               0.000    10.000 r  clk_50M (IN)
                         net (fo=0)                   0.000    10.000    u_soc_top/pll_clk.u_clk_pll/inst/clk_in1
    K21                  IBUF (Prop_ibuf_I_O)         1.328    11.328 r  u_soc_top/pll_clk.u_clk_pll/inst/clkin1_ibufg/O
                         net (fo=1, unplaced)         0.439    11.767    u_soc_top/pll_clk.u_clk_pll/inst/clk_in1_clk_pll
                         PLLE2_ADV (Prop_plle2_adv_CLKIN1_CLKOUT0)
                                                     -5.039     6.728 r  u_soc_top/pll_clk.u_clk_pll/inst/plle2_adv_inst/CLKOUT0
                         net (fo=1, unplaced)         0.613     7.341    u_soc_top/pll_clk.u_clk_pll/inst/cpu_clk_clk_pll
                         BUFG (Prop_bufg_I_O)         0.077     7.418 r  u_soc_top/pll_clk.u_clk_pll/inst/clkout1_buf/O
                         net (fo=6895, unplaced)      0.439     7.857    u_soc_top/u_cpu/u_icache/cpu_clk
                         FDRE                                         r  u_soc_top/u_cpu/u_icache/m_eway_reg/C
                         clock pessimism             -0.496     7.361    
                         clock uncertainty           -0.094     7.266    
                         FDRE (Setup_fdre_C_CE)      -0.165     7.101    u_soc_top/u_cpu/u_icache/m_eway_reg
  -------------------------------------------------------------------
                         required time                          7.101    
                         arrival time                          -7.052    
  -------------------------------------------------------------------
                         slack                                  0.050    

Slack (MET) :             0.050ns  (required time - arrival time)
  Source:                 u_soc_top/u_cpu/u_core/reg_ex_mem0_ctrl/data_out_reg[6]/C
                            (rising edge-triggered cell FDRE clocked by cpu_clk  {rise@0.000ns fall@5.000ns period=10.000ns})
  Destination:            u_soc_top/u_cpu/u_icache/m_eway_reg/CE
                            (rising edge-triggered cell FDRE clocked by cpu_clk  {rise@0.000ns fall@5.000ns period=10.000ns})
  Path Group:             cpu_clk
  Path Type:              Setup (Max at Slow Process Corner)
  Requirement:            10.000ns  (cpu_clk rise@10.000ns - cpu_clk rise@0.000ns)
  Data Path Delay:        9.546ns  (logic 2.855ns (29.908%)  route 6.691ns (70.092%))
  Logic Levels:           17  (CARRY4=3 LUT3=1 LUT5=7 LUT6=6)
  Clock Path Skew:        -0.145ns (DCD - SCD + CPR)
    Destination Clock Delay (DCD):    -2.143ns = ( 7.857 - 10.000 ) 
    Source Clock Delay      (SCD):    -2.494ns
    Clock Pessimism Removal (CPR):    -0.496ns
  Clock Uncertainty:      0.094ns  ((TSJ^2 + DJ^2)^1/2) / 2 + PE
    Total System Jitter     (TSJ):    0.071ns
    Discrete Jitter          (DJ):    0.175ns
    Phase Error              (PE):    0.000ns

    Location             Delay type                Incr(ns)  Path(ns)    Netlist Resource(s)
  -------------------------------------------------------------------    -------------------
                         (clock cpu_clk rise edge)    0.000     0.000 r  
    K21                                               0.000     0.000 r  clk_50M (IN)
                         net (fo=0)                   0.000     0.000    u_soc_top/pll_clk.u_clk_pll/inst/clk_in1
    K21                  IBUF (Prop_ibuf_I_O)         1.394     1.394 r  u_soc_top/pll_clk.u_clk_pll/inst/clkin1_ibufg/O
                         net (fo=1, unplaced)         0.584     1.978    u_soc_top/pll_clk.u_clk_pll/inst/clk_in1_clk_pll
                         PLLE2_ADV (Prop_plle2_adv_CLKIN1_CLKOUT0)
                                                     -5.783    -3.805 r  u_soc_top/pll_clk.u_clk_pll/inst/plle2_adv_inst/CLKOUT0
                         net (fo=1, unplaced)         0.646    -3.159    u_soc_top/pll_clk.u_clk_pll/inst/cpu_clk_clk_pll
                         BUFG (Prop_bufg_I_O)         0.081    -3.078 r  u_soc_top/pll_clk.u_clk_pll/inst/clkout1_buf/O
                         net (fo=6895, unplaced)      0.584    -2.494    u_soc_top/u_cpu/u_core/reg_ex_mem0_ctrl/cpu_clk
                         FDRE                                         r  u_soc_top/u_cpu/u_core/reg_ex_mem0_ctrl/data_out_reg[6]/C
  -------------------------------------------------------------------    -------------------
                         FDRE (Prop_fdre_C_Q)         0.379    -2.115 r  u_soc_top/u_cpu/u_core/reg_ex_mem0_ctrl/data_out_reg[6]/Q
                         net (fo=67, unplaced)        0.689    -1.426    u_soc_top/u_cpu/u_core/reg_ex_mem0_ctrl/data_out_reg[6]_0[2]
                         LUT3 (Prop_lut3_I0_O)        0.232    -1.194 r  u_soc_top/u_cpu/u_core/reg_ex_mem0_ctrl/wb_q[0][addr][30]_i_5/O
                         net (fo=115, unplaced)       0.450    -0.744    u_soc_top/u_cpu/u_core/reg_ex_mem1_ctrl/wdata_stored_reg[24]_0
                         LUT5 (Prop_lut5_I1_O)        0.108    -0.636 r  u_soc_top/u_cpu/u_core/reg_ex_mem1_ctrl/wb_q[0][addr][30]_i_2/O
                         net (fo=30, unplaced)        0.417    -0.219    u_soc_top/u_cpu/u_core/reg_ex_mem0_ctrl/wb_q_reg[7][addr][30]
                         LUT5 (Prop_lut5_I4_O)        0.105    -0.114 f  u_soc_top/u_cpu/u_core/reg_ex_mem0_ctrl/r_addr[21]_i_6/O
                         net (fo=33, unplaced)        0.539     0.425    u_soc_top/u_cpu/u_arbiter/r_bank_reg
                         LUT6 (Prop_lut6_I4_O)        0.105     0.530 r  u_soc_top/u_cpu/u_arbiter/r_addr[5]_i_1/O
                         net (fo=11, unplaced)        0.387     0.917    u_soc_top/u_axi_sram_direct/cpu_araddr[3]
                         LUT6 (Prop_lut6_I5_O)        0.105     1.022 r  u_soc_top/u_axi_sram_direct/wb_cover_line_r[15]_i_316/O
                         net (fo=2, unplaced)         0.358     1.380    u_soc_top/u_axi_sram_direct/wb_cover_line_r[15]_i_316_n_0
                         LUT5 (Prop_lut5_I4_O)        0.105     1.485 r  u_soc_top/u_axi_sram_direct/r_addr[21]_i_163/O
                         net (fo=1, unplaced)         0.000     1.485    u_soc_top/u_axi_sram_direct/r_addr[21]_i_163_n_0
                         CARRY4 (Prop_carry4_S[1]_CO[3])
                                                      0.457     1.942 r  u_soc_top/u_axi_sram_direct/r_addr_reg[21]_i_120/CO[3]
                         net (fo=1, unplaced)         0.000     1.942    u_soc_top/u_axi_sram_direct/r_addr_reg[21]_i_120_n_0
                         CARRY4 (Prop_carry4_CI_CO[3])
                                                      0.098     2.040 r  u_soc_top/u_axi_sram_direct/r_addr_reg[21]_i_75/CO[3]
                         net (fo=1, unplaced)         0.000     2.040    u_soc_top/u_axi_sram_direct/r_addr_reg[21]_i_75_n_0
                         CARRY4 (Prop_carry4_CI_CO[1])
                                                      0.149     2.189 f  u_soc_top/u_axi_sram_direct/r_addr_reg[21]_i_48/CO[1]
                         net (fo=1, unplaced)         0.240     2.429    u_soc_top/u_axi_sram_direct/wb_cover_ar17_out
                         LUT6 (Prop_lut6_I0_O)        0.277     2.706 f  u_soc_top/u_axi_sram_direct/r_addr[21]_i_33/O
                         net (fo=6, unplaced)         0.379     3.085    u_soc_top/u_axi_sram_direct/r_addr[21]_i_33_n_0
                         LUT5 (Prop_lut5_I1_O)        0.105     3.190 f  u_soc_top/u_axi_sram_direct/r_addr[21]_i_20/O
                         net (fo=1, unplaced)         0.582     3.772    u_soc_top/u_axi_sram_direct/r_addr[21]_i_20_n_0
                         LUT5 (Prop_lut5_I0_O)        0.105     3.877 r  u_soc_top/u_axi_sram_direct/r_addr[21]_i_12/O
                         net (fo=4, unplaced)         0.606     4.483    u_soc_top/u_axi_sram_direct/r_addr[21]_i_12_n_0
                         LUT6 (Prop_lut6_I1_O)        0.105     4.588 r  u_soc_top/u_axi_sram_direct/r_addr[21]_i_11/O
                         net (fo=2, unplaced)         0.358     4.946    u_soc_top/u_axi_sram_direct/r_addr[21]_i_11_n_0
                         LUT6 (Prop_lut6_I3_O)        0.105     5.051 r  u_soc_top/u_axi_sram_direct/r_addr[21]_i_4/O
                         net (fo=11, unplaced)        0.393     5.444    u_soc_top/u_axi_sram_direct/buffers_1_reg[2]
                         LUT5 (Prop_lut5_I4_O)        0.105     5.549 f  u_soc_top/u_axi_sram_direct/r_for_d_r_i_3/O
                         net (fo=3, unplaced)         0.251     5.800    u_soc_top/u_cpu/u_icache/cpu_arready
                         LUT6 (Prop_lut6_I2_O)        0.105     5.905 f  u_soc_top/u_cpu/u_icache/m_idx[7]_i_2/O
                         net (fo=2, unplaced)         0.593     6.498    u_soc_top/u_cpu/u_icache/m_idx[7]_i_2_n_0
                         LUT5 (Prop_lut5_I1_O)        0.105     6.603 r  u_soc_top/u_cpu/u_icache/m_idx[7]_i_1/O
                         net (fo=51, unplaced)        0.449     7.052    u_soc_top/u_cpu/u_icache/m_wo
                         FDRE                                         r  u_soc_top/u_cpu/u_icache/m_eway_reg/CE
  -------------------------------------------------------------------    -------------------

                         (clock cpu_clk rise edge)   10.000    10.000 r  
    K21                                               0.000    10.000 r  clk_50M (IN)
                         net (fo=0)                   0.000    10.000    u_soc_top/pll_clk.u_clk_pll/inst/clk_in1
    K21                  IBUF (Prop_ibuf_I_O)         1.328    11.328 r  u_soc_top/pll_clk.u_clk_pll/inst/clkin1_ibufg/O
                         net (fo=1, unplaced)         0.439    11.767    u_soc_top/pll_clk.u_clk_pll/inst/clk_in1_clk_pll
                         PLLE2_ADV (Prop_plle2_adv_CLKIN1_CLKOUT0)
                                                     -5.039     6.728 r  u_soc_top/pll_clk.u_clk_pll/inst/plle2_adv_inst/CLKOUT0
                         net (fo=1, unplaced)         0.613     7.341    u_soc_top/pll_clk.u_clk_pll/inst/cpu_clk_clk_pll
                         BUFG (Prop_bufg_I_O)         0.077     7.418 r  u_soc_top/pll_clk.u_clk_pll/inst/clkout1_buf/O
                         net (fo=6895, unplaced)      0.439     7.857    u_soc_top/u_cpu/u_icache/cpu_clk
                         FDRE                                         r  u_soc_top/u_cpu/u_icache/m_eway_reg/C
                         clock pessimism             -0.496     7.361    
                         clock uncertainty           -0.094     7.266    
                         FDRE (Setup_fdre_C_CE)      -0.165     7.101    u_soc_top/u_cpu/u_icache/m_eway_reg
  -------------------------------------------------------------------
                         required time                          7.101    
                         arrival time                          -7.052    
  -------------------------------------------------------------------
                         slack                                  0.050    

Slack (MET) :             0.050ns  (required time - arrival time)
  Source:                 u_soc_top/u_cpu/u_core/reg_ex_mem0_ctrl/data_out_reg[6]/C
                            (rising edge-triggered cell FDRE clocked by cpu_clk  {rise@0.000ns fall@5.000ns period=10.000ns})
  Destination:            u_soc_top/u_cpu/u_icache/m_eway_reg/CE
                            (rising edge-triggered cell FDRE clocked by cpu_clk  {rise@0.000ns fall@5.000ns period=10.000ns})
  Path Group:             cpu_clk
  Path Type:              Setup (Max at Slow Process Corner)
  Requirement:            10.000ns  (cpu_clk rise@10.000ns - cpu_clk rise@0.000ns)
  Data Path Delay:        9.546ns  (logic 2.855ns (29.908%)  route 6.691ns (70.092%))
  Logic Levels:           17  (CARRY4=3 LUT3=1 LUT5=7 LUT6=6)
  Clock Path Skew:        -0.145ns (DCD - SCD + CPR)
    Destination Clock Delay (DCD):    -2.143ns = ( 7.857 - 10.000 ) 
    Source Clock Delay      (SCD):    -2.494ns
    Clock Pessimism Removal (CPR):    -0.496ns
  Clock Uncertainty:      0.094ns  ((TSJ^2 + DJ^2)^1/2) / 2 + PE
    Total System Jitter     (TSJ):    0.071ns
    Discrete Jitter          (DJ):    0.175ns
    Phase Error              (PE):    0.000ns

    Location             Delay type                Incr(ns)  Path(ns)    Netlist Resource(s)
  -------------------------------------------------------------------    -------------------
                         (clock cpu_clk rise edge)    0.000     0.000 r  
    K21                                               0.000     0.000 r  clk_50M (IN)
                         net (fo=0)                   0.000     0.000    u_soc_top/pll_clk.u_clk_pll/inst/clk_in1
    K21                  IBUF (Prop_ibuf_I_O)         1.394     1.394 r  u_soc_top/pll_clk.u_clk_pll/inst/clkin1_ibufg/O
                         net (fo=1, unplaced)         0.584     1.978    u_soc_top/pll_clk.u_clk_pll/inst/clk_in1_clk_pll
                         PLLE2_ADV (Prop_plle2_adv_CLKIN1_CLKOUT0)
                                                     -5.783    -3.805 r  u_soc_top/pll_clk.u_clk_pll/inst/plle2_adv_inst/CLKOUT0
                         net (fo=1, unplaced)         0.646    -3.159    u_soc_top/pll_clk.u_clk_pll/inst/cpu_clk_clk_pll
                         BUFG (Prop_bufg_I_O)         0.081    -3.078 r  u_soc_top/pll_clk.u_clk_pll/inst/clkout1_buf/O
                         net (fo=6895, unplaced)      0.584    -2.494    u_soc_top/u_cpu/u_core/reg_ex_mem0_ctrl/cpu_clk
                         FDRE                                         r  u_soc_top/u_cpu/u_core/reg_ex_mem0_ctrl/data_out_reg[6]/C
  -------------------------------------------------------------------    -------------------
                         FDRE (Prop_fdre_C_Q)         0.379    -2.115 f  u_soc_top/u_cpu/u_core/reg_ex_mem0_ctrl/data_out_reg[6]/Q
                         net (fo=67, unplaced)        0.689    -1.426    u_soc_top/u_cpu/u_core/reg_ex_mem0_ctrl/data_out_reg[6]_0[2]
                         LUT3 (Prop_lut3_I0_O)        0.232    -1.194 f  u_soc_top/u_cpu/u_core/reg_ex_mem0_ctrl/wb_q[0][addr][30]_i_5/O
                         net (fo=115, unplaced)       0.450    -0.744    u_soc_top/u_cpu/u_core/reg_ex_mem1_ctrl/wdata_stored_reg[24]_0
                         LUT5 (Prop_lut5_I1_O)        0.108    -0.636 f  u_soc_top/u_cpu/u_core/reg_ex_mem1_ctrl/wb_q[0][addr][30]_i_2/O
                         net (fo=30, unplaced)        0.417    -0.219    u_soc_top/u_cpu/u_core/reg_ex_mem0_ctrl/wb_q_reg[7][addr][30]
                         LUT5 (Prop_lut5_I4_O)        0.105    -0.114 r  u_soc_top/u_cpu/u_core/reg_ex_mem0_ctrl/r_addr[21]_i_6/O
                         net (fo=33, unplaced)        0.539     0.425    u_soc_top/u_cpu/u_arbiter/r_bank_reg
                         LUT6 (Prop_lut6_I4_O)        0.105     0.530 r  u_soc_top/u_cpu/u_arbiter/r_addr[5]_i_1/O
                         net (fo=11, unplaced)        0.387     0.917    u_soc_top/u_axi_sram_direct/cpu_araddr[3]
                         LUT6 (Prop_lut6_I5_O)        0.105     1.022 f  u_soc_top/u_axi_sram_direct/wb_cover_line_r[15]_i_316/O
                         net (fo=2, unplaced)         0.358     1.380    u_soc_top/u_axi_sram_direct/wb_cover_line_r[15]_i_316_n_0
                         LUT5 (Prop_lut5_I4_O)        0.105     1.485 f  u_soc_top/u_axi_sram_direct/r_addr[21]_i_163/O
                         net (fo=1, unplaced)         0.000     1.485    u_soc_top/u_axi_sram_direct/r_addr[21]_i_163_n_0
                         CARRY4 (Prop_carry4_S[1]_CO[3])
                                                      0.457     1.942 r  u_soc_top/u_axi_sram_direct/r_addr_reg[21]_i_120/CO[3]
                         net (fo=1, unplaced)         0.000     1.942    u_soc_top/u_axi_sram_direct/r_addr_reg[21]_i_120_n_0
                         CARRY4 (Prop_carry4_CI_CO[3])
                                                      0.098     2.040 r  u_soc_top/u_axi_sram_direct/r_addr_reg[21]_i_75/CO[3]
                         net (fo=1, unplaced)         0.000     2.040    u_soc_top/u_axi_sram_direct/r_addr_reg[21]_i_75_n_0
                         CARRY4 (Prop_carry4_CI_CO[1])
                                                      0.149     2.189 f  u_soc_top/u_axi_sram_direct/r_addr_reg[21]_i_48/CO[1]
                         net (fo=1, unplaced)         0.240     2.429    u_soc_top/u_axi_sram_direct/wb_cover_ar17_out
                         LUT6 (Prop_lut6_I0_O)        0.277     2.706 f  u_soc_top/u_axi_sram_direct/r_addr[21]_i_33/O
                         net (fo=6, unplaced)         0.379     3.085    u_soc_top/u_axi_sram_direct/r_addr[21]_i_33_n_0
                         LUT5 (Prop_lut5_I1_O)        0.105     3.190 f  u_soc_top/u_axi_sram_direct/r_addr[21]_i_20/O
                         net (fo=1, unplaced)         0.582     3.772    u_soc_top/u_axi_sram_direct/r_addr[21]_i_20_n_0
                         LUT5 (Prop_lut5_I0_O)        0.105     3.877 r  u_soc_top/u_axi_sram_direct/r_addr[21]_i_12/O
                         net (fo=4, unplaced)         0.606     4.483    u_soc_top/u_axi_sram_direct/r_addr[21]_i_12_n_0
                         LUT6 (Prop_lut6_I1_O)        0.105     4.588 r  u_soc_top/u_axi_sram_direct/r_addr[21]_i_11/O
                         net (fo=2, unplaced)         0.358     4.946    u_soc_top/u_axi_sram_direct/r_addr[21]_i_11_n_0
                         LUT6 (Prop_lut6_I3_O)        0.105     5.051 r  u_soc_top/u_axi_sram_direct/r_addr[21]_i_4/O
                         net (fo=11, unplaced)        0.393     5.444    u_soc_top/u_axi_sram_direct/buffers_1_reg[2]
                         LUT5 (Prop_lut5_I4_O)        0.105     5.549 f  u_soc_top/u_axi_sram_direct/r_for_d_r_i_3/O
                         net (fo=3, unplaced)         0.251     5.800    u_soc_top/u_cpu/u_icache/cpu_arready
                         LUT6 (Prop_lut6_I2_O)        0.105     5.905 f  u_soc_top/u_cpu/u_icache/m_idx[7]_i_2/O
                         net (fo=2, unplaced)         0.593     6.498    u_soc_top/u_cpu/u_icache/m_idx[7]_i_2_n_0
                         LUT5 (Prop_lut5_I1_O)        0.105     6.603 r  u_soc_top/u_cpu/u_icache/m_idx[7]_i_1/O
                         net (fo=51, unplaced)        0.449     7.052    u_soc_top/u_cpu/u_icache/m_wo
                         FDRE                                         r  u_soc_top/u_cpu/u_icache/m_eway_reg/CE
  -------------------------------------------------------------------    -------------------

                         (clock cpu_clk rise edge)   10.000    10.000 r  
    K21                                               0.000    10.000 r  clk_50M (IN)
                         net (fo=0)                   0.000    10.000    u_soc_top/pll_clk.u_clk_pll/inst/clk_in1
    K21                  IBUF (Prop_ibuf_I_O)         1.328    11.328 r  u_soc_top/pll_clk.u_clk_pll/inst/clkin1_ibufg/O
                         net (fo=1, unplaced)         0.439    11.767    u_soc_top/pll_clk.u_clk_pll/inst/clk_in1_clk_pll
                         PLLE2_ADV (Prop_plle2_adv_CLKIN1_CLKOUT0)
                                                     -5.039     6.728 r  u_soc_top/pll_clk.u_clk_pll/inst/plle2_adv_inst/CLKOUT0
                         net (fo=1, unplaced)         0.613     7.341    u_soc_top/pll_clk.u_clk_pll/inst/cpu_clk_clk_pll
                         BUFG (Prop_bufg_I_O)         0.077     7.418 r  u_soc_top/pll_clk.u_clk_pll/inst/clkout1_buf/O
                         net (fo=6895, unplaced)      0.439     7.857    u_soc_top/u_cpu/u_icache/cpu_clk
                         FDRE                                         r  u_soc_top/u_cpu/u_icache/m_eway_reg/C
                         clock pessimism             -0.496     7.361    
                         clock uncertainty           -0.094     7.266    
                         FDRE (Setup_fdre_C_CE)      -0.165     7.101    u_soc_top/u_cpu/u_icache/m_eway_reg
  -------------------------------------------------------------------
                         required time                          7.101    
                         arrival time                          -7.052    
  -------------------------------------------------------------------
                         slack                                  0.050    

Slack (MET) :             0.050ns  (required time - arrival time)
  Source:                 u_soc_top/u_cpu/u_core/reg_ex_mem0_ctrl/data_out_reg[6]/C
                            (rising edge-triggered cell FDRE clocked by cpu_clk  {rise@0.000ns fall@5.000ns period=10.000ns})
  Destination:            u_soc_top/u_cpu/u_icache/m_eway_reg/CE
                            (rising edge-triggered cell FDRE clocked by cpu_clk  {rise@0.000ns fall@5.000ns period=10.000ns})
  Path Group:             cpu_clk
  Path Type:              Setup (Max at Slow Process Corner)
  Requirement:            10.000ns  (cpu_clk rise@10.000ns - cpu_clk rise@0.000ns)
  Data Path Delay:        9.546ns  (logic 2.855ns (29.908%)  route 6.691ns (70.092%))
  Logic Levels:           17  (CARRY4=3 LUT3=1 LUT5=7 LUT6=6)
  Clock Path Skew:        -0.145ns (DCD - SCD + CPR)
    Destination Clock Delay (DCD):    -2.143ns = ( 7.857 - 10.000 ) 
    Source Clock Delay      (SCD):    -2.494ns
    Clock Pessimism Removal (CPR):    -0.496ns
  Clock Uncertainty:      0.094ns  ((TSJ^2 + DJ^2)^1/2) / 2 + PE
    Total System Jitter     (TSJ):    0.071ns
    Discrete Jitter          (DJ):    0.175ns
    Phase Error              (PE):    0.000ns

    Location             Delay type                Incr(ns)  Path(ns)    Netlist Resource(s)
  -------------------------------------------------------------------    -------------------
                         (clock cpu_clk rise edge)    0.000     0.000 r  
    K21                                               0.000     0.000 r  clk_50M (IN)
                         net (fo=0)                   0.000     0.000    u_soc_top/pll_clk.u_clk_pll/inst/clk_in1
    K21                  IBUF (Prop_ibuf_I_O)         1.394     1.394 r  u_soc_top/pll_clk.u_clk_pll/inst/clkin1_ibufg/O
                         net (fo=1, unplaced)         0.584     1.978    u_soc_top/pll_clk.u_clk_pll/inst/clk_in1_clk_pll
                         PLLE2_ADV (Prop_plle2_adv_CLKIN1_CLKOUT0)
                                                     -5.783    -3.805 r  u_soc_top/pll_clk.u_clk_pll/inst/plle2_adv_inst/CLKOUT0
                         net (fo=1, unplaced)         0.646    -3.159    u_soc_top/pll_clk.u_clk_pll/inst/cpu_clk_clk_pll
                         BUFG (Prop_bufg_I_O)         0.081    -3.078 r  u_soc_top/pll_clk.u_clk_pll/inst/clkout1_buf/O
                         net (fo=6895, unplaced)      0.584    -2.494    u_soc_top/u_cpu/u_core/reg_ex_mem0_ctrl/cpu_clk
                         FDRE                                         r  u_soc_top/u_cpu/u_core/reg_ex_mem0_ctrl/data_out_reg[6]/C
  -------------------------------------------------------------------    -------------------
                         FDRE (Prop_fdre_C_Q)         0.379    -2.115 r  u_soc_top/u_cpu/u_core/reg_ex_mem0_ctrl/data_out_reg[6]/Q
                         net (fo=67, unplaced)        0.689    -1.426    u_soc_top/u_cpu/u_core/reg_ex_mem0_ctrl/data_out_reg[6]_0[2]
                         LUT3 (Prop_lut3_I0_O)        0.232    -1.194 r  u_soc_top/u_cpu/u_core/reg_ex_mem0_ctrl/wb_q[0][addr][30]_i_5/O
                         net (fo=115, unplaced)       0.450    -0.744    u_soc_top/u_cpu/u_core/reg_ex_mem1_ctrl/wdata_stored_reg[24]_0
                         LUT5 (Prop_lut5_I1_O)        0.108    -0.636 r  u_soc_top/u_cpu/u_core/reg_ex_mem1_ctrl/wb_q[0][addr][30]_i_2/O
                         net (fo=30, unplaced)        0.417    -0.219    u_soc_top/u_cpu/u_core/reg_ex_mem0_ctrl/wb_q_reg[7][addr][30]
                         LUT5 (Prop_lut5_I4_O)        0.105    -0.114 f  u_soc_top/u_cpu/u_core/reg_ex_mem0_ctrl/r_addr[21]_i_6/O
                         net (fo=33, unplaced)        0.539     0.425    u_soc_top/u_cpu/u_arbiter/r_bank_reg
                         LUT6 (Prop_lut6_I4_O)        0.105     0.530 r  u_soc_top/u_cpu/u_arbiter/r_addr[5]_i_1/O
                         net (fo=11, unplaced)        0.387     0.917    u_soc_top/u_axi_sram_direct/cpu_araddr[3]
                         LUT6 (Prop_lut6_I5_O)        0.105     1.022 f  u_soc_top/u_axi_sram_direct/wb_cover_line_r[15]_i_316/O
                         net (fo=2, unplaced)         0.358     1.380    u_soc_top/u_axi_sram_direct/wb_cover_line_r[15]_i_316_n_0
                         LUT5 (Prop_lut5_I4_O)        0.105     1.485 f  u_soc_top/u_axi_sram_direct/r_addr[21]_i_163/O
                         net (fo=1, unplaced)         0.000     1.485    u_soc_top/u_axi_sram_direct/r_addr[21]_i_163_n_0
                         CARRY4 (Prop_carry4_S[1]_CO[3])
                                                      0.457     1.942 r  u_soc_top/u_axi_sram_direct/r_addr_reg[21]_i_120/CO[3]
                         net (fo=1, unplaced)         0.000     1.942    u_soc_top/u_axi_sram_direct/r_addr_reg[21]_i_120_n_0
                         CARRY4 (Prop_carry4_CI_CO[3])
                                                      0.098     2.040 r  u_soc_top/u_axi_sram_direct/r_addr_reg[21]_i_75/CO[3]
                         net (fo=1, unplaced)         0.000     2.040    u_soc_top/u_axi_sram_direct/r_addr_reg[21]_i_75_n_0
                         CARRY4 (Prop_carry4_CI_CO[1])
                                                      0.149     2.189 f  u_soc_top/u_axi_sram_direct/r_addr_reg[21]_i_48/CO[1]
                         net (fo=1, unplaced)         0.240     2.429    u_soc_top/u_axi_sram_direct/wb_cover_ar17_out
                         LUT6 (Prop_lut6_I0_O)        0.277     2.706 f  u_soc_top/u_axi_sram_direct/r_addr[21]_i_33/O
                         net (fo=6, unplaced)         0.379     3.085    u_soc_top/u_axi_sram_direct/r_addr[21]_i_33_n_0
                         LUT5 (Prop_lut5_I1_O)        0.105     3.190 f  u_soc_top/u_axi_sram_direct/r_addr[21]_i_20/O
                         net (fo=1, unplaced)         0.582     3.772    u_soc_top/u_axi_sram_direct/r_addr[21]_i_20_n_0
                         LUT5 (Prop_lut5_I0_O)        0.105     3.877 r  u_soc_top/u_axi_sram_direct/r_addr[21]_i_12/O
                         net (fo=4, unplaced)         0.606     4.483    u_soc_top/u_axi_sram_direct/r_addr[21]_i_12_n_0
                         LUT6 (Prop_lut6_I1_O)        0.105     4.588 r  u_soc_top/u_axi_sram_direct/r_addr[21]_i_11/O
                         net (fo=2, unplaced)         0.358     4.946    u_soc_top/u_axi_sram_direct/r_addr[21]_i_11_n_0
                         LUT6 (Prop_lut6_I3_O)        0.105     5.051 r  u_soc_top/u_axi_sram_direct/r_addr[21]_i_4/O
                         net (fo=11, unplaced)        0.393     5.444    u_soc_top/u_axi_sram_direct/buffers_1_reg[2]
                         LUT5 (Prop_lut5_I4_O)        0.105     5.549 f  u_soc_top/u_axi_sram_direct/r_for_d_r_i_3/O
                         net (fo=3, unplaced)         0.251     5.800    u_soc_top/u_cpu/u_icache/cpu_arready
                         LUT6 (Prop_lut6_I2_O)        0.105     5.905 f  u_soc_top/u_cpu/u_icache/m_idx[7]_i_2/O
                         net (fo=2, unplaced)         0.593     6.498    u_soc_top/u_cpu/u_icache/m_idx[7]_i_2_n_0
                         LUT5 (Prop_lut5_I1_O)        0.105     6.603 r  u_soc_top/u_cpu/u_icache/m_idx[7]_i_1/O
                         net (fo=51, unplaced)        0.449     7.052    u_soc_top/u_cpu/u_icache/m_wo
                         FDRE                                         r  u_soc_top/u_cpu/u_icache/m_eway_reg/CE
  -------------------------------------------------------------------    -------------------

                         (clock cpu_clk rise edge)   10.000    10.000 r  
    K21                                               0.000    10.000 r  clk_50M (IN)
                         net (fo=0)                   0.000    10.000    u_soc_top/pll_clk.u_clk_pll/inst/clk_in1
    K21                  IBUF (Prop_ibuf_I_O)         1.328    11.328 r  u_soc_top/pll_clk.u_clk_pll/inst/clkin1_ibufg/O
                         net (fo=1, unplaced)         0.439    11.767    u_soc_top/pll_clk.u_clk_pll/inst/clk_in1_clk_pll
                         PLLE2_ADV (Prop_plle2_adv_CLKIN1_CLKOUT0)
                                                     -5.039     6.728 r  u_soc_top/pll_clk.u_clk_pll/inst/plle2_adv_inst/CLKOUT0
                         net (fo=1, unplaced)         0.613     7.341    u_soc_top/pll_clk.u_clk_pll/inst/cpu_clk_clk_pll
                         BUFG (Prop_bufg_I_O)         0.077     7.418 r  u_soc_top/pll_clk.u_clk_pll/inst/clkout1_buf/O
                         net (fo=6895, unplaced)      0.439     7.857    u_soc_top/u_cpu/u_icache/cpu_clk
                         FDRE                                         r  u_soc_top/u_cpu/u_icache/m_eway_reg/C
                         clock pessimism             -0.496     7.361    
                         clock uncertainty           -0.094     7.266    
                         FDRE (Setup_fdre_C_CE)      -0.165     7.101    u_soc_top/u_cpu/u_icache/m_eway_reg
  -------------------------------------------------------------------
                         required time                          7.101    
                         arrival time                          -7.052    
  -------------------------------------------------------------------
                         slack                                  0.050    

Slack (MET) :             0.050ns  (required time - arrival time)
  Source:                 u_soc_top/u_cpu/u_core/reg_ex_mem0_ctrl/data_out_reg[6]/C
                            (rising edge-triggered cell FDRE clocked by cpu_clk  {rise@0.000ns fall@5.000ns period=10.000ns})
  Destination:            u_soc_top/u_cpu/u_icache/m_eway_reg/CE
                            (rising edge-triggered cell FDRE clocked by cpu_clk  {rise@0.000ns fall@5.000ns period=10.000ns})
  Path Group:             cpu_clk
  Path Type:              Setup (Max at Slow Process Corner)
  Requirement:            10.000ns  (cpu_clk rise@10.000ns - cpu_clk rise@0.000ns)
  Data Path Delay:        9.546ns  (logic 2.855ns (29.908%)  route 6.691ns (70.092%))
  Logic Levels:           17  (CARRY4=3 LUT3=1 LUT5=7 LUT6=6)
  Clock Path Skew:        -0.145ns (DCD - SCD + CPR)
    Destination Clock Delay (DCD):    -2.143ns = ( 7.857 - 10.000 ) 
    Source Clock Delay      (SCD):    -2.494ns
    Clock Pessimism Removal (CPR):    -0.496ns
  Clock Uncertainty:      0.094ns  ((TSJ^2 + DJ^2)^1/2) / 2 + PE
    Total System Jitter     (TSJ):    0.071ns
    Discrete Jitter          (DJ):    0.175ns
    Phase Error              (PE):    0.000ns

    Location             Delay type                Incr(ns)  Path(ns)    Netlist Resource(s)
  -------------------------------------------------------------------    -------------------
                         (clock cpu_clk rise edge)    0.000     0.000 r  
    K21                                               0.000     0.000 r  clk_50M (IN)
                         net (fo=0)                   0.000     0.000    u_soc_top/pll_clk.u_clk_pll/inst/clk_in1
    K21                  IBUF (Prop_ibuf_I_O)         1.394     1.394 r  u_soc_top/pll_clk.u_clk_pll/inst/clkin1_ibufg/O
                         net (fo=1, unplaced)         0.584     1.978    u_soc_top/pll_clk.u_clk_pll/inst/clk_in1_clk_pll
                         PLLE2_ADV (Prop_plle2_adv_CLKIN1_CLKOUT0)
                                                     -5.783    -3.805 r  u_soc_top/pll_clk.u_clk_pll/inst/plle2_adv_inst/CLKOUT0
                         net (fo=1, unplaced)         0.646    -3.159    u_soc_top/pll_clk.u_clk_pll/inst/cpu_clk_clk_pll
                         BUFG (Prop_bufg_I_O)         0.081    -3.078 r  u_soc_top/pll_clk.u_clk_pll/inst/clkout1_buf/O
                         net (fo=6895, unplaced)      0.584    -2.494    u_soc_top/u_cpu/u_core/reg_ex_mem0_ctrl/cpu_clk
                         FDRE                                         r  u_soc_top/u_cpu/u_core/reg_ex_mem0_ctrl/data_out_reg[6]/C
  -------------------------------------------------------------------    -------------------
                         FDRE (Prop_fdre_C_Q)         0.379    -2.115 f  u_soc_top/u_cpu/u_core/reg_ex_mem0_ctrl/data_out_reg[6]/Q
                         net (fo=67, unplaced)        0.689    -1.426    u_soc_top/u_cpu/u_core/reg_ex_mem0_ctrl/data_out_reg[6]_0[2]
                         LUT3 (Prop_lut3_I0_O)        0.232    -1.194 f  u_soc_top/u_cpu/u_core/reg_ex_mem0_ctrl/wb_q[0][addr][30]_i_5/O
                         net (fo=115, unplaced)       0.450    -0.744    u_soc_top/u_cpu/u_core/reg_ex_mem1_ctrl/wdata_stored_reg[24]_0
                         LUT5 (Prop_lut5_I1_O)        0.108    -0.636 f  u_soc_top/u_cpu/u_core/reg_ex_mem1_ctrl/wb_q[0][addr][30]_i_2/O
                         net (fo=30, unplaced)        0.417    -0.219    u_soc_top/u_cpu/u_core/reg_ex_mem0_ctrl/wb_q_reg[7][addr][30]
                         LUT5 (Prop_lut5_I4_O)        0.105    -0.114 r  u_soc_top/u_cpu/u_core/reg_ex_mem0_ctrl/r_addr[21]_i_6/O
                         net (fo=33, unplaced)        0.539     0.425    u_soc_top/u_cpu/u_arbiter/r_bank_reg
                         LUT6 (Prop_lut6_I4_O)        0.105     0.530 r  u_soc_top/u_cpu/u_arbiter/r_addr[5]_i_1/O
                         net (fo=11, unplaced)        0.387     0.917    u_soc_top/u_axi_sram_direct/cpu_araddr[3]
                         LUT6 (Prop_lut6_I5_O)        0.105     1.022 r  u_soc_top/u_axi_sram_direct/wb_cover_line_r[15]_i_316/O
                         net (fo=2, unplaced)         0.358     1.380    u_soc_top/u_axi_sram_direct/wb_cover_line_r[15]_i_316_n_0
                         LUT5 (Prop_lut5_I4_O)        0.105     1.485 r  u_soc_top/u_axi_sram_direct/r_addr[21]_i_163/O
                         net (fo=1, unplaced)         0.000     1.485    u_soc_top/u_axi_sram_direct/r_addr[21]_i_163_n_0
                         CARRY4 (Prop_carry4_S[1]_CO[3])
                                                      0.457     1.942 f  u_soc_top/u_axi_sram_direct/r_addr_reg[21]_i_120/CO[3]
                         net (fo=1, unplaced)         0.000     1.942    u_soc_top/u_axi_sram_direct/r_addr_reg[21]_i_120_n_0
                         CARRY4 (Prop_carry4_CI_CO[3])
                                                      0.098     2.040 r  u_soc_top/u_axi_sram_direct/r_addr_reg[21]_i_75/CO[3]
                         net (fo=1, unplaced)         0.000     2.040    u_soc_top/u_axi_sram_direct/r_addr_reg[21]_i_75_n_0
                         CARRY4 (Prop_carry4_CI_CO[1])
                                                      0.149     2.189 f  u_soc_top/u_axi_sram_direct/r_addr_reg[21]_i_48/CO[1]
                         net (fo=1, unplaced)         0.240     2.429    u_soc_top/u_axi_sram_direct/wb_cover_ar17_out
                         LUT6 (Prop_lut6_I0_O)        0.277     2.706 f  u_soc_top/u_axi_sram_direct/r_addr[21]_i_33/O
                         net (fo=6, unplaced)         0.379     3.085    u_soc_top/u_axi_sram_direct/r_addr[21]_i_33_n_0
                         LUT5 (Prop_lut5_I1_O)        0.105     3.190 f  u_soc_top/u_axi_sram_direct/r_addr[21]_i_20/O
                         net (fo=1, unplaced)         0.582     3.772    u_soc_top/u_axi_sram_direct/r_addr[21]_i_20_n_0
                         LUT5 (Prop_lut5_I0_O)        0.105     3.877 r  u_soc_top/u_axi_sram_direct/r_addr[21]_i_12/O
                         net (fo=4, unplaced)         0.606     4.483    u_soc_top/u_axi_sram_direct/r_addr[21]_i_12_n_0
                         LUT6 (Prop_lut6_I1_O)        0.105     4.588 r  u_soc_top/u_axi_sram_direct/r_addr[21]_i_11/O
                         net (fo=2, unplaced)         0.358     4.946    u_soc_top/u_axi_sram_direct/r_addr[21]_i_11_n_0
                         LUT6 (Prop_lut6_I3_O)        0.105     5.051 r  u_soc_top/u_axi_sram_direct/r_addr[21]_i_4/O
                         net (fo=11, unplaced)        0.393     5.444    u_soc_top/u_axi_sram_direct/buffers_1_reg[2]
                         LUT5 (Prop_lut5_I4_O)        0.105     5.549 f  u_soc_top/u_axi_sram_direct/r_for_d_r_i_3/O
                         net (fo=3, unplaced)         0.251     5.800    u_soc_top/u_cpu/u_icache/cpu_arready
                         LUT6 (Prop_lut6_I2_O)        0.105     5.905 f  u_soc_top/u_cpu/u_icache/m_idx[7]_i_2/O
                         net (fo=2, unplaced)         0.593     6.498    u_soc_top/u_cpu/u_icache/m_idx[7]_i_2_n_0
                         LUT5 (Prop_lut5_I1_O)        0.105     6.603 r  u_soc_top/u_cpu/u_icache/m_idx[7]_i_1/O
                         net (fo=51, unplaced)        0.449     7.052    u_soc_top/u_cpu/u_icache/m_wo
                         FDRE                                         r  u_soc_top/u_cpu/u_icache/m_eway_reg/CE
  -------------------------------------------------------------------    -------------------

                         (clock cpu_clk rise edge)   10.000    10.000 r  
    K21                                               0.000    10.000 r  clk_50M (IN)
                         net (fo=0)                   0.000    10.000    u_soc_top/pll_clk.u_clk_pll/inst/clk_in1
    K21                  IBUF (Prop_ibuf_I_O)         1.328    11.328 r  u_soc_top/pll_clk.u_clk_pll/inst/clkin1_ibufg/O
                         net (fo=1, unplaced)         0.439    11.767    u_soc_top/pll_clk.u_clk_pll/inst/clk_in1_clk_pll
                         PLLE2_ADV (Prop_plle2_adv_CLKIN1_CLKOUT0)
                                                     -5.039     6.728 r  u_soc_top/pll_clk.u_clk_pll/inst/plle2_adv_inst/CLKOUT0
                         net (fo=1, unplaced)         0.613     7.341    u_soc_top/pll_clk.u_clk_pll/inst/cpu_clk_clk_pll
                         BUFG (Prop_bufg_I_O)         0.077     7.418 r  u_soc_top/pll_clk.u_clk_pll/inst/clkout1_buf/O
                         net (fo=6895, unplaced)      0.439     7.857    u_soc_top/u_cpu/u_icache/cpu_clk
                         FDRE                                         r  u_soc_top/u_cpu/u_icache/m_eway_reg/C
                         clock pessimism             -0.496     7.361    
                         clock uncertainty           -0.094     7.266    
                         FDRE (Setup_fdre_C_CE)      -0.165     7.101    u_soc_top/u_cpu/u_icache/m_eway_reg
  -------------------------------------------------------------------
                         required time                          7.101    
                         arrival time                          -7.052    
  -------------------------------------------------------------------
                         slack                                  0.050    

Slack (MET) :             0.050ns  (required time - arrival time)
  Source:                 u_soc_top/u_cpu/u_core/reg_ex_mem0_ctrl/data_out_reg[6]/C
                            (rising edge-triggered cell FDRE clocked by cpu_clk  {rise@0.000ns fall@5.000ns period=10.000ns})
  Destination:            u_soc_top/u_cpu/u_icache/m_eway_reg/CE
                            (rising edge-triggered cell FDRE clocked by cpu_clk  {rise@0.000ns fall@5.000ns period=10.000ns})
  Path Group:             cpu_clk
  Path Type:              Setup (Max at Slow Process Corner)
  Requirement:            10.000ns  (cpu_clk rise@10.000ns - cpu_clk rise@0.000ns)
  Data Path Delay:        9.546ns  (logic 2.855ns (29.908%)  route 6.691ns (70.092%))
  Logic Levels:           17  (CARRY4=3 LUT3=1 LUT5=7 LUT6=6)
  Clock Path Skew:        -0.145ns (DCD - SCD + CPR)
    Destination Clock Delay (DCD):    -2.143ns = ( 7.857 - 10.000 ) 
    Source Clock Delay      (SCD):    -2.494ns
    Clock Pessimism Removal (CPR):    -0.496ns
  Clock Uncertainty:      0.094ns  ((TSJ^2 + DJ^2)^1/2) / 2 + PE
    Total System Jitter     (TSJ):    0.071ns
    Discrete Jitter          (DJ):    0.175ns
    Phase Error              (PE):    0.000ns

    Location             Delay type                Incr(ns)  Path(ns)    Netlist Resource(s)
  -------------------------------------------------------------------    -------------------
                         (clock cpu_clk rise edge)    0.000     0.000 r  
    K21                                               0.000     0.000 r  clk_50M (IN)
                         net (fo=0)                   0.000     0.000    u_soc_top/pll_clk.u_clk_pll/inst/clk_in1
    K21                  IBUF (Prop_ibuf_I_O)         1.394     1.394 r  u_soc_top/pll_clk.u_clk_pll/inst/clkin1_ibufg/O
                         net (fo=1, unplaced)         0.584     1.978    u_soc_top/pll_clk.u_clk_pll/inst/clk_in1_clk_pll
                         PLLE2_ADV (Prop_plle2_adv_CLKIN1_CLKOUT0)
                                                     -5.783    -3.805 r  u_soc_top/pll_clk.u_clk_pll/inst/plle2_adv_inst/CLKOUT0
                         net (fo=1, unplaced)         0.646    -3.159    u_soc_top/pll_clk.u_clk_pll/inst/cpu_clk_clk_pll
                         BUFG (Prop_bufg_I_O)         0.081    -3.078 r  u_soc_top/pll_clk.u_clk_pll/inst/clkout1_buf/O
                         net (fo=6895, unplaced)      0.584    -2.494    u_soc_top/u_cpu/u_core/reg_ex_mem0_ctrl/cpu_clk
                         FDRE                                         r  u_soc_top/u_cpu/u_core/reg_ex_mem0_ctrl/data_out_reg[6]/C
  -------------------------------------------------------------------    -------------------
                         FDRE (Prop_fdre_C_Q)         0.379    -2.115 f  u_soc_top/u_cpu/u_core/reg_ex_mem0_ctrl/data_out_reg[6]/Q
                         net (fo=67, unplaced)        0.689    -1.426    u_soc_top/u_cpu/u_core/reg_ex_mem0_ctrl/data_out_reg[6]_0[2]
                         LUT3 (Prop_lut3_I0_O)        0.232    -1.194 f  u_soc_top/u_cpu/u_core/reg_ex_mem0_ctrl/wb_q[0][addr][30]_i_5/O
                         net (fo=115, unplaced)       0.450    -0.744    u_soc_top/u_cpu/u_core/reg_ex_mem1_ctrl/wdata_stored_reg[24]_0
                         LUT5 (Prop_lut5_I1_O)        0.108    -0.636 f  u_soc_top/u_cpu/u_core/reg_ex_mem1_ctrl/wb_q[0][addr][30]_i_2/O
                         net (fo=30, unplaced)        0.417    -0.219    u_soc_top/u_cpu/u_core/reg_ex_mem0_ctrl/wb_q_reg[7][addr][30]
                         LUT5 (Prop_lut5_I4_O)        0.105    -0.114 r  u_soc_top/u_cpu/u_core/reg_ex_mem0_ctrl/r_addr[21]_i_6/O
                         net (fo=33, unplaced)        0.539     0.425    u_soc_top/u_cpu/u_arbiter/r_bank_reg
                         LUT6 (Prop_lut6_I4_O)        0.105     0.530 r  u_soc_top/u_cpu/u_arbiter/r_addr[5]_i_1/O
                         net (fo=11, unplaced)        0.387     0.917    u_soc_top/u_axi_sram_direct/cpu_araddr[3]
                         LUT6 (Prop_lut6_I5_O)        0.105     1.022 f  u_soc_top/u_axi_sram_direct/wb_cover_line_r[15]_i_316/O
                         net (fo=2, unplaced)         0.358     1.380    u_soc_top/u_axi_sram_direct/wb_cover_line_r[15]_i_316_n_0
                         LUT5 (Prop_lut5_I4_O)        0.105     1.485 f  u_soc_top/u_axi_sram_direct/r_addr[21]_i_163/O
                         net (fo=1, unplaced)         0.000     1.485    u_soc_top/u_axi_sram_direct/r_addr[21]_i_163_n_0
                         CARRY4 (Prop_carry4_S[1]_CO[3])
                                                      0.457     1.942 f  u_soc_top/u_axi_sram_direct/r_addr_reg[21]_i_120/CO[3]
                         net (fo=1, unplaced)         0.000     1.942    u_soc_top/u_axi_sram_direct/r_addr_reg[21]_i_120_n_0
                         CARRY4 (Prop_carry4_CI_CO[3])
                                                      0.098     2.040 r  u_soc_top/u_axi_sram_direct/r_addr_reg[21]_i_75/CO[3]
                         net (fo=1, unplaced)         0.000     2.040    u_soc_top/u_axi_sram_direct/r_addr_reg[21]_i_75_n_0
                         CARRY4 (Prop_carry4_CI_CO[1])
                                                      0.149     2.189 f  u_soc_top/u_axi_sram_direct/r_addr_reg[21]_i_48/CO[1]
                         net (fo=1, unplaced)         0.240     2.429    u_soc_top/u_axi_sram_direct/wb_cover_ar17_out
                         LUT6 (Prop_lut6_I0_O)        0.277     2.706 f  u_soc_top/u_axi_sram_direct/r_addr[21]_i_33/O
                         net (fo=6, unplaced)         0.379     3.085    u_soc_top/u_axi_sram_direct/r_addr[21]_i_33_n_0
                         LUT5 (Prop_lut5_I1_O)        0.105     3.190 f  u_soc_top/u_axi_sram_direct/r_addr[21]_i_20/O
                         net (fo=1, unplaced)         0.582     3.772    u_soc_top/u_axi_sram_direct/r_addr[21]_i_20_n_0
                         LUT5 (Prop_lut5_I0_O)        0.105     3.877 r  u_soc_top/u_axi_sram_direct/r_addr[21]_i_12/O
                         net (fo=4, unplaced)         0.606     4.483    u_soc_top/u_axi_sram_direct/r_addr[21]_i_12_n_0
                         LUT6 (Prop_lut6_I1_O)        0.105     4.588 r  u_soc_top/u_axi_sram_direct/r_addr[21]_i_11/O
                         net (fo=2, unplaced)         0.358     4.946    u_soc_top/u_axi_sram_direct/r_addr[21]_i_11_n_0
                         LUT6 (Prop_lut6_I3_O)        0.105     5.051 r  u_soc_top/u_axi_sram_direct/r_addr[21]_i_4/O
                         net (fo=11, unplaced)        0.393     5.444    u_soc_top/u_axi_sram_direct/buffers_1_reg[2]
                         LUT5 (Prop_lut5_I4_O)        0.105     5.549 f  u_soc_top/u_axi_sram_direct/r_for_d_r_i_3/O
                         net (fo=3, unplaced)         0.251     5.800    u_soc_top/u_cpu/u_icache/cpu_arready
                         LUT6 (Prop_lut6_I2_O)        0.105     5.905 f  u_soc_top/u_cpu/u_icache/m_idx[7]_i_2/O
                         net (fo=2, unplaced)         0.593     6.498    u_soc_top/u_cpu/u_icache/m_idx[7]_i_2_n_0
                         LUT5 (Prop_lut5_I1_O)        0.105     6.603 r  u_soc_top/u_cpu/u_icache/m_idx[7]_i_1/O
                         net (fo=51, unplaced)        0.449     7.052    u_soc_top/u_cpu/u_icache/m_wo
                         FDRE                                         r  u_soc_top/u_cpu/u_icache/m_eway_reg/CE
  -------------------------------------------------------------------    -------------------

                         (clock cpu_clk rise edge)   10.000    10.000 r  
    K21                                               0.000    10.000 r  clk_50M (IN)
                         net (fo=0)                   0.000    10.000    u_soc_top/pll_clk.u_clk_pll/inst/clk_in1
    K21                  IBUF (Prop_ibuf_I_O)         1.328    11.328 r  u_soc_top/pll_clk.u_clk_pll/inst/clkin1_ibufg/O
                         net (fo=1, unplaced)         0.439    11.767    u_soc_top/pll_clk.u_clk_pll/inst/clk_in1_clk_pll
                         PLLE2_ADV (Prop_plle2_adv_CLKIN1_CLKOUT0)
                                                     -5.039     6.728 r  u_soc_top/pll_clk.u_clk_pll/inst/plle2_adv_inst/CLKOUT0
                         net (fo=1, unplaced)         0.613     7.341    u_soc_top/pll_clk.u_clk_pll/inst/cpu_clk_clk_pll
                         BUFG (Prop_bufg_I_O)         0.077     7.418 r  u_soc_top/pll_clk.u_clk_pll/inst/clkout1_buf/O
                         net (fo=6895, unplaced)      0.439     7.857    u_soc_top/u_cpu/u_icache/cpu_clk
                         FDRE                                         r  u_soc_top/u_cpu/u_icache/m_eway_reg/C
                         clock pessimism             -0.496     7.361    
                         clock uncertainty           -0.094     7.266    
                         FDRE (Setup_fdre_C_CE)      -0.165     7.101    u_soc_top/u_cpu/u_icache/m_eway_reg
  -------------------------------------------------------------------
                         required time                          7.101    
                         arrival time                          -7.052    
  -------------------------------------------------------------------
                         slack                                  0.050    

Slack (MET) :             0.050ns  (required time - arrival time)
  Source:                 u_soc_top/u_cpu/u_core/reg_ex_mem0_ctrl/data_out_reg[6]/C
                            (rising edge-triggered cell FDRE clocked by cpu_clk  {rise@0.000ns fall@5.000ns period=10.000ns})
  Destination:            u_soc_top/u_cpu/u_icache/m_eway_reg/CE
                            (rising edge-triggered cell FDRE clocked by cpu_clk  {rise@0.000ns fall@5.000ns period=10.000ns})
  Path Group:             cpu_clk
  Path Type:              Setup (Max at Slow Process Corner)
  Requirement:            10.000ns  (cpu_clk rise@10.000ns - cpu_clk rise@0.000ns)
  Data Path Delay:        9.546ns  (logic 2.855ns (29.908%)  route 6.691ns (70.092%))
  Logic Levels:           17  (CARRY4=3 LUT3=1 LUT5=7 LUT6=6)
  Clock Path Skew:        -0.145ns (DCD - SCD + CPR)
    Destination Clock Delay (DCD):    -2.143ns = ( 7.857 - 10.000 ) 
    Source Clock Delay      (SCD):    -2.494ns
    Clock Pessimism Removal (CPR):    -0.496ns
  Clock Uncertainty:      0.094ns  ((TSJ^2 + DJ^2)^1/2) / 2 + PE
    Total System Jitter     (TSJ):    0.071ns
    Discrete Jitter          (DJ):    0.175ns
    Phase Error              (PE):    0.000ns

    Location             Delay type                Incr(ns)  Path(ns)    Netlist Resource(s)
  -------------------------------------------------------------------    -------------------
                         (clock cpu_clk rise edge)    0.000     0.000 r  
    K21                                               0.000     0.000 r  clk_50M (IN)
                         net (fo=0)                   0.000     0.000    u_soc_top/pll_clk.u_clk_pll/inst/clk_in1
    K21                  IBUF (Prop_ibuf_I_O)         1.394     1.394 r  u_soc_top/pll_clk.u_clk_pll/inst/clkin1_ibufg/O
                         net (fo=1, unplaced)         0.584     1.978    u_soc_top/pll_clk.u_clk_pll/inst/clk_in1_clk_pll
                         PLLE2_ADV (Prop_plle2_adv_CLKIN1_CLKOUT0)
                                                     -5.783    -3.805 r  u_soc_top/pll_clk.u_clk_pll/inst/plle2_adv_inst/CLKOUT0
                         net (fo=1, unplaced)         0.646    -3.159    u_soc_top/pll_clk.u_clk_pll/inst/cpu_clk_clk_pll
                         BUFG (Prop_bufg_I_O)         0.081    -3.078 r  u_soc_top/pll_clk.u_clk_pll/inst/clkout1_buf/O
                         net (fo=6895, unplaced)      0.584    -2.494    u_soc_top/u_cpu/u_core/reg_ex_mem0_ctrl/cpu_clk
                         FDRE                                         r  u_soc_top/u_cpu/u_core/reg_ex_mem0_ctrl/data_out_reg[6]/C
  -------------------------------------------------------------------    -------------------
                         FDRE (Prop_fdre_C_Q)         0.379    -2.115 f  u_soc_top/u_cpu/u_core/reg_ex_mem0_ctrl/data_out_reg[6]/Q
                         net (fo=67, unplaced)        0.689    -1.426    u_soc_top/u_cpu/u_core/reg_ex_mem0_ctrl/data_out_reg[6]_0[2]
                         LUT3 (Prop_lut3_I0_O)        0.232    -1.194 f  u_soc_top/u_cpu/u_core/reg_ex_mem0_ctrl/wb_q[0][addr][30]_i_5/O
                         net (fo=115, unplaced)       0.450    -0.744    u_soc_top/u_cpu/u_core/reg_ex_mem1_ctrl/wdata_stored_reg[24]_0
                         LUT5 (Prop_lut5_I1_O)        0.108    -0.636 f  u_soc_top/u_cpu/u_core/reg_ex_mem1_ctrl/wb_q[0][addr][30]_i_2/O
                         net (fo=30, unplaced)        0.417    -0.219    u_soc_top/u_cpu/u_core/reg_ex_mem0_ctrl/wb_q_reg[7][addr][30]
                         LUT5 (Prop_lut5_I4_O)        0.105    -0.114 r  u_soc_top/u_cpu/u_core/reg_ex_mem0_ctrl/r_addr[21]_i_6/O
                         net (fo=33, unplaced)        0.539     0.425    u_soc_top/u_cpu/u_arbiter/r_bank_reg
                         LUT6 (Prop_lut6_I4_O)        0.105     0.530 r  u_soc_top/u_cpu/u_arbiter/r_addr[5]_i_1/O
                         net (fo=11, unplaced)        0.387     0.917    u_soc_top/u_axi_sram_direct/cpu_araddr[3]
                         LUT6 (Prop_lut6_I5_O)        0.105     1.022 r  u_soc_top/u_axi_sram_direct/wb_cover_line_r[15]_i_316/O
                         net (fo=2, unplaced)         0.358     1.380    u_soc_top/u_axi_sram_direct/wb_cover_line_r[15]_i_316_n_0
                         LUT5 (Prop_lut5_I4_O)        0.105     1.485 r  u_soc_top/u_axi_sram_direct/r_addr[21]_i_163/O
                         net (fo=1, unplaced)         0.000     1.485    u_soc_top/u_axi_sram_direct/r_addr[21]_i_163_n_0
                         CARRY4 (Prop_carry4_S[1]_CO[3])
                                                      0.457     1.942 r  u_soc_top/u_axi_sram_direct/r_addr_reg[21]_i_120/CO[3]
                         net (fo=1, unplaced)         0.000     1.942    u_soc_top/u_axi_sram_direct/r_addr_reg[21]_i_120_n_0
                         CARRY4 (Prop_carry4_CI_CO[3])
                                                      0.098     2.040 f  u_soc_top/u_axi_sram_direct/r_addr_reg[21]_i_75/CO[3]
                         net (fo=1, unplaced)         0.000     2.040    u_soc_top/u_axi_sram_direct/r_addr_reg[21]_i_75_n_0
                         CARRY4 (Prop_carry4_CI_CO[1])
                                                      0.149     2.189 f  u_soc_top/u_axi_sram_direct/r_addr_reg[21]_i_48/CO[1]
                         net (fo=1, unplaced)         0.240     2.429    u_soc_top/u_axi_sram_direct/wb_cover_ar17_out
                         LUT6 (Prop_lut6_I0_O)        0.277     2.706 f  u_soc_top/u_axi_sram_direct/r_addr[21]_i_33/O
                         net (fo=6, unplaced)         0.379     3.085    u_soc_top/u_axi_sram_direct/r_addr[21]_i_33_n_0
                         LUT5 (Prop_lut5_I1_O)        0.105     3.190 f  u_soc_top/u_axi_sram_direct/r_addr[21]_i_20/O
                         net (fo=1, unplaced)         0.582     3.772    u_soc_top/u_axi_sram_direct/r_addr[21]_i_20_n_0
                         LUT5 (Prop_lut5_I0_O)        0.105     3.877 r  u_soc_top/u_axi_sram_direct/r_addr[21]_i_12/O
                         net (fo=4, unplaced)         0.606     4.483    u_soc_top/u_axi_sram_direct/r_addr[21]_i_12_n_0
                         LUT6 (Prop_lut6_I1_O)        0.105     4.588 r  u_soc_top/u_axi_sram_direct/r_addr[21]_i_11/O
                         net (fo=2, unplaced)         0.358     4.946    u_soc_top/u_axi_sram_direct/r_addr[21]_i_11_n_0
                         LUT6 (Prop_lut6_I3_O)        0.105     5.051 r  u_soc_top/u_axi_sram_direct/r_addr[21]_i_4/O
                         net (fo=11, unplaced)        0.393     5.444    u_soc_top/u_axi_sram_direct/buffers_1_reg[2]
                         LUT5 (Prop_lut5_I4_O)        0.105     5.549 f  u_soc_top/u_axi_sram_direct/r_for_d_r_i_3/O
                         net (fo=3, unplaced)         0.251     5.800    u_soc_top/u_cpu/u_icache/cpu_arready
                         LUT6 (Prop_lut6_I2_O)        0.105     5.905 f  u_soc_top/u_cpu/u_icache/m_idx[7]_i_2/O
                         net (fo=2, unplaced)         0.593     6.498    u_soc_top/u_cpu/u_icache/m_idx[7]_i_2_n_0
                         LUT5 (Prop_lut5_I1_O)        0.105     6.603 r  u_soc_top/u_cpu/u_icache/m_idx[7]_i_1/O
                         net (fo=51, unplaced)        0.449     7.052    u_soc_top/u_cpu/u_icache/m_wo
                         FDRE                                         r  u_soc_top/u_cpu/u_icache/m_eway_reg/CE
  -------------------------------------------------------------------    -------------------

                         (clock cpu_clk rise edge)   10.000    10.000 r  
    K21                                               0.000    10.000 r  clk_50M (IN)
                         net (fo=0)                   0.000    10.000    u_soc_top/pll_clk.u_clk_pll/inst/clk_in1
    K21                  IBUF (Prop_ibuf_I_O)         1.328    11.328 r  u_soc_top/pll_clk.u_clk_pll/inst/clkin1_ibufg/O
                         net (fo=1, unplaced)         0.439    11.767    u_soc_top/pll_clk.u_clk_pll/inst/clk_in1_clk_pll
                         PLLE2_ADV (Prop_plle2_adv_CLKIN1_CLKOUT0)
                                                     -5.039     6.728 r  u_soc_top/pll_clk.u_clk_pll/inst/plle2_adv_inst/CLKOUT0
                         net (fo=1, unplaced)         0.613     7.341    u_soc_top/pll_clk.u_clk_pll/inst/cpu_clk_clk_pll
                         BUFG (Prop_bufg_I_O)         0.077     7.418 r  u_soc_top/pll_clk.u_clk_pll/inst/clkout1_buf/O
                         net (fo=6895, unplaced)      0.439     7.857    u_soc_top/u_cpu/u_icache/cpu_clk
                         FDRE                                         r  u_soc_top/u_cpu/u_icache/m_eway_reg/C
                         clock pessimism             -0.496     7.361    
                         clock uncertainty           -0.094     7.266    
                         FDRE (Setup_fdre_C_CE)      -0.165     7.101    u_soc_top/u_cpu/u_icache/m_eway_reg
  -------------------------------------------------------------------
                         required time                          7.101    
                         arrival time                          -7.052    
  -------------------------------------------------------------------
                         slack                                  0.050    

Slack (MET) :             0.050ns  (required time - arrival time)
  Source:                 u_soc_top/u_cpu/u_core/reg_ex_mem0_ctrl/data_out_reg[6]/C
                            (rising edge-triggered cell FDRE clocked by cpu_clk  {rise@0.000ns fall@5.000ns period=10.000ns})
  Destination:            u_soc_top/u_cpu/u_icache/m_eway_reg/CE
                            (rising edge-triggered cell FDRE clocked by cpu_clk  {rise@0.000ns fall@5.000ns period=10.000ns})
  Path Group:             cpu_clk
  Path Type:              Setup (Max at Slow Process Corner)
  Requirement:            10.000ns  (cpu_clk rise@10.000ns - cpu_clk rise@0.000ns)
  Data Path Delay:        9.546ns  (logic 2.855ns (29.908%)  route 6.691ns (70.092%))
  Logic Levels:           17  (CARRY4=3 LUT3=1 LUT5=7 LUT6=6)
  Clock Path Skew:        -0.145ns (DCD - SCD + CPR)
    Destination Clock Delay (DCD):    -2.143ns = ( 7.857 - 10.000 ) 
    Source Clock Delay      (SCD):    -2.494ns
    Clock Pessimism Removal (CPR):    -0.496ns
  Clock Uncertainty:      0.094ns  ((TSJ^2 + DJ^2)^1/2) / 2 + PE
    Total System Jitter     (TSJ):    0.071ns
    Discrete Jitter          (DJ):    0.175ns
    Phase Error              (PE):    0.000ns

    Location             Delay type                Incr(ns)  Path(ns)    Netlist Resource(s)
  -------------------------------------------------------------------    -------------------
                         (clock cpu_clk rise edge)    0.000     0.000 r  
    K21                                               0.000     0.000 r  clk_50M (IN)
                         net (fo=0)                   0.000     0.000    u_soc_top/pll_clk.u_clk_pll/inst/clk_in1
    K21                  IBUF (Prop_ibuf_I_O)         1.394     1.394 r  u_soc_top/pll_clk.u_clk_pll/inst/clkin1_ibufg/O
                         net (fo=1, unplaced)         0.584     1.978    u_soc_top/pll_clk.u_clk_pll/inst/clk_in1_clk_pll
                         PLLE2_ADV (Prop_plle2_adv_CLKIN1_CLKOUT0)
                                                     -5.783    -3.805 r  u_soc_top/pll_clk.u_clk_pll/inst/plle2_adv_inst/CLKOUT0
                         net (fo=1, unplaced)         0.646    -3.159    u_soc_top/pll_clk.u_clk_pll/inst/cpu_clk_clk_pll
                         BUFG (Prop_bufg_I_O)         0.081    -3.078 r  u_soc_top/pll_clk.u_clk_pll/inst/clkout1_buf/O
                         net (fo=6895, unplaced)      0.584    -2.494    u_soc_top/u_cpu/u_core/reg_ex_mem0_ctrl/cpu_clk
                         FDRE                                         r  u_soc_top/u_cpu/u_core/reg_ex_mem0_ctrl/data_out_reg[6]/C
  -------------------------------------------------------------------    -------------------
                         FDRE (Prop_fdre_C_Q)         0.379    -2.115 f  u_soc_top/u_cpu/u_core/reg_ex_mem0_ctrl/data_out_reg[6]/Q
                         net (fo=67, unplaced)        0.689    -1.426    u_soc_top/u_cpu/u_core/reg_ex_mem0_ctrl/data_out_reg[6]_0[2]
                         LUT3 (Prop_lut3_I0_O)        0.232    -1.194 f  u_soc_top/u_cpu/u_core/reg_ex_mem0_ctrl/wb_q[0][addr][30]_i_5/O
                         net (fo=115, unplaced)       0.450    -0.744    u_soc_top/u_cpu/u_core/reg_ex_mem1_ctrl/wdata_stored_reg[24]_0
                         LUT5 (Prop_lut5_I1_O)        0.108    -0.636 f  u_soc_top/u_cpu/u_core/reg_ex_mem1_ctrl/wb_q[0][addr][30]_i_2/O
                         net (fo=30, unplaced)        0.417    -0.219    u_soc_top/u_cpu/u_core/reg_ex_mem0_ctrl/wb_q_reg[7][addr][30]
                         LUT5 (Prop_lut5_I4_O)        0.105    -0.114 r  u_soc_top/u_cpu/u_core/reg_ex_mem0_ctrl/r_addr[21]_i_6/O
                         net (fo=33, unplaced)        0.539     0.425    u_soc_top/u_cpu/u_arbiter/r_bank_reg
                         LUT6 (Prop_lut6_I4_O)        0.105     0.530 r  u_soc_top/u_cpu/u_arbiter/r_addr[5]_i_1/O
                         net (fo=11, unplaced)        0.387     0.917    u_soc_top/u_axi_sram_direct/cpu_araddr[3]
                         LUT6 (Prop_lut6_I5_O)        0.105     1.022 f  u_soc_top/u_axi_sram_direct/wb_cover_line_r[15]_i_316/O
                         net (fo=2, unplaced)         0.358     1.380    u_soc_top/u_axi_sram_direct/wb_cover_line_r[15]_i_316_n_0
                         LUT5 (Prop_lut5_I4_O)        0.105     1.485 f  u_soc_top/u_axi_sram_direct/r_addr[21]_i_163/O
                         net (fo=1, unplaced)         0.000     1.485    u_soc_top/u_axi_sram_direct/r_addr[21]_i_163_n_0
                         CARRY4 (Prop_carry4_S[1]_CO[3])
                                                      0.457     1.942 r  u_soc_top/u_axi_sram_direct/r_addr_reg[21]_i_120/CO[3]
                         net (fo=1, unplaced)         0.000     1.942    u_soc_top/u_axi_sram_direct/r_addr_reg[21]_i_120_n_0
                         CARRY4 (Prop_carry4_CI_CO[3])
                                                      0.098     2.040 f  u_soc_top/u_axi_sram_direct/r_addr_reg[21]_i_75/CO[3]
                         net (fo=1, unplaced)         0.000     2.040    u_soc_top/u_axi_sram_direct/r_addr_reg[21]_i_75_n_0
                         CARRY4 (Prop_carry4_CI_CO[1])
                                                      0.149     2.189 f  u_soc_top/u_axi_sram_direct/r_addr_reg[21]_i_48/CO[1]
                         net (fo=1, unplaced)         0.240     2.429    u_soc_top/u_axi_sram_direct/wb_cover_ar17_out
                         LUT6 (Prop_lut6_I0_O)        0.277     2.706 f  u_soc_top/u_axi_sram_direct/r_addr[21]_i_33/O
                         net (fo=6, unplaced)         0.379     3.085    u_soc_top/u_axi_sram_direct/r_addr[21]_i_33_n_0
                         LUT5 (Prop_lut5_I1_O)        0.105     3.190 f  u_soc_top/u_axi_sram_direct/r_addr[21]_i_20/O
                         net (fo=1, unplaced)         0.582     3.772    u_soc_top/u_axi_sram_direct/r_addr[21]_i_20_n_0
                         LUT5 (Prop_lut5_I0_O)        0.105     3.877 r  u_soc_top/u_axi_sram_direct/r_addr[21]_i_12/O
                         net (fo=4, unplaced)         0.606     4.483    u_soc_top/u_axi_sram_direct/r_addr[21]_i_12_n_0
                         LUT6 (Prop_lut6_I1_O)        0.105     4.588 r  u_soc_top/u_axi_sram_direct/r_addr[21]_i_11/O
                         net (fo=2, unplaced)         0.358     4.946    u_soc_top/u_axi_sram_direct/r_addr[21]_i_11_n_0
                         LUT6 (Prop_lut6_I3_O)        0.105     5.051 r  u_soc_top/u_axi_sram_direct/r_addr[21]_i_4/O
                         net (fo=11, unplaced)        0.393     5.444    u_soc_top/u_axi_sram_direct/buffers_1_reg[2]
                         LUT5 (Prop_lut5_I4_O)        0.105     5.549 f  u_soc_top/u_axi_sram_direct/r_for_d_r_i_3/O
                         net (fo=3, unplaced)         0.251     5.800    u_soc_top/u_cpu/u_icache/cpu_arready
                         LUT6 (Prop_lut6_I2_O)        0.105     5.905 f  u_soc_top/u_cpu/u_icache/m_idx[7]_i_2/O
                         net (fo=2, unplaced)         0.593     6.498    u_soc_top/u_cpu/u_icache/m_idx[7]_i_2_n_0
                         LUT5 (Prop_lut5_I1_O)        0.105     6.603 r  u_soc_top/u_cpu/u_icache/m_idx[7]_i_1/O
                         net (fo=51, unplaced)        0.449     7.052    u_soc_top/u_cpu/u_icache/m_wo
                         FDRE                                         r  u_soc_top/u_cpu/u_icache/m_eway_reg/CE
  -------------------------------------------------------------------    -------------------

                         (clock cpu_clk rise edge)   10.000    10.000 r  
    K21                                               0.000    10.000 r  clk_50M (IN)
                         net (fo=0)                   0.000    10.000    u_soc_top/pll_clk.u_clk_pll/inst/clk_in1
    K21                  IBUF (Prop_ibuf_I_O)         1.328    11.328 r  u_soc_top/pll_clk.u_clk_pll/inst/clkin1_ibufg/O
                         net (fo=1, unplaced)         0.439    11.767    u_soc_top/pll_clk.u_clk_pll/inst/clk_in1_clk_pll
                         PLLE2_ADV (Prop_plle2_adv_CLKIN1_CLKOUT0)
                                                     -5.039     6.728 r  u_soc_top/pll_clk.u_clk_pll/inst/plle2_adv_inst/CLKOUT0
                         net (fo=1, unplaced)         0.613     7.341    u_soc_top/pll_clk.u_clk_pll/inst/cpu_clk_clk_pll
                         BUFG (Prop_bufg_I_O)         0.077     7.418 r  u_soc_top/pll_clk.u_clk_pll/inst/clkout1_buf/O
                         net (fo=6895, unplaced)      0.439     7.857    u_soc_top/u_cpu/u_icache/cpu_clk
                         FDRE                                         r  u_soc_top/u_cpu/u_icache/m_eway_reg/C
                         clock pessimism             -0.496     7.361    
                         clock uncertainty           -0.094     7.266    
                         FDRE (Setup_fdre_C_CE)      -0.165     7.101    u_soc_top/u_cpu/u_icache/m_eway_reg
  -------------------------------------------------------------------
                         required time                          7.101    
                         arrival time                          -7.052    
  -------------------------------------------------------------------
                         slack                                  0.050    

Slack (MET) :             0.050ns  (required time - arrival time)
  Source:                 u_soc_top/u_cpu/u_core/reg_ex_mem0_ctrl/data_out_reg[6]/C
                            (rising edge-triggered cell FDRE clocked by cpu_clk  {rise@0.000ns fall@5.000ns period=10.000ns})
  Destination:            u_soc_top/u_cpu/u_icache/m_eway_reg/CE
                            (rising edge-triggered cell FDRE clocked by cpu_clk  {rise@0.000ns fall@5.000ns period=10.000ns})
  Path Group:             cpu_clk
  Path Type:              Setup (Max at Slow Process Corner)
  Requirement:            10.000ns  (cpu_clk rise@10.000ns - cpu_clk rise@0.000ns)
  Data Path Delay:        9.546ns  (logic 2.855ns (29.908%)  route 6.691ns (70.092%))
  Logic Levels:           17  (CARRY4=3 LUT3=1 LUT5=7 LUT6=6)
  Clock Path Skew:        -0.145ns (DCD - SCD + CPR)
    Destination Clock Delay (DCD):    -2.143ns = ( 7.857 - 10.000 ) 
    Source Clock Delay      (SCD):    -2.494ns
    Clock Pessimism Removal (CPR):    -0.496ns
  Clock Uncertainty:      0.094ns  ((TSJ^2 + DJ^2)^1/2) / 2 + PE
    Total System Jitter     (TSJ):    0.071ns
    Discrete Jitter          (DJ):    0.175ns
    Phase Error              (PE):    0.000ns

    Location             Delay type                Incr(ns)  Path(ns)    Netlist Resource(s)
  -------------------------------------------------------------------    -------------------
                         (clock cpu_clk rise edge)    0.000     0.000 r  
    K21                                               0.000     0.000 r  clk_50M (IN)
                         net (fo=0)                   0.000     0.000    u_soc_top/pll_clk.u_clk_pll/inst/clk_in1
    K21                  IBUF (Prop_ibuf_I_O)         1.394     1.394 r  u_soc_top/pll_clk.u_clk_pll/inst/clkin1_ibufg/O
                         net (fo=1, unplaced)         0.584     1.978    u_soc_top/pll_clk.u_clk_pll/inst/clk_in1_clk_pll
                         PLLE2_ADV (Prop_plle2_adv_CLKIN1_CLKOUT0)
                                                     -5.783    -3.805 r  u_soc_top/pll_clk.u_clk_pll/inst/plle2_adv_inst/CLKOUT0
                         net (fo=1, unplaced)         0.646    -3.159    u_soc_top/pll_clk.u_clk_pll/inst/cpu_clk_clk_pll
                         BUFG (Prop_bufg_I_O)         0.081    -3.078 r  u_soc_top/pll_clk.u_clk_pll/inst/clkout1_buf/O
                         net (fo=6895, unplaced)      0.584    -2.494    u_soc_top/u_cpu/u_core/reg_ex_mem0_ctrl/cpu_clk
                         FDRE                                         r  u_soc_top/u_cpu/u_core/reg_ex_mem0_ctrl/data_out_reg[6]/C
  -------------------------------------------------------------------    -------------------
                         FDRE (Prop_fdre_C_Q)         0.379    -2.115 f  u_soc_top/u_cpu/u_core/reg_ex_mem0_ctrl/data_out_reg[6]/Q
                         net (fo=67, unplaced)        0.689    -1.426    u_soc_top/u_cpu/u_core/reg_ex_mem0_ctrl/data_out_reg[6]_0[2]
                         LUT3 (Prop_lut3_I0_O)        0.232    -1.194 f  u_soc_top/u_cpu/u_core/reg_ex_mem0_ctrl/wb_q[0][addr][30]_i_5/O
                         net (fo=115, unplaced)       0.450    -0.744    u_soc_top/u_cpu/u_core/reg_ex_mem1_ctrl/wdata_stored_reg[24]_0
                         LUT5 (Prop_lut5_I1_O)        0.108    -0.636 f  u_soc_top/u_cpu/u_core/reg_ex_mem1_ctrl/wb_q[0][addr][30]_i_2/O
                         net (fo=30, unplaced)        0.417    -0.219    u_soc_top/u_cpu/u_core/reg_ex_mem0_ctrl/wb_q_reg[7][addr][30]
                         LUT5 (Prop_lut5_I4_O)        0.105    -0.114 r  u_soc_top/u_cpu/u_core/reg_ex_mem0_ctrl/r_addr[21]_i_6/O
                         net (fo=33, unplaced)        0.539     0.425    u_soc_top/u_cpu/u_arbiter/r_bank_reg
                         LUT6 (Prop_lut6_I4_O)        0.105     0.530 r  u_soc_top/u_cpu/u_arbiter/r_addr[5]_i_1/O
                         net (fo=11, unplaced)        0.387     0.917    u_soc_top/u_axi_sram_direct/cpu_araddr[3]
                         LUT6 (Prop_lut6_I5_O)        0.105     1.022 r  u_soc_top/u_axi_sram_direct/wb_cover_line_r[15]_i_316/O
                         net (fo=2, unplaced)         0.358     1.380    u_soc_top/u_axi_sram_direct/wb_cover_line_r[15]_i_316_n_0
                         LUT5 (Prop_lut5_I4_O)        0.105     1.485 r  u_soc_top/u_axi_sram_direct/r_addr[21]_i_163/O
                         net (fo=1, unplaced)         0.000     1.485    u_soc_top/u_axi_sram_direct/r_addr[21]_i_163_n_0
                         CARRY4 (Prop_carry4_S[1]_CO[3])
                                                      0.457     1.942 f  u_soc_top/u_axi_sram_direct/r_addr_reg[21]_i_120/CO[3]
                         net (fo=1, unplaced)         0.000     1.942    u_soc_top/u_axi_sram_direct/r_addr_reg[21]_i_120_n_0
                         CARRY4 (Prop_carry4_CI_CO[3])
                                                      0.098     2.040 f  u_soc_top/u_axi_sram_direct/r_addr_reg[21]_i_75/CO[3]
                         net (fo=1, unplaced)         0.000     2.040    u_soc_top/u_axi_sram_direct/r_addr_reg[21]_i_75_n_0
                         CARRY4 (Prop_carry4_CI_CO[1])
                                                      0.149     2.189 f  u_soc_top/u_axi_sram_direct/r_addr_reg[21]_i_48/CO[1]
                         net (fo=1, unplaced)         0.240     2.429    u_soc_top/u_axi_sram_direct/wb_cover_ar17_out
                         LUT6 (Prop_lut6_I0_O)        0.277     2.706 f  u_soc_top/u_axi_sram_direct/r_addr[21]_i_33/O
                         net (fo=6, unplaced)         0.379     3.085    u_soc_top/u_axi_sram_direct/r_addr[21]_i_33_n_0
                         LUT5 (Prop_lut5_I1_O)        0.105     3.190 f  u_soc_top/u_axi_sram_direct/r_addr[21]_i_20/O
                         net (fo=1, unplaced)         0.582     3.772    u_soc_top/u_axi_sram_direct/r_addr[21]_i_20_n_0
                         LUT5 (Prop_lut5_I0_O)        0.105     3.877 r  u_soc_top/u_axi_sram_direct/r_addr[21]_i_12/O
                         net (fo=4, unplaced)         0.606     4.483    u_soc_top/u_axi_sram_direct/r_addr[21]_i_12_n_0
                         LUT6 (Prop_lut6_I1_O)        0.105     4.588 r  u_soc_top/u_axi_sram_direct/r_addr[21]_i_11/O
                         net (fo=2, unplaced)         0.358     4.946    u_soc_top/u_axi_sram_direct/r_addr[21]_i_11_n_0
                         LUT6 (Prop_lut6_I3_O)        0.105     5.051 r  u_soc_top/u_axi_sram_direct/r_addr[21]_i_4/O
                         net (fo=11, unplaced)        0.393     5.444    u_soc_top/u_axi_sram_direct/buffers_1_reg[2]
                         LUT5 (Prop_lut5_I4_O)        0.105     5.549 f  u_soc_top/u_axi_sram_direct/r_for_d_r_i_3/O
                         net (fo=3, unplaced)         0.251     5.800    u_soc_top/u_cpu/u_icache/cpu_arready
                         LUT6 (Prop_lut6_I2_O)        0.105     5.905 f  u_soc_top/u_cpu/u_icache/m_idx[7]_i_2/O
                         net (fo=2, unplaced)         0.593     6.498    u_soc_top/u_cpu/u_icache/m_idx[7]_i_2_n_0
                         LUT5 (Prop_lut5_I1_O)        0.105     6.603 r  u_soc_top/u_cpu/u_icache/m_idx[7]_i_1/O
                         net (fo=51, unplaced)        0.449     7.052    u_soc_top/u_cpu/u_icache/m_wo
                         FDRE                                         r  u_soc_top/u_cpu/u_icache/m_eway_reg/CE
  -------------------------------------------------------------------    -------------------

                         (clock cpu_clk rise edge)   10.000    10.000 r  
    K21                                               0.000    10.000 r  clk_50M (IN)
                         net (fo=0)                   0.000    10.000    u_soc_top/pll_clk.u_clk_pll/inst/clk_in1
    K21                  IBUF (Prop_ibuf_I_O)         1.328    11.328 r  u_soc_top/pll_clk.u_clk_pll/inst/clkin1_ibufg/O
                         net (fo=1, unplaced)         0.439    11.767    u_soc_top/pll_clk.u_clk_pll/inst/clk_in1_clk_pll
                         PLLE2_ADV (Prop_plle2_adv_CLKIN1_CLKOUT0)
                                                     -5.039     6.728 r  u_soc_top/pll_clk.u_clk_pll/inst/plle2_adv_inst/CLKOUT0
                         net (fo=1, unplaced)         0.613     7.341    u_soc_top/pll_clk.u_clk_pll/inst/cpu_clk_clk_pll
                         BUFG (Prop_bufg_I_O)         0.077     7.418 r  u_soc_top/pll_clk.u_clk_pll/inst/clkout1_buf/O
                         net (fo=6895, unplaced)      0.439     7.857    u_soc_top/u_cpu/u_icache/cpu_clk
                         FDRE                                         r  u_soc_top/u_cpu/u_icache/m_eway_reg/C
                         clock pessimism             -0.496     7.361    
                         clock uncertainty           -0.094     7.266    
                         FDRE (Setup_fdre_C_CE)      -0.165     7.101    u_soc_top/u_cpu/u_icache/m_eway_reg
  -------------------------------------------------------------------
                         required time                          7.101    
                         arrival time                          -7.052    
  -------------------------------------------------------------------
                         slack                                  0.050    

Slack (MET) :             0.050ns  (required time - arrival time)
  Source:                 u_soc_top/u_cpu/u_core/reg_ex_mem0_ctrl/data_out_reg[6]/C
                            (rising edge-triggered cell FDRE clocked by cpu_clk  {rise@0.000ns fall@5.000ns period=10.000ns})
  Destination:            u_soc_top/u_cpu/u_icache/m_eway_reg/CE
                            (rising edge-triggered cell FDRE clocked by cpu_clk  {rise@0.000ns fall@5.000ns period=10.000ns})
  Path Group:             cpu_clk
  Path Type:              Setup (Max at Slow Process Corner)
  Requirement:            10.000ns  (cpu_clk rise@10.000ns - cpu_clk rise@0.000ns)
  Data Path Delay:        9.546ns  (logic 2.855ns (29.908%)  route 6.691ns (70.092%))
  Logic Levels:           17  (CARRY4=3 LUT3=1 LUT5=7 LUT6=6)
  Clock Path Skew:        -0.145ns (DCD - SCD + CPR)
    Destination Clock Delay (DCD):    -2.143ns = ( 7.857 - 10.000 ) 
    Source Clock Delay      (SCD):    -2.494ns
    Clock Pessimism Removal (CPR):    -0.496ns
  Clock Uncertainty:      0.094ns  ((TSJ^2 + DJ^2)^1/2) / 2 + PE
    Total System Jitter     (TSJ):    0.071ns
    Discrete Jitter          (DJ):    0.175ns
    Phase Error              (PE):    0.000ns

    Location             Delay type                Incr(ns)  Path(ns)    Netlist Resource(s)
  -------------------------------------------------------------------    -------------------
                         (clock cpu_clk rise edge)    0.000     0.000 r  
    K21                                               0.000     0.000 r  clk_50M (IN)
                         net (fo=0)                   0.000     0.000    u_soc_top/pll_clk.u_clk_pll/inst/clk_in1
    K21                  IBUF (Prop_ibuf_I_O)         1.394     1.394 r  u_soc_top/pll_clk.u_clk_pll/inst/clkin1_ibufg/O
                         net (fo=1, unplaced)         0.584     1.978    u_soc_top/pll_clk.u_clk_pll/inst/clk_in1_clk_pll
                         PLLE2_ADV (Prop_plle2_adv_CLKIN1_CLKOUT0)
                                                     -5.783    -3.805 r  u_soc_top/pll_clk.u_clk_pll/inst/plle2_adv_inst/CLKOUT0
                         net (fo=1, unplaced)         0.646    -3.159    u_soc_top/pll_clk.u_clk_pll/inst/cpu_clk_clk_pll
                         BUFG (Prop_bufg_I_O)         0.081    -3.078 r  u_soc_top/pll_clk.u_clk_pll/inst/clkout1_buf/O
                         net (fo=6895, unplaced)      0.584    -2.494    u_soc_top/u_cpu/u_core/reg_ex_mem0_ctrl/cpu_clk
                         FDRE                                         r  u_soc_top/u_cpu/u_core/reg_ex_mem0_ctrl/data_out_reg[6]/C
  -------------------------------------------------------------------    -------------------
                         FDRE (Prop_fdre_C_Q)         0.379    -2.115 f  u_soc_top/u_cpu/u_core/reg_ex_mem0_ctrl/data_out_reg[6]/Q
                         net (fo=67, unplaced)        0.689    -1.426    u_soc_top/u_cpu/u_core/reg_ex_mem0_ctrl/data_out_reg[6]_0[2]
                         LUT3 (Prop_lut3_I0_O)        0.232    -1.194 f  u_soc_top/u_cpu/u_core/reg_ex_mem0_ctrl/wb_q[0][addr][30]_i_5/O
                         net (fo=115, unplaced)       0.450    -0.744    u_soc_top/u_cpu/u_core/reg_ex_mem1_ctrl/wdata_stored_reg[24]_0
                         LUT5 (Prop_lut5_I1_O)        0.108    -0.636 f  u_soc_top/u_cpu/u_core/reg_ex_mem1_ctrl/wb_q[0][addr][30]_i_2/O
                         net (fo=30, unplaced)        0.417    -0.219    u_soc_top/u_cpu/u_core/reg_ex_mem0_ctrl/wb_q_reg[7][addr][30]
                         LUT5 (Prop_lut5_I4_O)        0.105    -0.114 r  u_soc_top/u_cpu/u_core/reg_ex_mem0_ctrl/r_addr[21]_i_6/O
                         net (fo=33, unplaced)        0.539     0.425    u_soc_top/u_cpu/u_arbiter/r_bank_reg
                         LUT6 (Prop_lut6_I4_O)        0.105     0.530 r  u_soc_top/u_cpu/u_arbiter/r_addr[5]_i_1/O
                         net (fo=11, unplaced)        0.387     0.917    u_soc_top/u_axi_sram_direct/cpu_araddr[3]
                         LUT6 (Prop_lut6_I5_O)        0.105     1.022 f  u_soc_top/u_axi_sram_direct/wb_cover_line_r[15]_i_316/O
                         net (fo=2, unplaced)         0.358     1.380    u_soc_top/u_axi_sram_direct/wb_cover_line_r[15]_i_316_n_0
                         LUT5 (Prop_lut5_I4_O)        0.105     1.485 f  u_soc_top/u_axi_sram_direct/r_addr[21]_i_163/O
                         net (fo=1, unplaced)         0.000     1.485    u_soc_top/u_axi_sram_direct/r_addr[21]_i_163_n_0
                         CARRY4 (Prop_carry4_S[1]_CO[3])
                                                      0.457     1.942 f  u_soc_top/u_axi_sram_direct/r_addr_reg[21]_i_120/CO[3]
                         net (fo=1, unplaced)         0.000     1.942    u_soc_top/u_axi_sram_direct/r_addr_reg[21]_i_120_n_0
                         CARRY4 (Prop_carry4_CI_CO[3])
                                                      0.098     2.040 f  u_soc_top/u_axi_sram_direct/r_addr_reg[21]_i_75/CO[3]
                         net (fo=1, unplaced)         0.000     2.040    u_soc_top/u_axi_sram_direct/r_addr_reg[21]_i_75_n_0
                         CARRY4 (Prop_carry4_CI_CO[1])
                                                      0.149     2.189 f  u_soc_top/u_axi_sram_direct/r_addr_reg[21]_i_48/CO[1]
                         net (fo=1, unplaced)         0.240     2.429    u_soc_top/u_axi_sram_direct/wb_cover_ar17_out
                         LUT6 (Prop_lut6_I0_O)        0.277     2.706 f  u_soc_top/u_axi_sram_direct/r_addr[21]_i_33/O
                         net (fo=6, unplaced)         0.379     3.085    u_soc_top/u_axi_sram_direct/r_addr[21]_i_33_n_0
                         LUT5 (Prop_lut5_I1_O)        0.105     3.190 f  u_soc_top/u_axi_sram_direct/r_addr[21]_i_20/O
                         net (fo=1, unplaced)         0.582     3.772    u_soc_top/u_axi_sram_direct/r_addr[21]_i_20_n_0
                         LUT5 (Prop_lut5_I0_O)        0.105     3.877 r  u_soc_top/u_axi_sram_direct/r_addr[21]_i_12/O
                         net (fo=4, unplaced)         0.606     4.483    u_soc_top/u_axi_sram_direct/r_addr[21]_i_12_n_0
                         LUT6 (Prop_lut6_I1_O)        0.105     4.588 r  u_soc_top/u_axi_sram_direct/r_addr[21]_i_11/O
                         net (fo=2, unplaced)         0.358     4.946    u_soc_top/u_axi_sram_direct/r_addr[21]_i_11_n_0
                         LUT6 (Prop_lut6_I3_O)        0.105     5.051 r  u_soc_top/u_axi_sram_direct/r_addr[21]_i_4/O
                         net (fo=11, unplaced)        0.393     5.444    u_soc_top/u_axi_sram_direct/buffers_1_reg[2]
                         LUT5 (Prop_lut5_I4_O)        0.105     5.549 f  u_soc_top/u_axi_sram_direct/r_for_d_r_i_3/O
                         net (fo=3, unplaced)         0.251     5.800    u_soc_top/u_cpu/u_icache/cpu_arready
                         LUT6 (Prop_lut6_I2_O)        0.105     5.905 f  u_soc_top/u_cpu/u_icache/m_idx[7]_i_2/O
                         net (fo=2, unplaced)         0.593     6.498    u_soc_top/u_cpu/u_icache/m_idx[7]_i_2_n_0
                         LUT5 (Prop_lut5_I1_O)        0.105     6.603 r  u_soc_top/u_cpu/u_icache/m_idx[7]_i_1/O
                         net (fo=51, unplaced)        0.449     7.052    u_soc_top/u_cpu/u_icache/m_wo
                         FDRE                                         r  u_soc_top/u_cpu/u_icache/m_eway_reg/CE
  -------------------------------------------------------------------    -------------------

                         (clock cpu_clk rise edge)   10.000    10.000 r  
    K21                                               0.000    10.000 r  clk_50M (IN)
                         net (fo=0)                   0.000    10.000    u_soc_top/pll_clk.u_clk_pll/inst/clk_in1
    K21                  IBUF (Prop_ibuf_I_O)         1.328    11.328 r  u_soc_top/pll_clk.u_clk_pll/inst/clkin1_ibufg/O
                         net (fo=1, unplaced)         0.439    11.767    u_soc_top/pll_clk.u_clk_pll/inst/clk_in1_clk_pll
                         PLLE2_ADV (Prop_plle2_adv_CLKIN1_CLKOUT0)
                                                     -5.039     6.728 r  u_soc_top/pll_clk.u_clk_pll/inst/plle2_adv_inst/CLKOUT0
                         net (fo=1, unplaced)         0.613     7.341    u_soc_top/pll_clk.u_clk_pll/inst/cpu_clk_clk_pll
                         BUFG (Prop_bufg_I_O)         0.077     7.418 r  u_soc_top/pll_clk.u_clk_pll/inst/clkout1_buf/O
                         net (fo=6895, unplaced)      0.439     7.857    u_soc_top/u_cpu/u_icache/cpu_clk
                         FDRE                                         r  u_soc_top/u_cpu/u_icache/m_eway_reg/C
                         clock pessimism             -0.496     7.361    
                         clock uncertainty           -0.094     7.266    
                         FDRE (Setup_fdre_C_CE)      -0.165     7.101    u_soc_top/u_cpu/u_icache/m_eway_reg
  -------------------------------------------------------------------
                         required time                          7.101    
                         arrival time                          -7.052    
  -------------------------------------------------------------------
                         slack                                  0.050    

Slack (MET) :             0.050ns  (required time - arrival time)
  Source:                 u_soc_top/u_cpu/u_core/reg_ex_mem0_ctrl/data_out_reg[6]/C
                            (rising edge-triggered cell FDRE clocked by cpu_clk  {rise@0.000ns fall@5.000ns period=10.000ns})
  Destination:            u_soc_top/u_cpu/u_icache/m_eway_reg_rep/CE
                            (rising edge-triggered cell FDRE clocked by cpu_clk  {rise@0.000ns fall@5.000ns period=10.000ns})
  Path Group:             cpu_clk
  Path Type:              Setup (Max at Slow Process Corner)
  Requirement:            10.000ns  (cpu_clk rise@10.000ns - cpu_clk rise@0.000ns)
  Data Path Delay:        9.546ns  (logic 2.855ns (29.908%)  route 6.691ns (70.092%))
  Logic Levels:           17  (CARRY4=3 LUT3=1 LUT5=7 LUT6=6)
  Clock Path Skew:        -0.145ns (DCD - SCD + CPR)
    Destination Clock Delay (DCD):    -2.143ns = ( 7.857 - 10.000 ) 
    Source Clock Delay      (SCD):    -2.494ns
    Clock Pessimism Removal (CPR):    -0.496ns
  Clock Uncertainty:      0.094ns  ((TSJ^2 + DJ^2)^1/2) / 2 + PE
    Total System Jitter     (TSJ):    0.071ns
    Discrete Jitter          (DJ):    0.175ns
    Phase Error              (PE):    0.000ns

    Location             Delay type                Incr(ns)  Path(ns)    Netlist Resource(s)
  -------------------------------------------------------------------    -------------------
                         (clock cpu_clk rise edge)    0.000     0.000 r  
    K21                                               0.000     0.000 r  clk_50M (IN)
                         net (fo=0)                   0.000     0.000    u_soc_top/pll_clk.u_clk_pll/inst/clk_in1
    K21                  IBUF (Prop_ibuf_I_O)         1.394     1.394 r  u_soc_top/pll_clk.u_clk_pll/inst/clkin1_ibufg/O
                         net (fo=1, unplaced)         0.584     1.978    u_soc_top/pll_clk.u_clk_pll/inst/clk_in1_clk_pll
                         PLLE2_ADV (Prop_plle2_adv_CLKIN1_CLKOUT0)
                                                     -5.783    -3.805 r  u_soc_top/pll_clk.u_clk_pll/inst/plle2_adv_inst/CLKOUT0
                         net (fo=1, unplaced)         0.646    -3.159    u_soc_top/pll_clk.u_clk_pll/inst/cpu_clk_clk_pll
                         BUFG (Prop_bufg_I_O)         0.081    -3.078 r  u_soc_top/pll_clk.u_clk_pll/inst/clkout1_buf/O
                         net (fo=6895, unplaced)      0.584    -2.494    u_soc_top/u_cpu/u_core/reg_ex_mem0_ctrl/cpu_clk
                         FDRE                                         r  u_soc_top/u_cpu/u_core/reg_ex_mem0_ctrl/data_out_reg[6]/C
  -------------------------------------------------------------------    -------------------
                         FDRE (Prop_fdre_C_Q)         0.379    -2.115 f  u_soc_top/u_cpu/u_core/reg_ex_mem0_ctrl/data_out_reg[6]/Q
                         net (fo=67, unplaced)        0.689    -1.426    u_soc_top/u_cpu/u_core/reg_ex_mem0_ctrl/data_out_reg[6]_0[2]
                         LUT3 (Prop_lut3_I0_O)        0.232    -1.194 f  u_soc_top/u_cpu/u_core/reg_ex_mem0_ctrl/wb_q[0][addr][30]_i_5/O
                         net (fo=115, unplaced)       0.450    -0.744    u_soc_top/u_cpu/u_core/reg_ex_mem1_ctrl/wdata_stored_reg[24]_0
                         LUT5 (Prop_lut5_I1_O)        0.108    -0.636 f  u_soc_top/u_cpu/u_core/reg_ex_mem1_ctrl/wb_q[0][addr][30]_i_2/O
                         net (fo=30, unplaced)        0.417    -0.219    u_soc_top/u_cpu/u_core/reg_ex_mem0_ctrl/wb_q_reg[7][addr][30]
                         LUT5 (Prop_lut5_I4_O)        0.105    -0.114 r  u_soc_top/u_cpu/u_core/reg_ex_mem0_ctrl/r_addr[21]_i_6/O
                         net (fo=33, unplaced)        0.539     0.425    u_soc_top/u_cpu/u_arbiter/r_bank_reg
                         LUT6 (Prop_lut6_I4_O)        0.105     0.530 r  u_soc_top/u_cpu/u_arbiter/r_addr[5]_i_1/O
                         net (fo=11, unplaced)        0.387     0.917    u_soc_top/u_axi_sram_direct/cpu_araddr[3]
                         LUT6 (Prop_lut6_I5_O)        0.105     1.022 r  u_soc_top/u_axi_sram_direct/wb_cover_line_r[15]_i_316/O
                         net (fo=2, unplaced)         0.358     1.380    u_soc_top/u_axi_sram_direct/wb_cover_line_r[15]_i_316_n_0
                         LUT5 (Prop_lut5_I4_O)        0.105     1.485 r  u_soc_top/u_axi_sram_direct/r_addr[21]_i_163/O
                         net (fo=1, unplaced)         0.000     1.485    u_soc_top/u_axi_sram_direct/r_addr[21]_i_163_n_0
                         CARRY4 (Prop_carry4_S[1]_CO[3])
                                                      0.457     1.942 r  u_soc_top/u_axi_sram_direct/r_addr_reg[21]_i_120/CO[3]
                         net (fo=1, unplaced)         0.000     1.942    u_soc_top/u_axi_sram_direct/r_addr_reg[21]_i_120_n_0
                         CARRY4 (Prop_carry4_CI_CO[3])
                                                      0.098     2.040 r  u_soc_top/u_axi_sram_direct/r_addr_reg[21]_i_75/CO[3]
                         net (fo=1, unplaced)         0.000     2.040    u_soc_top/u_axi_sram_direct/r_addr_reg[21]_i_75_n_0
                         CARRY4 (Prop_carry4_CI_CO[1])
                                                      0.149     2.189 f  u_soc_top/u_axi_sram_direct/r_addr_reg[21]_i_48/CO[1]
                         net (fo=1, unplaced)         0.240     2.429    u_soc_top/u_axi_sram_direct/wb_cover_ar17_out
                         LUT6 (Prop_lut6_I0_O)        0.277     2.706 f  u_soc_top/u_axi_sram_direct/r_addr[21]_i_33/O
                         net (fo=6, unplaced)         0.379     3.085    u_soc_top/u_axi_sram_direct/r_addr[21]_i_33_n_0
                         LUT5 (Prop_lut5_I1_O)        0.105     3.190 f  u_soc_top/u_axi_sram_direct/r_addr[21]_i_20/O
                         net (fo=1, unplaced)         0.582     3.772    u_soc_top/u_axi_sram_direct/r_addr[21]_i_20_n_0
                         LUT5 (Prop_lut5_I0_O)        0.105     3.877 r  u_soc_top/u_axi_sram_direct/r_addr[21]_i_12/O
                         net (fo=4, unplaced)         0.606     4.483    u_soc_top/u_axi_sram_direct/r_addr[21]_i_12_n_0
                         LUT6 (Prop_lut6_I1_O)        0.105     4.588 r  u_soc_top/u_axi_sram_direct/r_addr[21]_i_11/O
                         net (fo=2, unplaced)         0.358     4.946    u_soc_top/u_axi_sram_direct/r_addr[21]_i_11_n_0
                         LUT6 (Prop_lut6_I3_O)        0.105     5.051 r  u_soc_top/u_axi_sram_direct/r_addr[21]_i_4/O
                         net (fo=11, unplaced)        0.393     5.444    u_soc_top/u_axi_sram_direct/buffers_1_reg[2]
                         LUT5 (Prop_lut5_I4_O)        0.105     5.549 f  u_soc_top/u_axi_sram_direct/r_for_d_r_i_3/O
                         net (fo=3, unplaced)         0.251     5.800    u_soc_top/u_cpu/u_icache/cpu_arready
                         LUT6 (Prop_lut6_I2_O)        0.105     5.905 f  u_soc_top/u_cpu/u_icache/m_idx[7]_i_2/O
                         net (fo=2, unplaced)         0.593     6.498    u_soc_top/u_cpu/u_icache/m_idx[7]_i_2_n_0
                         LUT5 (Prop_lut5_I1_O)        0.105     6.603 r  u_soc_top/u_cpu/u_icache/m_idx[7]_i_1/O
                         net (fo=51, unplaced)        0.449     7.052    u_soc_top/u_cpu/u_icache/m_wo
                         FDRE                                         r  u_soc_top/u_cpu/u_icache/m_eway_reg_rep/CE
  -------------------------------------------------------------------    -------------------

                         (clock cpu_clk rise edge)   10.000    10.000 r  
    K21                                               0.000    10.000 r  clk_50M (IN)
                         net (fo=0)                   0.000    10.000    u_soc_top/pll_clk.u_clk_pll/inst/clk_in1
    K21                  IBUF (Prop_ibuf_I_O)         1.328    11.328 r  u_soc_top/pll_clk.u_clk_pll/inst/clkin1_ibufg/O
                         net (fo=1, unplaced)         0.439    11.767    u_soc_top/pll_clk.u_clk_pll/inst/clk_in1_clk_pll
                         PLLE2_ADV (Prop_plle2_adv_CLKIN1_CLKOUT0)
                                                     -5.039     6.728 r  u_soc_top/pll_clk.u_clk_pll/inst/plle2_adv_inst/CLKOUT0
                         net (fo=1, unplaced)         0.613     7.341    u_soc_top/pll_clk.u_clk_pll/inst/cpu_clk_clk_pll
                         BUFG (Prop_bufg_I_O)         0.077     7.418 r  u_soc_top/pll_clk.u_clk_pll/inst/clkout1_buf/O
                         net (fo=6895, unplaced)      0.439     7.857    u_soc_top/u_cpu/u_icache/cpu_clk
                         FDRE                                         r  u_soc_top/u_cpu/u_icache/m_eway_reg_rep/C
                         clock pessimism             -0.496     7.361    
                         clock uncertainty           -0.094     7.266    
                         FDRE (Setup_fdre_C_CE)      -0.165     7.101    u_soc_top/u_cpu/u_icache/m_eway_reg_rep
  -------------------------------------------------------------------
                         required time                          7.101    
                         arrival time                          -7.052    
  -------------------------------------------------------------------
                         slack                                  0.050    

Slack (MET) :             0.050ns  (required time - arrival time)
  Source:                 u_soc_top/u_cpu/u_core/reg_ex_mem0_ctrl/data_out_reg[6]/C
                            (rising edge-triggered cell FDRE clocked by cpu_clk  {rise@0.000ns fall@5.000ns period=10.000ns})
  Destination:            u_soc_top/u_cpu/u_icache/m_eway_reg_rep/CE
                            (rising edge-triggered cell FDRE clocked by cpu_clk  {rise@0.000ns fall@5.000ns period=10.000ns})
  Path Group:             cpu_clk
  Path Type:              Setup (Max at Slow Process Corner)
  Requirement:            10.000ns  (cpu_clk rise@10.000ns - cpu_clk rise@0.000ns)
  Data Path Delay:        9.546ns  (logic 2.855ns (29.908%)  route 6.691ns (70.092%))
  Logic Levels:           17  (CARRY4=3 LUT3=1 LUT5=7 LUT6=6)
  Clock Path Skew:        -0.145ns (DCD - SCD + CPR)
    Destination Clock Delay (DCD):    -2.143ns = ( 7.857 - 10.000 ) 
    Source Clock Delay      (SCD):    -2.494ns
    Clock Pessimism Removal (CPR):    -0.496ns
  Clock Uncertainty:      0.094ns  ((TSJ^2 + DJ^2)^1/2) / 2 + PE
    Total System Jitter     (TSJ):    0.071ns
    Discrete Jitter          (DJ):    0.175ns
    Phase Error              (PE):    0.000ns

    Location             Delay type                Incr(ns)  Path(ns)    Netlist Resource(s)
  -------------------------------------------------------------------    -------------------
                         (clock cpu_clk rise edge)    0.000     0.000 r  
    K21                                               0.000     0.000 r  clk_50M (IN)
                         net (fo=0)                   0.000     0.000    u_soc_top/pll_clk.u_clk_pll/inst/clk_in1
    K21                  IBUF (Prop_ibuf_I_O)         1.394     1.394 r  u_soc_top/pll_clk.u_clk_pll/inst/clkin1_ibufg/O
                         net (fo=1, unplaced)         0.584     1.978    u_soc_top/pll_clk.u_clk_pll/inst/clk_in1_clk_pll
                         PLLE2_ADV (Prop_plle2_adv_CLKIN1_CLKOUT0)
                                                     -5.783    -3.805 r  u_soc_top/pll_clk.u_clk_pll/inst/plle2_adv_inst/CLKOUT0
                         net (fo=1, unplaced)         0.646    -3.159    u_soc_top/pll_clk.u_clk_pll/inst/cpu_clk_clk_pll
                         BUFG (Prop_bufg_I_O)         0.081    -3.078 r  u_soc_top/pll_clk.u_clk_pll/inst/clkout1_buf/O
                         net (fo=6895, unplaced)      0.584    -2.494    u_soc_top/u_cpu/u_core/reg_ex_mem0_ctrl/cpu_clk
                         FDRE                                         r  u_soc_top/u_cpu/u_core/reg_ex_mem0_ctrl/data_out_reg[6]/C
  -------------------------------------------------------------------    -------------------
                         FDRE (Prop_fdre_C_Q)         0.379    -2.115 r  u_soc_top/u_cpu/u_core/reg_ex_mem0_ctrl/data_out_reg[6]/Q
                         net (fo=67, unplaced)        0.689    -1.426    u_soc_top/u_cpu/u_core/reg_ex_mem0_ctrl/data_out_reg[6]_0[2]
                         LUT3 (Prop_lut3_I0_O)        0.232    -1.194 r  u_soc_top/u_cpu/u_core/reg_ex_mem0_ctrl/wb_q[0][addr][30]_i_5/O
                         net (fo=115, unplaced)       0.450    -0.744    u_soc_top/u_cpu/u_core/reg_ex_mem1_ctrl/wdata_stored_reg[24]_0
                         LUT5 (Prop_lut5_I1_O)        0.108    -0.636 r  u_soc_top/u_cpu/u_core/reg_ex_mem1_ctrl/wb_q[0][addr][30]_i_2/O
                         net (fo=30, unplaced)        0.417    -0.219    u_soc_top/u_cpu/u_core/reg_ex_mem0_ctrl/wb_q_reg[7][addr][30]
                         LUT5 (Prop_lut5_I4_O)        0.105    -0.114 f  u_soc_top/u_cpu/u_core/reg_ex_mem0_ctrl/r_addr[21]_i_6/O
                         net (fo=33, unplaced)        0.539     0.425    u_soc_top/u_cpu/u_arbiter/r_bank_reg
                         LUT6 (Prop_lut6_I4_O)        0.105     0.530 r  u_soc_top/u_cpu/u_arbiter/r_addr[5]_i_1/O
                         net (fo=11, unplaced)        0.387     0.917    u_soc_top/u_axi_sram_direct/cpu_araddr[3]
                         LUT6 (Prop_lut6_I5_O)        0.105     1.022 r  u_soc_top/u_axi_sram_direct/wb_cover_line_r[15]_i_316/O
                         net (fo=2, unplaced)         0.358     1.380    u_soc_top/u_axi_sram_direct/wb_cover_line_r[15]_i_316_n_0
                         LUT5 (Prop_lut5_I4_O)        0.105     1.485 r  u_soc_top/u_axi_sram_direct/r_addr[21]_i_163/O
                         net (fo=1, unplaced)         0.000     1.485    u_soc_top/u_axi_sram_direct/r_addr[21]_i_163_n_0
                         CARRY4 (Prop_carry4_S[1]_CO[3])
                                                      0.457     1.942 r  u_soc_top/u_axi_sram_direct/r_addr_reg[21]_i_120/CO[3]
                         net (fo=1, unplaced)         0.000     1.942    u_soc_top/u_axi_sram_direct/r_addr_reg[21]_i_120_n_0
                         CARRY4 (Prop_carry4_CI_CO[3])
                                                      0.098     2.040 r  u_soc_top/u_axi_sram_direct/r_addr_reg[21]_i_75/CO[3]
                         net (fo=1, unplaced)         0.000     2.040    u_soc_top/u_axi_sram_direct/r_addr_reg[21]_i_75_n_0
                         CARRY4 (Prop_carry4_CI_CO[1])
                                                      0.149     2.189 f  u_soc_top/u_axi_sram_direct/r_addr_reg[21]_i_48/CO[1]
                         net (fo=1, unplaced)         0.240     2.429    u_soc_top/u_axi_sram_direct/wb_cover_ar17_out
                         LUT6 (Prop_lut6_I0_O)        0.277     2.706 f  u_soc_top/u_axi_sram_direct/r_addr[21]_i_33/O
                         net (fo=6, unplaced)         0.379     3.085    u_soc_top/u_axi_sram_direct/r_addr[21]_i_33_n_0
                         LUT5 (Prop_lut5_I1_O)        0.105     3.190 f  u_soc_top/u_axi_sram_direct/r_addr[21]_i_20/O
                         net (fo=1, unplaced)         0.582     3.772    u_soc_top/u_axi_sram_direct/r_addr[21]_i_20_n_0
                         LUT5 (Prop_lut5_I0_O)        0.105     3.877 r  u_soc_top/u_axi_sram_direct/r_addr[21]_i_12/O
                         net (fo=4, unplaced)         0.606     4.483    u_soc_top/u_axi_sram_direct/r_addr[21]_i_12_n_0
                         LUT6 (Prop_lut6_I1_O)        0.105     4.588 r  u_soc_top/u_axi_sram_direct/r_addr[21]_i_11/O
                         net (fo=2, unplaced)         0.358     4.946    u_soc_top/u_axi_sram_direct/r_addr[21]_i_11_n_0
                         LUT6 (Prop_lut6_I3_O)        0.105     5.051 r  u_soc_top/u_axi_sram_direct/r_addr[21]_i_4/O
                         net (fo=11, unplaced)        0.393     5.444    u_soc_top/u_axi_sram_direct/buffers_1_reg[2]
                         LUT5 (Prop_lut5_I4_O)        0.105     5.549 f  u_soc_top/u_axi_sram_direct/r_for_d_r_i_3/O
                         net (fo=3, unplaced)         0.251     5.800    u_soc_top/u_cpu/u_icache/cpu_arready
                         LUT6 (Prop_lut6_I2_O)        0.105     5.905 f  u_soc_top/u_cpu/u_icache/m_idx[7]_i_2/O
                         net (fo=2, unplaced)         0.593     6.498    u_soc_top/u_cpu/u_icache/m_idx[7]_i_2_n_0
                         LUT5 (Prop_lut5_I1_O)        0.105     6.603 r  u_soc_top/u_cpu/u_icache/m_idx[7]_i_1/O
                         net (fo=51, unplaced)        0.449     7.052    u_soc_top/u_cpu/u_icache/m_wo
                         FDRE                                         r  u_soc_top/u_cpu/u_icache/m_eway_reg_rep/CE
  -------------------------------------------------------------------    -------------------

                         (clock cpu_clk rise edge)   10.000    10.000 r  
    K21                                               0.000    10.000 r  clk_50M (IN)
                         net (fo=0)                   0.000    10.000    u_soc_top/pll_clk.u_clk_pll/inst/clk_in1
    K21                  IBUF (Prop_ibuf_I_O)         1.328    11.328 r  u_soc_top/pll_clk.u_clk_pll/inst/clkin1_ibufg/O
                         net (fo=1, unplaced)         0.439    11.767    u_soc_top/pll_clk.u_clk_pll/inst/clk_in1_clk_pll
                         PLLE2_ADV (Prop_plle2_adv_CLKIN1_CLKOUT0)
                                                     -5.039     6.728 r  u_soc_top/pll_clk.u_clk_pll/inst/plle2_adv_inst/CLKOUT0
                         net (fo=1, unplaced)         0.613     7.341    u_soc_top/pll_clk.u_clk_pll/inst/cpu_clk_clk_pll
                         BUFG (Prop_bufg_I_O)         0.077     7.418 r  u_soc_top/pll_clk.u_clk_pll/inst/clkout1_buf/O
                         net (fo=6895, unplaced)      0.439     7.857    u_soc_top/u_cpu/u_icache/cpu_clk
                         FDRE                                         r  u_soc_top/u_cpu/u_icache/m_eway_reg_rep/C
                         clock pessimism             -0.496     7.361    
                         clock uncertainty           -0.094     7.266    
                         FDRE (Setup_fdre_C_CE)      -0.165     7.101    u_soc_top/u_cpu/u_icache/m_eway_reg_rep
  -------------------------------------------------------------------
                         required time                          7.101    
                         arrival time                          -7.052    
  -------------------------------------------------------------------
                         slack                                  0.050    

Slack (MET) :             0.050ns  (required time - arrival time)
  Source:                 u_soc_top/u_cpu/u_core/reg_ex_mem0_ctrl/data_out_reg[6]/C
                            (rising edge-triggered cell FDRE clocked by cpu_clk  {rise@0.000ns fall@5.000ns period=10.000ns})
  Destination:            u_soc_top/u_cpu/u_icache/m_eway_reg_rep/CE
                            (rising edge-triggered cell FDRE clocked by cpu_clk  {rise@0.000ns fall@5.000ns period=10.000ns})
  Path Group:             cpu_clk
  Path Type:              Setup (Max at Slow Process Corner)
  Requirement:            10.000ns  (cpu_clk rise@10.000ns - cpu_clk rise@0.000ns)
  Data Path Delay:        9.546ns  (logic 2.855ns (29.908%)  route 6.691ns (70.092%))
  Logic Levels:           17  (CARRY4=3 LUT3=1 LUT5=7 LUT6=6)
  Clock Path Skew:        -0.145ns (DCD - SCD + CPR)
    Destination Clock Delay (DCD):    -2.143ns = ( 7.857 - 10.000 ) 
    Source Clock Delay      (SCD):    -2.494ns
    Clock Pessimism Removal (CPR):    -0.496ns
  Clock Uncertainty:      0.094ns  ((TSJ^2 + DJ^2)^1/2) / 2 + PE
    Total System Jitter     (TSJ):    0.071ns
    Discrete Jitter          (DJ):    0.175ns
    Phase Error              (PE):    0.000ns

    Location             Delay type                Incr(ns)  Path(ns)    Netlist Resource(s)
  -------------------------------------------------------------------    -------------------
                         (clock cpu_clk rise edge)    0.000     0.000 r  
    K21                                               0.000     0.000 r  clk_50M (IN)
                         net (fo=0)                   0.000     0.000    u_soc_top/pll_clk.u_clk_pll/inst/clk_in1
    K21                  IBUF (Prop_ibuf_I_O)         1.394     1.394 r  u_soc_top/pll_clk.u_clk_pll/inst/clkin1_ibufg/O
                         net (fo=1, unplaced)         0.584     1.978    u_soc_top/pll_clk.u_clk_pll/inst/clk_in1_clk_pll
                         PLLE2_ADV (Prop_plle2_adv_CLKIN1_CLKOUT0)
                                                     -5.783    -3.805 r  u_soc_top/pll_clk.u_clk_pll/inst/plle2_adv_inst/CLKOUT0
                         net (fo=1, unplaced)         0.646    -3.159    u_soc_top/pll_clk.u_clk_pll/inst/cpu_clk_clk_pll
                         BUFG (Prop_bufg_I_O)         0.081    -3.078 r  u_soc_top/pll_clk.u_clk_pll/inst/clkout1_buf/O
                         net (fo=6895, unplaced)      0.584    -2.494    u_soc_top/u_cpu/u_core/reg_ex_mem0_ctrl/cpu_clk
                         FDRE                                         r  u_soc_top/u_cpu/u_core/reg_ex_mem0_ctrl/data_out_reg[6]/C
  -------------------------------------------------------------------    -------------------
                         FDRE (Prop_fdre_C_Q)         0.379    -2.115 f  u_soc_top/u_cpu/u_core/reg_ex_mem0_ctrl/data_out_reg[6]/Q
                         net (fo=67, unplaced)        0.689    -1.426    u_soc_top/u_cpu/u_core/reg_ex_mem0_ctrl/data_out_reg[6]_0[2]
                         LUT3 (Prop_lut3_I0_O)        0.232    -1.194 f  u_soc_top/u_cpu/u_core/reg_ex_mem0_ctrl/wb_q[0][addr][30]_i_5/O
                         net (fo=115, unplaced)       0.450    -0.744    u_soc_top/u_cpu/u_core/reg_ex_mem1_ctrl/wdata_stored_reg[24]_0
                         LUT5 (Prop_lut5_I1_O)        0.108    -0.636 f  u_soc_top/u_cpu/u_core/reg_ex_mem1_ctrl/wb_q[0][addr][30]_i_2/O
                         net (fo=30, unplaced)        0.417    -0.219    u_soc_top/u_cpu/u_core/reg_ex_mem0_ctrl/wb_q_reg[7][addr][30]
                         LUT5 (Prop_lut5_I4_O)        0.105    -0.114 r  u_soc_top/u_cpu/u_core/reg_ex_mem0_ctrl/r_addr[21]_i_6/O
                         net (fo=33, unplaced)        0.539     0.425    u_soc_top/u_cpu/u_arbiter/r_bank_reg
                         LUT6 (Prop_lut6_I4_O)        0.105     0.530 r  u_soc_top/u_cpu/u_arbiter/r_addr[5]_i_1/O
                         net (fo=11, unplaced)        0.387     0.917    u_soc_top/u_axi_sram_direct/cpu_araddr[3]
                         LUT6 (Prop_lut6_I5_O)        0.105     1.022 f  u_soc_top/u_axi_sram_direct/wb_cover_line_r[15]_i_316/O
                         net (fo=2, unplaced)         0.358     1.380    u_soc_top/u_axi_sram_direct/wb_cover_line_r[15]_i_316_n_0
                         LUT5 (Prop_lut5_I4_O)        0.105     1.485 f  u_soc_top/u_axi_sram_direct/r_addr[21]_i_163/O
                         net (fo=1, unplaced)         0.000     1.485    u_soc_top/u_axi_sram_direct/r_addr[21]_i_163_n_0
                         CARRY4 (Prop_carry4_S[1]_CO[3])
                                                      0.457     1.942 r  u_soc_top/u_axi_sram_direct/r_addr_reg[21]_i_120/CO[3]
                         net (fo=1, unplaced)         0.000     1.942    u_soc_top/u_axi_sram_direct/r_addr_reg[21]_i_120_n_0
                         CARRY4 (Prop_carry4_CI_CO[3])
                                                      0.098     2.040 r  u_soc_top/u_axi_sram_direct/r_addr_reg[21]_i_75/CO[3]
                         net (fo=1, unplaced)         0.000     2.040    u_soc_top/u_axi_sram_direct/r_addr_reg[21]_i_75_n_0
                         CARRY4 (Prop_carry4_CI_CO[1])
                                                      0.149     2.189 f  u_soc_top/u_axi_sram_direct/r_addr_reg[21]_i_48/CO[1]
                         net (fo=1, unplaced)         0.240     2.429    u_soc_top/u_axi_sram_direct/wb_cover_ar17_out
                         LUT6 (Prop_lut6_I0_O)        0.277     2.706 f  u_soc_top/u_axi_sram_direct/r_addr[21]_i_33/O
                         net (fo=6, unplaced)         0.379     3.085    u_soc_top/u_axi_sram_direct/r_addr[21]_i_33_n_0
                         LUT5 (Prop_lut5_I1_O)        0.105     3.190 f  u_soc_top/u_axi_sram_direct/r_addr[21]_i_20/O
                         net (fo=1, unplaced)         0.582     3.772    u_soc_top/u_axi_sram_direct/r_addr[21]_i_20_n_0
                         LUT5 (Prop_lut5_I0_O)        0.105     3.877 r  u_soc_top/u_axi_sram_direct/r_addr[21]_i_12/O
                         net (fo=4, unplaced)         0.606     4.483    u_soc_top/u_axi_sram_direct/r_addr[21]_i_12_n_0
                         LUT6 (Prop_lut6_I1_O)        0.105     4.588 r  u_soc_top/u_axi_sram_direct/r_addr[21]_i_11/O
                         net (fo=2, unplaced)         0.358     4.946    u_soc_top/u_axi_sram_direct/r_addr[21]_i_11_n_0
                         LUT6 (Prop_lut6_I3_O)        0.105     5.051 r  u_soc_top/u_axi_sram_direct/r_addr[21]_i_4/O
                         net (fo=11, unplaced)        0.393     5.444    u_soc_top/u_axi_sram_direct/buffers_1_reg[2]
                         LUT5 (Prop_lut5_I4_O)        0.105     5.549 f  u_soc_top/u_axi_sram_direct/r_for_d_r_i_3/O
                         net (fo=3, unplaced)         0.251     5.800    u_soc_top/u_cpu/u_icache/cpu_arready
                         LUT6 (Prop_lut6_I2_O)        0.105     5.905 f  u_soc_top/u_cpu/u_icache/m_idx[7]_i_2/O
                         net (fo=2, unplaced)         0.593     6.498    u_soc_top/u_cpu/u_icache/m_idx[7]_i_2_n_0
                         LUT5 (Prop_lut5_I1_O)        0.105     6.603 r  u_soc_top/u_cpu/u_icache/m_idx[7]_i_1/O
                         net (fo=51, unplaced)        0.449     7.052    u_soc_top/u_cpu/u_icache/m_wo
                         FDRE                                         r  u_soc_top/u_cpu/u_icache/m_eway_reg_rep/CE
  -------------------------------------------------------------------    -------------------

                         (clock cpu_clk rise edge)   10.000    10.000 r  
    K21                                               0.000    10.000 r  clk_50M (IN)
                         net (fo=0)                   0.000    10.000    u_soc_top/pll_clk.u_clk_pll/inst/clk_in1
    K21                  IBUF (Prop_ibuf_I_O)         1.328    11.328 r  u_soc_top/pll_clk.u_clk_pll/inst/clkin1_ibufg/O
                         net (fo=1, unplaced)         0.439    11.767    u_soc_top/pll_clk.u_clk_pll/inst/clk_in1_clk_pll
                         PLLE2_ADV (Prop_plle2_adv_CLKIN1_CLKOUT0)
                                                     -5.039     6.728 r  u_soc_top/pll_clk.u_clk_pll/inst/plle2_adv_inst/CLKOUT0
                         net (fo=1, unplaced)         0.613     7.341    u_soc_top/pll_clk.u_clk_pll/inst/cpu_clk_clk_pll
                         BUFG (Prop_bufg_I_O)         0.077     7.418 r  u_soc_top/pll_clk.u_clk_pll/inst/clkout1_buf/O
                         net (fo=6895, unplaced)      0.439     7.857    u_soc_top/u_cpu/u_icache/cpu_clk
                         FDRE                                         r  u_soc_top/u_cpu/u_icache/m_eway_reg_rep/C
                         clock pessimism             -0.496     7.361    
                         clock uncertainty           -0.094     7.266    
                         FDRE (Setup_fdre_C_CE)      -0.165     7.101    u_soc_top/u_cpu/u_icache/m_eway_reg_rep
  -------------------------------------------------------------------
                         required time                          7.101    
                         arrival time                          -7.052    
  -------------------------------------------------------------------
                         slack                                  0.050    

Slack (MET) :             0.050ns  (required time - arrival time)
  Source:                 u_soc_top/u_cpu/u_core/reg_ex_mem0_ctrl/data_out_reg[6]/C
                            (rising edge-triggered cell FDRE clocked by cpu_clk  {rise@0.000ns fall@5.000ns period=10.000ns})
  Destination:            u_soc_top/u_cpu/u_icache/m_eway_reg_rep/CE
                            (rising edge-triggered cell FDRE clocked by cpu_clk  {rise@0.000ns fall@5.000ns period=10.000ns})
  Path Group:             cpu_clk
  Path Type:              Setup (Max at Slow Process Corner)
  Requirement:            10.000ns  (cpu_clk rise@10.000ns - cpu_clk rise@0.000ns)
  Data Path Delay:        9.546ns  (logic 2.855ns (29.908%)  route 6.691ns (70.092%))
  Logic Levels:           17  (CARRY4=3 LUT3=1 LUT5=7 LUT6=6)
  Clock Path Skew:        -0.145ns (DCD - SCD + CPR)
    Destination Clock Delay (DCD):    -2.143ns = ( 7.857 - 10.000 ) 
    Source Clock Delay      (SCD):    -2.494ns
    Clock Pessimism Removal (CPR):    -0.496ns
  Clock Uncertainty:      0.094ns  ((TSJ^2 + DJ^2)^1/2) / 2 + PE
    Total System Jitter     (TSJ):    0.071ns
    Discrete Jitter          (DJ):    0.175ns
    Phase Error              (PE):    0.000ns

    Location             Delay type                Incr(ns)  Path(ns)    Netlist Resource(s)
  -------------------------------------------------------------------    -------------------
                         (clock cpu_clk rise edge)    0.000     0.000 r  
    K21                                               0.000     0.000 r  clk_50M (IN)
                         net (fo=0)                   0.000     0.000    u_soc_top/pll_clk.u_clk_pll/inst/clk_in1
    K21                  IBUF (Prop_ibuf_I_O)         1.394     1.394 r  u_soc_top/pll_clk.u_clk_pll/inst/clkin1_ibufg/O
                         net (fo=1, unplaced)         0.584     1.978    u_soc_top/pll_clk.u_clk_pll/inst/clk_in1_clk_pll
                         PLLE2_ADV (Prop_plle2_adv_CLKIN1_CLKOUT0)
                                                     -5.783    -3.805 r  u_soc_top/pll_clk.u_clk_pll/inst/plle2_adv_inst/CLKOUT0
                         net (fo=1, unplaced)         0.646    -3.159    u_soc_top/pll_clk.u_clk_pll/inst/cpu_clk_clk_pll
                         BUFG (Prop_bufg_I_O)         0.081    -3.078 r  u_soc_top/pll_clk.u_clk_pll/inst/clkout1_buf/O
                         net (fo=6895, unplaced)      0.584    -2.494    u_soc_top/u_cpu/u_core/reg_ex_mem0_ctrl/cpu_clk
                         FDRE                                         r  u_soc_top/u_cpu/u_core/reg_ex_mem0_ctrl/data_out_reg[6]/C
  -------------------------------------------------------------------    -------------------
                         FDRE (Prop_fdre_C_Q)         0.379    -2.115 r  u_soc_top/u_cpu/u_core/reg_ex_mem0_ctrl/data_out_reg[6]/Q
                         net (fo=67, unplaced)        0.689    -1.426    u_soc_top/u_cpu/u_core/reg_ex_mem0_ctrl/data_out_reg[6]_0[2]
                         LUT3 (Prop_lut3_I0_O)        0.232    -1.194 r  u_soc_top/u_cpu/u_core/reg_ex_mem0_ctrl/wb_q[0][addr][30]_i_5/O
                         net (fo=115, unplaced)       0.450    -0.744    u_soc_top/u_cpu/u_core/reg_ex_mem1_ctrl/wdata_stored_reg[24]_0
                         LUT5 (Prop_lut5_I1_O)        0.108    -0.636 r  u_soc_top/u_cpu/u_core/reg_ex_mem1_ctrl/wb_q[0][addr][30]_i_2/O
                         net (fo=30, unplaced)        0.417    -0.219    u_soc_top/u_cpu/u_core/reg_ex_mem0_ctrl/wb_q_reg[7][addr][30]
                         LUT5 (Prop_lut5_I4_O)        0.105    -0.114 f  u_soc_top/u_cpu/u_core/reg_ex_mem0_ctrl/r_addr[21]_i_6/O
                         net (fo=33, unplaced)        0.539     0.425    u_soc_top/u_cpu/u_arbiter/r_bank_reg
                         LUT6 (Prop_lut6_I4_O)        0.105     0.530 r  u_soc_top/u_cpu/u_arbiter/r_addr[5]_i_1/O
                         net (fo=11, unplaced)        0.387     0.917    u_soc_top/u_axi_sram_direct/cpu_araddr[3]
                         LUT6 (Prop_lut6_I5_O)        0.105     1.022 f  u_soc_top/u_axi_sram_direct/wb_cover_line_r[15]_i_316/O
                         net (fo=2, unplaced)         0.358     1.380    u_soc_top/u_axi_sram_direct/wb_cover_line_r[15]_i_316_n_0
                         LUT5 (Prop_lut5_I4_O)        0.105     1.485 f  u_soc_top/u_axi_sram_direct/r_addr[21]_i_163/O
                         net (fo=1, unplaced)         0.000     1.485    u_soc_top/u_axi_sram_direct/r_addr[21]_i_163_n_0
                         CARRY4 (Prop_carry4_S[1]_CO[3])
                                                      0.457     1.942 r  u_soc_top/u_axi_sram_direct/r_addr_reg[21]_i_120/CO[3]
                         net (fo=1, unplaced)         0.000     1.942    u_soc_top/u_axi_sram_direct/r_addr_reg[21]_i_120_n_0
                         CARRY4 (Prop_carry4_CI_CO[3])
                                                      0.098     2.040 r  u_soc_top/u_axi_sram_direct/r_addr_reg[21]_i_75/CO[3]
                         net (fo=1, unplaced)         0.000     2.040    u_soc_top/u_axi_sram_direct/r_addr_reg[21]_i_75_n_0
                         CARRY4 (Prop_carry4_CI_CO[1])
                                                      0.149     2.189 f  u_soc_top/u_axi_sram_direct/r_addr_reg[21]_i_48/CO[1]
                         net (fo=1, unplaced)         0.240     2.429    u_soc_top/u_axi_sram_direct/wb_cover_ar17_out
                         LUT6 (Prop_lut6_I0_O)        0.277     2.706 f  u_soc_top/u_axi_sram_direct/r_addr[21]_i_33/O
                         net (fo=6, unplaced)         0.379     3.085    u_soc_top/u_axi_sram_direct/r_addr[21]_i_33_n_0
                         LUT5 (Prop_lut5_I1_O)        0.105     3.190 f  u_soc_top/u_axi_sram_direct/r_addr[21]_i_20/O
                         net (fo=1, unplaced)         0.582     3.772    u_soc_top/u_axi_sram_direct/r_addr[21]_i_20_n_0
                         LUT5 (Prop_lut5_I0_O)        0.105     3.877 r  u_soc_top/u_axi_sram_direct/r_addr[21]_i_12/O
                         net (fo=4, unplaced)         0.606     4.483    u_soc_top/u_axi_sram_direct/r_addr[21]_i_12_n_0
                         LUT6 (Prop_lut6_I1_O)        0.105     4.588 r  u_soc_top/u_axi_sram_direct/r_addr[21]_i_11/O
                         net (fo=2, unplaced)         0.358     4.946    u_soc_top/u_axi_sram_direct/r_addr[21]_i_11_n_0
                         LUT6 (Prop_lut6_I3_O)        0.105     5.051 r  u_soc_top/u_axi_sram_direct/r_addr[21]_i_4/O
                         net (fo=11, unplaced)        0.393     5.444    u_soc_top/u_axi_sram_direct/buffers_1_reg[2]
                         LUT5 (Prop_lut5_I4_O)        0.105     5.549 f  u_soc_top/u_axi_sram_direct/r_for_d_r_i_3/O
                         net (fo=3, unplaced)         0.251     5.800    u_soc_top/u_cpu/u_icache/cpu_arready
                         LUT6 (Prop_lut6_I2_O)        0.105     5.905 f  u_soc_top/u_cpu/u_icache/m_idx[7]_i_2/O
                         net (fo=2, unplaced)         0.593     6.498    u_soc_top/u_cpu/u_icache/m_idx[7]_i_2_n_0
                         LUT5 (Prop_lut5_I1_O)        0.105     6.603 r  u_soc_top/u_cpu/u_icache/m_idx[7]_i_1/O
                         net (fo=51, unplaced)        0.449     7.052    u_soc_top/u_cpu/u_icache/m_wo
                         FDRE                                         r  u_soc_top/u_cpu/u_icache/m_eway_reg_rep/CE
  -------------------------------------------------------------------    -------------------

                         (clock cpu_clk rise edge)   10.000    10.000 r  
    K21                                               0.000    10.000 r  clk_50M (IN)
                         net (fo=0)                   0.000    10.000    u_soc_top/pll_clk.u_clk_pll/inst/clk_in1
    K21                  IBUF (Prop_ibuf_I_O)         1.328    11.328 r  u_soc_top/pll_clk.u_clk_pll/inst/clkin1_ibufg/O
                         net (fo=1, unplaced)         0.439    11.767    u_soc_top/pll_clk.u_clk_pll/inst/clk_in1_clk_pll
                         PLLE2_ADV (Prop_plle2_adv_CLKIN1_CLKOUT0)
                                                     -5.039     6.728 r  u_soc_top/pll_clk.u_clk_pll/inst/plle2_adv_inst/CLKOUT0
                         net (fo=1, unplaced)         0.613     7.341    u_soc_top/pll_clk.u_clk_pll/inst/cpu_clk_clk_pll
                         BUFG (Prop_bufg_I_O)         0.077     7.418 r  u_soc_top/pll_clk.u_clk_pll/inst/clkout1_buf/O
                         net (fo=6895, unplaced)      0.439     7.857    u_soc_top/u_cpu/u_icache/cpu_clk
                         FDRE                                         r  u_soc_top/u_cpu/u_icache/m_eway_reg_rep/C
                         clock pessimism             -0.496     7.361    
                         clock uncertainty           -0.094     7.266    
                         FDRE (Setup_fdre_C_CE)      -0.165     7.101    u_soc_top/u_cpu/u_icache/m_eway_reg_rep
  -------------------------------------------------------------------
                         required time                          7.101    
                         arrival time                          -7.052    
  -------------------------------------------------------------------
                         slack                                  0.050    

Slack (MET) :             0.050ns  (required time - arrival time)
  Source:                 u_soc_top/u_cpu/u_core/reg_ex_mem0_ctrl/data_out_reg[6]/C
                            (rising edge-triggered cell FDRE clocked by cpu_clk  {rise@0.000ns fall@5.000ns period=10.000ns})
  Destination:            u_soc_top/u_cpu/u_icache/m_eway_reg_rep/CE
                            (rising edge-triggered cell FDRE clocked by cpu_clk  {rise@0.000ns fall@5.000ns period=10.000ns})
  Path Group:             cpu_clk
  Path Type:              Setup (Max at Slow Process Corner)
  Requirement:            10.000ns  (cpu_clk rise@10.000ns - cpu_clk rise@0.000ns)
  Data Path Delay:        9.546ns  (logic 2.855ns (29.908%)  route 6.691ns (70.092%))
  Logic Levels:           17  (CARRY4=3 LUT3=1 LUT5=7 LUT6=6)
  Clock Path Skew:        -0.145ns (DCD - SCD + CPR)
    Destination Clock Delay (DCD):    -2.143ns = ( 7.857 - 10.000 ) 
    Source Clock Delay      (SCD):    -2.494ns
    Clock Pessimism Removal (CPR):    -0.496ns
  Clock Uncertainty:      0.094ns  ((TSJ^2 + DJ^2)^1/2) / 2 + PE
    Total System Jitter     (TSJ):    0.071ns
    Discrete Jitter          (DJ):    0.175ns
    Phase Error              (PE):    0.000ns

    Location             Delay type                Incr(ns)  Path(ns)    Netlist Resource(s)
  -------------------------------------------------------------------    -------------------
                         (clock cpu_clk rise edge)    0.000     0.000 r  
    K21                                               0.000     0.000 r  clk_50M (IN)
                         net (fo=0)                   0.000     0.000    u_soc_top/pll_clk.u_clk_pll/inst/clk_in1
    K21                  IBUF (Prop_ibuf_I_O)         1.394     1.394 r  u_soc_top/pll_clk.u_clk_pll/inst/clkin1_ibufg/O
                         net (fo=1, unplaced)         0.584     1.978    u_soc_top/pll_clk.u_clk_pll/inst/clk_in1_clk_pll
                         PLLE2_ADV (Prop_plle2_adv_CLKIN1_CLKOUT0)
                                                     -5.783    -3.805 r  u_soc_top/pll_clk.u_clk_pll/inst/plle2_adv_inst/CLKOUT0
                         net (fo=1, unplaced)         0.646    -3.159    u_soc_top/pll_clk.u_clk_pll/inst/cpu_clk_clk_pll
                         BUFG (Prop_bufg_I_O)         0.081    -3.078 r  u_soc_top/pll_clk.u_clk_pll/inst/clkout1_buf/O
                         net (fo=6895, unplaced)      0.584    -2.494    u_soc_top/u_cpu/u_core/reg_ex_mem0_ctrl/cpu_clk
                         FDRE                                         r  u_soc_top/u_cpu/u_core/reg_ex_mem0_ctrl/data_out_reg[6]/C
  -------------------------------------------------------------------    -------------------
                         FDRE (Prop_fdre_C_Q)         0.379    -2.115 f  u_soc_top/u_cpu/u_core/reg_ex_mem0_ctrl/data_out_reg[6]/Q
                         net (fo=67, unplaced)        0.689    -1.426    u_soc_top/u_cpu/u_core/reg_ex_mem0_ctrl/data_out_reg[6]_0[2]
                         LUT3 (Prop_lut3_I0_O)        0.232    -1.194 f  u_soc_top/u_cpu/u_core/reg_ex_mem0_ctrl/wb_q[0][addr][30]_i_5/O
                         net (fo=115, unplaced)       0.450    -0.744    u_soc_top/u_cpu/u_core/reg_ex_mem1_ctrl/wdata_stored_reg[24]_0
                         LUT5 (Prop_lut5_I1_O)        0.108    -0.636 f  u_soc_top/u_cpu/u_core/reg_ex_mem1_ctrl/wb_q[0][addr][30]_i_2/O
                         net (fo=30, unplaced)        0.417    -0.219    u_soc_top/u_cpu/u_core/reg_ex_mem0_ctrl/wb_q_reg[7][addr][30]
                         LUT5 (Prop_lut5_I4_O)        0.105    -0.114 r  u_soc_top/u_cpu/u_core/reg_ex_mem0_ctrl/r_addr[21]_i_6/O
                         net (fo=33, unplaced)        0.539     0.425    u_soc_top/u_cpu/u_arbiter/r_bank_reg
                         LUT6 (Prop_lut6_I4_O)        0.105     0.530 r  u_soc_top/u_cpu/u_arbiter/r_addr[5]_i_1/O
                         net (fo=11, unplaced)        0.387     0.917    u_soc_top/u_axi_sram_direct/cpu_araddr[3]
                         LUT6 (Prop_lut6_I5_O)        0.105     1.022 r  u_soc_top/u_axi_sram_direct/wb_cover_line_r[15]_i_316/O
                         net (fo=2, unplaced)         0.358     1.380    u_soc_top/u_axi_sram_direct/wb_cover_line_r[15]_i_316_n_0
                         LUT5 (Prop_lut5_I4_O)        0.105     1.485 r  u_soc_top/u_axi_sram_direct/r_addr[21]_i_163/O
                         net (fo=1, unplaced)         0.000     1.485    u_soc_top/u_axi_sram_direct/r_addr[21]_i_163_n_0
                         CARRY4 (Prop_carry4_S[1]_CO[3])
                                                      0.457     1.942 f  u_soc_top/u_axi_sram_direct/r_addr_reg[21]_i_120/CO[3]
                         net (fo=1, unplaced)         0.000     1.942    u_soc_top/u_axi_sram_direct/r_addr_reg[21]_i_120_n_0
                         CARRY4 (Prop_carry4_CI_CO[3])
                                                      0.098     2.040 r  u_soc_top/u_axi_sram_direct/r_addr_reg[21]_i_75/CO[3]
                         net (fo=1, unplaced)         0.000     2.040    u_soc_top/u_axi_sram_direct/r_addr_reg[21]_i_75_n_0
                         CARRY4 (Prop_carry4_CI_CO[1])
                                                      0.149     2.189 f  u_soc_top/u_axi_sram_direct/r_addr_reg[21]_i_48/CO[1]
                         net (fo=1, unplaced)         0.240     2.429    u_soc_top/u_axi_sram_direct/wb_cover_ar17_out
                         LUT6 (Prop_lut6_I0_O)        0.277     2.706 f  u_soc_top/u_axi_sram_direct/r_addr[21]_i_33/O
                         net (fo=6, unplaced)         0.379     3.085    u_soc_top/u_axi_sram_direct/r_addr[21]_i_33_n_0
                         LUT5 (Prop_lut5_I1_O)        0.105     3.190 f  u_soc_top/u_axi_sram_direct/r_addr[21]_i_20/O
                         net (fo=1, unplaced)         0.582     3.772    u_soc_top/u_axi_sram_direct/r_addr[21]_i_20_n_0
                         LUT5 (Prop_lut5_I0_O)        0.105     3.877 r  u_soc_top/u_axi_sram_direct/r_addr[21]_i_12/O
                         net (fo=4, unplaced)         0.606     4.483    u_soc_top/u_axi_sram_direct/r_addr[21]_i_12_n_0
                         LUT6 (Prop_lut6_I1_O)        0.105     4.588 r  u_soc_top/u_axi_sram_direct/r_addr[21]_i_11/O
                         net (fo=2, unplaced)         0.358     4.946    u_soc_top/u_axi_sram_direct/r_addr[21]_i_11_n_0
                         LUT6 (Prop_lut6_I3_O)        0.105     5.051 r  u_soc_top/u_axi_sram_direct/r_addr[21]_i_4/O
                         net (fo=11, unplaced)        0.393     5.444    u_soc_top/u_axi_sram_direct/buffers_1_reg[2]
                         LUT5 (Prop_lut5_I4_O)        0.105     5.549 f  u_soc_top/u_axi_sram_direct/r_for_d_r_i_3/O
                         net (fo=3, unplaced)         0.251     5.800    u_soc_top/u_cpu/u_icache/cpu_arready
                         LUT6 (Prop_lut6_I2_O)        0.105     5.905 f  u_soc_top/u_cpu/u_icache/m_idx[7]_i_2/O
                         net (fo=2, unplaced)         0.593     6.498    u_soc_top/u_cpu/u_icache/m_idx[7]_i_2_n_0
                         LUT5 (Prop_lut5_I1_O)        0.105     6.603 r  u_soc_top/u_cpu/u_icache/m_idx[7]_i_1/O
                         net (fo=51, unplaced)        0.449     7.052    u_soc_top/u_cpu/u_icache/m_wo
                         FDRE                                         r  u_soc_top/u_cpu/u_icache/m_eway_reg_rep/CE
  -------------------------------------------------------------------    -------------------

                         (clock cpu_clk rise edge)   10.000    10.000 r  
    K21                                               0.000    10.000 r  clk_50M (IN)
                         net (fo=0)                   0.000    10.000    u_soc_top/pll_clk.u_clk_pll/inst/clk_in1
    K21                  IBUF (Prop_ibuf_I_O)         1.328    11.328 r  u_soc_top/pll_clk.u_clk_pll/inst/clkin1_ibufg/O
                         net (fo=1, unplaced)         0.439    11.767    u_soc_top/pll_clk.u_clk_pll/inst/clk_in1_clk_pll
                         PLLE2_ADV (Prop_plle2_adv_CLKIN1_CLKOUT0)
                                                     -5.039     6.728 r  u_soc_top/pll_clk.u_clk_pll/inst/plle2_adv_inst/CLKOUT0
                         net (fo=1, unplaced)         0.613     7.341    u_soc_top/pll_clk.u_clk_pll/inst/cpu_clk_clk_pll
                         BUFG (Prop_bufg_I_O)         0.077     7.418 r  u_soc_top/pll_clk.u_clk_pll/inst/clkout1_buf/O
                         net (fo=6895, unplaced)      0.439     7.857    u_soc_top/u_cpu/u_icache/cpu_clk
                         FDRE                                         r  u_soc_top/u_cpu/u_icache/m_eway_reg_rep/C
                         clock pessimism             -0.496     7.361    
                         clock uncertainty           -0.094     7.266    
                         FDRE (Setup_fdre_C_CE)      -0.165     7.101    u_soc_top/u_cpu/u_icache/m_eway_reg_rep
  -------------------------------------------------------------------
                         required time                          7.101    
                         arrival time                          -7.052    
  -------------------------------------------------------------------
                         slack                                  0.050    

Slack (MET) :             0.050ns  (required time - arrival time)
  Source:                 u_soc_top/u_cpu/u_core/reg_ex_mem0_ctrl/data_out_reg[6]/C
                            (rising edge-triggered cell FDRE clocked by cpu_clk  {rise@0.000ns fall@5.000ns period=10.000ns})
  Destination:            u_soc_top/u_cpu/u_icache/m_eway_reg_rep/CE
                            (rising edge-triggered cell FDRE clocked by cpu_clk  {rise@0.000ns fall@5.000ns period=10.000ns})
  Path Group:             cpu_clk
  Path Type:              Setup (Max at Slow Process Corner)
  Requirement:            10.000ns  (cpu_clk rise@10.000ns - cpu_clk rise@0.000ns)
  Data Path Delay:        9.546ns  (logic 2.855ns (29.908%)  route 6.691ns (70.092%))
  Logic Levels:           17  (CARRY4=3 LUT3=1 LUT5=7 LUT6=6)
  Clock Path Skew:        -0.145ns (DCD - SCD + CPR)
    Destination Clock Delay (DCD):    -2.143ns = ( 7.857 - 10.000 ) 
    Source Clock Delay      (SCD):    -2.494ns
    Clock Pessimism Removal (CPR):    -0.496ns
  Clock Uncertainty:      0.094ns  ((TSJ^2 + DJ^2)^1/2) / 2 + PE
    Total System Jitter     (TSJ):    0.071ns
    Discrete Jitter          (DJ):    0.175ns
    Phase Error              (PE):    0.000ns

    Location             Delay type                Incr(ns)  Path(ns)    Netlist Resource(s)
  -------------------------------------------------------------------    -------------------
                         (clock cpu_clk rise edge)    0.000     0.000 r  
    K21                                               0.000     0.000 r  clk_50M (IN)
                         net (fo=0)                   0.000     0.000    u_soc_top/pll_clk.u_clk_pll/inst/clk_in1
    K21                  IBUF (Prop_ibuf_I_O)         1.394     1.394 r  u_soc_top/pll_clk.u_clk_pll/inst/clkin1_ibufg/O
                         net (fo=1, unplaced)         0.584     1.978    u_soc_top/pll_clk.u_clk_pll/inst/clk_in1_clk_pll
                         PLLE2_ADV (Prop_plle2_adv_CLKIN1_CLKOUT0)
                                                     -5.783    -3.805 r  u_soc_top/pll_clk.u_clk_pll/inst/plle2_adv_inst/CLKOUT0
                         net (fo=1, unplaced)         0.646    -3.159    u_soc_top/pll_clk.u_clk_pll/inst/cpu_clk_clk_pll
                         BUFG (Prop_bufg_I_O)         0.081    -3.078 r  u_soc_top/pll_clk.u_clk_pll/inst/clkout1_buf/O
                         net (fo=6895, unplaced)      0.584    -2.494    u_soc_top/u_cpu/u_core/reg_ex_mem0_ctrl/cpu_clk
                         FDRE                                         r  u_soc_top/u_cpu/u_core/reg_ex_mem0_ctrl/data_out_reg[6]/C
  -------------------------------------------------------------------    -------------------
                         FDRE (Prop_fdre_C_Q)         0.379    -2.115 f  u_soc_top/u_cpu/u_core/reg_ex_mem0_ctrl/data_out_reg[6]/Q
                         net (fo=67, unplaced)        0.689    -1.426    u_soc_top/u_cpu/u_core/reg_ex_mem0_ctrl/data_out_reg[6]_0[2]
                         LUT3 (Prop_lut3_I0_O)        0.232    -1.194 f  u_soc_top/u_cpu/u_core/reg_ex_mem0_ctrl/wb_q[0][addr][30]_i_5/O
                         net (fo=115, unplaced)       0.450    -0.744    u_soc_top/u_cpu/u_core/reg_ex_mem1_ctrl/wdata_stored_reg[24]_0
                         LUT5 (Prop_lut5_I1_O)        0.108    -0.636 f  u_soc_top/u_cpu/u_core/reg_ex_mem1_ctrl/wb_q[0][addr][30]_i_2/O
                         net (fo=30, unplaced)        0.417    -0.219    u_soc_top/u_cpu/u_core/reg_ex_mem0_ctrl/wb_q_reg[7][addr][30]
                         LUT5 (Prop_lut5_I4_O)        0.105    -0.114 r  u_soc_top/u_cpu/u_core/reg_ex_mem0_ctrl/r_addr[21]_i_6/O
                         net (fo=33, unplaced)        0.539     0.425    u_soc_top/u_cpu/u_arbiter/r_bank_reg
                         LUT6 (Prop_lut6_I4_O)        0.105     0.530 r  u_soc_top/u_cpu/u_arbiter/r_addr[5]_i_1/O
                         net (fo=11, unplaced)        0.387     0.917    u_soc_top/u_axi_sram_direct/cpu_araddr[3]
                         LUT6 (Prop_lut6_I5_O)        0.105     1.022 f  u_soc_top/u_axi_sram_direct/wb_cover_line_r[15]_i_316/O
                         net (fo=2, unplaced)         0.358     1.380    u_soc_top/u_axi_sram_direct/wb_cover_line_r[15]_i_316_n_0
                         LUT5 (Prop_lut5_I4_O)        0.105     1.485 f  u_soc_top/u_axi_sram_direct/r_addr[21]_i_163/O
                         net (fo=1, unplaced)         0.000     1.485    u_soc_top/u_axi_sram_direct/r_addr[21]_i_163_n_0
                         CARRY4 (Prop_carry4_S[1]_CO[3])
                                                      0.457     1.942 f  u_soc_top/u_axi_sram_direct/r_addr_reg[21]_i_120/CO[3]
                         net (fo=1, unplaced)         0.000     1.942    u_soc_top/u_axi_sram_direct/r_addr_reg[21]_i_120_n_0
                         CARRY4 (Prop_carry4_CI_CO[3])
                                                      0.098     2.040 r  u_soc_top/u_axi_sram_direct/r_addr_reg[21]_i_75/CO[3]
                         net (fo=1, unplaced)         0.000     2.040    u_soc_top/u_axi_sram_direct/r_addr_reg[21]_i_75_n_0
                         CARRY4 (Prop_carry4_CI_CO[1])
                                                      0.149     2.189 f  u_soc_top/u_axi_sram_direct/r_addr_reg[21]_i_48/CO[1]
                         net (fo=1, unplaced)         0.240     2.429    u_soc_top/u_axi_sram_direct/wb_cover_ar17_out
                         LUT6 (Prop_lut6_I0_O)        0.277     2.706 f  u_soc_top/u_axi_sram_direct/r_addr[21]_i_33/O
                         net (fo=6, unplaced)         0.379     3.085    u_soc_top/u_axi_sram_direct/r_addr[21]_i_33_n_0
                         LUT5 (Prop_lut5_I1_O)        0.105     3.190 f  u_soc_top/u_axi_sram_direct/r_addr[21]_i_20/O
                         net (fo=1, unplaced)         0.582     3.772    u_soc_top/u_axi_sram_direct/r_addr[21]_i_20_n_0
                         LUT5 (Prop_lut5_I0_O)        0.105     3.877 r  u_soc_top/u_axi_sram_direct/r_addr[21]_i_12/O
                         net (fo=4, unplaced)         0.606     4.483    u_soc_top/u_axi_sram_direct/r_addr[21]_i_12_n_0
                         LUT6 (Prop_lut6_I1_O)        0.105     4.588 r  u_soc_top/u_axi_sram_direct/r_addr[21]_i_11/O
                         net (fo=2, unplaced)         0.358     4.946    u_soc_top/u_axi_sram_direct/r_addr[21]_i_11_n_0
                         LUT6 (Prop_lut6_I3_O)        0.105     5.051 r  u_soc_top/u_axi_sram_direct/r_addr[21]_i_4/O
                         net (fo=11, unplaced)        0.393     5.444    u_soc_top/u_axi_sram_direct/buffers_1_reg[2]
                         LUT5 (Prop_lut5_I4_O)        0.105     5.549 f  u_soc_top/u_axi_sram_direct/r_for_d_r_i_3/O
                         net (fo=3, unplaced)         0.251     5.800    u_soc_top/u_cpu/u_icache/cpu_arready
                         LUT6 (Prop_lut6_I2_O)        0.105     5.905 f  u_soc_top/u_cpu/u_icache/m_idx[7]_i_2/O
                         net (fo=2, unplaced)         0.593     6.498    u_soc_top/u_cpu/u_icache/m_idx[7]_i_2_n_0
                         LUT5 (Prop_lut5_I1_O)        0.105     6.603 r  u_soc_top/u_cpu/u_icache/m_idx[7]_i_1/O
                         net (fo=51, unplaced)        0.449     7.052    u_soc_top/u_cpu/u_icache/m_wo
                         FDRE                                         r  u_soc_top/u_cpu/u_icache/m_eway_reg_rep/CE
  -------------------------------------------------------------------    -------------------

                         (clock cpu_clk rise edge)   10.000    10.000 r  
    K21                                               0.000    10.000 r  clk_50M (IN)
                         net (fo=0)                   0.000    10.000    u_soc_top/pll_clk.u_clk_pll/inst/clk_in1
    K21                  IBUF (Prop_ibuf_I_O)         1.328    11.328 r  u_soc_top/pll_clk.u_clk_pll/inst/clkin1_ibufg/O
                         net (fo=1, unplaced)         0.439    11.767    u_soc_top/pll_clk.u_clk_pll/inst/clk_in1_clk_pll
                         PLLE2_ADV (Prop_plle2_adv_CLKIN1_CLKOUT0)
                                                     -5.039     6.728 r  u_soc_top/pll_clk.u_clk_pll/inst/plle2_adv_inst/CLKOUT0
                         net (fo=1, unplaced)         0.613     7.341    u_soc_top/pll_clk.u_clk_pll/inst/cpu_clk_clk_pll
                         BUFG (Prop_bufg_I_O)         0.077     7.418 r  u_soc_top/pll_clk.u_clk_pll/inst/clkout1_buf/O
                         net (fo=6895, unplaced)      0.439     7.857    u_soc_top/u_cpu/u_icache/cpu_clk
                         FDRE                                         r  u_soc_top/u_cpu/u_icache/m_eway_reg_rep/C
                         clock pessimism             -0.496     7.361    
                         clock uncertainty           -0.094     7.266    
                         FDRE (Setup_fdre_C_CE)      -0.165     7.101    u_soc_top/u_cpu/u_icache/m_eway_reg_rep
  -------------------------------------------------------------------
                         required time                          7.101    
                         arrival time                          -7.052    
  -------------------------------------------------------------------
                         slack                                  0.050    

Slack (MET) :             0.050ns  (required time - arrival time)
  Source:                 u_soc_top/u_cpu/u_core/reg_ex_mem0_ctrl/data_out_reg[6]/C
                            (rising edge-triggered cell FDRE clocked by cpu_clk  {rise@0.000ns fall@5.000ns period=10.000ns})
  Destination:            u_soc_top/u_cpu/u_icache/m_eway_reg_rep/CE
                            (rising edge-triggered cell FDRE clocked by cpu_clk  {rise@0.000ns fall@5.000ns period=10.000ns})
  Path Group:             cpu_clk
  Path Type:              Setup (Max at Slow Process Corner)
  Requirement:            10.000ns  (cpu_clk rise@10.000ns - cpu_clk rise@0.000ns)
  Data Path Delay:        9.546ns  (logic 2.855ns (29.908%)  route 6.691ns (70.092%))
  Logic Levels:           17  (CARRY4=3 LUT3=1 LUT5=7 LUT6=6)
  Clock Path Skew:        -0.145ns (DCD - SCD + CPR)
    Destination Clock Delay (DCD):    -2.143ns = ( 7.857 - 10.000 ) 
    Source Clock Delay      (SCD):    -2.494ns
    Clock Pessimism Removal (CPR):    -0.496ns
  Clock Uncertainty:      0.094ns  ((TSJ^2 + DJ^2)^1/2) / 2 + PE
    Total System Jitter     (TSJ):    0.071ns
    Discrete Jitter          (DJ):    0.175ns
    Phase Error              (PE):    0.000ns

    Location             Delay type                Incr(ns)  Path(ns)    Netlist Resource(s)
  -------------------------------------------------------------------    -------------------
                         (clock cpu_clk rise edge)    0.000     0.000 r  
    K21                                               0.000     0.000 r  clk_50M (IN)
                         net (fo=0)                   0.000     0.000    u_soc_top/pll_clk.u_clk_pll/inst/clk_in1
    K21                  IBUF (Prop_ibuf_I_O)         1.394     1.394 r  u_soc_top/pll_clk.u_clk_pll/inst/clkin1_ibufg/O
                         net (fo=1, unplaced)         0.584     1.978    u_soc_top/pll_clk.u_clk_pll/inst/clk_in1_clk_pll
                         PLLE2_ADV (Prop_plle2_adv_CLKIN1_CLKOUT0)
                                                     -5.783    -3.805 r  u_soc_top/pll_clk.u_clk_pll/inst/plle2_adv_inst/CLKOUT0
                         net (fo=1, unplaced)         0.646    -3.159    u_soc_top/pll_clk.u_clk_pll/inst/cpu_clk_clk_pll
                         BUFG (Prop_bufg_I_O)         0.081    -3.078 r  u_soc_top/pll_clk.u_clk_pll/inst/clkout1_buf/O
                         net (fo=6895, unplaced)      0.584    -2.494    u_soc_top/u_cpu/u_core/reg_ex_mem0_ctrl/cpu_clk
                         FDRE                                         r  u_soc_top/u_cpu/u_core/reg_ex_mem0_ctrl/data_out_reg[6]/C
  -------------------------------------------------------------------    -------------------
                         FDRE (Prop_fdre_C_Q)         0.379    -2.115 f  u_soc_top/u_cpu/u_core/reg_ex_mem0_ctrl/data_out_reg[6]/Q
                         net (fo=67, unplaced)        0.689    -1.426    u_soc_top/u_cpu/u_core/reg_ex_mem0_ctrl/data_out_reg[6]_0[2]
                         LUT3 (Prop_lut3_I0_O)        0.232    -1.194 f  u_soc_top/u_cpu/u_core/reg_ex_mem0_ctrl/wb_q[0][addr][30]_i_5/O
                         net (fo=115, unplaced)       0.450    -0.744    u_soc_top/u_cpu/u_core/reg_ex_mem1_ctrl/wdata_stored_reg[24]_0
                         LUT5 (Prop_lut5_I1_O)        0.108    -0.636 f  u_soc_top/u_cpu/u_core/reg_ex_mem1_ctrl/wb_q[0][addr][30]_i_2/O
                         net (fo=30, unplaced)        0.417    -0.219    u_soc_top/u_cpu/u_core/reg_ex_mem0_ctrl/wb_q_reg[7][addr][30]
                         LUT5 (Prop_lut5_I4_O)        0.105    -0.114 r  u_soc_top/u_cpu/u_core/reg_ex_mem0_ctrl/r_addr[21]_i_6/O
                         net (fo=33, unplaced)        0.539     0.425    u_soc_top/u_cpu/u_arbiter/r_bank_reg
                         LUT6 (Prop_lut6_I4_O)        0.105     0.530 r  u_soc_top/u_cpu/u_arbiter/r_addr[5]_i_1/O
                         net (fo=11, unplaced)        0.387     0.917    u_soc_top/u_axi_sram_direct/cpu_araddr[3]
                         LUT6 (Prop_lut6_I5_O)        0.105     1.022 r  u_soc_top/u_axi_sram_direct/wb_cover_line_r[15]_i_316/O
                         net (fo=2, unplaced)         0.358     1.380    u_soc_top/u_axi_sram_direct/wb_cover_line_r[15]_i_316_n_0
                         LUT5 (Prop_lut5_I4_O)        0.105     1.485 r  u_soc_top/u_axi_sram_direct/r_addr[21]_i_163/O
                         net (fo=1, unplaced)         0.000     1.485    u_soc_top/u_axi_sram_direct/r_addr[21]_i_163_n_0
                         CARRY4 (Prop_carry4_S[1]_CO[3])
                                                      0.457     1.942 r  u_soc_top/u_axi_sram_direct/r_addr_reg[21]_i_120/CO[3]
                         net (fo=1, unplaced)         0.000     1.942    u_soc_top/u_axi_sram_direct/r_addr_reg[21]_i_120_n_0
                         CARRY4 (Prop_carry4_CI_CO[3])
                                                      0.098     2.040 f  u_soc_top/u_axi_sram_direct/r_addr_reg[21]_i_75/CO[3]
                         net (fo=1, unplaced)         0.000     2.040    u_soc_top/u_axi_sram_direct/r_addr_reg[21]_i_75_n_0
                         CARRY4 (Prop_carry4_CI_CO[1])
                                                      0.149     2.189 f  u_soc_top/u_axi_sram_direct/r_addr_reg[21]_i_48/CO[1]
                         net (fo=1, unplaced)         0.240     2.429    u_soc_top/u_axi_sram_direct/wb_cover_ar17_out
                         LUT6 (Prop_lut6_I0_O)        0.277     2.706 f  u_soc_top/u_axi_sram_direct/r_addr[21]_i_33/O
                         net (fo=6, unplaced)         0.379     3.085    u_soc_top/u_axi_sram_direct/r_addr[21]_i_33_n_0
                         LUT5 (Prop_lut5_I1_O)        0.105     3.190 f  u_soc_top/u_axi_sram_direct/r_addr[21]_i_20/O
                         net (fo=1, unplaced)         0.582     3.772    u_soc_top/u_axi_sram_direct/r_addr[21]_i_20_n_0
                         LUT5 (Prop_lut5_I0_O)        0.105     3.877 r  u_soc_top/u_axi_sram_direct/r_addr[21]_i_12/O
                         net (fo=4, unplaced)         0.606     4.483    u_soc_top/u_axi_sram_direct/r_addr[21]_i_12_n_0
                         LUT6 (Prop_lut6_I1_O)        0.105     4.588 r  u_soc_top/u_axi_sram_direct/r_addr[21]_i_11/O
                         net (fo=2, unplaced)         0.358     4.946    u_soc_top/u_axi_sram_direct/r_addr[21]_i_11_n_0
                         LUT6 (Prop_lut6_I3_O)        0.105     5.051 r  u_soc_top/u_axi_sram_direct/r_addr[21]_i_4/O
                         net (fo=11, unplaced)        0.393     5.444    u_soc_top/u_axi_sram_direct/buffers_1_reg[2]
                         LUT5 (Prop_lut5_I4_O)        0.105     5.549 f  u_soc_top/u_axi_sram_direct/r_for_d_r_i_3/O
                         net (fo=3, unplaced)         0.251     5.800    u_soc_top/u_cpu/u_icache/cpu_arready
                         LUT6 (Prop_lut6_I2_O)        0.105     5.905 f  u_soc_top/u_cpu/u_icache/m_idx[7]_i_2/O
                         net (fo=2, unplaced)         0.593     6.498    u_soc_top/u_cpu/u_icache/m_idx[7]_i_2_n_0
                         LUT5 (Prop_lut5_I1_O)        0.105     6.603 r  u_soc_top/u_cpu/u_icache/m_idx[7]_i_1/O
                         net (fo=51, unplaced)        0.449     7.052    u_soc_top/u_cpu/u_icache/m_wo
                         FDRE                                         r  u_soc_top/u_cpu/u_icache/m_eway_reg_rep/CE
  -------------------------------------------------------------------    -------------------

                         (clock cpu_clk rise edge)   10.000    10.000 r  
    K21                                               0.000    10.000 r  clk_50M (IN)
                         net (fo=0)                   0.000    10.000    u_soc_top/pll_clk.u_clk_pll/inst/clk_in1
    K21                  IBUF (Prop_ibuf_I_O)         1.328    11.328 r  u_soc_top/pll_clk.u_clk_pll/inst/clkin1_ibufg/O
                         net (fo=1, unplaced)         0.439    11.767    u_soc_top/pll_clk.u_clk_pll/inst/clk_in1_clk_pll
                         PLLE2_ADV (Prop_plle2_adv_CLKIN1_CLKOUT0)
                                                     -5.039     6.728 r  u_soc_top/pll_clk.u_clk_pll/inst/plle2_adv_inst/CLKOUT0
                         net (fo=1, unplaced)         0.613     7.341    u_soc_top/pll_clk.u_clk_pll/inst/cpu_clk_clk_pll
                         BUFG (Prop_bufg_I_O)         0.077     7.418 r  u_soc_top/pll_clk.u_clk_pll/inst/clkout1_buf/O
                         net (fo=6895, unplaced)      0.439     7.857    u_soc_top/u_cpu/u_icache/cpu_clk
                         FDRE                                         r  u_soc_top/u_cpu/u_icache/m_eway_reg_rep/C
                         clock pessimism             -0.496     7.361    
                         clock uncertainty           -0.094     7.266    
                         FDRE (Setup_fdre_C_CE)      -0.165     7.101    u_soc_top/u_cpu/u_icache/m_eway_reg_rep
  -------------------------------------------------------------------
                         required time                          7.101    
                         arrival time                          -7.052    
  -------------------------------------------------------------------
                         slack                                  0.050    

Slack (MET) :             0.050ns  (required time - arrival time)
  Source:                 u_soc_top/u_cpu/u_core/reg_ex_mem0_ctrl/data_out_reg[6]/C
                            (rising edge-triggered cell FDRE clocked by cpu_clk  {rise@0.000ns fall@5.000ns period=10.000ns})
  Destination:            u_soc_top/u_cpu/u_icache/m_eway_reg_rep/CE
                            (rising edge-triggered cell FDRE clocked by cpu_clk  {rise@0.000ns fall@5.000ns period=10.000ns})
  Path Group:             cpu_clk
  Path Type:              Setup (Max at Slow Process Corner)
  Requirement:            10.000ns  (cpu_clk rise@10.000ns - cpu_clk rise@0.000ns)
  Data Path Delay:        9.546ns  (logic 2.855ns (29.908%)  route 6.691ns (70.092%))
  Logic Levels:           17  (CARRY4=3 LUT3=1 LUT5=7 LUT6=6)
  Clock Path Skew:        -0.145ns (DCD - SCD + CPR)
    Destination Clock Delay (DCD):    -2.143ns = ( 7.857 - 10.000 ) 
    Source Clock Delay      (SCD):    -2.494ns
    Clock Pessimism Removal (CPR):    -0.496ns
  Clock Uncertainty:      0.094ns  ((TSJ^2 + DJ^2)^1/2) / 2 + PE
    Total System Jitter     (TSJ):    0.071ns
    Discrete Jitter          (DJ):    0.175ns
    Phase Error              (PE):    0.000ns

    Location             Delay type                Incr(ns)  Path(ns)    Netlist Resource(s)
  -------------------------------------------------------------------    -------------------
                         (clock cpu_clk rise edge)    0.000     0.000 r  
    K21                                               0.000     0.000 r  clk_50M (IN)
                         net (fo=0)                   0.000     0.000    u_soc_top/pll_clk.u_clk_pll/inst/clk_in1
    K21                  IBUF (Prop_ibuf_I_O)         1.394     1.394 r  u_soc_top/pll_clk.u_clk_pll/inst/clkin1_ibufg/O
                         net (fo=1, unplaced)         0.584     1.978    u_soc_top/pll_clk.u_clk_pll/inst/clk_in1_clk_pll
                         PLLE2_ADV (Prop_plle2_adv_CLKIN1_CLKOUT0)
                                                     -5.783    -3.805 r  u_soc_top/pll_clk.u_clk_pll/inst/plle2_adv_inst/CLKOUT0
                         net (fo=1, unplaced)         0.646    -3.159    u_soc_top/pll_clk.u_clk_pll/inst/cpu_clk_clk_pll
                         BUFG (Prop_bufg_I_O)         0.081    -3.078 r  u_soc_top/pll_clk.u_clk_pll/inst/clkout1_buf/O
                         net (fo=6895, unplaced)      0.584    -2.494    u_soc_top/u_cpu/u_core/reg_ex_mem0_ctrl/cpu_clk
                         FDRE                                         r  u_soc_top/u_cpu/u_core/reg_ex_mem0_ctrl/data_out_reg[6]/C
  -------------------------------------------------------------------    -------------------
                         FDRE (Prop_fdre_C_Q)         0.379    -2.115 f  u_soc_top/u_cpu/u_core/reg_ex_mem0_ctrl/data_out_reg[6]/Q
                         net (fo=67, unplaced)        0.689    -1.426    u_soc_top/u_cpu/u_core/reg_ex_mem0_ctrl/data_out_reg[6]_0[2]
                         LUT3 (Prop_lut3_I0_O)        0.232    -1.194 f  u_soc_top/u_cpu/u_core/reg_ex_mem0_ctrl/wb_q[0][addr][30]_i_5/O
                         net (fo=115, unplaced)       0.450    -0.744    u_soc_top/u_cpu/u_core/reg_ex_mem1_ctrl/wdata_stored_reg[24]_0
                         LUT5 (Prop_lut5_I1_O)        0.108    -0.636 f  u_soc_top/u_cpu/u_core/reg_ex_mem1_ctrl/wb_q[0][addr][30]_i_2/O
                         net (fo=30, unplaced)        0.417    -0.219    u_soc_top/u_cpu/u_core/reg_ex_mem0_ctrl/wb_q_reg[7][addr][30]
                         LUT5 (Prop_lut5_I4_O)        0.105    -0.114 r  u_soc_top/u_cpu/u_core/reg_ex_mem0_ctrl/r_addr[21]_i_6/O
                         net (fo=33, unplaced)        0.539     0.425    u_soc_top/u_cpu/u_arbiter/r_bank_reg
                         LUT6 (Prop_lut6_I4_O)        0.105     0.530 r  u_soc_top/u_cpu/u_arbiter/r_addr[5]_i_1/O
                         net (fo=11, unplaced)        0.387     0.917    u_soc_top/u_axi_sram_direct/cpu_araddr[3]
                         LUT6 (Prop_lut6_I5_O)        0.105     1.022 f  u_soc_top/u_axi_sram_direct/wb_cover_line_r[15]_i_316/O
                         net (fo=2, unplaced)         0.358     1.380    u_soc_top/u_axi_sram_direct/wb_cover_line_r[15]_i_316_n_0
                         LUT5 (Prop_lut5_I4_O)        0.105     1.485 f  u_soc_top/u_axi_sram_direct/r_addr[21]_i_163/O
                         net (fo=1, unplaced)         0.000     1.485    u_soc_top/u_axi_sram_direct/r_addr[21]_i_163_n_0
                         CARRY4 (Prop_carry4_S[1]_CO[3])
                                                      0.457     1.942 r  u_soc_top/u_axi_sram_direct/r_addr_reg[21]_i_120/CO[3]
                         net (fo=1, unplaced)         0.000     1.942    u_soc_top/u_axi_sram_direct/r_addr_reg[21]_i_120_n_0
                         CARRY4 (Prop_carry4_CI_CO[3])
                                                      0.098     2.040 f  u_soc_top/u_axi_sram_direct/r_addr_reg[21]_i_75/CO[3]
                         net (fo=1, unplaced)         0.000     2.040    u_soc_top/u_axi_sram_direct/r_addr_reg[21]_i_75_n_0
                         CARRY4 (Prop_carry4_CI_CO[1])
                                                      0.149     2.189 f  u_soc_top/u_axi_sram_direct/r_addr_reg[21]_i_48/CO[1]
                         net (fo=1, unplaced)         0.240     2.429    u_soc_top/u_axi_sram_direct/wb_cover_ar17_out
                         LUT6 (Prop_lut6_I0_O)        0.277     2.706 f  u_soc_top/u_axi_sram_direct/r_addr[21]_i_33/O
                         net (fo=6, unplaced)         0.379     3.085    u_soc_top/u_axi_sram_direct/r_addr[21]_i_33_n_0
                         LUT5 (Prop_lut5_I1_O)        0.105     3.190 f  u_soc_top/u_axi_sram_direct/r_addr[21]_i_20/O
                         net (fo=1, unplaced)         0.582     3.772    u_soc_top/u_axi_sram_direct/r_addr[21]_i_20_n_0
                         LUT5 (Prop_lut5_I0_O)        0.105     3.877 r  u_soc_top/u_axi_sram_direct/r_addr[21]_i_12/O
                         net (fo=4, unplaced)         0.606     4.483    u_soc_top/u_axi_sram_direct/r_addr[21]_i_12_n_0
                         LUT6 (Prop_lut6_I1_O)        0.105     4.588 r  u_soc_top/u_axi_sram_direct/r_addr[21]_i_11/O
                         net (fo=2, unplaced)         0.358     4.946    u_soc_top/u_axi_sram_direct/r_addr[21]_i_11_n_0
                         LUT6 (Prop_lut6_I3_O)        0.105     5.051 r  u_soc_top/u_axi_sram_direct/r_addr[21]_i_4/O
                         net (fo=11, unplaced)        0.393     5.444    u_soc_top/u_axi_sram_direct/buffers_1_reg[2]
                         LUT5 (Prop_lut5_I4_O)        0.105     5.549 f  u_soc_top/u_axi_sram_direct/r_for_d_r_i_3/O
                         net (fo=3, unplaced)         0.251     5.800    u_soc_top/u_cpu/u_icache/cpu_arready
                         LUT6 (Prop_lut6_I2_O)        0.105     5.905 f  u_soc_top/u_cpu/u_icache/m_idx[7]_i_2/O
                         net (fo=2, unplaced)         0.593     6.498    u_soc_top/u_cpu/u_icache/m_idx[7]_i_2_n_0
                         LUT5 (Prop_lut5_I1_O)        0.105     6.603 r  u_soc_top/u_cpu/u_icache/m_idx[7]_i_1/O
                         net (fo=51, unplaced)        0.449     7.052    u_soc_top/u_cpu/u_icache/m_wo
                         FDRE                                         r  u_soc_top/u_cpu/u_icache/m_eway_reg_rep/CE
  -------------------------------------------------------------------    -------------------

                         (clock cpu_clk rise edge)   10.000    10.000 r  
    K21                                               0.000    10.000 r  clk_50M (IN)
                         net (fo=0)                   0.000    10.000    u_soc_top/pll_clk.u_clk_pll/inst/clk_in1
    K21                  IBUF (Prop_ibuf_I_O)         1.328    11.328 r  u_soc_top/pll_clk.u_clk_pll/inst/clkin1_ibufg/O
                         net (fo=1, unplaced)         0.439    11.767    u_soc_top/pll_clk.u_clk_pll/inst/clk_in1_clk_pll
                         PLLE2_ADV (Prop_plle2_adv_CLKIN1_CLKOUT0)
                                                     -5.039     6.728 r  u_soc_top/pll_clk.u_clk_pll/inst/plle2_adv_inst/CLKOUT0
                         net (fo=1, unplaced)         0.613     7.341    u_soc_top/pll_clk.u_clk_pll/inst/cpu_clk_clk_pll
                         BUFG (Prop_bufg_I_O)         0.077     7.418 r  u_soc_top/pll_clk.u_clk_pll/inst/clkout1_buf/O
                         net (fo=6895, unplaced)      0.439     7.857    u_soc_top/u_cpu/u_icache/cpu_clk
                         FDRE                                         r  u_soc_top/u_cpu/u_icache/m_eway_reg_rep/C
                         clock pessimism             -0.496     7.361    
                         clock uncertainty           -0.094     7.266    
                         FDRE (Setup_fdre_C_CE)      -0.165     7.101    u_soc_top/u_cpu/u_icache/m_eway_reg_rep
  -------------------------------------------------------------------
                         required time                          7.101    
                         arrival time                          -7.052    
  -------------------------------------------------------------------
                         slack                                  0.050    

Slack (MET) :             0.050ns  (required time - arrival time)
  Source:                 u_soc_top/u_cpu/u_core/reg_ex_mem0_ctrl/data_out_reg[6]/C
                            (rising edge-triggered cell FDRE clocked by cpu_clk  {rise@0.000ns fall@5.000ns period=10.000ns})
  Destination:            u_soc_top/u_cpu/u_icache/m_eway_reg_rep/CE
                            (rising edge-triggered cell FDRE clocked by cpu_clk  {rise@0.000ns fall@5.000ns period=10.000ns})
  Path Group:             cpu_clk
  Path Type:              Setup (Max at Slow Process Corner)
  Requirement:            10.000ns  (cpu_clk rise@10.000ns - cpu_clk rise@0.000ns)
  Data Path Delay:        9.546ns  (logic 2.855ns (29.908%)  route 6.691ns (70.092%))
  Logic Levels:           17  (CARRY4=3 LUT3=1 LUT5=7 LUT6=6)
  Clock Path Skew:        -0.145ns (DCD - SCD + CPR)
    Destination Clock Delay (DCD):    -2.143ns = ( 7.857 - 10.000 ) 
    Source Clock Delay      (SCD):    -2.494ns
    Clock Pessimism Removal (CPR):    -0.496ns
  Clock Uncertainty:      0.094ns  ((TSJ^2 + DJ^2)^1/2) / 2 + PE
    Total System Jitter     (TSJ):    0.071ns
    Discrete Jitter          (DJ):    0.175ns
    Phase Error              (PE):    0.000ns

    Location             Delay type                Incr(ns)  Path(ns)    Netlist Resource(s)
  -------------------------------------------------------------------    -------------------
                         (clock cpu_clk rise edge)    0.000     0.000 r  
    K21                                               0.000     0.000 r  clk_50M (IN)
                         net (fo=0)                   0.000     0.000    u_soc_top/pll_clk.u_clk_pll/inst/clk_in1
    K21                  IBUF (Prop_ibuf_I_O)         1.394     1.394 r  u_soc_top/pll_clk.u_clk_pll/inst/clkin1_ibufg/O
                         net (fo=1, unplaced)         0.584     1.978    u_soc_top/pll_clk.u_clk_pll/inst/clk_in1_clk_pll
                         PLLE2_ADV (Prop_plle2_adv_CLKIN1_CLKOUT0)
                                                     -5.783    -3.805 r  u_soc_top/pll_clk.u_clk_pll/inst/plle2_adv_inst/CLKOUT0
                         net (fo=1, unplaced)         0.646    -3.159    u_soc_top/pll_clk.u_clk_pll/inst/cpu_clk_clk_pll
                         BUFG (Prop_bufg_I_O)         0.081    -3.078 r  u_soc_top/pll_clk.u_clk_pll/inst/clkout1_buf/O
                         net (fo=6895, unplaced)      0.584    -2.494    u_soc_top/u_cpu/u_core/reg_ex_mem0_ctrl/cpu_clk
                         FDRE                                         r  u_soc_top/u_cpu/u_core/reg_ex_mem0_ctrl/data_out_reg[6]/C
  -------------------------------------------------------------------    -------------------
                         FDRE (Prop_fdre_C_Q)         0.379    -2.115 f  u_soc_top/u_cpu/u_core/reg_ex_mem0_ctrl/data_out_reg[6]/Q
                         net (fo=67, unplaced)        0.689    -1.426    u_soc_top/u_cpu/u_core/reg_ex_mem0_ctrl/data_out_reg[6]_0[2]
                         LUT3 (Prop_lut3_I0_O)        0.232    -1.194 f  u_soc_top/u_cpu/u_core/reg_ex_mem0_ctrl/wb_q[0][addr][30]_i_5/O
                         net (fo=115, unplaced)       0.450    -0.744    u_soc_top/u_cpu/u_core/reg_ex_mem1_ctrl/wdata_stored_reg[24]_0
                         LUT5 (Prop_lut5_I1_O)        0.108    -0.636 f  u_soc_top/u_cpu/u_core/reg_ex_mem1_ctrl/wb_q[0][addr][30]_i_2/O
                         net (fo=30, unplaced)        0.417    -0.219    u_soc_top/u_cpu/u_core/reg_ex_mem0_ctrl/wb_q_reg[7][addr][30]
                         LUT5 (Prop_lut5_I4_O)        0.105    -0.114 r  u_soc_top/u_cpu/u_core/reg_ex_mem0_ctrl/r_addr[21]_i_6/O
                         net (fo=33, unplaced)        0.539     0.425    u_soc_top/u_cpu/u_arbiter/r_bank_reg
                         LUT6 (Prop_lut6_I4_O)        0.105     0.530 r  u_soc_top/u_cpu/u_arbiter/r_addr[5]_i_1/O
                         net (fo=11, unplaced)        0.387     0.917    u_soc_top/u_axi_sram_direct/cpu_araddr[3]
                         LUT6 (Prop_lut6_I5_O)        0.105     1.022 r  u_soc_top/u_axi_sram_direct/wb_cover_line_r[15]_i_316/O
                         net (fo=2, unplaced)         0.358     1.380    u_soc_top/u_axi_sram_direct/wb_cover_line_r[15]_i_316_n_0
                         LUT5 (Prop_lut5_I4_O)        0.105     1.485 r  u_soc_top/u_axi_sram_direct/r_addr[21]_i_163/O
                         net (fo=1, unplaced)         0.000     1.485    u_soc_top/u_axi_sram_direct/r_addr[21]_i_163_n_0
                         CARRY4 (Prop_carry4_S[1]_CO[3])
                                                      0.457     1.942 f  u_soc_top/u_axi_sram_direct/r_addr_reg[21]_i_120/CO[3]
                         net (fo=1, unplaced)         0.000     1.942    u_soc_top/u_axi_sram_direct/r_addr_reg[21]_i_120_n_0
                         CARRY4 (Prop_carry4_CI_CO[3])
                                                      0.098     2.040 f  u_soc_top/u_axi_sram_direct/r_addr_reg[21]_i_75/CO[3]
                         net (fo=1, unplaced)         0.000     2.040    u_soc_top/u_axi_sram_direct/r_addr_reg[21]_i_75_n_0
                         CARRY4 (Prop_carry4_CI_CO[1])
                                                      0.149     2.189 f  u_soc_top/u_axi_sram_direct/r_addr_reg[21]_i_48/CO[1]
                         net (fo=1, unplaced)         0.240     2.429    u_soc_top/u_axi_sram_direct/wb_cover_ar17_out
                         LUT6 (Prop_lut6_I0_O)        0.277     2.706 f  u_soc_top/u_axi_sram_direct/r_addr[21]_i_33/O
                         net (fo=6, unplaced)         0.379     3.085    u_soc_top/u_axi_sram_direct/r_addr[21]_i_33_n_0
                         LUT5 (Prop_lut5_I1_O)        0.105     3.190 f  u_soc_top/u_axi_sram_direct/r_addr[21]_i_20/O
                         net (fo=1, unplaced)         0.582     3.772    u_soc_top/u_axi_sram_direct/r_addr[21]_i_20_n_0
                         LUT5 (Prop_lut5_I0_O)        0.105     3.877 r  u_soc_top/u_axi_sram_direct/r_addr[21]_i_12/O
                         net (fo=4, unplaced)         0.606     4.483    u_soc_top/u_axi_sram_direct/r_addr[21]_i_12_n_0
                         LUT6 (Prop_lut6_I1_O)        0.105     4.588 r  u_soc_top/u_axi_sram_direct/r_addr[21]_i_11/O
                         net (fo=2, unplaced)         0.358     4.946    u_soc_top/u_axi_sram_direct/r_addr[21]_i_11_n_0
                         LUT6 (Prop_lut6_I3_O)        0.105     5.051 r  u_soc_top/u_axi_sram_direct/r_addr[21]_i_4/O
                         net (fo=11, unplaced)        0.393     5.444    u_soc_top/u_axi_sram_direct/buffers_1_reg[2]
                         LUT5 (Prop_lut5_I4_O)        0.105     5.549 f  u_soc_top/u_axi_sram_direct/r_for_d_r_i_3/O
                         net (fo=3, unplaced)         0.251     5.800    u_soc_top/u_cpu/u_icache/cpu_arready
                         LUT6 (Prop_lut6_I2_O)        0.105     5.905 f  u_soc_top/u_cpu/u_icache/m_idx[7]_i_2/O
                         net (fo=2, unplaced)         0.593     6.498    u_soc_top/u_cpu/u_icache/m_idx[7]_i_2_n_0
                         LUT5 (Prop_lut5_I1_O)        0.105     6.603 r  u_soc_top/u_cpu/u_icache/m_idx[7]_i_1/O
                         net (fo=51, unplaced)        0.449     7.052    u_soc_top/u_cpu/u_icache/m_wo
                         FDRE                                         r  u_soc_top/u_cpu/u_icache/m_eway_reg_rep/CE
  -------------------------------------------------------------------    -------------------

                         (clock cpu_clk rise edge)   10.000    10.000 r  
    K21                                               0.000    10.000 r  clk_50M (IN)
                         net (fo=0)                   0.000    10.000    u_soc_top/pll_clk.u_clk_pll/inst/clk_in1
    K21                  IBUF (Prop_ibuf_I_O)         1.328    11.328 r  u_soc_top/pll_clk.u_clk_pll/inst/clkin1_ibufg/O
                         net (fo=1, unplaced)         0.439    11.767    u_soc_top/pll_clk.u_clk_pll/inst/clk_in1_clk_pll
                         PLLE2_ADV (Prop_plle2_adv_CLKIN1_CLKOUT0)
                                                     -5.039     6.728 r  u_soc_top/pll_clk.u_clk_pll/inst/plle2_adv_inst/CLKOUT0
                         net (fo=1, unplaced)         0.613     7.341    u_soc_top/pll_clk.u_clk_pll/inst/cpu_clk_clk_pll
                         BUFG (Prop_bufg_I_O)         0.077     7.418 r  u_soc_top/pll_clk.u_clk_pll/inst/clkout1_buf/O
                         net (fo=6895, unplaced)      0.439     7.857    u_soc_top/u_cpu/u_icache/cpu_clk
                         FDRE                                         r  u_soc_top/u_cpu/u_icache/m_eway_reg_rep/C
                         clock pessimism             -0.496     7.361    
                         clock uncertainty           -0.094     7.266    
                         FDRE (Setup_fdre_C_CE)      -0.165     7.101    u_soc_top/u_cpu/u_icache/m_eway_reg_rep
  -------------------------------------------------------------------
                         required time                          7.101    
                         arrival time                          -7.052    
  -------------------------------------------------------------------
                         slack                                  0.050    

Slack (MET) :             0.050ns  (required time - arrival time)
  Source:                 u_soc_top/u_cpu/u_core/reg_ex_mem0_ctrl/data_out_reg[6]/C
                            (rising edge-triggered cell FDRE clocked by cpu_clk  {rise@0.000ns fall@5.000ns period=10.000ns})
  Destination:            u_soc_top/u_cpu/u_icache/m_eway_reg_rep/CE
                            (rising edge-triggered cell FDRE clocked by cpu_clk  {rise@0.000ns fall@5.000ns period=10.000ns})
  Path Group:             cpu_clk
  Path Type:              Setup (Max at Slow Process Corner)
  Requirement:            10.000ns  (cpu_clk rise@10.000ns - cpu_clk rise@0.000ns)
  Data Path Delay:        9.546ns  (logic 2.855ns (29.908%)  route 6.691ns (70.092%))
  Logic Levels:           17  (CARRY4=3 LUT3=1 LUT5=7 LUT6=6)
  Clock Path Skew:        -0.145ns (DCD - SCD + CPR)
    Destination Clock Delay (DCD):    -2.143ns = ( 7.857 - 10.000 ) 
    Source Clock Delay      (SCD):    -2.494ns
    Clock Pessimism Removal (CPR):    -0.496ns
  Clock Uncertainty:      0.094ns  ((TSJ^2 + DJ^2)^1/2) / 2 + PE
    Total System Jitter     (TSJ):    0.071ns
    Discrete Jitter          (DJ):    0.175ns
    Phase Error              (PE):    0.000ns

    Location             Delay type                Incr(ns)  Path(ns)    Netlist Resource(s)
  -------------------------------------------------------------------    -------------------
                         (clock cpu_clk rise edge)    0.000     0.000 r  
    K21                                               0.000     0.000 r  clk_50M (IN)
                         net (fo=0)                   0.000     0.000    u_soc_top/pll_clk.u_clk_pll/inst/clk_in1
    K21                  IBUF (Prop_ibuf_I_O)         1.394     1.394 r  u_soc_top/pll_clk.u_clk_pll/inst/clkin1_ibufg/O
                         net (fo=1, unplaced)         0.584     1.978    u_soc_top/pll_clk.u_clk_pll/inst/clk_in1_clk_pll
                         PLLE2_ADV (Prop_plle2_adv_CLKIN1_CLKOUT0)
                                                     -5.783    -3.805 r  u_soc_top/pll_clk.u_clk_pll/inst/plle2_adv_inst/CLKOUT0
                         net (fo=1, unplaced)         0.646    -3.159    u_soc_top/pll_clk.u_clk_pll/inst/cpu_clk_clk_pll
                         BUFG (Prop_bufg_I_O)         0.081    -3.078 r  u_soc_top/pll_clk.u_clk_pll/inst/clkout1_buf/O
                         net (fo=6895, unplaced)      0.584    -2.494    u_soc_top/u_cpu/u_core/reg_ex_mem0_ctrl/cpu_clk
                         FDRE                                         r  u_soc_top/u_cpu/u_core/reg_ex_mem0_ctrl/data_out_reg[6]/C
  -------------------------------------------------------------------    -------------------
                         FDRE (Prop_fdre_C_Q)         0.379    -2.115 f  u_soc_top/u_cpu/u_core/reg_ex_mem0_ctrl/data_out_reg[6]/Q
                         net (fo=67, unplaced)        0.689    -1.426    u_soc_top/u_cpu/u_core/reg_ex_mem0_ctrl/data_out_reg[6]_0[2]
                         LUT3 (Prop_lut3_I0_O)        0.232    -1.194 f  u_soc_top/u_cpu/u_core/reg_ex_mem0_ctrl/wb_q[0][addr][30]_i_5/O
                         net (fo=115, unplaced)       0.450    -0.744    u_soc_top/u_cpu/u_core/reg_ex_mem1_ctrl/wdata_stored_reg[24]_0
                         LUT5 (Prop_lut5_I1_O)        0.108    -0.636 f  u_soc_top/u_cpu/u_core/reg_ex_mem1_ctrl/wb_q[0][addr][30]_i_2/O
                         net (fo=30, unplaced)        0.417    -0.219    u_soc_top/u_cpu/u_core/reg_ex_mem0_ctrl/wb_q_reg[7][addr][30]
                         LUT5 (Prop_lut5_I4_O)        0.105    -0.114 r  u_soc_top/u_cpu/u_core/reg_ex_mem0_ctrl/r_addr[21]_i_6/O
                         net (fo=33, unplaced)        0.539     0.425    u_soc_top/u_cpu/u_arbiter/r_bank_reg
                         LUT6 (Prop_lut6_I4_O)        0.105     0.530 r  u_soc_top/u_cpu/u_arbiter/r_addr[5]_i_1/O
                         net (fo=11, unplaced)        0.387     0.917    u_soc_top/u_axi_sram_direct/cpu_araddr[3]
                         LUT6 (Prop_lut6_I5_O)        0.105     1.022 f  u_soc_top/u_axi_sram_direct/wb_cover_line_r[15]_i_316/O
                         net (fo=2, unplaced)         0.358     1.380    u_soc_top/u_axi_sram_direct/wb_cover_line_r[15]_i_316_n_0
                         LUT5 (Prop_lut5_I4_O)        0.105     1.485 f  u_soc_top/u_axi_sram_direct/r_addr[21]_i_163/O
                         net (fo=1, unplaced)         0.000     1.485    u_soc_top/u_axi_sram_direct/r_addr[21]_i_163_n_0
                         CARRY4 (Prop_carry4_S[1]_CO[3])
                                                      0.457     1.942 f  u_soc_top/u_axi_sram_direct/r_addr_reg[21]_i_120/CO[3]
                         net (fo=1, unplaced)         0.000     1.942    u_soc_top/u_axi_sram_direct/r_addr_reg[21]_i_120_n_0
                         CARRY4 (Prop_carry4_CI_CO[3])
                                                      0.098     2.040 f  u_soc_top/u_axi_sram_direct/r_addr_reg[21]_i_75/CO[3]
                         net (fo=1, unplaced)         0.000     2.040    u_soc_top/u_axi_sram_direct/r_addr_reg[21]_i_75_n_0
                         CARRY4 (Prop_carry4_CI_CO[1])
                                                      0.149     2.189 f  u_soc_top/u_axi_sram_direct/r_addr_reg[21]_i_48/CO[1]
                         net (fo=1, unplaced)         0.240     2.429    u_soc_top/u_axi_sram_direct/wb_cover_ar17_out
                         LUT6 (Prop_lut6_I0_O)        0.277     2.706 f  u_soc_top/u_axi_sram_direct/r_addr[21]_i_33/O
                         net (fo=6, unplaced)         0.379     3.085    u_soc_top/u_axi_sram_direct/r_addr[21]_i_33_n_0
                         LUT5 (Prop_lut5_I1_O)        0.105     3.190 f  u_soc_top/u_axi_sram_direct/r_addr[21]_i_20/O
                         net (fo=1, unplaced)         0.582     3.772    u_soc_top/u_axi_sram_direct/r_addr[21]_i_20_n_0
                         LUT5 (Prop_lut5_I0_O)        0.105     3.877 r  u_soc_top/u_axi_sram_direct/r_addr[21]_i_12/O
                         net (fo=4, unplaced)         0.606     4.483    u_soc_top/u_axi_sram_direct/r_addr[21]_i_12_n_0
                         LUT6 (Prop_lut6_I1_O)        0.105     4.588 r  u_soc_top/u_axi_sram_direct/r_addr[21]_i_11/O
                         net (fo=2, unplaced)         0.358     4.946    u_soc_top/u_axi_sram_direct/r_addr[21]_i_11_n_0
                         LUT6 (Prop_lut6_I3_O)        0.105     5.051 r  u_soc_top/u_axi_sram_direct/r_addr[21]_i_4/O
                         net (fo=11, unplaced)        0.393     5.444    u_soc_top/u_axi_sram_direct/buffers_1_reg[2]
                         LUT5 (Prop_lut5_I4_O)        0.105     5.549 f  u_soc_top/u_axi_sram_direct/r_for_d_r_i_3/O
                         net (fo=3, unplaced)         0.251     5.800    u_soc_top/u_cpu/u_icache/cpu_arready
                         LUT6 (Prop_lut6_I2_O)        0.105     5.905 f  u_soc_top/u_cpu/u_icache/m_idx[7]_i_2/O
                         net (fo=2, unplaced)         0.593     6.498    u_soc_top/u_cpu/u_icache/m_idx[7]_i_2_n_0
                         LUT5 (Prop_lut5_I1_O)        0.105     6.603 r  u_soc_top/u_cpu/u_icache/m_idx[7]_i_1/O
                         net (fo=51, unplaced)        0.449     7.052    u_soc_top/u_cpu/u_icache/m_wo
                         FDRE                                         r  u_soc_top/u_cpu/u_icache/m_eway_reg_rep/CE
  -------------------------------------------------------------------    -------------------

                         (clock cpu_clk rise edge)   10.000    10.000 r  
    K21                                               0.000    10.000 r  clk_50M (IN)
                         net (fo=0)                   0.000    10.000    u_soc_top/pll_clk.u_clk_pll/inst/clk_in1
    K21                  IBUF (Prop_ibuf_I_O)         1.328    11.328 r  u_soc_top/pll_clk.u_clk_pll/inst/clkin1_ibufg/O
                         net (fo=1, unplaced)         0.439    11.767    u_soc_top/pll_clk.u_clk_pll/inst/clk_in1_clk_pll
                         PLLE2_ADV (Prop_plle2_adv_CLKIN1_CLKOUT0)
                                                     -5.039     6.728 r  u_soc_top/pll_clk.u_clk_pll/inst/plle2_adv_inst/CLKOUT0
                         net (fo=1, unplaced)         0.613     7.341    u_soc_top/pll_clk.u_clk_pll/inst/cpu_clk_clk_pll
                         BUFG (Prop_bufg_I_O)         0.077     7.418 r  u_soc_top/pll_clk.u_clk_pll/inst/clkout1_buf/O
                         net (fo=6895, unplaced)      0.439     7.857    u_soc_top/u_cpu/u_icache/cpu_clk
                         FDRE                                         r  u_soc_top/u_cpu/u_icache/m_eway_reg_rep/C
                         clock pessimism             -0.496     7.361    
                         clock uncertainty           -0.094     7.266    
                         FDRE (Setup_fdre_C_CE)      -0.165     7.101    u_soc_top/u_cpu/u_icache/m_eway_reg_rep
  -------------------------------------------------------------------
                         required time                          7.101    
                         arrival time                          -7.052    
  -------------------------------------------------------------------
                         slack                                  0.050    




