Copyright 1986-2019 Xilinx, Inc. All Rights Reserved.
---------------------------------------------------------------------------------------------------------------------
| Tool Version : Vivado v.2019.2 (lin64) Build 2708876 Wed Nov  6 21:39:14 MST 2019
| Date         : Tue Aug  4 15:05:23 2026
| Host         : 8ea7e1448ac0 running 64-bit Ubuntu 18.04.6 LTS
| Command      : report_timing -max_paths 20 -nworst 10 -file /workspace/run_vivado/project/synth_critical_paths.rpt
| Design       : thinpad_top
| Device       : 7a200t-fbg676
| Speed File   : -2  PRODUCTION 1.23 2018-06-13
---------------------------------------------------------------------------------------------------------------------

Timing Report

Slack (MET) :             0.382ns  (required time - arrival time)
  Source:                 u_soc_top/u_cpu/u_core/reg_ex_mem0_ctrl/data_out_reg[6]/C
                            (rising edge-triggered cell FDRE clocked by cpu_clk  {rise@0.000ns fall@5.000ns period=10.000ns})
  Destination:            u_soc_top/u_axi_sram_direct/base_ram_sel_r_reg/D
                            (rising edge-triggered cell FDSE clocked by cpu_clk  {rise@0.000ns fall@5.000ns period=10.000ns})
  Path Group:             cpu_clk
  Path Type:              Setup (Max at Slow Process Corner)
  Requirement:            10.000ns  (cpu_clk rise@10.000ns - cpu_clk rise@0.000ns)
  Data Path Delay:        9.408ns  (logic 2.766ns (29.401%)  route 6.642ns (70.599%))
  Logic Levels:           17  (CARRY4=1 LUT1=1 LUT3=2 LUT5=5 LUT6=8)
  Clock Path Skew:        -0.145ns (DCD - SCD + CPR)
    Destination Clock Delay (DCD):    -2.143ns = ( 7.857 - 10.000 ) 
    Source Clock Delay      (SCD):    -2.494ns
    Clock Pessimism Removal (CPR):    -0.496ns
  Clock Uncertainty:      0.094ns  ((TSJ^2 + DJ^2)^1/2) / 2 + PE
    Total System Jitter     (TSJ):    0.071ns
    Discrete Jitter          (DJ):    0.175ns
    Phase Error              (PE):    0.000ns

    Location             Delay type                Incr(ns)  Path(ns)    Netlist Resource(s)
  -------------------------------------------------------------------    -------------------
                         (clock cpu_clk rise edge)    0.000     0.000 r  
    K21                                               0.000     0.000 r  clk_50M (IN)
                         net (fo=0)                   0.000     0.000    u_soc_top/pll_clk.u_clk_pll/inst/clk_in1
    K21                  IBUF (Prop_ibuf_I_O)         1.394     1.394 r  u_soc_top/pll_clk.u_clk_pll/inst/clkin1_ibufg/O
                         net (fo=1, unplaced)         0.584     1.978    u_soc_top/pll_clk.u_clk_pll/inst/clk_in1_clk_pll
                         PLLE2_ADV (Prop_plle2_adv_CLKIN1_CLKOUT0)
                                                     -5.783    -3.805 r  u_soc_top/pll_clk.u_clk_pll/inst/plle2_adv_inst/CLKOUT0
                         net (fo=1, unplaced)         0.646    -3.159    u_soc_top/pll_clk.u_clk_pll/inst/cpu_clk_clk_pll
                         BUFG (Prop_bufg_I_O)         0.081    -3.078 r  u_soc_top/pll_clk.u_clk_pll/inst/clkout1_buf/O
                         net (fo=4479, unplaced)      0.584    -2.494    u_soc_top/u_cpu/u_core/reg_ex_mem0_ctrl/cpu_clk
                         FDRE                                         r  u_soc_top/u_cpu/u_core/reg_ex_mem0_ctrl/data_out_reg[6]/C
  -------------------------------------------------------------------    -------------------
                         FDRE (Prop_fdre_C_Q)         0.379    -2.115 r  u_soc_top/u_cpu/u_core/reg_ex_mem0_ctrl/data_out_reg[6]/Q
                         net (fo=124, unplaced)       0.704    -1.411    u_soc_top/u_cpu/u_core/reg_ex_mem0_ctrl/ex_mem0_out[ctrl][valid]
                         LUT3 (Prop_lut3_I0_O)        0.232    -1.179 r  u_soc_top/u_cpu/u_core/reg_ex_mem0_ctrl/wdata_stored[31]_i_5/O
                         net (fo=102, unplaced)       0.447    -0.732    u_soc_top/u_cpu/u_core/reg_ex_mem1_data/wdata_stored_reg[8]
                         LUT5 (Prop_lut5_I3_O)        0.105    -0.627 f  u_soc_top/u_cpu/u_core/reg_ex_mem1_data/wstrb_stored[2]_i_2/O
                         net (fo=7, unplaced)         0.617    -0.010    u_soc_top/u_cpu/u_core/reg_ex_mem1_data/data_out_reg[34]_0
                         LUT6 (Prop_lut6_I0_O)        0.105     0.095 f  u_soc_top/u_cpu/u_core/reg_ex_mem1_data/r_addr[31]_i_5/O
                         net (fo=12, unplaced)        0.395     0.490    u_soc_top/u_cpu/u_core/reg_ex_mem1_ctrl/ar_preview_addr_r_reg[25]
                         LUT6 (Prop_lut6_I5_O)        0.105     0.595 r  u_soc_top/u_cpu/u_core/reg_ex_mem1_ctrl/r_addr[31]_i_4/O
                         net (fo=68, unplaced)        0.437     1.032    u_soc_top/u_cpu/u_core/reg_ex_mem1_ctrl/FSM_sequential_state_reg
                         LUT5 (Prop_lut5_I3_O)        0.105     1.137 f  u_soc_top/u_cpu/u_core/reg_ex_mem1_ctrl/ar_preview_addr_r[31]_i_2/O
                         net (fo=2, unplaced)         0.478     1.615    u_soc_top/u_cpu/u_arbiter/ar_preview_addr_r_reg[31]_0
                         LUT6 (Prop_lut6_I3_O)        0.105     1.720 f  u_soc_top/u_cpu/u_arbiter/ar_preview_addr_r[31]_i_1/O
                         net (fo=2, unplaced)         0.352     2.072    u_soc_top/u_axi_sram_direct/D[29]
                         LUT3 (Prop_lut3_I0_O)        0.105     2.177 r  u_soc_top/u_axi_sram_direct/wb_cover_line_r[14]_i_26/O
                         net (fo=8, unplaced)         0.385     2.562    u_soc_top/u_axi_sram_direct/wb_cover_line_r[14]_i_26_n_0
                         LUT6 (Prop_lut6_I0_O)        0.105     2.667 r  u_soc_top/u_axi_sram_direct/wb_fwd_w_r[31]_i_32/O
                         net (fo=1, unplaced)         0.347     3.014    u_soc_top/u_axi_sram_direct/wb_fwd_w_r[31]_i_32_n_0
                         LUT5 (Prop_lut5_I4_O)        0.105     3.119 r  u_soc_top/u_axi_sram_direct/wb_fwd_w_r[31]_i_17/O
                         net (fo=1, unplaced)         0.000     3.119    u_soc_top/u_axi_sram_direct/wb_fwd_w_r[31]_i_17_n_0
                         CARRY4 (Prop_carry4_S[1]_CO[1])
                                                      0.408     3.527 f  u_soc_top/u_axi_sram_direct/wb_fwd_w_r_reg[31]_i_12/CO[1]
                         net (fo=1, unplaced)         0.240     3.767    u_soc_top/u_axi_sram_direct/wb_cover_ar11_out
                         LUT5 (Prop_lut5_I4_O)        0.277     4.044 f  u_soc_top/u_axi_sram_direct/wb_fwd_w_r[31]_i_9/O
                         net (fo=26, unplaced)        0.413     4.457    u_soc_top/u_axi_sram_direct/wb_fwd_w_r[31]_i_9_n_0
                         LUT6 (Prop_lut6_I4_O)        0.105     4.562 f  u_soc_top/u_axi_sram_direct/wb_fwd_w_r[15]_i_5/O
                         net (fo=2, unplaced)         0.358     4.920    u_soc_top/u_axi_sram_direct/wb_fwd_w_r[15]_i_5_n_0
                         LUT5 (Prop_lut5_I2_O)        0.105     5.025 r  u_soc_top/u_axi_sram_direct/wb_full_w_r_i_12/O
                         net (fo=1, unplaced)         0.347     5.372    u_soc_top/u_axi_sram_direct/wb_full_w_r_i_12_n_0
                         LUT6 (Prop_lut6_I5_O)        0.105     5.477 r  u_soc_top/u_axi_sram_direct/wb_full_w_r_i_5/O
                         net (fo=5, unplaced)         0.375     5.852    u_soc_top/u_axi_sram_direct/wb_full_w_r_i_5_n_0
                         LUT6 (Prop_lut6_I0_O)        0.105     5.957 r  u_soc_top/u_axi_sram_direct/ram_addr_out_r[19]_i_4/O
                         net (fo=15, unplaced)        0.400     6.357    u_soc_top/u_axi_sram_direct/ram_addr_out_r[19]_i_4_n_0
                         LUT6 (Prop_lut6_I4_O)        0.105     6.462 f  u_soc_top/u_axi_sram_direct/base_ram_sel_r_i_2/O
                         net (fo=1, unplaced)         0.347     6.809    u_soc_top/base_ram_sel_r0
                         LUT1 (Prop_lut1_I0_O)        0.105     6.914 r  u_soc_top/base_ram_sel_r_i_1/O
                         net (fo=1, unplaced)         0.000     6.914    u_soc_top/u_axi_sram_direct/base_ram_sel_r_reg_0
                         FDSE                                         r  u_soc_top/u_axi_sram_direct/base_ram_sel_r_reg/D
  -------------------------------------------------------------------    -------------------

                         (clock cpu_clk rise edge)   10.000    10.000 r  
    K21                                               0.000    10.000 r  clk_50M (IN)
                         net (fo=0)                   0.000    10.000    u_soc_top/pll_clk.u_clk_pll/inst/clk_in1
    K21                  IBUF (Prop_ibuf_I_O)         1.328    11.328 r  u_soc_top/pll_clk.u_clk_pll/inst/clkin1_ibufg/O
                         net (fo=1, unplaced)         0.439    11.767    u_soc_top/pll_clk.u_clk_pll/inst/clk_in1_clk_pll
                         PLLE2_ADV (Prop_plle2_adv_CLKIN1_CLKOUT0)
                                                     -5.039     6.728 r  u_soc_top/pll_clk.u_clk_pll/inst/plle2_adv_inst/CLKOUT0
                         net (fo=1, unplaced)         0.613     7.341    u_soc_top/pll_clk.u_clk_pll/inst/cpu_clk_clk_pll
                         BUFG (Prop_bufg_I_O)         0.077     7.418 r  u_soc_top/pll_clk.u_clk_pll/inst/clkout1_buf/O
                         net (fo=4479, unplaced)      0.439     7.857    u_soc_top/u_axi_sram_direct/cpu_clk
                         FDSE                                         r  u_soc_top/u_axi_sram_direct/base_ram_sel_r_reg/C
                         clock pessimism             -0.496     7.361    
                         clock uncertainty           -0.094     7.266    
                         FDSE (Setup_fdse_C_D)        0.029     7.295    u_soc_top/u_axi_sram_direct/base_ram_sel_r_reg
  -------------------------------------------------------------------
                         required time                          7.295    
                         arrival time                          -6.914    
  -------------------------------------------------------------------
                         slack                                  0.382    

Slack (MET) :             0.382ns  (required time - arrival time)
  Source:                 u_soc_top/u_cpu/u_core/reg_ex_mem0_ctrl/data_out_reg[6]/C
                            (rising edge-triggered cell FDRE clocked by cpu_clk  {rise@0.000ns fall@5.000ns period=10.000ns})
  Destination:            u_soc_top/u_axi_sram_direct/base_ram_sel_r_reg/D
                            (rising edge-triggered cell FDSE clocked by cpu_clk  {rise@0.000ns fall@5.000ns period=10.000ns})
  Path Group:             cpu_clk
  Path Type:              Setup (Max at Slow Process Corner)
  Requirement:            10.000ns  (cpu_clk rise@10.000ns - cpu_clk rise@0.000ns)
  Data Path Delay:        9.408ns  (logic 2.766ns (29.401%)  route 6.642ns (70.599%))
  Logic Levels:           17  (CARRY4=1 LUT1=1 LUT3=2 LUT5=5 LUT6=8)
  Clock Path Skew:        -0.145ns (DCD - SCD + CPR)
    Destination Clock Delay (DCD):    -2.143ns = ( 7.857 - 10.000 ) 
    Source Clock Delay      (SCD):    -2.494ns
    Clock Pessimism Removal (CPR):    -0.496ns
  Clock Uncertainty:      0.094ns  ((TSJ^2 + DJ^2)^1/2) / 2 + PE
    Total System Jitter     (TSJ):    0.071ns
    Discrete Jitter          (DJ):    0.175ns
    Phase Error              (PE):    0.000ns

    Location             Delay type                Incr(ns)  Path(ns)    Netlist Resource(s)
  -------------------------------------------------------------------    -------------------
                         (clock cpu_clk rise edge)    0.000     0.000 r  
    K21                                               0.000     0.000 r  clk_50M (IN)
                         net (fo=0)                   0.000     0.000    u_soc_top/pll_clk.u_clk_pll/inst/clk_in1
    K21                  IBUF (Prop_ibuf_I_O)         1.394     1.394 r  u_soc_top/pll_clk.u_clk_pll/inst/clkin1_ibufg/O
                         net (fo=1, unplaced)         0.584     1.978    u_soc_top/pll_clk.u_clk_pll/inst/clk_in1_clk_pll
                         PLLE2_ADV (Prop_plle2_adv_CLKIN1_CLKOUT0)
                                                     -5.783    -3.805 r  u_soc_top/pll_clk.u_clk_pll/inst/plle2_adv_inst/CLKOUT0
                         net (fo=1, unplaced)         0.646    -3.159    u_soc_top/pll_clk.u_clk_pll/inst/cpu_clk_clk_pll
                         BUFG (Prop_bufg_I_O)         0.081    -3.078 r  u_soc_top/pll_clk.u_clk_pll/inst/clkout1_buf/O
                         net (fo=4479, unplaced)      0.584    -2.494    u_soc_top/u_cpu/u_core/reg_ex_mem0_ctrl/cpu_clk
                         FDRE                                         r  u_soc_top/u_cpu/u_core/reg_ex_mem0_ctrl/data_out_reg[6]/C
  -------------------------------------------------------------------    -------------------
                         FDRE (Prop_fdre_C_Q)         0.379    -2.115 r  u_soc_top/u_cpu/u_core/reg_ex_mem0_ctrl/data_out_reg[6]/Q
                         net (fo=124, unplaced)       0.704    -1.411    u_soc_top/u_cpu/u_core/reg_ex_mem0_ctrl/ex_mem0_out[ctrl][valid]
                         LUT3 (Prop_lut3_I0_O)        0.232    -1.179 r  u_soc_top/u_cpu/u_core/reg_ex_mem0_ctrl/wdata_stored[31]_i_5/O
                         net (fo=102, unplaced)       0.447    -0.732    u_soc_top/u_cpu/u_core/reg_ex_mem1_data/wdata_stored_reg[8]
                         LUT5 (Prop_lut5_I3_O)        0.105    -0.627 r  u_soc_top/u_cpu/u_core/reg_ex_mem1_data/wstrb_stored[2]_i_2/O
                         net (fo=7, unplaced)         0.617    -0.010    u_soc_top/u_cpu/u_core/reg_ex_mem1_data/data_out_reg[34]_0
                         LUT6 (Prop_lut6_I0_O)        0.105     0.095 r  u_soc_top/u_cpu/u_core/reg_ex_mem1_data/r_addr[31]_i_5/O
                         net (fo=12, unplaced)        0.395     0.490    u_soc_top/u_cpu/u_core/reg_ex_mem1_ctrl/ar_preview_addr_r_reg[25]
                         LUT6 (Prop_lut6_I5_O)        0.105     0.595 f  u_soc_top/u_cpu/u_core/reg_ex_mem1_ctrl/r_addr[31]_i_4/O
                         net (fo=68, unplaced)        0.437     1.032    u_soc_top/u_cpu/u_core/reg_ex_mem1_ctrl/FSM_sequential_state_reg
                         LUT5 (Prop_lut5_I3_O)        0.105     1.137 f  u_soc_top/u_cpu/u_core/reg_ex_mem1_ctrl/ar_preview_addr_r[31]_i_2/O
                         net (fo=2, unplaced)         0.478     1.615    u_soc_top/u_cpu/u_arbiter/ar_preview_addr_r_reg[31]_0
                         LUT6 (Prop_lut6_I3_O)        0.105     1.720 f  u_soc_top/u_cpu/u_arbiter/ar_preview_addr_r[31]_i_1/O
                         net (fo=2, unplaced)         0.352     2.072    u_soc_top/u_axi_sram_direct/D[29]
                         LUT3 (Prop_lut3_I0_O)        0.105     2.177 r  u_soc_top/u_axi_sram_direct/wb_cover_line_r[14]_i_26/O
                         net (fo=8, unplaced)         0.385     2.562    u_soc_top/u_axi_sram_direct/wb_cover_line_r[14]_i_26_n_0
                         LUT6 (Prop_lut6_I0_O)        0.105     2.667 r  u_soc_top/u_axi_sram_direct/wb_fwd_w_r[31]_i_32/O
                         net (fo=1, unplaced)         0.347     3.014    u_soc_top/u_axi_sram_direct/wb_fwd_w_r[31]_i_32_n_0
                         LUT5 (Prop_lut5_I4_O)        0.105     3.119 r  u_soc_top/u_axi_sram_direct/wb_fwd_w_r[31]_i_17/O
                         net (fo=1, unplaced)         0.000     3.119    u_soc_top/u_axi_sram_direct/wb_fwd_w_r[31]_i_17_n_0
                         CARRY4 (Prop_carry4_S[1]_CO[1])
                                                      0.408     3.527 f  u_soc_top/u_axi_sram_direct/wb_fwd_w_r_reg[31]_i_12/CO[1]
                         net (fo=1, unplaced)         0.240     3.767    u_soc_top/u_axi_sram_direct/wb_cover_ar11_out
                         LUT5 (Prop_lut5_I4_O)        0.277     4.044 f  u_soc_top/u_axi_sram_direct/wb_fwd_w_r[31]_i_9/O
                         net (fo=26, unplaced)        0.413     4.457    u_soc_top/u_axi_sram_direct/wb_fwd_w_r[31]_i_9_n_0
                         LUT6 (Prop_lut6_I4_O)        0.105     4.562 f  u_soc_top/u_axi_sram_direct/wb_fwd_w_r[15]_i_5/O
                         net (fo=2, unplaced)         0.358     4.920    u_soc_top/u_axi_sram_direct/wb_fwd_w_r[15]_i_5_n_0
                         LUT5 (Prop_lut5_I2_O)        0.105     5.025 r  u_soc_top/u_axi_sram_direct/wb_full_w_r_i_12/O
                         net (fo=1, unplaced)         0.347     5.372    u_soc_top/u_axi_sram_direct/wb_full_w_r_i_12_n_0
                         LUT6 (Prop_lut6_I5_O)        0.105     5.477 r  u_soc_top/u_axi_sram_direct/wb_full_w_r_i_5/O
                         net (fo=5, unplaced)         0.375     5.852    u_soc_top/u_axi_sram_direct/wb_full_w_r_i_5_n_0
                         LUT6 (Prop_lut6_I0_O)        0.105     5.957 r  u_soc_top/u_axi_sram_direct/ram_addr_out_r[19]_i_4/O
                         net (fo=15, unplaced)        0.400     6.357    u_soc_top/u_axi_sram_direct/ram_addr_out_r[19]_i_4_n_0
                         LUT6 (Prop_lut6_I4_O)        0.105     6.462 f  u_soc_top/u_axi_sram_direct/base_ram_sel_r_i_2/O
                         net (fo=1, unplaced)         0.347     6.809    u_soc_top/base_ram_sel_r0
                         LUT1 (Prop_lut1_I0_O)        0.105     6.914 r  u_soc_top/base_ram_sel_r_i_1/O
                         net (fo=1, unplaced)         0.000     6.914    u_soc_top/u_axi_sram_direct/base_ram_sel_r_reg_0
                         FDSE                                         r  u_soc_top/u_axi_sram_direct/base_ram_sel_r_reg/D
  -------------------------------------------------------------------    -------------------

                         (clock cpu_clk rise edge)   10.000    10.000 r  
    K21                                               0.000    10.000 r  clk_50M (IN)
                         net (fo=0)                   0.000    10.000    u_soc_top/pll_clk.u_clk_pll/inst/clk_in1
    K21                  IBUF (Prop_ibuf_I_O)         1.328    11.328 r  u_soc_top/pll_clk.u_clk_pll/inst/clkin1_ibufg/O
                         net (fo=1, unplaced)         0.439    11.767    u_soc_top/pll_clk.u_clk_pll/inst/clk_in1_clk_pll
                         PLLE2_ADV (Prop_plle2_adv_CLKIN1_CLKOUT0)
                                                     -5.039     6.728 r  u_soc_top/pll_clk.u_clk_pll/inst/plle2_adv_inst/CLKOUT0
                         net (fo=1, unplaced)         0.613     7.341    u_soc_top/pll_clk.u_clk_pll/inst/cpu_clk_clk_pll
                         BUFG (Prop_bufg_I_O)         0.077     7.418 r  u_soc_top/pll_clk.u_clk_pll/inst/clkout1_buf/O
                         net (fo=4479, unplaced)      0.439     7.857    u_soc_top/u_axi_sram_direct/cpu_clk
                         FDSE                                         r  u_soc_top/u_axi_sram_direct/base_ram_sel_r_reg/C
                         clock pessimism             -0.496     7.361    
                         clock uncertainty           -0.094     7.266    
                         FDSE (Setup_fdse_C_D)        0.029     7.295    u_soc_top/u_axi_sram_direct/base_ram_sel_r_reg
  -------------------------------------------------------------------
                         required time                          7.295    
                         arrival time                          -6.914    
  -------------------------------------------------------------------
                         slack                                  0.382    

Slack (MET) :             0.382ns  (required time - arrival time)
  Source:                 u_soc_top/u_cpu/u_core/reg_ex_mem0_ctrl/data_out_reg[6]/C
                            (rising edge-triggered cell FDRE clocked by cpu_clk  {rise@0.000ns fall@5.000ns period=10.000ns})
  Destination:            u_soc_top/u_axi_sram_direct/base_ram_sel_r_reg/D
                            (rising edge-triggered cell FDSE clocked by cpu_clk  {rise@0.000ns fall@5.000ns period=10.000ns})
  Path Group:             cpu_clk
  Path Type:              Setup (Max at Slow Process Corner)
  Requirement:            10.000ns  (cpu_clk rise@10.000ns - cpu_clk rise@0.000ns)
  Data Path Delay:        9.408ns  (logic 2.766ns (29.401%)  route 6.642ns (70.599%))
  Logic Levels:           17  (CARRY4=1 LUT1=1 LUT3=2 LUT5=5 LUT6=8)
  Clock Path Skew:        -0.145ns (DCD - SCD + CPR)
    Destination Clock Delay (DCD):    -2.143ns = ( 7.857 - 10.000 ) 
    Source Clock Delay      (SCD):    -2.494ns
    Clock Pessimism Removal (CPR):    -0.496ns
  Clock Uncertainty:      0.094ns  ((TSJ^2 + DJ^2)^1/2) / 2 + PE
    Total System Jitter     (TSJ):    0.071ns
    Discrete Jitter          (DJ):    0.175ns
    Phase Error              (PE):    0.000ns

    Location             Delay type                Incr(ns)  Path(ns)    Netlist Resource(s)
  -------------------------------------------------------------------    -------------------
                         (clock cpu_clk rise edge)    0.000     0.000 r  
    K21                                               0.000     0.000 r  clk_50M (IN)
                         net (fo=0)                   0.000     0.000    u_soc_top/pll_clk.u_clk_pll/inst/clk_in1
    K21                  IBUF (Prop_ibuf_I_O)         1.394     1.394 r  u_soc_top/pll_clk.u_clk_pll/inst/clkin1_ibufg/O
                         net (fo=1, unplaced)         0.584     1.978    u_soc_top/pll_clk.u_clk_pll/inst/clk_in1_clk_pll
                         PLLE2_ADV (Prop_plle2_adv_CLKIN1_CLKOUT0)
                                                     -5.783    -3.805 r  u_soc_top/pll_clk.u_clk_pll/inst/plle2_adv_inst/CLKOUT0
                         net (fo=1, unplaced)         0.646    -3.159    u_soc_top/pll_clk.u_clk_pll/inst/cpu_clk_clk_pll
                         BUFG (Prop_bufg_I_O)         0.081    -3.078 r  u_soc_top/pll_clk.u_clk_pll/inst/clkout1_buf/O
                         net (fo=4479, unplaced)      0.584    -2.494    u_soc_top/u_cpu/u_core/reg_ex_mem0_ctrl/cpu_clk
                         FDRE                                         r  u_soc_top/u_cpu/u_core/reg_ex_mem0_ctrl/data_out_reg[6]/C
  -------------------------------------------------------------------    -------------------
                         FDRE (Prop_fdre_C_Q)         0.379    -2.115 r  u_soc_top/u_cpu/u_core/reg_ex_mem0_ctrl/data_out_reg[6]/Q
                         net (fo=124, unplaced)       0.704    -1.411    u_soc_top/u_cpu/u_core/reg_ex_mem0_ctrl/ex_mem0_out[ctrl][valid]
                         LUT3 (Prop_lut3_I0_O)        0.232    -1.179 r  u_soc_top/u_cpu/u_core/reg_ex_mem0_ctrl/wdata_stored[31]_i_5/O
                         net (fo=102, unplaced)       0.447    -0.732    u_soc_top/u_cpu/u_core/reg_ex_mem1_data/wdata_stored_reg[8]
                         LUT5 (Prop_lut5_I3_O)        0.105    -0.627 f  u_soc_top/u_cpu/u_core/reg_ex_mem1_data/wstrb_stored[2]_i_2/O
                         net (fo=7, unplaced)         0.617    -0.010    u_soc_top/u_cpu/u_core/reg_ex_mem1_data/data_out_reg[34]_0
                         LUT6 (Prop_lut6_I0_O)        0.105     0.095 f  u_soc_top/u_cpu/u_core/reg_ex_mem1_data/r_addr[31]_i_5/O
                         net (fo=12, unplaced)        0.395     0.490    u_soc_top/u_cpu/u_core/reg_ex_mem1_ctrl/ar_preview_addr_r_reg[25]
                         LUT6 (Prop_lut6_I5_O)        0.105     0.595 r  u_soc_top/u_cpu/u_core/reg_ex_mem1_ctrl/r_addr[31]_i_4/O
                         net (fo=68, unplaced)        0.437     1.032    u_soc_top/u_cpu/u_core/reg_ex_mem1_ctrl/FSM_sequential_state_reg
                         LUT5 (Prop_lut5_I3_O)        0.105     1.137 r  u_soc_top/u_cpu/u_core/reg_ex_mem1_ctrl/ar_preview_addr_r[31]_i_2/O
                         net (fo=2, unplaced)         0.478     1.615    u_soc_top/u_cpu/u_arbiter/ar_preview_addr_r_reg[31]_0
                         LUT6 (Prop_lut6_I3_O)        0.105     1.720 r  u_soc_top/u_cpu/u_arbiter/ar_preview_addr_r[31]_i_1/O
                         net (fo=2, unplaced)         0.352     2.072    u_soc_top/u_axi_sram_direct/D[29]
                         LUT3 (Prop_lut3_I0_O)        0.105     2.177 f  u_soc_top/u_axi_sram_direct/wb_cover_line_r[14]_i_26/O
                         net (fo=8, unplaced)         0.385     2.562    u_soc_top/u_axi_sram_direct/wb_cover_line_r[14]_i_26_n_0
                         LUT6 (Prop_lut6_I0_O)        0.105     2.667 r  u_soc_top/u_axi_sram_direct/wb_fwd_w_r[31]_i_32/O
                         net (fo=1, unplaced)         0.347     3.014    u_soc_top/u_axi_sram_direct/wb_fwd_w_r[31]_i_32_n_0
                         LUT5 (Prop_lut5_I4_O)        0.105     3.119 r  u_soc_top/u_axi_sram_direct/wb_fwd_w_r[31]_i_17/O
                         net (fo=1, unplaced)         0.000     3.119    u_soc_top/u_axi_sram_direct/wb_fwd_w_r[31]_i_17_n_0
                         CARRY4 (Prop_carry4_S[1]_CO[1])
                                                      0.408     3.527 f  u_soc_top/u_axi_sram_direct/wb_fwd_w_r_reg[31]_i_12/CO[1]
                         net (fo=1, unplaced)         0.240     3.767    u_soc_top/u_axi_sram_direct/wb_cover_ar11_out
                         LUT5 (Prop_lut5_I4_O)        0.277     4.044 f  u_soc_top/u_axi_sram_direct/wb_fwd_w_r[31]_i_9/O
                         net (fo=26, unplaced)        0.413     4.457    u_soc_top/u_axi_sram_direct/wb_fwd_w_r[31]_i_9_n_0
                         LUT6 (Prop_lut6_I4_O)        0.105     4.562 f  u_soc_top/u_axi_sram_direct/wb_fwd_w_r[15]_i_5/O
                         net (fo=2, unplaced)         0.358     4.920    u_soc_top/u_axi_sram_direct/wb_fwd_w_r[15]_i_5_n_0
                         LUT5 (Prop_lut5_I2_O)        0.105     5.025 r  u_soc_top/u_axi_sram_direct/wb_full_w_r_i_12/O
                         net (fo=1, unplaced)         0.347     5.372    u_soc_top/u_axi_sram_direct/wb_full_w_r_i_12_n_0
                         LUT6 (Prop_lut6_I5_O)        0.105     5.477 r  u_soc_top/u_axi_sram_direct/wb_full_w_r_i_5/O
                         net (fo=5, unplaced)         0.375     5.852    u_soc_top/u_axi_sram_direct/wb_full_w_r_i_5_n_0
                         LUT6 (Prop_lut6_I0_O)        0.105     5.957 r  u_soc_top/u_axi_sram_direct/ram_addr_out_r[19]_i_4/O
                         net (fo=15, unplaced)        0.400     6.357    u_soc_top/u_axi_sram_direct/ram_addr_out_r[19]_i_4_n_0
                         LUT6 (Prop_lut6_I4_O)        0.105     6.462 f  u_soc_top/u_axi_sram_direct/base_ram_sel_r_i_2/O
                         net (fo=1, unplaced)         0.347     6.809    u_soc_top/base_ram_sel_r0
                         LUT1 (Prop_lut1_I0_O)        0.105     6.914 r  u_soc_top/base_ram_sel_r_i_1/O
                         net (fo=1, unplaced)         0.000     6.914    u_soc_top/u_axi_sram_direct/base_ram_sel_r_reg_0
                         FDSE                                         r  u_soc_top/u_axi_sram_direct/base_ram_sel_r_reg/D
  -------------------------------------------------------------------    -------------------

                         (clock cpu_clk rise edge)   10.000    10.000 r  
    K21                                               0.000    10.000 r  clk_50M (IN)
                         net (fo=0)                   0.000    10.000    u_soc_top/pll_clk.u_clk_pll/inst/clk_in1
    K21                  IBUF (Prop_ibuf_I_O)         1.328    11.328 r  u_soc_top/pll_clk.u_clk_pll/inst/clkin1_ibufg/O
                         net (fo=1, unplaced)         0.439    11.767    u_soc_top/pll_clk.u_clk_pll/inst/clk_in1_clk_pll
                         PLLE2_ADV (Prop_plle2_adv_CLKIN1_CLKOUT0)
                                                     -5.039     6.728 r  u_soc_top/pll_clk.u_clk_pll/inst/plle2_adv_inst/CLKOUT0
                         net (fo=1, unplaced)         0.613     7.341    u_soc_top/pll_clk.u_clk_pll/inst/cpu_clk_clk_pll
                         BUFG (Prop_bufg_I_O)         0.077     7.418 r  u_soc_top/pll_clk.u_clk_pll/inst/clkout1_buf/O
                         net (fo=4479, unplaced)      0.439     7.857    u_soc_top/u_axi_sram_direct/cpu_clk
                         FDSE                                         r  u_soc_top/u_axi_sram_direct/base_ram_sel_r_reg/C
                         clock pessimism             -0.496     7.361    
                         clock uncertainty           -0.094     7.266    
                         FDSE (Setup_fdse_C_D)        0.029     7.295    u_soc_top/u_axi_sram_direct/base_ram_sel_r_reg
  -------------------------------------------------------------------
                         required time                          7.295    
                         arrival time                          -6.914    
  -------------------------------------------------------------------
                         slack                                  0.382    

Slack (MET) :             0.382ns  (required time - arrival time)
  Source:                 u_soc_top/u_cpu/u_core/reg_ex_mem0_ctrl/data_out_reg[6]/C
                            (rising edge-triggered cell FDRE clocked by cpu_clk  {rise@0.000ns fall@5.000ns period=10.000ns})
  Destination:            u_soc_top/u_axi_sram_direct/base_ram_sel_r_reg/D
                            (rising edge-triggered cell FDSE clocked by cpu_clk  {rise@0.000ns fall@5.000ns period=10.000ns})
  Path Group:             cpu_clk
  Path Type:              Setup (Max at Slow Process Corner)
  Requirement:            10.000ns  (cpu_clk rise@10.000ns - cpu_clk rise@0.000ns)
  Data Path Delay:        9.408ns  (logic 2.766ns (29.401%)  route 6.642ns (70.599%))
  Logic Levels:           17  (CARRY4=1 LUT1=1 LUT3=2 LUT5=5 LUT6=8)
  Clock Path Skew:        -0.145ns (DCD - SCD + CPR)
    Destination Clock Delay (DCD):    -2.143ns = ( 7.857 - 10.000 ) 
    Source Clock Delay      (SCD):    -2.494ns
    Clock Pessimism Removal (CPR):    -0.496ns
  Clock Uncertainty:      0.094ns  ((TSJ^2 + DJ^2)^1/2) / 2 + PE
    Total System Jitter     (TSJ):    0.071ns
    Discrete Jitter          (DJ):    0.175ns
    Phase Error              (PE):    0.000ns

    Location             Delay type                Incr(ns)  Path(ns)    Netlist Resource(s)
  -------------------------------------------------------------------    -------------------
                         (clock cpu_clk rise edge)    0.000     0.000 r  
    K21                                               0.000     0.000 r  clk_50M (IN)
                         net (fo=0)                   0.000     0.000    u_soc_top/pll_clk.u_clk_pll/inst/clk_in1
    K21                  IBUF (Prop_ibuf_I_O)         1.394     1.394 r  u_soc_top/pll_clk.u_clk_pll/inst/clkin1_ibufg/O
                         net (fo=1, unplaced)         0.584     1.978    u_soc_top/pll_clk.u_clk_pll/inst/clk_in1_clk_pll
                         PLLE2_ADV (Prop_plle2_adv_CLKIN1_CLKOUT0)
                                                     -5.783    -3.805 r  u_soc_top/pll_clk.u_clk_pll/inst/plle2_adv_inst/CLKOUT0
                         net (fo=1, unplaced)         0.646    -3.159    u_soc_top/pll_clk.u_clk_pll/inst/cpu_clk_clk_pll
                         BUFG (Prop_bufg_I_O)         0.081    -3.078 r  u_soc_top/pll_clk.u_clk_pll/inst/clkout1_buf/O
                         net (fo=4479, unplaced)      0.584    -2.494    u_soc_top/u_cpu/u_core/reg_ex_mem0_ctrl/cpu_clk
                         FDRE                                         r  u_soc_top/u_cpu/u_core/reg_ex_mem0_ctrl/data_out_reg[6]/C
  -------------------------------------------------------------------    -------------------
                         FDRE (Prop_fdre_C_Q)         0.379    -2.115 f  u_soc_top/u_cpu/u_core/reg_ex_mem0_ctrl/data_out_reg[6]/Q
                         net (fo=124, unplaced)       0.704    -1.411    u_soc_top/u_cpu/u_core/reg_ex_mem0_ctrl/ex_mem0_out[ctrl][valid]
                         LUT3 (Prop_lut3_I0_O)        0.232    -1.179 f  u_soc_top/u_cpu/u_core/reg_ex_mem0_ctrl/wdata_stored[31]_i_5/O
                         net (fo=102, unplaced)       0.447    -0.732    u_soc_top/u_cpu/u_core/reg_ex_mem1_data/wdata_stored_reg[8]
                         LUT5 (Prop_lut5_I3_O)        0.105    -0.627 f  u_soc_top/u_cpu/u_core/reg_ex_mem1_data/wstrb_stored[2]_i_2/O
                         net (fo=7, unplaced)         0.617    -0.010    u_soc_top/u_cpu/u_core/reg_ex_mem1_data/data_out_reg[34]_0
                         LUT6 (Prop_lut6_I0_O)        0.105     0.095 f  u_soc_top/u_cpu/u_core/reg_ex_mem1_data/r_addr[31]_i_5/O
                         net (fo=12, unplaced)        0.395     0.490    u_soc_top/u_cpu/u_core/reg_ex_mem1_ctrl/ar_preview_addr_r_reg[25]
                         LUT6 (Prop_lut6_I5_O)        0.105     0.595 r  u_soc_top/u_cpu/u_core/reg_ex_mem1_ctrl/r_addr[31]_i_4/O
                         net (fo=68, unplaced)        0.437     1.032    u_soc_top/u_cpu/u_core/reg_ex_mem1_ctrl/FSM_sequential_state_reg
                         LUT5 (Prop_lut5_I3_O)        0.105     1.137 r  u_soc_top/u_cpu/u_core/reg_ex_mem1_ctrl/ar_preview_addr_r[31]_i_2/O
                         net (fo=2, unplaced)         0.478     1.615    u_soc_top/u_cpu/u_arbiter/ar_preview_addr_r_reg[31]_0
                         LUT6 (Prop_lut6_I3_O)        0.105     1.720 r  u_soc_top/u_cpu/u_arbiter/ar_preview_addr_r[31]_i_1/O
                         net (fo=2, unplaced)         0.352     2.072    u_soc_top/u_axi_sram_direct/D[29]
                         LUT3 (Prop_lut3_I0_O)        0.105     2.177 f  u_soc_top/u_axi_sram_direct/wb_cover_line_r[14]_i_26/O
                         net (fo=8, unplaced)         0.385     2.562    u_soc_top/u_axi_sram_direct/wb_cover_line_r[14]_i_26_n_0
                         LUT6 (Prop_lut6_I0_O)        0.105     2.667 r  u_soc_top/u_axi_sram_direct/wb_fwd_w_r[31]_i_32/O
                         net (fo=1, unplaced)         0.347     3.014    u_soc_top/u_axi_sram_direct/wb_fwd_w_r[31]_i_32_n_0
                         LUT5 (Prop_lut5_I4_O)        0.105     3.119 r  u_soc_top/u_axi_sram_direct/wb_fwd_w_r[31]_i_17/O
                         net (fo=1, unplaced)         0.000     3.119    u_soc_top/u_axi_sram_direct/wb_fwd_w_r[31]_i_17_n_0
                         CARRY4 (Prop_carry4_S[1]_CO[1])
                                                      0.408     3.527 f  u_soc_top/u_axi_sram_direct/wb_fwd_w_r_reg[31]_i_12/CO[1]
                         net (fo=1, unplaced)         0.240     3.767    u_soc_top/u_axi_sram_direct/wb_cover_ar11_out
                         LUT5 (Prop_lut5_I4_O)        0.277     4.044 f  u_soc_top/u_axi_sram_direct/wb_fwd_w_r[31]_i_9/O
                         net (fo=26, unplaced)        0.413     4.457    u_soc_top/u_axi_sram_direct/wb_fwd_w_r[31]_i_9_n_0
                         LUT6 (Prop_lut6_I4_O)        0.105     4.562 f  u_soc_top/u_axi_sram_direct/wb_fwd_w_r[15]_i_5/O
                         net (fo=2, unplaced)         0.358     4.920    u_soc_top/u_axi_sram_direct/wb_fwd_w_r[15]_i_5_n_0
                         LUT5 (Prop_lut5_I2_O)        0.105     5.025 r  u_soc_top/u_axi_sram_direct/wb_full_w_r_i_12/O
                         net (fo=1, unplaced)         0.347     5.372    u_soc_top/u_axi_sram_direct/wb_full_w_r_i_12_n_0
                         LUT6 (Prop_lut6_I5_O)        0.105     5.477 r  u_soc_top/u_axi_sram_direct/wb_full_w_r_i_5/O
                         net (fo=5, unplaced)         0.375     5.852    u_soc_top/u_axi_sram_direct/wb_full_w_r_i_5_n_0
                         LUT6 (Prop_lut6_I0_O)        0.105     5.957 r  u_soc_top/u_axi_sram_direct/ram_addr_out_r[19]_i_4/O
                         net (fo=15, unplaced)        0.400     6.357    u_soc_top/u_axi_sram_direct/ram_addr_out_r[19]_i_4_n_0
                         LUT6 (Prop_lut6_I4_O)        0.105     6.462 f  u_soc_top/u_axi_sram_direct/base_ram_sel_r_i_2/O
                         net (fo=1, unplaced)         0.347     6.809    u_soc_top/base_ram_sel_r0
                         LUT1 (Prop_lut1_I0_O)        0.105     6.914 r  u_soc_top/base_ram_sel_r_i_1/O
                         net (fo=1, unplaced)         0.000     6.914    u_soc_top/u_axi_sram_direct/base_ram_sel_r_reg_0
                         FDSE                                         r  u_soc_top/u_axi_sram_direct/base_ram_sel_r_reg/D
  -------------------------------------------------------------------    -------------------

                         (clock cpu_clk rise edge)   10.000    10.000 r  
    K21                                               0.000    10.000 r  clk_50M (IN)
                         net (fo=0)                   0.000    10.000    u_soc_top/pll_clk.u_clk_pll/inst/clk_in1
    K21                  IBUF (Prop_ibuf_I_O)         1.328    11.328 r  u_soc_top/pll_clk.u_clk_pll/inst/clkin1_ibufg/O
                         net (fo=1, unplaced)         0.439    11.767    u_soc_top/pll_clk.u_clk_pll/inst/clk_in1_clk_pll
                         PLLE2_ADV (Prop_plle2_adv_CLKIN1_CLKOUT0)
                                                     -5.039     6.728 r  u_soc_top/pll_clk.u_clk_pll/inst/plle2_adv_inst/CLKOUT0
                         net (fo=1, unplaced)         0.613     7.341    u_soc_top/pll_clk.u_clk_pll/inst/cpu_clk_clk_pll
                         BUFG (Prop_bufg_I_O)         0.077     7.418 r  u_soc_top/pll_clk.u_clk_pll/inst/clkout1_buf/O
                         net (fo=4479, unplaced)      0.439     7.857    u_soc_top/u_axi_sram_direct/cpu_clk
                         FDSE                                         r  u_soc_top/u_axi_sram_direct/base_ram_sel_r_reg/C
                         clock pessimism             -0.496     7.361    
                         clock uncertainty           -0.094     7.266    
                         FDSE (Setup_fdse_C_D)        0.029     7.295    u_soc_top/u_axi_sram_direct/base_ram_sel_r_reg
  -------------------------------------------------------------------
                         required time                          7.295    
                         arrival time                          -6.914    
  -------------------------------------------------------------------
                         slack                                  0.382    

Slack (MET) :             0.382ns  (required time - arrival time)
  Source:                 u_soc_top/u_cpu/u_core/reg_ex_mem0_ctrl/data_out_reg[6]/C
                            (rising edge-triggered cell FDRE clocked by cpu_clk  {rise@0.000ns fall@5.000ns period=10.000ns})
  Destination:            u_soc_top/u_axi_sram_direct/base_ram_sel_r_reg/D
                            (rising edge-triggered cell FDSE clocked by cpu_clk  {rise@0.000ns fall@5.000ns period=10.000ns})
  Path Group:             cpu_clk
  Path Type:              Setup (Max at Slow Process Corner)
  Requirement:            10.000ns  (cpu_clk rise@10.000ns - cpu_clk rise@0.000ns)
  Data Path Delay:        9.408ns  (logic 2.766ns (29.401%)  route 6.642ns (70.599%))
  Logic Levels:           17  (CARRY4=1 LUT1=1 LUT3=2 LUT5=5 LUT6=8)
  Clock Path Skew:        -0.145ns (DCD - SCD + CPR)
    Destination Clock Delay (DCD):    -2.143ns = ( 7.857 - 10.000 ) 
    Source Clock Delay      (SCD):    -2.494ns
    Clock Pessimism Removal (CPR):    -0.496ns
  Clock Uncertainty:      0.094ns  ((TSJ^2 + DJ^2)^1/2) / 2 + PE
    Total System Jitter     (TSJ):    0.071ns
    Discrete Jitter          (DJ):    0.175ns
    Phase Error              (PE):    0.000ns

    Location             Delay type                Incr(ns)  Path(ns)    Netlist Resource(s)
  -------------------------------------------------------------------    -------------------
                         (clock cpu_clk rise edge)    0.000     0.000 r  
    K21                                               0.000     0.000 r  clk_50M (IN)
                         net (fo=0)                   0.000     0.000    u_soc_top/pll_clk.u_clk_pll/inst/clk_in1
    K21                  IBUF (Prop_ibuf_I_O)         1.394     1.394 r  u_soc_top/pll_clk.u_clk_pll/inst/clkin1_ibufg/O
                         net (fo=1, unplaced)         0.584     1.978    u_soc_top/pll_clk.u_clk_pll/inst/clk_in1_clk_pll
                         PLLE2_ADV (Prop_plle2_adv_CLKIN1_CLKOUT0)
                                                     -5.783    -3.805 r  u_soc_top/pll_clk.u_clk_pll/inst/plle2_adv_inst/CLKOUT0
                         net (fo=1, unplaced)         0.646    -3.159    u_soc_top/pll_clk.u_clk_pll/inst/cpu_clk_clk_pll
                         BUFG (Prop_bufg_I_O)         0.081    -3.078 r  u_soc_top/pll_clk.u_clk_pll/inst/clkout1_buf/O
                         net (fo=4479, unplaced)      0.584    -2.494    u_soc_top/u_cpu/u_core/reg_ex_mem0_ctrl/cpu_clk
                         FDRE                                         r  u_soc_top/u_cpu/u_core/reg_ex_mem0_ctrl/data_out_reg[6]/C
  -------------------------------------------------------------------    -------------------
                         FDRE (Prop_fdre_C_Q)         0.379    -2.115 r  u_soc_top/u_cpu/u_core/reg_ex_mem0_ctrl/data_out_reg[6]/Q
                         net (fo=124, unplaced)       0.704    -1.411    u_soc_top/u_cpu/u_core/reg_ex_mem0_ctrl/ex_mem0_out[ctrl][valid]
                         LUT3 (Prop_lut3_I0_O)        0.232    -1.179 r  u_soc_top/u_cpu/u_core/reg_ex_mem0_ctrl/wdata_stored[31]_i_5/O
                         net (fo=102, unplaced)       0.447    -0.732    u_soc_top/u_cpu/u_core/reg_ex_mem1_data/wdata_stored_reg[8]
                         LUT5 (Prop_lut5_I3_O)        0.105    -0.627 r  u_soc_top/u_cpu/u_core/reg_ex_mem1_data/wstrb_stored[2]_i_2/O
                         net (fo=7, unplaced)         0.617    -0.010    u_soc_top/u_cpu/u_core/reg_ex_mem1_data/data_out_reg[34]_0
                         LUT6 (Prop_lut6_I0_O)        0.105     0.095 r  u_soc_top/u_cpu/u_core/reg_ex_mem1_data/r_addr[31]_i_5/O
                         net (fo=12, unplaced)        0.395     0.490    u_soc_top/u_cpu/u_core/reg_ex_mem1_ctrl/ar_preview_addr_r_reg[25]
                         LUT6 (Prop_lut6_I5_O)        0.105     0.595 f  u_soc_top/u_cpu/u_core/reg_ex_mem1_ctrl/r_addr[31]_i_4/O
                         net (fo=68, unplaced)        0.437     1.032    u_soc_top/u_cpu/u_core/reg_ex_mem1_ctrl/FSM_sequential_state_reg
                         LUT5 (Prop_lut5_I3_O)        0.105     1.137 r  u_soc_top/u_cpu/u_core/reg_ex_mem1_ctrl/ar_preview_addr_r[31]_i_2/O
                         net (fo=2, unplaced)         0.478     1.615    u_soc_top/u_cpu/u_arbiter/ar_preview_addr_r_reg[31]_0
                         LUT6 (Prop_lut6_I3_O)        0.105     1.720 r  u_soc_top/u_cpu/u_arbiter/ar_preview_addr_r[31]_i_1/O
                         net (fo=2, unplaced)         0.352     2.072    u_soc_top/u_axi_sram_direct/D[29]
                         LUT3 (Prop_lut3_I0_O)        0.105     2.177 f  u_soc_top/u_axi_sram_direct/wb_cover_line_r[14]_i_26/O
                         net (fo=8, unplaced)         0.385     2.562    u_soc_top/u_axi_sram_direct/wb_cover_line_r[14]_i_26_n_0
                         LUT6 (Prop_lut6_I0_O)        0.105     2.667 r  u_soc_top/u_axi_sram_direct/wb_fwd_w_r[31]_i_32/O
                         net (fo=1, unplaced)         0.347     3.014    u_soc_top/u_axi_sram_direct/wb_fwd_w_r[31]_i_32_n_0
                         LUT5 (Prop_lut5_I4_O)        0.105     3.119 r  u_soc_top/u_axi_sram_direct/wb_fwd_w_r[31]_i_17/O
                         net (fo=1, unplaced)         0.000     3.119    u_soc_top/u_axi_sram_direct/wb_fwd_w_r[31]_i_17_n_0
                         CARRY4 (Prop_carry4_S[1]_CO[1])
                                                      0.408     3.527 f  u_soc_top/u_axi_sram_direct/wb_fwd_w_r_reg[31]_i_12/CO[1]
                         net (fo=1, unplaced)         0.240     3.767    u_soc_top/u_axi_sram_direct/wb_cover_ar11_out
                         LUT5 (Prop_lut5_I4_O)        0.277     4.044 f  u_soc_top/u_axi_sram_direct/wb_fwd_w_r[31]_i_9/O
                         net (fo=26, unplaced)        0.413     4.457    u_soc_top/u_axi_sram_direct/wb_fwd_w_r[31]_i_9_n_0
                         LUT6 (Prop_lut6_I4_O)        0.105     4.562 f  u_soc_top/u_axi_sram_direct/wb_fwd_w_r[15]_i_5/O
                         net (fo=2, unplaced)         0.358     4.920    u_soc_top/u_axi_sram_direct/wb_fwd_w_r[15]_i_5_n_0
                         LUT5 (Prop_lut5_I2_O)        0.105     5.025 r  u_soc_top/u_axi_sram_direct/wb_full_w_r_i_12/O
                         net (fo=1, unplaced)         0.347     5.372    u_soc_top/u_axi_sram_direct/wb_full_w_r_i_12_n_0
                         LUT6 (Prop_lut6_I5_O)        0.105     5.477 r  u_soc_top/u_axi_sram_direct/wb_full_w_r_i_5/O
                         net (fo=5, unplaced)         0.375     5.852    u_soc_top/u_axi_sram_direct/wb_full_w_r_i_5_n_0
                         LUT6 (Prop_lut6_I0_O)        0.105     5.957 r  u_soc_top/u_axi_sram_direct/ram_addr_out_r[19]_i_4/O
                         net (fo=15, unplaced)        0.400     6.357    u_soc_top/u_axi_sram_direct/ram_addr_out_r[19]_i_4_n_0
                         LUT6 (Prop_lut6_I4_O)        0.105     6.462 f  u_soc_top/u_axi_sram_direct/base_ram_sel_r_i_2/O
                         net (fo=1, unplaced)         0.347     6.809    u_soc_top/base_ram_sel_r0
                         LUT1 (Prop_lut1_I0_O)        0.105     6.914 r  u_soc_top/base_ram_sel_r_i_1/O
                         net (fo=1, unplaced)         0.000     6.914    u_soc_top/u_axi_sram_direct/base_ram_sel_r_reg_0
                         FDSE                                         r  u_soc_top/u_axi_sram_direct/base_ram_sel_r_reg/D
  -------------------------------------------------------------------    -------------------

                         (clock cpu_clk rise edge)   10.000    10.000 r  
    K21                                               0.000    10.000 r  clk_50M (IN)
                         net (fo=0)                   0.000    10.000    u_soc_top/pll_clk.u_clk_pll/inst/clk_in1
    K21                  IBUF (Prop_ibuf_I_O)         1.328    11.328 r  u_soc_top/pll_clk.u_clk_pll/inst/clkin1_ibufg/O
                         net (fo=1, unplaced)         0.439    11.767    u_soc_top/pll_clk.u_clk_pll/inst/clk_in1_clk_pll
                         PLLE2_ADV (Prop_plle2_adv_CLKIN1_CLKOUT0)
                                                     -5.039     6.728 r  u_soc_top/pll_clk.u_clk_pll/inst/plle2_adv_inst/CLKOUT0
                         net (fo=1, unplaced)         0.613     7.341    u_soc_top/pll_clk.u_clk_pll/inst/cpu_clk_clk_pll
                         BUFG (Prop_bufg_I_O)         0.077     7.418 r  u_soc_top/pll_clk.u_clk_pll/inst/clkout1_buf/O
                         net (fo=4479, unplaced)      0.439     7.857    u_soc_top/u_axi_sram_direct/cpu_clk
                         FDSE                                         r  u_soc_top/u_axi_sram_direct/base_ram_sel_r_reg/C
                         clock pessimism             -0.496     7.361    
                         clock uncertainty           -0.094     7.266    
                         FDSE (Setup_fdse_C_D)        0.029     7.295    u_soc_top/u_axi_sram_direct/base_ram_sel_r_reg
  -------------------------------------------------------------------
                         required time                          7.295    
                         arrival time                          -6.914    
  -------------------------------------------------------------------
                         slack                                  0.382    

Slack (MET) :             0.382ns  (required time - arrival time)
  Source:                 u_soc_top/u_cpu/u_core/reg_ex_mem0_ctrl/data_out_reg[6]/C
                            (rising edge-triggered cell FDRE clocked by cpu_clk  {rise@0.000ns fall@5.000ns period=10.000ns})
  Destination:            u_soc_top/u_axi_sram_direct/base_ram_sel_r_reg/D
                            (rising edge-triggered cell FDSE clocked by cpu_clk  {rise@0.000ns fall@5.000ns period=10.000ns})
  Path Group:             cpu_clk
  Path Type:              Setup (Max at Slow Process Corner)
  Requirement:            10.000ns  (cpu_clk rise@10.000ns - cpu_clk rise@0.000ns)
  Data Path Delay:        9.408ns  (logic 2.766ns (29.401%)  route 6.642ns (70.599%))
  Logic Levels:           17  (CARRY4=1 LUT1=1 LUT3=2 LUT5=5 LUT6=8)
  Clock Path Skew:        -0.145ns (DCD - SCD + CPR)
    Destination Clock Delay (DCD):    -2.143ns = ( 7.857 - 10.000 ) 
    Source Clock Delay      (SCD):    -2.494ns
    Clock Pessimism Removal (CPR):    -0.496ns
  Clock Uncertainty:      0.094ns  ((TSJ^2 + DJ^2)^1/2) / 2 + PE
    Total System Jitter     (TSJ):    0.071ns
    Discrete Jitter          (DJ):    0.175ns
    Phase Error              (PE):    0.000ns

    Location             Delay type                Incr(ns)  Path(ns)    Netlist Resource(s)
  -------------------------------------------------------------------    -------------------
                         (clock cpu_clk rise edge)    0.000     0.000 r  
    K21                                               0.000     0.000 r  clk_50M (IN)
                         net (fo=0)                   0.000     0.000    u_soc_top/pll_clk.u_clk_pll/inst/clk_in1
    K21                  IBUF (Prop_ibuf_I_O)         1.394     1.394 r  u_soc_top/pll_clk.u_clk_pll/inst/clkin1_ibufg/O
                         net (fo=1, unplaced)         0.584     1.978    u_soc_top/pll_clk.u_clk_pll/inst/clk_in1_clk_pll
                         PLLE2_ADV (Prop_plle2_adv_CLKIN1_CLKOUT0)
                                                     -5.783    -3.805 r  u_soc_top/pll_clk.u_clk_pll/inst/plle2_adv_inst/CLKOUT0
                         net (fo=1, unplaced)         0.646    -3.159    u_soc_top/pll_clk.u_clk_pll/inst/cpu_clk_clk_pll
                         BUFG (Prop_bufg_I_O)         0.081    -3.078 r  u_soc_top/pll_clk.u_clk_pll/inst/clkout1_buf/O
                         net (fo=4479, unplaced)      0.584    -2.494    u_soc_top/u_cpu/u_core/reg_ex_mem0_ctrl/cpu_clk
                         FDRE                                         r  u_soc_top/u_cpu/u_core/reg_ex_mem0_ctrl/data_out_reg[6]/C
  -------------------------------------------------------------------    -------------------
                         FDRE (Prop_fdre_C_Q)         0.379    -2.115 f  u_soc_top/u_cpu/u_core/reg_ex_mem0_ctrl/data_out_reg[6]/Q
                         net (fo=124, unplaced)       0.704    -1.411    u_soc_top/u_cpu/u_core/reg_ex_mem0_ctrl/ex_mem0_out[ctrl][valid]
                         LUT3 (Prop_lut3_I0_O)        0.232    -1.179 f  u_soc_top/u_cpu/u_core/reg_ex_mem0_ctrl/wdata_stored[31]_i_5/O
                         net (fo=102, unplaced)       0.447    -0.732    u_soc_top/u_cpu/u_core/reg_ex_mem1_data/wdata_stored_reg[8]
                         LUT5 (Prop_lut5_I3_O)        0.105    -0.627 r  u_soc_top/u_cpu/u_core/reg_ex_mem1_data/wstrb_stored[2]_i_2/O
                         net (fo=7, unplaced)         0.617    -0.010    u_soc_top/u_cpu/u_core/reg_ex_mem1_data/data_out_reg[34]_0
                         LUT6 (Prop_lut6_I0_O)        0.105     0.095 r  u_soc_top/u_cpu/u_core/reg_ex_mem1_data/r_addr[31]_i_5/O
                         net (fo=12, unplaced)        0.395     0.490    u_soc_top/u_cpu/u_core/reg_ex_mem1_ctrl/ar_preview_addr_r_reg[25]
                         LUT6 (Prop_lut6_I5_O)        0.105     0.595 f  u_soc_top/u_cpu/u_core/reg_ex_mem1_ctrl/r_addr[31]_i_4/O
                         net (fo=68, unplaced)        0.437     1.032    u_soc_top/u_cpu/u_core/reg_ex_mem1_ctrl/FSM_sequential_state_reg
                         LUT5 (Prop_lut5_I3_O)        0.105     1.137 r  u_soc_top/u_cpu/u_core/reg_ex_mem1_ctrl/ar_preview_addr_r[31]_i_2/O
                         net (fo=2, unplaced)         0.478     1.615    u_soc_top/u_cpu/u_arbiter/ar_preview_addr_r_reg[31]_0
                         LUT6 (Prop_lut6_I3_O)        0.105     1.720 r  u_soc_top/u_cpu/u_arbiter/ar_preview_addr_r[31]_i_1/O
                         net (fo=2, unplaced)         0.352     2.072    u_soc_top/u_axi_sram_direct/D[29]
                         LUT3 (Prop_lut3_I0_O)        0.105     2.177 f  u_soc_top/u_axi_sram_direct/wb_cover_line_r[14]_i_26/O
                         net (fo=8, unplaced)         0.385     2.562    u_soc_top/u_axi_sram_direct/wb_cover_line_r[14]_i_26_n_0
                         LUT6 (Prop_lut6_I0_O)        0.105     2.667 r  u_soc_top/u_axi_sram_direct/wb_fwd_w_r[31]_i_32/O
                         net (fo=1, unplaced)         0.347     3.014    u_soc_top/u_axi_sram_direct/wb_fwd_w_r[31]_i_32_n_0
                         LUT5 (Prop_lut5_I4_O)        0.105     3.119 r  u_soc_top/u_axi_sram_direct/wb_fwd_w_r[31]_i_17/O
                         net (fo=1, unplaced)         0.000     3.119    u_soc_top/u_axi_sram_direct/wb_fwd_w_r[31]_i_17_n_0
                         CARRY4 (Prop_carry4_S[1]_CO[1])
                                                      0.408     3.527 f  u_soc_top/u_axi_sram_direct/wb_fwd_w_r_reg[31]_i_12/CO[1]
                         net (fo=1, unplaced)         0.240     3.767    u_soc_top/u_axi_sram_direct/wb_cover_ar11_out
                         LUT5 (Prop_lut5_I4_O)        0.277     4.044 f  u_soc_top/u_axi_sram_direct/wb_fwd_w_r[31]_i_9/O
                         net (fo=26, unplaced)        0.413     4.457    u_soc_top/u_axi_sram_direct/wb_fwd_w_r[31]_i_9_n_0
                         LUT6 (Prop_lut6_I4_O)        0.105     4.562 f  u_soc_top/u_axi_sram_direct/wb_fwd_w_r[15]_i_5/O
                         net (fo=2, unplaced)         0.358     4.920    u_soc_top/u_axi_sram_direct/wb_fwd_w_r[15]_i_5_n_0
                         LUT5 (Prop_lut5_I2_O)        0.105     5.025 r  u_soc_top/u_axi_sram_direct/wb_full_w_r_i_12/O
                         net (fo=1, unplaced)         0.347     5.372    u_soc_top/u_axi_sram_direct/wb_full_w_r_i_12_n_0
                         LUT6 (Prop_lut6_I5_O)        0.105     5.477 r  u_soc_top/u_axi_sram_direct/wb_full_w_r_i_5/O
                         net (fo=5, unplaced)         0.375     5.852    u_soc_top/u_axi_sram_direct/wb_full_w_r_i_5_n_0
                         LUT6 (Prop_lut6_I0_O)        0.105     5.957 r  u_soc_top/u_axi_sram_direct/ram_addr_out_r[19]_i_4/O
                         net (fo=15, unplaced)        0.400     6.357    u_soc_top/u_axi_sram_direct/ram_addr_out_r[19]_i_4_n_0
                         LUT6 (Prop_lut6_I4_O)        0.105     6.462 f  u_soc_top/u_axi_sram_direct/base_ram_sel_r_i_2/O
                         net (fo=1, unplaced)         0.347     6.809    u_soc_top/base_ram_sel_r0
                         LUT1 (Prop_lut1_I0_O)        0.105     6.914 r  u_soc_top/base_ram_sel_r_i_1/O
                         net (fo=1, unplaced)         0.000     6.914    u_soc_top/u_axi_sram_direct/base_ram_sel_r_reg_0
                         FDSE                                         r  u_soc_top/u_axi_sram_direct/base_ram_sel_r_reg/D
  -------------------------------------------------------------------    -------------------

                         (clock cpu_clk rise edge)   10.000    10.000 r  
    K21                                               0.000    10.000 r  clk_50M (IN)
                         net (fo=0)                   0.000    10.000    u_soc_top/pll_clk.u_clk_pll/inst/clk_in1
    K21                  IBUF (Prop_ibuf_I_O)         1.328    11.328 r  u_soc_top/pll_clk.u_clk_pll/inst/clkin1_ibufg/O
                         net (fo=1, unplaced)         0.439    11.767    u_soc_top/pll_clk.u_clk_pll/inst/clk_in1_clk_pll
                         PLLE2_ADV (Prop_plle2_adv_CLKIN1_CLKOUT0)
                                                     -5.039     6.728 r  u_soc_top/pll_clk.u_clk_pll/inst/plle2_adv_inst/CLKOUT0
                         net (fo=1, unplaced)         0.613     7.341    u_soc_top/pll_clk.u_clk_pll/inst/cpu_clk_clk_pll
                         BUFG (Prop_bufg_I_O)         0.077     7.418 r  u_soc_top/pll_clk.u_clk_pll/inst/clkout1_buf/O
                         net (fo=4479, unplaced)      0.439     7.857    u_soc_top/u_axi_sram_direct/cpu_clk
                         FDSE                                         r  u_soc_top/u_axi_sram_direct/base_ram_sel_r_reg/C
                         clock pessimism             -0.496     7.361    
                         clock uncertainty           -0.094     7.266    
                         FDSE (Setup_fdse_C_D)        0.029     7.295    u_soc_top/u_axi_sram_direct/base_ram_sel_r_reg
  -------------------------------------------------------------------
                         required time                          7.295    
                         arrival time                          -6.914    
  -------------------------------------------------------------------
                         slack                                  0.382    

Slack (MET) :             0.382ns  (required time - arrival time)
  Source:                 u_soc_top/u_cpu/u_core/reg_ex_mem0_ctrl/data_out_reg[6]/C
                            (rising edge-triggered cell FDRE clocked by cpu_clk  {rise@0.000ns fall@5.000ns period=10.000ns})
  Destination:            u_soc_top/u_axi_sram_direct/base_ram_sel_r_reg/D
                            (rising edge-triggered cell FDSE clocked by cpu_clk  {rise@0.000ns fall@5.000ns period=10.000ns})
  Path Group:             cpu_clk
  Path Type:              Setup (Max at Slow Process Corner)
  Requirement:            10.000ns  (cpu_clk rise@10.000ns - cpu_clk rise@0.000ns)
  Data Path Delay:        9.408ns  (logic 2.766ns (29.401%)  route 6.642ns (70.599%))
  Logic Levels:           17  (CARRY4=1 LUT1=1 LUT3=2 LUT5=5 LUT6=8)
  Clock Path Skew:        -0.145ns (DCD - SCD + CPR)
    Destination Clock Delay (DCD):    -2.143ns = ( 7.857 - 10.000 ) 
    Source Clock Delay      (SCD):    -2.494ns
    Clock Pessimism Removal (CPR):    -0.496ns
  Clock Uncertainty:      0.094ns  ((TSJ^2 + DJ^2)^1/2) / 2 + PE
    Total System Jitter     (TSJ):    0.071ns
    Discrete Jitter          (DJ):    0.175ns
    Phase Error              (PE):    0.000ns

    Location             Delay type                Incr(ns)  Path(ns)    Netlist Resource(s)
  -------------------------------------------------------------------    -------------------
                         (clock cpu_clk rise edge)    0.000     0.000 r  
    K21                                               0.000     0.000 r  clk_50M (IN)
                         net (fo=0)                   0.000     0.000    u_soc_top/pll_clk.u_clk_pll/inst/clk_in1
    K21                  IBUF (Prop_ibuf_I_O)         1.394     1.394 r  u_soc_top/pll_clk.u_clk_pll/inst/clkin1_ibufg/O
                         net (fo=1, unplaced)         0.584     1.978    u_soc_top/pll_clk.u_clk_pll/inst/clk_in1_clk_pll
                         PLLE2_ADV (Prop_plle2_adv_CLKIN1_CLKOUT0)
                                                     -5.783    -3.805 r  u_soc_top/pll_clk.u_clk_pll/inst/plle2_adv_inst/CLKOUT0
                         net (fo=1, unplaced)         0.646    -3.159    u_soc_top/pll_clk.u_clk_pll/inst/cpu_clk_clk_pll
                         BUFG (Prop_bufg_I_O)         0.081    -3.078 r  u_soc_top/pll_clk.u_clk_pll/inst/clkout1_buf/O
                         net (fo=4479, unplaced)      0.584    -2.494    u_soc_top/u_cpu/u_core/reg_ex_mem0_ctrl/cpu_clk
                         FDRE                                         r  u_soc_top/u_cpu/u_core/reg_ex_mem0_ctrl/data_out_reg[6]/C
  -------------------------------------------------------------------    -------------------
                         FDRE (Prop_fdre_C_Q)         0.379    -2.115 r  u_soc_top/u_cpu/u_core/reg_ex_mem0_ctrl/data_out_reg[6]/Q
                         net (fo=124, unplaced)       0.704    -1.411    u_soc_top/u_cpu/u_core/reg_ex_mem0_ctrl/ex_mem0_out[ctrl][valid]
                         LUT3 (Prop_lut3_I0_O)        0.232    -1.179 r  u_soc_top/u_cpu/u_core/reg_ex_mem0_ctrl/wdata_stored[31]_i_5/O
                         net (fo=102, unplaced)       0.447    -0.732    u_soc_top/u_cpu/u_core/reg_ex_mem1_data/wdata_stored_reg[8]
                         LUT5 (Prop_lut5_I3_O)        0.105    -0.627 f  u_soc_top/u_cpu/u_core/reg_ex_mem1_data/wstrb_stored[2]_i_2/O
                         net (fo=7, unplaced)         0.617    -0.010    u_soc_top/u_cpu/u_core/reg_ex_mem1_data/data_out_reg[34]_0
                         LUT6 (Prop_lut6_I0_O)        0.105     0.095 f  u_soc_top/u_cpu/u_core/reg_ex_mem1_data/r_addr[31]_i_5/O
                         net (fo=12, unplaced)        0.395     0.490    u_soc_top/u_cpu/u_core/reg_ex_mem1_ctrl/ar_preview_addr_r_reg[25]
                         LUT6 (Prop_lut6_I5_O)        0.105     0.595 r  u_soc_top/u_cpu/u_core/reg_ex_mem1_ctrl/r_addr[31]_i_4/O
                         net (fo=68, unplaced)        0.437     1.032    u_soc_top/u_cpu/u_core/reg_ex_mem1_ctrl/FSM_sequential_state_reg
                         LUT5 (Prop_lut5_I3_O)        0.105     1.137 f  u_soc_top/u_cpu/u_core/reg_ex_mem1_ctrl/ar_preview_addr_r[31]_i_2/O
                         net (fo=2, unplaced)         0.478     1.615    u_soc_top/u_cpu/u_arbiter/ar_preview_addr_r_reg[31]_0
                         LUT6 (Prop_lut6_I3_O)        0.105     1.720 f  u_soc_top/u_cpu/u_arbiter/ar_preview_addr_r[31]_i_1/O
                         net (fo=2, unplaced)         0.352     2.072    u_soc_top/u_axi_sram_direct/D[29]
                         LUT3 (Prop_lut3_I0_O)        0.105     2.177 r  u_soc_top/u_axi_sram_direct/wb_cover_line_r[14]_i_26/O
                         net (fo=8, unplaced)         0.385     2.562    u_soc_top/u_axi_sram_direct/wb_cover_line_r[14]_i_26_n_0
                         LUT6 (Prop_lut6_I0_O)        0.105     2.667 f  u_soc_top/u_axi_sram_direct/wb_fwd_w_r[31]_i_32/O
                         net (fo=1, unplaced)         0.347     3.014    u_soc_top/u_axi_sram_direct/wb_fwd_w_r[31]_i_32_n_0
                         LUT5 (Prop_lut5_I4_O)        0.105     3.119 f  u_soc_top/u_axi_sram_direct/wb_fwd_w_r[31]_i_17/O
                         net (fo=1, unplaced)         0.000     3.119    u_soc_top/u_axi_sram_direct/wb_fwd_w_r[31]_i_17_n_0
                         CARRY4 (Prop_carry4_S[1]_CO[1])
                                                      0.408     3.527 f  u_soc_top/u_axi_sram_direct/wb_fwd_w_r_reg[31]_i_12/CO[1]
                         net (fo=1, unplaced)         0.240     3.767    u_soc_top/u_axi_sram_direct/wb_cover_ar11_out
                         LUT5 (Prop_lut5_I4_O)        0.277     4.044 f  u_soc_top/u_axi_sram_direct/wb_fwd_w_r[31]_i_9/O
                         net (fo=26, unplaced)        0.413     4.457    u_soc_top/u_axi_sram_direct/wb_fwd_w_r[31]_i_9_n_0
                         LUT6 (Prop_lut6_I4_O)        0.105     4.562 f  u_soc_top/u_axi_sram_direct/wb_fwd_w_r[15]_i_5/O
                         net (fo=2, unplaced)         0.358     4.920    u_soc_top/u_axi_sram_direct/wb_fwd_w_r[15]_i_5_n_0
                         LUT5 (Prop_lut5_I2_O)        0.105     5.025 r  u_soc_top/u_axi_sram_direct/wb_full_w_r_i_12/O
                         net (fo=1, unplaced)         0.347     5.372    u_soc_top/u_axi_sram_direct/wb_full_w_r_i_12_n_0
                         LUT6 (Prop_lut6_I5_O)        0.105     5.477 r  u_soc_top/u_axi_sram_direct/wb_full_w_r_i_5/O
                         net (fo=5, unplaced)         0.375     5.852    u_soc_top/u_axi_sram_direct/wb_full_w_r_i_5_n_0
                         LUT6 (Prop_lut6_I0_O)        0.105     5.957 r  u_soc_top/u_axi_sram_direct/ram_addr_out_r[19]_i_4/O
                         net (fo=15, unplaced)        0.400     6.357    u_soc_top/u_axi_sram_direct/ram_addr_out_r[19]_i_4_n_0
                         LUT6 (Prop_lut6_I4_O)        0.105     6.462 f  u_soc_top/u_axi_sram_direct/base_ram_sel_r_i_2/O
                         net (fo=1, unplaced)         0.347     6.809    u_soc_top/base_ram_sel_r0
                         LUT1 (Prop_lut1_I0_O)        0.105     6.914 r  u_soc_top/base_ram_sel_r_i_1/O
                         net (fo=1, unplaced)         0.000     6.914    u_soc_top/u_axi_sram_direct/base_ram_sel_r_reg_0
                         FDSE                                         r  u_soc_top/u_axi_sram_direct/base_ram_sel_r_reg/D
  -------------------------------------------------------------------    -------------------

                         (clock cpu_clk rise edge)   10.000    10.000 r  
    K21                                               0.000    10.000 r  clk_50M (IN)
                         net (fo=0)                   0.000    10.000    u_soc_top/pll_clk.u_clk_pll/inst/clk_in1
    K21                  IBUF (Prop_ibuf_I_O)         1.328    11.328 r  u_soc_top/pll_clk.u_clk_pll/inst/clkin1_ibufg/O
                         net (fo=1, unplaced)         0.439    11.767    u_soc_top/pll_clk.u_clk_pll/inst/clk_in1_clk_pll
                         PLLE2_ADV (Prop_plle2_adv_CLKIN1_CLKOUT0)
                                                     -5.039     6.728 r  u_soc_top/pll_clk.u_clk_pll/inst/plle2_adv_inst/CLKOUT0
                         net (fo=1, unplaced)         0.613     7.341    u_soc_top/pll_clk.u_clk_pll/inst/cpu_clk_clk_pll
                         BUFG (Prop_bufg_I_O)         0.077     7.418 r  u_soc_top/pll_clk.u_clk_pll/inst/clkout1_buf/O
                         net (fo=4479, unplaced)      0.439     7.857    u_soc_top/u_axi_sram_direct/cpu_clk
                         FDSE                                         r  u_soc_top/u_axi_sram_direct/base_ram_sel_r_reg/C
                         clock pessimism             -0.496     7.361    
                         clock uncertainty           -0.094     7.266    
                         FDSE (Setup_fdse_C_D)        0.029     7.295    u_soc_top/u_axi_sram_direct/base_ram_sel_r_reg
  -------------------------------------------------------------------
                         required time                          7.295    
                         arrival time                          -6.914    
  -------------------------------------------------------------------
                         slack                                  0.382    

Slack (MET) :             0.382ns  (required time - arrival time)
  Source:                 u_soc_top/u_cpu/u_core/reg_ex_mem0_ctrl/data_out_reg[6]/C
                            (rising edge-triggered cell FDRE clocked by cpu_clk  {rise@0.000ns fall@5.000ns period=10.000ns})
  Destination:            u_soc_top/u_axi_sram_direct/base_ram_sel_r_reg/D
                            (rising edge-triggered cell FDSE clocked by cpu_clk  {rise@0.000ns fall@5.000ns period=10.000ns})
  Path Group:             cpu_clk
  Path Type:              Setup (Max at Slow Process Corner)
  Requirement:            10.000ns  (cpu_clk rise@10.000ns - cpu_clk rise@0.000ns)
  Data Path Delay:        9.408ns  (logic 2.766ns (29.401%)  route 6.642ns (70.599%))
  Logic Levels:           17  (CARRY4=1 LUT1=1 LUT3=2 LUT5=5 LUT6=8)
  Clock Path Skew:        -0.145ns (DCD - SCD + CPR)
    Destination Clock Delay (DCD):    -2.143ns = ( 7.857 - 10.000 ) 
    Source Clock Delay      (SCD):    -2.494ns
    Clock Pessimism Removal (CPR):    -0.496ns
  Clock Uncertainty:      0.094ns  ((TSJ^2 + DJ^2)^1/2) / 2 + PE
    Total System Jitter     (TSJ):    0.071ns
    Discrete Jitter          (DJ):    0.175ns
    Phase Error              (PE):    0.000ns

    Location             Delay type                Incr(ns)  Path(ns)    Netlist Resource(s)
  -------------------------------------------------------------------    -------------------
                         (clock cpu_clk rise edge)    0.000     0.000 r  
    K21                                               0.000     0.000 r  clk_50M (IN)
                         net (fo=0)                   0.000     0.000    u_soc_top/pll_clk.u_clk_pll/inst/clk_in1
    K21                  IBUF (Prop_ibuf_I_O)         1.394     1.394 r  u_soc_top/pll_clk.u_clk_pll/inst/clkin1_ibufg/O
                         net (fo=1, unplaced)         0.584     1.978    u_soc_top/pll_clk.u_clk_pll/inst/clk_in1_clk_pll
                         PLLE2_ADV (Prop_plle2_adv_CLKIN1_CLKOUT0)
                                                     -5.783    -3.805 r  u_soc_top/pll_clk.u_clk_pll/inst/plle2_adv_inst/CLKOUT0
                         net (fo=1, unplaced)         0.646    -3.159    u_soc_top/pll_clk.u_clk_pll/inst/cpu_clk_clk_pll
                         BUFG (Prop_bufg_I_O)         0.081    -3.078 r  u_soc_top/pll_clk.u_clk_pll/inst/clkout1_buf/O
                         net (fo=4479, unplaced)      0.584    -2.494    u_soc_top/u_cpu/u_core/reg_ex_mem0_ctrl/cpu_clk
                         FDRE                                         r  u_soc_top/u_cpu/u_core/reg_ex_mem0_ctrl/data_out_reg[6]/C
  -------------------------------------------------------------------    -------------------
                         FDRE (Prop_fdre_C_Q)         0.379    -2.115 r  u_soc_top/u_cpu/u_core/reg_ex_mem0_ctrl/data_out_reg[6]/Q
                         net (fo=124, unplaced)       0.704    -1.411    u_soc_top/u_cpu/u_core/reg_ex_mem0_ctrl/ex_mem0_out[ctrl][valid]
                         LUT3 (Prop_lut3_I0_O)        0.232    -1.179 r  u_soc_top/u_cpu/u_core/reg_ex_mem0_ctrl/wdata_stored[31]_i_5/O
                         net (fo=102, unplaced)       0.447    -0.732    u_soc_top/u_cpu/u_core/reg_ex_mem1_data/wdata_stored_reg[8]
                         LUT5 (Prop_lut5_I3_O)        0.105    -0.627 r  u_soc_top/u_cpu/u_core/reg_ex_mem1_data/wstrb_stored[2]_i_2/O
                         net (fo=7, unplaced)         0.617    -0.010    u_soc_top/u_cpu/u_core/reg_ex_mem1_data/data_out_reg[34]_0
                         LUT6 (Prop_lut6_I0_O)        0.105     0.095 r  u_soc_top/u_cpu/u_core/reg_ex_mem1_data/r_addr[31]_i_5/O
                         net (fo=12, unplaced)        0.395     0.490    u_soc_top/u_cpu/u_core/reg_ex_mem1_ctrl/ar_preview_addr_r_reg[25]
                         LUT6 (Prop_lut6_I5_O)        0.105     0.595 f  u_soc_top/u_cpu/u_core/reg_ex_mem1_ctrl/r_addr[31]_i_4/O
                         net (fo=68, unplaced)        0.437     1.032    u_soc_top/u_cpu/u_core/reg_ex_mem1_ctrl/FSM_sequential_state_reg
                         LUT5 (Prop_lut5_I3_O)        0.105     1.137 f  u_soc_top/u_cpu/u_core/reg_ex_mem1_ctrl/ar_preview_addr_r[31]_i_2/O
                         net (fo=2, unplaced)         0.478     1.615    u_soc_top/u_cpu/u_arbiter/ar_preview_addr_r_reg[31]_0
                         LUT6 (Prop_lut6_I3_O)        0.105     1.720 f  u_soc_top/u_cpu/u_arbiter/ar_preview_addr_r[31]_i_1/O
                         net (fo=2, unplaced)         0.352     2.072    u_soc_top/u_axi_sram_direct/D[29]
                         LUT3 (Prop_lut3_I0_O)        0.105     2.177 r  u_soc_top/u_axi_sram_direct/wb_cover_line_r[14]_i_26/O
                         net (fo=8, unplaced)         0.385     2.562    u_soc_top/u_axi_sram_direct/wb_cover_line_r[14]_i_26_n_0
                         LUT6 (Prop_lut6_I0_O)        0.105     2.667 f  u_soc_top/u_axi_sram_direct/wb_fwd_w_r[31]_i_32/O
                         net (fo=1, unplaced)         0.347     3.014    u_soc_top/u_axi_sram_direct/wb_fwd_w_r[31]_i_32_n_0
                         LUT5 (Prop_lut5_I4_O)        0.105     3.119 f  u_soc_top/u_axi_sram_direct/wb_fwd_w_r[31]_i_17/O
                         net (fo=1, unplaced)         0.000     3.119    u_soc_top/u_axi_sram_direct/wb_fwd_w_r[31]_i_17_n_0
                         CARRY4 (Prop_carry4_S[1]_CO[1])
                                                      0.408     3.527 f  u_soc_top/u_axi_sram_direct/wb_fwd_w_r_reg[31]_i_12/CO[1]
                         net (fo=1, unplaced)         0.240     3.767    u_soc_top/u_axi_sram_direct/wb_cover_ar11_out
                         LUT5 (Prop_lut5_I4_O)        0.277     4.044 f  u_soc_top/u_axi_sram_direct/wb_fwd_w_r[31]_i_9/O
                         net (fo=26, unplaced)        0.413     4.457    u_soc_top/u_axi_sram_direct/wb_fwd_w_r[31]_i_9_n_0
                         LUT6 (Prop_lut6_I4_O)        0.105     4.562 f  u_soc_top/u_axi_sram_direct/wb_fwd_w_r[15]_i_5/O
                         net (fo=2, unplaced)         0.358     4.920    u_soc_top/u_axi_sram_direct/wb_fwd_w_r[15]_i_5_n_0
                         LUT5 (Prop_lut5_I2_O)        0.105     5.025 r  u_soc_top/u_axi_sram_direct/wb_full_w_r_i_12/O
                         net (fo=1, unplaced)         0.347     5.372    u_soc_top/u_axi_sram_direct/wb_full_w_r_i_12_n_0
                         LUT6 (Prop_lut6_I5_O)        0.105     5.477 r  u_soc_top/u_axi_sram_direct/wb_full_w_r_i_5/O
                         net (fo=5, unplaced)         0.375     5.852    u_soc_top/u_axi_sram_direct/wb_full_w_r_i_5_n_0
                         LUT6 (Prop_lut6_I0_O)        0.105     5.957 r  u_soc_top/u_axi_sram_direct/ram_addr_out_r[19]_i_4/O
                         net (fo=15, unplaced)        0.400     6.357    u_soc_top/u_axi_sram_direct/ram_addr_out_r[19]_i_4_n_0
                         LUT6 (Prop_lut6_I4_O)        0.105     6.462 f  u_soc_top/u_axi_sram_direct/base_ram_sel_r_i_2/O
                         net (fo=1, unplaced)         0.347     6.809    u_soc_top/base_ram_sel_r0
                         LUT1 (Prop_lut1_I0_O)        0.105     6.914 r  u_soc_top/base_ram_sel_r_i_1/O
                         net (fo=1, unplaced)         0.000     6.914    u_soc_top/u_axi_sram_direct/base_ram_sel_r_reg_0
                         FDSE                                         r  u_soc_top/u_axi_sram_direct/base_ram_sel_r_reg/D
  -------------------------------------------------------------------    -------------------

                         (clock cpu_clk rise edge)   10.000    10.000 r  
    K21                                               0.000    10.000 r  clk_50M (IN)
                         net (fo=0)                   0.000    10.000    u_soc_top/pll_clk.u_clk_pll/inst/clk_in1
    K21                  IBUF (Prop_ibuf_I_O)         1.328    11.328 r  u_soc_top/pll_clk.u_clk_pll/inst/clkin1_ibufg/O
                         net (fo=1, unplaced)         0.439    11.767    u_soc_top/pll_clk.u_clk_pll/inst/clk_in1_clk_pll
                         PLLE2_ADV (Prop_plle2_adv_CLKIN1_CLKOUT0)
                                                     -5.039     6.728 r  u_soc_top/pll_clk.u_clk_pll/inst/plle2_adv_inst/CLKOUT0
                         net (fo=1, unplaced)         0.613     7.341    u_soc_top/pll_clk.u_clk_pll/inst/cpu_clk_clk_pll
                         BUFG (Prop_bufg_I_O)         0.077     7.418 r  u_soc_top/pll_clk.u_clk_pll/inst/clkout1_buf/O
                         net (fo=4479, unplaced)      0.439     7.857    u_soc_top/u_axi_sram_direct/cpu_clk
                         FDSE                                         r  u_soc_top/u_axi_sram_direct/base_ram_sel_r_reg/C
                         clock pessimism             -0.496     7.361    
                         clock uncertainty           -0.094     7.266    
                         FDSE (Setup_fdse_C_D)        0.029     7.295    u_soc_top/u_axi_sram_direct/base_ram_sel_r_reg
  -------------------------------------------------------------------
                         required time                          7.295    
                         arrival time                          -6.914    
  -------------------------------------------------------------------
                         slack                                  0.382    

Slack (MET) :             0.382ns  (required time - arrival time)
  Source:                 u_soc_top/u_cpu/u_core/reg_ex_mem0_ctrl/data_out_reg[6]/C
                            (rising edge-triggered cell FDRE clocked by cpu_clk  {rise@0.000ns fall@5.000ns period=10.000ns})
  Destination:            u_soc_top/u_axi_sram_direct/base_ram_sel_r_reg/D
                            (rising edge-triggered cell FDSE clocked by cpu_clk  {rise@0.000ns fall@5.000ns period=10.000ns})
  Path Group:             cpu_clk
  Path Type:              Setup (Max at Slow Process Corner)
  Requirement:            10.000ns  (cpu_clk rise@10.000ns - cpu_clk rise@0.000ns)
  Data Path Delay:        9.408ns  (logic 2.766ns (29.401%)  route 6.642ns (70.599%))
  Logic Levels:           17  (CARRY4=1 LUT1=1 LUT3=2 LUT5=5 LUT6=8)
  Clock Path Skew:        -0.145ns (DCD - SCD + CPR)
    Destination Clock Delay (DCD):    -2.143ns = ( 7.857 - 10.000 ) 
    Source Clock Delay      (SCD):    -2.494ns
    Clock Pessimism Removal (CPR):    -0.496ns
  Clock Uncertainty:      0.094ns  ((TSJ^2 + DJ^2)^1/2) / 2 + PE
    Total System Jitter     (TSJ):    0.071ns
    Discrete Jitter          (DJ):    0.175ns
    Phase Error              (PE):    0.000ns

    Location             Delay type                Incr(ns)  Path(ns)    Netlist Resource(s)
  -------------------------------------------------------------------    -------------------
                         (clock cpu_clk rise edge)    0.000     0.000 r  
    K21                                               0.000     0.000 r  clk_50M (IN)
                         net (fo=0)                   0.000     0.000    u_soc_top/pll_clk.u_clk_pll/inst/clk_in1
    K21                  IBUF (Prop_ibuf_I_O)         1.394     1.394 r  u_soc_top/pll_clk.u_clk_pll/inst/clkin1_ibufg/O
                         net (fo=1, unplaced)         0.584     1.978    u_soc_top/pll_clk.u_clk_pll/inst/clk_in1_clk_pll
                         PLLE2_ADV (Prop_plle2_adv_CLKIN1_CLKOUT0)
                                                     -5.783    -3.805 r  u_soc_top/pll_clk.u_clk_pll/inst/plle2_adv_inst/CLKOUT0
                         net (fo=1, unplaced)         0.646    -3.159    u_soc_top/pll_clk.u_clk_pll/inst/cpu_clk_clk_pll
                         BUFG (Prop_bufg_I_O)         0.081    -3.078 r  u_soc_top/pll_clk.u_clk_pll/inst/clkout1_buf/O
                         net (fo=4479, unplaced)      0.584    -2.494    u_soc_top/u_cpu/u_core/reg_ex_mem0_ctrl/cpu_clk
                         FDRE                                         r  u_soc_top/u_cpu/u_core/reg_ex_mem0_ctrl/data_out_reg[6]/C
  -------------------------------------------------------------------    -------------------
                         FDRE (Prop_fdre_C_Q)         0.379    -2.115 r  u_soc_top/u_cpu/u_core/reg_ex_mem0_ctrl/data_out_reg[6]/Q
                         net (fo=124, unplaced)       0.704    -1.411    u_soc_top/u_cpu/u_core/reg_ex_mem0_ctrl/ex_mem0_out[ctrl][valid]
                         LUT3 (Prop_lut3_I0_O)        0.232    -1.179 r  u_soc_top/u_cpu/u_core/reg_ex_mem0_ctrl/wdata_stored[31]_i_5/O
                         net (fo=102, unplaced)       0.447    -0.732    u_soc_top/u_cpu/u_core/reg_ex_mem1_data/wdata_stored_reg[8]
                         LUT5 (Prop_lut5_I3_O)        0.105    -0.627 f  u_soc_top/u_cpu/u_core/reg_ex_mem1_data/wstrb_stored[2]_i_2/O
                         net (fo=7, unplaced)         0.617    -0.010    u_soc_top/u_cpu/u_core/reg_ex_mem1_data/data_out_reg[34]_0
                         LUT6 (Prop_lut6_I0_O)        0.105     0.095 f  u_soc_top/u_cpu/u_core/reg_ex_mem1_data/r_addr[31]_i_5/O
                         net (fo=12, unplaced)        0.395     0.490    u_soc_top/u_cpu/u_core/reg_ex_mem1_ctrl/ar_preview_addr_r_reg[25]
                         LUT6 (Prop_lut6_I5_O)        0.105     0.595 r  u_soc_top/u_cpu/u_core/reg_ex_mem1_ctrl/r_addr[31]_i_4/O
                         net (fo=68, unplaced)        0.437     1.032    u_soc_top/u_cpu/u_core/reg_ex_mem1_ctrl/FSM_sequential_state_reg
                         LUT5 (Prop_lut5_I3_O)        0.105     1.137 r  u_soc_top/u_cpu/u_core/reg_ex_mem1_ctrl/ar_preview_addr_r[31]_i_2/O
                         net (fo=2, unplaced)         0.478     1.615    u_soc_top/u_cpu/u_arbiter/ar_preview_addr_r_reg[31]_0
                         LUT6 (Prop_lut6_I3_O)        0.105     1.720 r  u_soc_top/u_cpu/u_arbiter/ar_preview_addr_r[31]_i_1/O
                         net (fo=2, unplaced)         0.352     2.072    u_soc_top/u_axi_sram_direct/D[29]
                         LUT3 (Prop_lut3_I0_O)        0.105     2.177 f  u_soc_top/u_axi_sram_direct/wb_cover_line_r[14]_i_26/O
                         net (fo=8, unplaced)         0.385     2.562    u_soc_top/u_axi_sram_direct/wb_cover_line_r[14]_i_26_n_0
                         LUT6 (Prop_lut6_I0_O)        0.105     2.667 f  u_soc_top/u_axi_sram_direct/wb_fwd_w_r[31]_i_32/O
                         net (fo=1, unplaced)         0.347     3.014    u_soc_top/u_axi_sram_direct/wb_fwd_w_r[31]_i_32_n_0
                         LUT5 (Prop_lut5_I4_O)        0.105     3.119 f  u_soc_top/u_axi_sram_direct/wb_fwd_w_r[31]_i_17/O
                         net (fo=1, unplaced)         0.000     3.119    u_soc_top/u_axi_sram_direct/wb_fwd_w_r[31]_i_17_n_0
                         CARRY4 (Prop_carry4_S[1]_CO[1])
                                                      0.408     3.527 f  u_soc_top/u_axi_sram_direct/wb_fwd_w_r_reg[31]_i_12/CO[1]
                         net (fo=1, unplaced)         0.240     3.767    u_soc_top/u_axi_sram_direct/wb_cover_ar11_out
                         LUT5 (Prop_lut5_I4_O)        0.277     4.044 f  u_soc_top/u_axi_sram_direct/wb_fwd_w_r[31]_i_9/O
                         net (fo=26, unplaced)        0.413     4.457    u_soc_top/u_axi_sram_direct/wb_fwd_w_r[31]_i_9_n_0
                         LUT6 (Prop_lut6_I4_O)        0.105     4.562 f  u_soc_top/u_axi_sram_direct/wb_fwd_w_r[15]_i_5/O
                         net (fo=2, unplaced)         0.358     4.920    u_soc_top/u_axi_sram_direct/wb_fwd_w_r[15]_i_5_n_0
                         LUT5 (Prop_lut5_I2_O)        0.105     5.025 r  u_soc_top/u_axi_sram_direct/wb_full_w_r_i_12/O
                         net (fo=1, unplaced)         0.347     5.372    u_soc_top/u_axi_sram_direct/wb_full_w_r_i_12_n_0
                         LUT6 (Prop_lut6_I5_O)        0.105     5.477 r  u_soc_top/u_axi_sram_direct/wb_full_w_r_i_5/O
                         net (fo=5, unplaced)         0.375     5.852    u_soc_top/u_axi_sram_direct/wb_full_w_r_i_5_n_0
                         LUT6 (Prop_lut6_I0_O)        0.105     5.957 r  u_soc_top/u_axi_sram_direct/ram_addr_out_r[19]_i_4/O
                         net (fo=15, unplaced)        0.400     6.357    u_soc_top/u_axi_sram_direct/ram_addr_out_r[19]_i_4_n_0
                         LUT6 (Prop_lut6_I4_O)        0.105     6.462 f  u_soc_top/u_axi_sram_direct/base_ram_sel_r_i_2/O
                         net (fo=1, unplaced)         0.347     6.809    u_soc_top/base_ram_sel_r0
                         LUT1 (Prop_lut1_I0_O)        0.105     6.914 r  u_soc_top/base_ram_sel_r_i_1/O
                         net (fo=1, unplaced)         0.000     6.914    u_soc_top/u_axi_sram_direct/base_ram_sel_r_reg_0
                         FDSE                                         r  u_soc_top/u_axi_sram_direct/base_ram_sel_r_reg/D
  -------------------------------------------------------------------    -------------------

                         (clock cpu_clk rise edge)   10.000    10.000 r  
    K21                                               0.000    10.000 r  clk_50M (IN)
                         net (fo=0)                   0.000    10.000    u_soc_top/pll_clk.u_clk_pll/inst/clk_in1
    K21                  IBUF (Prop_ibuf_I_O)         1.328    11.328 r  u_soc_top/pll_clk.u_clk_pll/inst/clkin1_ibufg/O
                         net (fo=1, unplaced)         0.439    11.767    u_soc_top/pll_clk.u_clk_pll/inst/clk_in1_clk_pll
                         PLLE2_ADV (Prop_plle2_adv_CLKIN1_CLKOUT0)
                                                     -5.039     6.728 r  u_soc_top/pll_clk.u_clk_pll/inst/plle2_adv_inst/CLKOUT0
                         net (fo=1, unplaced)         0.613     7.341    u_soc_top/pll_clk.u_clk_pll/inst/cpu_clk_clk_pll
                         BUFG (Prop_bufg_I_O)         0.077     7.418 r  u_soc_top/pll_clk.u_clk_pll/inst/clkout1_buf/O
                         net (fo=4479, unplaced)      0.439     7.857    u_soc_top/u_axi_sram_direct/cpu_clk
                         FDSE                                         r  u_soc_top/u_axi_sram_direct/base_ram_sel_r_reg/C
                         clock pessimism             -0.496     7.361    
                         clock uncertainty           -0.094     7.266    
                         FDSE (Setup_fdse_C_D)        0.029     7.295    u_soc_top/u_axi_sram_direct/base_ram_sel_r_reg
  -------------------------------------------------------------------
                         required time                          7.295    
                         arrival time                          -6.914    
  -------------------------------------------------------------------
                         slack                                  0.382    

Slack (MET) :             0.382ns  (required time - arrival time)
  Source:                 u_soc_top/u_cpu/u_core/reg_ex_mem0_ctrl/data_out_reg[6]/C
                            (rising edge-triggered cell FDRE clocked by cpu_clk  {rise@0.000ns fall@5.000ns period=10.000ns})
  Destination:            u_soc_top/u_axi_sram_direct/base_ram_sel_r_reg/D
                            (rising edge-triggered cell FDSE clocked by cpu_clk  {rise@0.000ns fall@5.000ns period=10.000ns})
  Path Group:             cpu_clk
  Path Type:              Setup (Max at Slow Process Corner)
  Requirement:            10.000ns  (cpu_clk rise@10.000ns - cpu_clk rise@0.000ns)
  Data Path Delay:        9.408ns  (logic 2.766ns (29.401%)  route 6.642ns (70.599%))
  Logic Levels:           17  (CARRY4=1 LUT1=1 LUT3=2 LUT5=5 LUT6=8)
  Clock Path Skew:        -0.145ns (DCD - SCD + CPR)
    Destination Clock Delay (DCD):    -2.143ns = ( 7.857 - 10.000 ) 
    Source Clock Delay      (SCD):    -2.494ns
    Clock Pessimism Removal (CPR):    -0.496ns
  Clock Uncertainty:      0.094ns  ((TSJ^2 + DJ^2)^1/2) / 2 + PE
    Total System Jitter     (TSJ):    0.071ns
    Discrete Jitter          (DJ):    0.175ns
    Phase Error              (PE):    0.000ns

    Location             Delay type                Incr(ns)  Path(ns)    Netlist Resource(s)
  -------------------------------------------------------------------    -------------------
                         (clock cpu_clk rise edge)    0.000     0.000 r  
    K21                                               0.000     0.000 r  clk_50M (IN)
                         net (fo=0)                   0.000     0.000    u_soc_top/pll_clk.u_clk_pll/inst/clk_in1
    K21                  IBUF (Prop_ibuf_I_O)         1.394     1.394 r  u_soc_top/pll_clk.u_clk_pll/inst/clkin1_ibufg/O
                         net (fo=1, unplaced)         0.584     1.978    u_soc_top/pll_clk.u_clk_pll/inst/clk_in1_clk_pll
                         PLLE2_ADV (Prop_plle2_adv_CLKIN1_CLKOUT0)
                                                     -5.783    -3.805 r  u_soc_top/pll_clk.u_clk_pll/inst/plle2_adv_inst/CLKOUT0
                         net (fo=1, unplaced)         0.646    -3.159    u_soc_top/pll_clk.u_clk_pll/inst/cpu_clk_clk_pll
                         BUFG (Prop_bufg_I_O)         0.081    -3.078 r  u_soc_top/pll_clk.u_clk_pll/inst/clkout1_buf/O
                         net (fo=4479, unplaced)      0.584    -2.494    u_soc_top/u_cpu/u_core/reg_ex_mem0_ctrl/cpu_clk
                         FDRE                                         r  u_soc_top/u_cpu/u_core/reg_ex_mem0_ctrl/data_out_reg[6]/C
  -------------------------------------------------------------------    -------------------
                         FDRE (Prop_fdre_C_Q)         0.379    -2.115 r  u_soc_top/u_cpu/u_core/reg_ex_mem0_ctrl/data_out_reg[6]/Q
                         net (fo=124, unplaced)       0.704    -1.411    u_soc_top/u_cpu/u_core/reg_ex_mem0_ctrl/ex_mem0_out[ctrl][valid]
                         LUT3 (Prop_lut3_I0_O)        0.232    -1.179 r  u_soc_top/u_cpu/u_core/reg_ex_mem0_ctrl/wdata_stored[31]_i_5/O
                         net (fo=102, unplaced)       0.447    -0.732    u_soc_top/u_cpu/u_core/reg_ex_mem1_data/wdata_stored_reg[8]
                         LUT5 (Prop_lut5_I3_O)        0.105    -0.627 r  u_soc_top/u_cpu/u_core/reg_ex_mem1_data/wstrb_stored[2]_i_2/O
                         net (fo=7, unplaced)         0.617    -0.010    u_soc_top/u_cpu/u_core/reg_ex_mem1_data/data_out_reg[34]_0
                         LUT6 (Prop_lut6_I0_O)        0.105     0.095 r  u_soc_top/u_cpu/u_core/reg_ex_mem1_data/r_addr[31]_i_5/O
                         net (fo=12, unplaced)        0.395     0.490    u_soc_top/u_cpu/u_core/reg_ex_mem1_ctrl/ar_preview_addr_r_reg[25]
                         LUT6 (Prop_lut6_I5_O)        0.105     0.595 f  u_soc_top/u_cpu/u_core/reg_ex_mem1_ctrl/r_addr[31]_i_4/O
                         net (fo=68, unplaced)        0.437     1.032    u_soc_top/u_cpu/u_core/reg_ex_mem1_ctrl/FSM_sequential_state_reg
                         LUT5 (Prop_lut5_I3_O)        0.105     1.137 r  u_soc_top/u_cpu/u_core/reg_ex_mem1_ctrl/ar_preview_addr_r[31]_i_2/O
                         net (fo=2, unplaced)         0.478     1.615    u_soc_top/u_cpu/u_arbiter/ar_preview_addr_r_reg[31]_0
                         LUT6 (Prop_lut6_I3_O)        0.105     1.720 r  u_soc_top/u_cpu/u_arbiter/ar_preview_addr_r[31]_i_1/O
                         net (fo=2, unplaced)         0.352     2.072    u_soc_top/u_axi_sram_direct/D[29]
                         LUT3 (Prop_lut3_I0_O)        0.105     2.177 f  u_soc_top/u_axi_sram_direct/wb_cover_line_r[14]_i_26/O
                         net (fo=8, unplaced)         0.385     2.562    u_soc_top/u_axi_sram_direct/wb_cover_line_r[14]_i_26_n_0
                         LUT6 (Prop_lut6_I0_O)        0.105     2.667 f  u_soc_top/u_axi_sram_direct/wb_fwd_w_r[31]_i_32/O
                         net (fo=1, unplaced)         0.347     3.014    u_soc_top/u_axi_sram_direct/wb_fwd_w_r[31]_i_32_n_0
                         LUT5 (Prop_lut5_I4_O)        0.105     3.119 f  u_soc_top/u_axi_sram_direct/wb_fwd_w_r[31]_i_17/O
                         net (fo=1, unplaced)         0.000     3.119    u_soc_top/u_axi_sram_direct/wb_fwd_w_r[31]_i_17_n_0
                         CARRY4 (Prop_carry4_S[1]_CO[1])
                                                      0.408     3.527 f  u_soc_top/u_axi_sram_direct/wb_fwd_w_r_reg[31]_i_12/CO[1]
                         net (fo=1, unplaced)         0.240     3.767    u_soc_top/u_axi_sram_direct/wb_cover_ar11_out
                         LUT5 (Prop_lut5_I4_O)        0.277     4.044 f  u_soc_top/u_axi_sram_direct/wb_fwd_w_r[31]_i_9/O
                         net (fo=26, unplaced)        0.413     4.457    u_soc_top/u_axi_sram_direct/wb_fwd_w_r[31]_i_9_n_0
                         LUT6 (Prop_lut6_I4_O)        0.105     4.562 f  u_soc_top/u_axi_sram_direct/wb_fwd_w_r[15]_i_5/O
                         net (fo=2, unplaced)         0.358     4.920    u_soc_top/u_axi_sram_direct/wb_fwd_w_r[15]_i_5_n_0
                         LUT5 (Prop_lut5_I2_O)        0.105     5.025 r  u_soc_top/u_axi_sram_direct/wb_full_w_r_i_12/O
                         net (fo=1, unplaced)         0.347     5.372    u_soc_top/u_axi_sram_direct/wb_full_w_r_i_12_n_0
                         LUT6 (Prop_lut6_I5_O)        0.105     5.477 r  u_soc_top/u_axi_sram_direct/wb_full_w_r_i_5/O
                         net (fo=5, unplaced)         0.375     5.852    u_soc_top/u_axi_sram_direct/wb_full_w_r_i_5_n_0
                         LUT6 (Prop_lut6_I0_O)        0.105     5.957 r  u_soc_top/u_axi_sram_direct/ram_addr_out_r[19]_i_4/O
                         net (fo=15, unplaced)        0.400     6.357    u_soc_top/u_axi_sram_direct/ram_addr_out_r[19]_i_4_n_0
                         LUT6 (Prop_lut6_I4_O)        0.105     6.462 f  u_soc_top/u_axi_sram_direct/base_ram_sel_r_i_2/O
                         net (fo=1, unplaced)         0.347     6.809    u_soc_top/base_ram_sel_r0
                         LUT1 (Prop_lut1_I0_O)        0.105     6.914 r  u_soc_top/base_ram_sel_r_i_1/O
                         net (fo=1, unplaced)         0.000     6.914    u_soc_top/u_axi_sram_direct/base_ram_sel_r_reg_0
                         FDSE                                         r  u_soc_top/u_axi_sram_direct/base_ram_sel_r_reg/D
  -------------------------------------------------------------------    -------------------

                         (clock cpu_clk rise edge)   10.000    10.000 r  
    K21                                               0.000    10.000 r  clk_50M (IN)
                         net (fo=0)                   0.000    10.000    u_soc_top/pll_clk.u_clk_pll/inst/clk_in1
    K21                  IBUF (Prop_ibuf_I_O)         1.328    11.328 r  u_soc_top/pll_clk.u_clk_pll/inst/clkin1_ibufg/O
                         net (fo=1, unplaced)         0.439    11.767    u_soc_top/pll_clk.u_clk_pll/inst/clk_in1_clk_pll
                         PLLE2_ADV (Prop_plle2_adv_CLKIN1_CLKOUT0)
                                                     -5.039     6.728 r  u_soc_top/pll_clk.u_clk_pll/inst/plle2_adv_inst/CLKOUT0
                         net (fo=1, unplaced)         0.613     7.341    u_soc_top/pll_clk.u_clk_pll/inst/cpu_clk_clk_pll
                         BUFG (Prop_bufg_I_O)         0.077     7.418 r  u_soc_top/pll_clk.u_clk_pll/inst/clkout1_buf/O
                         net (fo=4479, unplaced)      0.439     7.857    u_soc_top/u_axi_sram_direct/cpu_clk
                         FDSE                                         r  u_soc_top/u_axi_sram_direct/base_ram_sel_r_reg/C
                         clock pessimism             -0.496     7.361    
                         clock uncertainty           -0.094     7.266    
                         FDSE (Setup_fdse_C_D)        0.029     7.295    u_soc_top/u_axi_sram_direct/base_ram_sel_r_reg
  -------------------------------------------------------------------
                         required time                          7.295    
                         arrival time                          -6.914    
  -------------------------------------------------------------------
                         slack                                  0.382    

Slack (MET) :             0.834ns  (required time - arrival time)
  Source:                 u_soc_top/u_cpu/u_core/reg_ex_mem0_ctrl/data_out_reg[6]/C
                            (rising edge-triggered cell FDRE clocked by cpu_clk  {rise@0.000ns fall@5.000ns period=10.000ns})
  Destination:            u_soc_top/u_axi_sram_direct/bank_out_r_reg/D
                            (rising edge-triggered cell FDRE clocked by cpu_clk  {rise@0.000ns fall@5.000ns period=10.000ns})
  Path Group:             cpu_clk
  Path Type:              Setup (Max at Slow Process Corner)
  Requirement:            10.000ns  (cpu_clk rise@10.000ns - cpu_clk rise@0.000ns)
  Data Path Delay:        8.956ns  (logic 2.661ns (29.712%)  route 6.295ns (70.288%))
  Logic Levels:           16  (CARRY4=1 LUT3=2 LUT5=5 LUT6=8)
  Clock Path Skew:        -0.145ns (DCD - SCD + CPR)
    Destination Clock Delay (DCD):    -2.143ns = ( 7.857 - 10.000 ) 
    Source Clock Delay      (SCD):    -2.494ns
    Clock Pessimism Removal (CPR):    -0.496ns
  Clock Uncertainty:      0.094ns  ((TSJ^2 + DJ^2)^1/2) / 2 + PE
    Total System Jitter     (TSJ):    0.071ns
    Discrete Jitter          (DJ):    0.175ns
    Phase Error              (PE):    0.000ns

    Location             Delay type                Incr(ns)  Path(ns)    Netlist Resource(s)
  -------------------------------------------------------------------    -------------------
                         (clock cpu_clk rise edge)    0.000     0.000 r  
    K21                                               0.000     0.000 r  clk_50M (IN)
                         net (fo=0)                   0.000     0.000    u_soc_top/pll_clk.u_clk_pll/inst/clk_in1
    K21                  IBUF (Prop_ibuf_I_O)         1.394     1.394 r  u_soc_top/pll_clk.u_clk_pll/inst/clkin1_ibufg/O
                         net (fo=1, unplaced)         0.584     1.978    u_soc_top/pll_clk.u_clk_pll/inst/clk_in1_clk_pll
                         PLLE2_ADV (Prop_plle2_adv_CLKIN1_CLKOUT0)
                                                     -5.783    -3.805 r  u_soc_top/pll_clk.u_clk_pll/inst/plle2_adv_inst/CLKOUT0
                         net (fo=1, unplaced)         0.646    -3.159    u_soc_top/pll_clk.u_clk_pll/inst/cpu_clk_clk_pll
                         BUFG (Prop_bufg_I_O)         0.081    -3.078 r  u_soc_top/pll_clk.u_clk_pll/inst/clkout1_buf/O
                         net (fo=4479, unplaced)      0.584    -2.494    u_soc_top/u_cpu/u_core/reg_ex_mem0_ctrl/cpu_clk
                         FDRE                                         r  u_soc_top/u_cpu/u_core/reg_ex_mem0_ctrl/data_out_reg[6]/C
  -------------------------------------------------------------------    -------------------
                         FDRE (Prop_fdre_C_Q)         0.379    -2.115 r  u_soc_top/u_cpu/u_core/reg_ex_mem0_ctrl/data_out_reg[6]/Q
                         net (fo=124, unplaced)       0.704    -1.411    u_soc_top/u_cpu/u_core/reg_ex_mem0_ctrl/ex_mem0_out[ctrl][valid]
                         LUT3 (Prop_lut3_I0_O)        0.232    -1.179 r  u_soc_top/u_cpu/u_core/reg_ex_mem0_ctrl/wdata_stored[31]_i_5/O
                         net (fo=102, unplaced)       0.447    -0.732    u_soc_top/u_cpu/u_core/reg_ex_mem1_data/wdata_stored_reg[8]
                         LUT5 (Prop_lut5_I3_O)        0.105    -0.627 f  u_soc_top/u_cpu/u_core/reg_ex_mem1_data/wstrb_stored[2]_i_2/O
                         net (fo=7, unplaced)         0.617    -0.010    u_soc_top/u_cpu/u_core/reg_ex_mem1_data/data_out_reg[34]_0
                         LUT6 (Prop_lut6_I0_O)        0.105     0.095 f  u_soc_top/u_cpu/u_core/reg_ex_mem1_data/r_addr[31]_i_5/O
                         net (fo=12, unplaced)        0.395     0.490    u_soc_top/u_cpu/u_core/reg_ex_mem1_ctrl/ar_preview_addr_r_reg[25]
                         LUT6 (Prop_lut6_I5_O)        0.105     0.595 r  u_soc_top/u_cpu/u_core/reg_ex_mem1_ctrl/r_addr[31]_i_4/O
                         net (fo=68, unplaced)        0.437     1.032    u_soc_top/u_cpu/u_core/reg_ex_mem1_ctrl/FSM_sequential_state_reg
                         LUT5 (Prop_lut5_I3_O)        0.105     1.137 f  u_soc_top/u_cpu/u_core/reg_ex_mem1_ctrl/ar_preview_addr_r[31]_i_2/O
                         net (fo=2, unplaced)         0.478     1.615    u_soc_top/u_cpu/u_arbiter/ar_preview_addr_r_reg[31]_0
                         LUT6 (Prop_lut6_I3_O)        0.105     1.720 f  u_soc_top/u_cpu/u_arbiter/ar_preview_addr_r[31]_i_1/O
                         net (fo=2, unplaced)         0.352     2.072    u_soc_top/u_axi_sram_direct/D[29]
                         LUT3 (Prop_lut3_I0_O)        0.105     2.177 r  u_soc_top/u_axi_sram_direct/wb_cover_line_r[14]_i_26/O
                         net (fo=8, unplaced)         0.385     2.562    u_soc_top/u_axi_sram_direct/wb_cover_line_r[14]_i_26_n_0
                         LUT6 (Prop_lut6_I0_O)        0.105     2.667 r  u_soc_top/u_axi_sram_direct/wb_fwd_w_r[31]_i_32/O
                         net (fo=1, unplaced)         0.347     3.014    u_soc_top/u_axi_sram_direct/wb_fwd_w_r[31]_i_32_n_0
                         LUT5 (Prop_lut5_I4_O)        0.105     3.119 r  u_soc_top/u_axi_sram_direct/wb_fwd_w_r[31]_i_17/O
                         net (fo=1, unplaced)         0.000     3.119    u_soc_top/u_axi_sram_direct/wb_fwd_w_r[31]_i_17_n_0
                         CARRY4 (Prop_carry4_S[1]_CO[1])
                                                      0.408     3.527 f  u_soc_top/u_axi_sram_direct/wb_fwd_w_r_reg[31]_i_12/CO[1]
                         net (fo=1, unplaced)         0.240     3.767    u_soc_top/u_axi_sram_direct/wb_cover_ar11_out
                         LUT5 (Prop_lut5_I4_O)        0.277     4.044 f  u_soc_top/u_axi_sram_direct/wb_fwd_w_r[31]_i_9/O
                         net (fo=26, unplaced)        0.413     4.457    u_soc_top/u_axi_sram_direct/wb_fwd_w_r[31]_i_9_n_0
                         LUT6 (Prop_lut6_I4_O)        0.105     4.562 f  u_soc_top/u_axi_sram_direct/wb_fwd_w_r[15]_i_5/O
                         net (fo=2, unplaced)         0.358     4.920    u_soc_top/u_axi_sram_direct/wb_fwd_w_r[15]_i_5_n_0
                         LUT5 (Prop_lut5_I2_O)        0.105     5.025 r  u_soc_top/u_axi_sram_direct/wb_full_w_r_i_12/O
                         net (fo=1, unplaced)         0.347     5.372    u_soc_top/u_axi_sram_direct/wb_full_w_r_i_12_n_0
                         LUT6 (Prop_lut6_I5_O)        0.105     5.477 r  u_soc_top/u_axi_sram_direct/wb_full_w_r_i_5/O
                         net (fo=5, unplaced)         0.375     5.852    u_soc_top/u_axi_sram_direct/wb_full_w_r_i_5_n_0
                         LUT6 (Prop_lut6_I0_O)        0.105     5.957 r  u_soc_top/u_axi_sram_direct/ram_addr_out_r[19]_i_4/O
                         net (fo=15, unplaced)        0.400     6.357    u_soc_top/u_axi_sram_direct/ram_addr_out_r[19]_i_4_n_0
                         LUT6 (Prop_lut6_I4_O)        0.105     6.462 r  u_soc_top/u_axi_sram_direct/bank_out_r_i_1/O
                         net (fo=1, unplaced)         0.000     6.462    u_soc_top/u_axi_sram_direct/bank_out201_in
                         FDRE                                         r  u_soc_top/u_axi_sram_direct/bank_out_r_reg/D
  -------------------------------------------------------------------    -------------------

                         (clock cpu_clk rise edge)   10.000    10.000 r  
    K21                                               0.000    10.000 r  clk_50M (IN)
                         net (fo=0)                   0.000    10.000    u_soc_top/pll_clk.u_clk_pll/inst/clk_in1
    K21                  IBUF (Prop_ibuf_I_O)         1.328    11.328 r  u_soc_top/pll_clk.u_clk_pll/inst/clkin1_ibufg/O
                         net (fo=1, unplaced)         0.439    11.767    u_soc_top/pll_clk.u_clk_pll/inst/clk_in1_clk_pll
                         PLLE2_ADV (Prop_plle2_adv_CLKIN1_CLKOUT0)
                                                     -5.039     6.728 r  u_soc_top/pll_clk.u_clk_pll/inst/plle2_adv_inst/CLKOUT0
                         net (fo=1, unplaced)         0.613     7.341    u_soc_top/pll_clk.u_clk_pll/inst/cpu_clk_clk_pll
                         BUFG (Prop_bufg_I_O)         0.077     7.418 r  u_soc_top/pll_clk.u_clk_pll/inst/clkout1_buf/O
                         net (fo=4479, unplaced)      0.439     7.857    u_soc_top/u_axi_sram_direct/cpu_clk
                         FDRE                                         r  u_soc_top/u_axi_sram_direct/bank_out_r_reg/C
                         clock pessimism             -0.496     7.361    
                         clock uncertainty           -0.094     7.266    
                         FDRE (Setup_fdre_C_D)        0.029     7.295    u_soc_top/u_axi_sram_direct/bank_out_r_reg
  -------------------------------------------------------------------
                         required time                          7.295    
                         arrival time                          -6.462    
  -------------------------------------------------------------------
                         slack                                  0.834    

Slack (MET) :             0.834ns  (required time - arrival time)
  Source:                 u_soc_top/u_cpu/u_core/reg_ex_mem0_ctrl/data_out_reg[6]/C
                            (rising edge-triggered cell FDRE clocked by cpu_clk  {rise@0.000ns fall@5.000ns period=10.000ns})
  Destination:            u_soc_top/u_axi_sram_direct/bank_out_r_reg/D
                            (rising edge-triggered cell FDRE clocked by cpu_clk  {rise@0.000ns fall@5.000ns period=10.000ns})
  Path Group:             cpu_clk
  Path Type:              Setup (Max at Slow Process Corner)
  Requirement:            10.000ns  (cpu_clk rise@10.000ns - cpu_clk rise@0.000ns)
  Data Path Delay:        8.956ns  (logic 2.661ns (29.712%)  route 6.295ns (70.288%))
  Logic Levels:           16  (CARRY4=1 LUT3=2 LUT5=5 LUT6=8)
  Clock Path Skew:        -0.145ns (DCD - SCD + CPR)
    Destination Clock Delay (DCD):    -2.143ns = ( 7.857 - 10.000 ) 
    Source Clock Delay      (SCD):    -2.494ns
    Clock Pessimism Removal (CPR):    -0.496ns
  Clock Uncertainty:      0.094ns  ((TSJ^2 + DJ^2)^1/2) / 2 + PE
    Total System Jitter     (TSJ):    0.071ns
    Discrete Jitter          (DJ):    0.175ns
    Phase Error              (PE):    0.000ns

    Location             Delay type                Incr(ns)  Path(ns)    Netlist Resource(s)
  -------------------------------------------------------------------    -------------------
                         (clock cpu_clk rise edge)    0.000     0.000 r  
    K21                                               0.000     0.000 r  clk_50M (IN)
                         net (fo=0)                   0.000     0.000    u_soc_top/pll_clk.u_clk_pll/inst/clk_in1
    K21                  IBUF (Prop_ibuf_I_O)         1.394     1.394 r  u_soc_top/pll_clk.u_clk_pll/inst/clkin1_ibufg/O
                         net (fo=1, unplaced)         0.584     1.978    u_soc_top/pll_clk.u_clk_pll/inst/clk_in1_clk_pll
                         PLLE2_ADV (Prop_plle2_adv_CLKIN1_CLKOUT0)
                                                     -5.783    -3.805 r  u_soc_top/pll_clk.u_clk_pll/inst/plle2_adv_inst/CLKOUT0
                         net (fo=1, unplaced)         0.646    -3.159    u_soc_top/pll_clk.u_clk_pll/inst/cpu_clk_clk_pll
                         BUFG (Prop_bufg_I_O)         0.081    -3.078 r  u_soc_top/pll_clk.u_clk_pll/inst/clkout1_buf/O
                         net (fo=4479, unplaced)      0.584    -2.494    u_soc_top/u_cpu/u_core/reg_ex_mem0_ctrl/cpu_clk
                         FDRE                                         r  u_soc_top/u_cpu/u_core/reg_ex_mem0_ctrl/data_out_reg[6]/C
  -------------------------------------------------------------------    -------------------
                         FDRE (Prop_fdre_C_Q)         0.379    -2.115 f  u_soc_top/u_cpu/u_core/reg_ex_mem0_ctrl/data_out_reg[6]/Q
                         net (fo=124, unplaced)       0.704    -1.411    u_soc_top/u_cpu/u_core/reg_ex_mem0_ctrl/ex_mem0_out[ctrl][valid]
                         LUT3 (Prop_lut3_I0_O)        0.232    -1.179 f  u_soc_top/u_cpu/u_core/reg_ex_mem0_ctrl/wdata_stored[31]_i_5/O
                         net (fo=102, unplaced)       0.447    -0.732    u_soc_top/u_cpu/u_core/reg_ex_mem1_data/wdata_stored_reg[8]
                         LUT5 (Prop_lut5_I3_O)        0.105    -0.627 f  u_soc_top/u_cpu/u_core/reg_ex_mem1_data/wstrb_stored[2]_i_2/O
                         net (fo=7, unplaced)         0.617    -0.010    u_soc_top/u_cpu/u_core/reg_ex_mem1_data/data_out_reg[34]_0
                         LUT6 (Prop_lut6_I0_O)        0.105     0.095 f  u_soc_top/u_cpu/u_core/reg_ex_mem1_data/r_addr[31]_i_5/O
                         net (fo=12, unplaced)        0.395     0.490    u_soc_top/u_cpu/u_core/reg_ex_mem1_ctrl/ar_preview_addr_r_reg[25]
                         LUT6 (Prop_lut6_I5_O)        0.105     0.595 r  u_soc_top/u_cpu/u_core/reg_ex_mem1_ctrl/r_addr[31]_i_4/O
                         net (fo=68, unplaced)        0.437     1.032    u_soc_top/u_cpu/u_core/reg_ex_mem1_ctrl/FSM_sequential_state_reg
                         LUT5 (Prop_lut5_I3_O)        0.105     1.137 f  u_soc_top/u_cpu/u_core/reg_ex_mem1_ctrl/ar_preview_addr_r[31]_i_2/O
                         net (fo=2, unplaced)         0.478     1.615    u_soc_top/u_cpu/u_arbiter/ar_preview_addr_r_reg[31]_0
                         LUT6 (Prop_lut6_I3_O)        0.105     1.720 f  u_soc_top/u_cpu/u_arbiter/ar_preview_addr_r[31]_i_1/O
                         net (fo=2, unplaced)         0.352     2.072    u_soc_top/u_axi_sram_direct/D[29]
                         LUT3 (Prop_lut3_I0_O)        0.105     2.177 r  u_soc_top/u_axi_sram_direct/wb_cover_line_r[14]_i_26/O
                         net (fo=8, unplaced)         0.385     2.562    u_soc_top/u_axi_sram_direct/wb_cover_line_r[14]_i_26_n_0
                         LUT6 (Prop_lut6_I0_O)        0.105     2.667 r  u_soc_top/u_axi_sram_direct/wb_fwd_w_r[31]_i_32/O
                         net (fo=1, unplaced)         0.347     3.014    u_soc_top/u_axi_sram_direct/wb_fwd_w_r[31]_i_32_n_0
                         LUT5 (Prop_lut5_I4_O)        0.105     3.119 r  u_soc_top/u_axi_sram_direct/wb_fwd_w_r[31]_i_17/O
                         net (fo=1, unplaced)         0.000     3.119    u_soc_top/u_axi_sram_direct/wb_fwd_w_r[31]_i_17_n_0
                         CARRY4 (Prop_carry4_S[1]_CO[1])
                                                      0.408     3.527 f  u_soc_top/u_axi_sram_direct/wb_fwd_w_r_reg[31]_i_12/CO[1]
                         net (fo=1, unplaced)         0.240     3.767    u_soc_top/u_axi_sram_direct/wb_cover_ar11_out
                         LUT5 (Prop_lut5_I4_O)        0.277     4.044 f  u_soc_top/u_axi_sram_direct/wb_fwd_w_r[31]_i_9/O
                         net (fo=26, unplaced)        0.413     4.457    u_soc_top/u_axi_sram_direct/wb_fwd_w_r[31]_i_9_n_0
                         LUT6 (Prop_lut6_I4_O)        0.105     4.562 f  u_soc_top/u_axi_sram_direct/wb_fwd_w_r[15]_i_5/O
                         net (fo=2, unplaced)         0.358     4.920    u_soc_top/u_axi_sram_direct/wb_fwd_w_r[15]_i_5_n_0
                         LUT5 (Prop_lut5_I2_O)        0.105     5.025 r  u_soc_top/u_axi_sram_direct/wb_full_w_r_i_12/O
                         net (fo=1, unplaced)         0.347     5.372    u_soc_top/u_axi_sram_direct/wb_full_w_r_i_12_n_0
                         LUT6 (Prop_lut6_I5_O)        0.105     5.477 r  u_soc_top/u_axi_sram_direct/wb_full_w_r_i_5/O
                         net (fo=5, unplaced)         0.375     5.852    u_soc_top/u_axi_sram_direct/wb_full_w_r_i_5_n_0
                         LUT6 (Prop_lut6_I0_O)        0.105     5.957 r  u_soc_top/u_axi_sram_direct/ram_addr_out_r[19]_i_4/O
                         net (fo=15, unplaced)        0.400     6.357    u_soc_top/u_axi_sram_direct/ram_addr_out_r[19]_i_4_n_0
                         LUT6 (Prop_lut6_I4_O)        0.105     6.462 r  u_soc_top/u_axi_sram_direct/bank_out_r_i_1/O
                         net (fo=1, unplaced)         0.000     6.462    u_soc_top/u_axi_sram_direct/bank_out201_in
                         FDRE                                         r  u_soc_top/u_axi_sram_direct/bank_out_r_reg/D
  -------------------------------------------------------------------    -------------------

                         (clock cpu_clk rise edge)   10.000    10.000 r  
    K21                                               0.000    10.000 r  clk_50M (IN)
                         net (fo=0)                   0.000    10.000    u_soc_top/pll_clk.u_clk_pll/inst/clk_in1
    K21                  IBUF (Prop_ibuf_I_O)         1.328    11.328 r  u_soc_top/pll_clk.u_clk_pll/inst/clkin1_ibufg/O
                         net (fo=1, unplaced)         0.439    11.767    u_soc_top/pll_clk.u_clk_pll/inst/clk_in1_clk_pll
                         PLLE2_ADV (Prop_plle2_adv_CLKIN1_CLKOUT0)
                                                     -5.039     6.728 r  u_soc_top/pll_clk.u_clk_pll/inst/plle2_adv_inst/CLKOUT0
                         net (fo=1, unplaced)         0.613     7.341    u_soc_top/pll_clk.u_clk_pll/inst/cpu_clk_clk_pll
                         BUFG (Prop_bufg_I_O)         0.077     7.418 r  u_soc_top/pll_clk.u_clk_pll/inst/clkout1_buf/O
                         net (fo=4479, unplaced)      0.439     7.857    u_soc_top/u_axi_sram_direct/cpu_clk
                         FDRE                                         r  u_soc_top/u_axi_sram_direct/bank_out_r_reg/C
                         clock pessimism             -0.496     7.361    
                         clock uncertainty           -0.094     7.266    
                         FDRE (Setup_fdre_C_D)        0.029     7.295    u_soc_top/u_axi_sram_direct/bank_out_r_reg
  -------------------------------------------------------------------
                         required time                          7.295    
                         arrival time                          -6.462    
  -------------------------------------------------------------------
                         slack                                  0.834    

Slack (MET) :             0.834ns  (required time - arrival time)
  Source:                 u_soc_top/u_cpu/u_core/reg_ex_mem0_ctrl/data_out_reg[6]/C
                            (rising edge-triggered cell FDRE clocked by cpu_clk  {rise@0.000ns fall@5.000ns period=10.000ns})
  Destination:            u_soc_top/u_axi_sram_direct/bank_out_r_reg/D
                            (rising edge-triggered cell FDRE clocked by cpu_clk  {rise@0.000ns fall@5.000ns period=10.000ns})
  Path Group:             cpu_clk
  Path Type:              Setup (Max at Slow Process Corner)
  Requirement:            10.000ns  (cpu_clk rise@10.000ns - cpu_clk rise@0.000ns)
  Data Path Delay:        8.956ns  (logic 2.661ns (29.712%)  route 6.295ns (70.288%))
  Logic Levels:           16  (CARRY4=1 LUT3=2 LUT5=5 LUT6=8)
  Clock Path Skew:        -0.145ns (DCD - SCD + CPR)
    Destination Clock Delay (DCD):    -2.143ns = ( 7.857 - 10.000 ) 
    Source Clock Delay      (SCD):    -2.494ns
    Clock Pessimism Removal (CPR):    -0.496ns
  Clock Uncertainty:      0.094ns  ((TSJ^2 + DJ^2)^1/2) / 2 + PE
    Total System Jitter     (TSJ):    0.071ns
    Discrete Jitter          (DJ):    0.175ns
    Phase Error              (PE):    0.000ns

    Location             Delay type                Incr(ns)  Path(ns)    Netlist Resource(s)
  -------------------------------------------------------------------    -------------------
                         (clock cpu_clk rise edge)    0.000     0.000 r  
    K21                                               0.000     0.000 r  clk_50M (IN)
                         net (fo=0)                   0.000     0.000    u_soc_top/pll_clk.u_clk_pll/inst/clk_in1
    K21                  IBUF (Prop_ibuf_I_O)         1.394     1.394 r  u_soc_top/pll_clk.u_clk_pll/inst/clkin1_ibufg/O
                         net (fo=1, unplaced)         0.584     1.978    u_soc_top/pll_clk.u_clk_pll/inst/clk_in1_clk_pll
                         PLLE2_ADV (Prop_plle2_adv_CLKIN1_CLKOUT0)
                                                     -5.783    -3.805 r  u_soc_top/pll_clk.u_clk_pll/inst/plle2_adv_inst/CLKOUT0
                         net (fo=1, unplaced)         0.646    -3.159    u_soc_top/pll_clk.u_clk_pll/inst/cpu_clk_clk_pll
                         BUFG (Prop_bufg_I_O)         0.081    -3.078 r  u_soc_top/pll_clk.u_clk_pll/inst/clkout1_buf/O
                         net (fo=4479, unplaced)      0.584    -2.494    u_soc_top/u_cpu/u_core/reg_ex_mem0_ctrl/cpu_clk
                         FDRE                                         r  u_soc_top/u_cpu/u_core/reg_ex_mem0_ctrl/data_out_reg[6]/C
  -------------------------------------------------------------------    -------------------
                         FDRE (Prop_fdre_C_Q)         0.379    -2.115 r  u_soc_top/u_cpu/u_core/reg_ex_mem0_ctrl/data_out_reg[6]/Q
                         net (fo=124, unplaced)       0.704    -1.411    u_soc_top/u_cpu/u_core/reg_ex_mem0_ctrl/ex_mem0_out[ctrl][valid]
                         LUT3 (Prop_lut3_I0_O)        0.232    -1.179 r  u_soc_top/u_cpu/u_core/reg_ex_mem0_ctrl/wdata_stored[31]_i_5/O
                         net (fo=102, unplaced)       0.447    -0.732    u_soc_top/u_cpu/u_core/reg_ex_mem1_data/wdata_stored_reg[8]
                         LUT5 (Prop_lut5_I3_O)        0.105    -0.627 r  u_soc_top/u_cpu/u_core/reg_ex_mem1_data/wstrb_stored[2]_i_2/O
                         net (fo=7, unplaced)         0.617    -0.010    u_soc_top/u_cpu/u_core/reg_ex_mem1_data/data_out_reg[34]_0
                         LUT6 (Prop_lut6_I0_O)        0.105     0.095 r  u_soc_top/u_cpu/u_core/reg_ex_mem1_data/r_addr[31]_i_5/O
                         net (fo=12, unplaced)        0.395     0.490    u_soc_top/u_cpu/u_core/reg_ex_mem1_ctrl/ar_preview_addr_r_reg[25]
                         LUT6 (Prop_lut6_I5_O)        0.105     0.595 f  u_soc_top/u_cpu/u_core/reg_ex_mem1_ctrl/r_addr[31]_i_4/O
                         net (fo=68, unplaced)        0.437     1.032    u_soc_top/u_cpu/u_core/reg_ex_mem1_ctrl/FSM_sequential_state_reg
                         LUT5 (Prop_lut5_I3_O)        0.105     1.137 f  u_soc_top/u_cpu/u_core/reg_ex_mem1_ctrl/ar_preview_addr_r[31]_i_2/O
                         net (fo=2, unplaced)         0.478     1.615    u_soc_top/u_cpu/u_arbiter/ar_preview_addr_r_reg[31]_0
                         LUT6 (Prop_lut6_I3_O)        0.105     1.720 f  u_soc_top/u_cpu/u_arbiter/ar_preview_addr_r[31]_i_1/O
                         net (fo=2, unplaced)         0.352     2.072    u_soc_top/u_axi_sram_direct/D[29]
                         LUT3 (Prop_lut3_I0_O)        0.105     2.177 r  u_soc_top/u_axi_sram_direct/wb_cover_line_r[14]_i_26/O
                         net (fo=8, unplaced)         0.385     2.562    u_soc_top/u_axi_sram_direct/wb_cover_line_r[14]_i_26_n_0
                         LUT6 (Prop_lut6_I0_O)        0.105     2.667 r  u_soc_top/u_axi_sram_direct/wb_fwd_w_r[31]_i_32/O
                         net (fo=1, unplaced)         0.347     3.014    u_soc_top/u_axi_sram_direct/wb_fwd_w_r[31]_i_32_n_0
                         LUT5 (Prop_lut5_I4_O)        0.105     3.119 r  u_soc_top/u_axi_sram_direct/wb_fwd_w_r[31]_i_17/O
                         net (fo=1, unplaced)         0.000     3.119    u_soc_top/u_axi_sram_direct/wb_fwd_w_r[31]_i_17_n_0
                         CARRY4 (Prop_carry4_S[1]_CO[1])
                                                      0.408     3.527 f  u_soc_top/u_axi_sram_direct/wb_fwd_w_r_reg[31]_i_12/CO[1]
                         net (fo=1, unplaced)         0.240     3.767    u_soc_top/u_axi_sram_direct/wb_cover_ar11_out
                         LUT5 (Prop_lut5_I4_O)        0.277     4.044 f  u_soc_top/u_axi_sram_direct/wb_fwd_w_r[31]_i_9/O
                         net (fo=26, unplaced)        0.413     4.457    u_soc_top/u_axi_sram_direct/wb_fwd_w_r[31]_i_9_n_0
                         LUT6 (Prop_lut6_I4_O)        0.105     4.562 f  u_soc_top/u_axi_sram_direct/wb_fwd_w_r[15]_i_5/O
                         net (fo=2, unplaced)         0.358     4.920    u_soc_top/u_axi_sram_direct/wb_fwd_w_r[15]_i_5_n_0
                         LUT5 (Prop_lut5_I2_O)        0.105     5.025 r  u_soc_top/u_axi_sram_direct/wb_full_w_r_i_12/O
                         net (fo=1, unplaced)         0.347     5.372    u_soc_top/u_axi_sram_direct/wb_full_w_r_i_12_n_0
                         LUT6 (Prop_lut6_I5_O)        0.105     5.477 r  u_soc_top/u_axi_sram_direct/wb_full_w_r_i_5/O
                         net (fo=5, unplaced)         0.375     5.852    u_soc_top/u_axi_sram_direct/wb_full_w_r_i_5_n_0
                         LUT6 (Prop_lut6_I0_O)        0.105     5.957 r  u_soc_top/u_axi_sram_direct/ram_addr_out_r[19]_i_4/O
                         net (fo=15, unplaced)        0.400     6.357    u_soc_top/u_axi_sram_direct/ram_addr_out_r[19]_i_4_n_0
                         LUT6 (Prop_lut6_I4_O)        0.105     6.462 r  u_soc_top/u_axi_sram_direct/bank_out_r_i_1/O
                         net (fo=1, unplaced)         0.000     6.462    u_soc_top/u_axi_sram_direct/bank_out201_in
                         FDRE                                         r  u_soc_top/u_axi_sram_direct/bank_out_r_reg/D
  -------------------------------------------------------------------    -------------------

                         (clock cpu_clk rise edge)   10.000    10.000 r  
    K21                                               0.000    10.000 r  clk_50M (IN)
                         net (fo=0)                   0.000    10.000    u_soc_top/pll_clk.u_clk_pll/inst/clk_in1
    K21                  IBUF (Prop_ibuf_I_O)         1.328    11.328 r  u_soc_top/pll_clk.u_clk_pll/inst/clkin1_ibufg/O
                         net (fo=1, unplaced)         0.439    11.767    u_soc_top/pll_clk.u_clk_pll/inst/clk_in1_clk_pll
                         PLLE2_ADV (Prop_plle2_adv_CLKIN1_CLKOUT0)
                                                     -5.039     6.728 r  u_soc_top/pll_clk.u_clk_pll/inst/plle2_adv_inst/CLKOUT0
                         net (fo=1, unplaced)         0.613     7.341    u_soc_top/pll_clk.u_clk_pll/inst/cpu_clk_clk_pll
                         BUFG (Prop_bufg_I_O)         0.077     7.418 r  u_soc_top/pll_clk.u_clk_pll/inst/clkout1_buf/O
                         net (fo=4479, unplaced)      0.439     7.857    u_soc_top/u_axi_sram_direct/cpu_clk
                         FDRE                                         r  u_soc_top/u_axi_sram_direct/bank_out_r_reg/C
                         clock pessimism             -0.496     7.361    
                         clock uncertainty           -0.094     7.266    
                         FDRE (Setup_fdre_C_D)        0.029     7.295    u_soc_top/u_axi_sram_direct/bank_out_r_reg
  -------------------------------------------------------------------
                         required time                          7.295    
                         arrival time                          -6.462    
  -------------------------------------------------------------------
                         slack                                  0.834    

Slack (MET) :             0.834ns  (required time - arrival time)
  Source:                 u_soc_top/u_cpu/u_core/reg_ex_mem0_ctrl/data_out_reg[6]/C
                            (rising edge-triggered cell FDRE clocked by cpu_clk  {rise@0.000ns fall@5.000ns period=10.000ns})
  Destination:            u_soc_top/u_axi_sram_direct/bank_out_r_reg/D
                            (rising edge-triggered cell FDRE clocked by cpu_clk  {rise@0.000ns fall@5.000ns period=10.000ns})
  Path Group:             cpu_clk
  Path Type:              Setup (Max at Slow Process Corner)
  Requirement:            10.000ns  (cpu_clk rise@10.000ns - cpu_clk rise@0.000ns)
  Data Path Delay:        8.956ns  (logic 2.661ns (29.712%)  route 6.295ns (70.288%))
  Logic Levels:           16  (CARRY4=1 LUT3=2 LUT5=5 LUT6=8)
  Clock Path Skew:        -0.145ns (DCD - SCD + CPR)
    Destination Clock Delay (DCD):    -2.143ns = ( 7.857 - 10.000 ) 
    Source Clock Delay      (SCD):    -2.494ns
    Clock Pessimism Removal (CPR):    -0.496ns
  Clock Uncertainty:      0.094ns  ((TSJ^2 + DJ^2)^1/2) / 2 + PE
    Total System Jitter     (TSJ):    0.071ns
    Discrete Jitter          (DJ):    0.175ns
    Phase Error              (PE):    0.000ns

    Location             Delay type                Incr(ns)  Path(ns)    Netlist Resource(s)
  -------------------------------------------------------------------    -------------------
                         (clock cpu_clk rise edge)    0.000     0.000 r  
    K21                                               0.000     0.000 r  clk_50M (IN)
                         net (fo=0)                   0.000     0.000    u_soc_top/pll_clk.u_clk_pll/inst/clk_in1
    K21                  IBUF (Prop_ibuf_I_O)         1.394     1.394 r  u_soc_top/pll_clk.u_clk_pll/inst/clkin1_ibufg/O
                         net (fo=1, unplaced)         0.584     1.978    u_soc_top/pll_clk.u_clk_pll/inst/clk_in1_clk_pll
                         PLLE2_ADV (Prop_plle2_adv_CLKIN1_CLKOUT0)
                                                     -5.783    -3.805 r  u_soc_top/pll_clk.u_clk_pll/inst/plle2_adv_inst/CLKOUT0
                         net (fo=1, unplaced)         0.646    -3.159    u_soc_top/pll_clk.u_clk_pll/inst/cpu_clk_clk_pll
                         BUFG (Prop_bufg_I_O)         0.081    -3.078 r  u_soc_top/pll_clk.u_clk_pll/inst/clkout1_buf/O
                         net (fo=4479, unplaced)      0.584    -2.494    u_soc_top/u_cpu/u_core/reg_ex_mem0_ctrl/cpu_clk
                         FDRE                                         r  u_soc_top/u_cpu/u_core/reg_ex_mem0_ctrl/data_out_reg[6]/C
  -------------------------------------------------------------------    -------------------
                         FDRE (Prop_fdre_C_Q)         0.379    -2.115 r  u_soc_top/u_cpu/u_core/reg_ex_mem0_ctrl/data_out_reg[6]/Q
                         net (fo=124, unplaced)       0.704    -1.411    u_soc_top/u_cpu/u_core/reg_ex_mem0_ctrl/ex_mem0_out[ctrl][valid]
                         LUT3 (Prop_lut3_I0_O)        0.232    -1.179 r  u_soc_top/u_cpu/u_core/reg_ex_mem0_ctrl/wdata_stored[31]_i_5/O
                         net (fo=102, unplaced)       0.447    -0.732    u_soc_top/u_cpu/u_core/reg_ex_mem1_data/wdata_stored_reg[8]
                         LUT5 (Prop_lut5_I3_O)        0.105    -0.627 f  u_soc_top/u_cpu/u_core/reg_ex_mem1_data/wstrb_stored[2]_i_2/O
                         net (fo=7, unplaced)         0.617    -0.010    u_soc_top/u_cpu/u_core/reg_ex_mem1_data/data_out_reg[34]_0
                         LUT6 (Prop_lut6_I0_O)        0.105     0.095 f  u_soc_top/u_cpu/u_core/reg_ex_mem1_data/r_addr[31]_i_5/O
                         net (fo=12, unplaced)        0.395     0.490    u_soc_top/u_cpu/u_core/reg_ex_mem1_ctrl/ar_preview_addr_r_reg[25]
                         LUT6 (Prop_lut6_I5_O)        0.105     0.595 r  u_soc_top/u_cpu/u_core/reg_ex_mem1_ctrl/r_addr[31]_i_4/O
                         net (fo=68, unplaced)        0.437     1.032    u_soc_top/u_cpu/u_core/reg_ex_mem1_ctrl/FSM_sequential_state_reg
                         LUT5 (Prop_lut5_I3_O)        0.105     1.137 r  u_soc_top/u_cpu/u_core/reg_ex_mem1_ctrl/ar_preview_addr_r[31]_i_2/O
                         net (fo=2, unplaced)         0.478     1.615    u_soc_top/u_cpu/u_arbiter/ar_preview_addr_r_reg[31]_0
                         LUT6 (Prop_lut6_I3_O)        0.105     1.720 r  u_soc_top/u_cpu/u_arbiter/ar_preview_addr_r[31]_i_1/O
                         net (fo=2, unplaced)         0.352     2.072    u_soc_top/u_axi_sram_direct/D[29]
                         LUT3 (Prop_lut3_I0_O)        0.105     2.177 f  u_soc_top/u_axi_sram_direct/wb_cover_line_r[14]_i_26/O
                         net (fo=8, unplaced)         0.385     2.562    u_soc_top/u_axi_sram_direct/wb_cover_line_r[14]_i_26_n_0
                         LUT6 (Prop_lut6_I0_O)        0.105     2.667 r  u_soc_top/u_axi_sram_direct/wb_fwd_w_r[31]_i_32/O
                         net (fo=1, unplaced)         0.347     3.014    u_soc_top/u_axi_sram_direct/wb_fwd_w_r[31]_i_32_n_0
                         LUT5 (Prop_lut5_I4_O)        0.105     3.119 r  u_soc_top/u_axi_sram_direct/wb_fwd_w_r[31]_i_17/O
                         net (fo=1, unplaced)         0.000     3.119    u_soc_top/u_axi_sram_direct/wb_fwd_w_r[31]_i_17_n_0
                         CARRY4 (Prop_carry4_S[1]_CO[1])
                                                      0.408     3.527 f  u_soc_top/u_axi_sram_direct/wb_fwd_w_r_reg[31]_i_12/CO[1]
                         net (fo=1, unplaced)         0.240     3.767    u_soc_top/u_axi_sram_direct/wb_cover_ar11_out
                         LUT5 (Prop_lut5_I4_O)        0.277     4.044 f  u_soc_top/u_axi_sram_direct/wb_fwd_w_r[31]_i_9/O
                         net (fo=26, unplaced)        0.413     4.457    u_soc_top/u_axi_sram_direct/wb_fwd_w_r[31]_i_9_n_0
                         LUT6 (Prop_lut6_I4_O)        0.105     4.562 f  u_soc_top/u_axi_sram_direct/wb_fwd_w_r[15]_i_5/O
                         net (fo=2, unplaced)         0.358     4.920    u_soc_top/u_axi_sram_direct/wb_fwd_w_r[15]_i_5_n_0
                         LUT5 (Prop_lut5_I2_O)        0.105     5.025 r  u_soc_top/u_axi_sram_direct/wb_full_w_r_i_12/O
                         net (fo=1, unplaced)         0.347     5.372    u_soc_top/u_axi_sram_direct/wb_full_w_r_i_12_n_0
                         LUT6 (Prop_lut6_I5_O)        0.105     5.477 r  u_soc_top/u_axi_sram_direct/wb_full_w_r_i_5/O
                         net (fo=5, unplaced)         0.375     5.852    u_soc_top/u_axi_sram_direct/wb_full_w_r_i_5_n_0
                         LUT6 (Prop_lut6_I0_O)        0.105     5.957 r  u_soc_top/u_axi_sram_direct/ram_addr_out_r[19]_i_4/O
                         net (fo=15, unplaced)        0.400     6.357    u_soc_top/u_axi_sram_direct/ram_addr_out_r[19]_i_4_n_0
                         LUT6 (Prop_lut6_I4_O)        0.105     6.462 r  u_soc_top/u_axi_sram_direct/bank_out_r_i_1/O
                         net (fo=1, unplaced)         0.000     6.462    u_soc_top/u_axi_sram_direct/bank_out201_in
                         FDRE                                         r  u_soc_top/u_axi_sram_direct/bank_out_r_reg/D
  -------------------------------------------------------------------    -------------------

                         (clock cpu_clk rise edge)   10.000    10.000 r  
    K21                                               0.000    10.000 r  clk_50M (IN)
                         net (fo=0)                   0.000    10.000    u_soc_top/pll_clk.u_clk_pll/inst/clk_in1
    K21                  IBUF (Prop_ibuf_I_O)         1.328    11.328 r  u_soc_top/pll_clk.u_clk_pll/inst/clkin1_ibufg/O
                         net (fo=1, unplaced)         0.439    11.767    u_soc_top/pll_clk.u_clk_pll/inst/clk_in1_clk_pll
                         PLLE2_ADV (Prop_plle2_adv_CLKIN1_CLKOUT0)
                                                     -5.039     6.728 r  u_soc_top/pll_clk.u_clk_pll/inst/plle2_adv_inst/CLKOUT0
                         net (fo=1, unplaced)         0.613     7.341    u_soc_top/pll_clk.u_clk_pll/inst/cpu_clk_clk_pll
                         BUFG (Prop_bufg_I_O)         0.077     7.418 r  u_soc_top/pll_clk.u_clk_pll/inst/clkout1_buf/O
                         net (fo=4479, unplaced)      0.439     7.857    u_soc_top/u_axi_sram_direct/cpu_clk
                         FDRE                                         r  u_soc_top/u_axi_sram_direct/bank_out_r_reg/C
                         clock pessimism             -0.496     7.361    
                         clock uncertainty           -0.094     7.266    
                         FDRE (Setup_fdre_C_D)        0.029     7.295    u_soc_top/u_axi_sram_direct/bank_out_r_reg
  -------------------------------------------------------------------
                         required time                          7.295    
                         arrival time                          -6.462    
  -------------------------------------------------------------------
                         slack                                  0.834    

Slack (MET) :             0.834ns  (required time - arrival time)
  Source:                 u_soc_top/u_cpu/u_core/reg_ex_mem0_ctrl/data_out_reg[6]/C
                            (rising edge-triggered cell FDRE clocked by cpu_clk  {rise@0.000ns fall@5.000ns period=10.000ns})
  Destination:            u_soc_top/u_axi_sram_direct/bank_out_r_reg/D
                            (rising edge-triggered cell FDRE clocked by cpu_clk  {rise@0.000ns fall@5.000ns period=10.000ns})
  Path Group:             cpu_clk
  Path Type:              Setup (Max at Slow Process Corner)
  Requirement:            10.000ns  (cpu_clk rise@10.000ns - cpu_clk rise@0.000ns)
  Data Path Delay:        8.956ns  (logic 2.661ns (29.712%)  route 6.295ns (70.288%))
  Logic Levels:           16  (CARRY4=1 LUT3=2 LUT5=5 LUT6=8)
  Clock Path Skew:        -0.145ns (DCD - SCD + CPR)
    Destination Clock Delay (DCD):    -2.143ns = ( 7.857 - 10.000 ) 
    Source Clock Delay      (SCD):    -2.494ns
    Clock Pessimism Removal (CPR):    -0.496ns
  Clock Uncertainty:      0.094ns  ((TSJ^2 + DJ^2)^1/2) / 2 + PE
    Total System Jitter     (TSJ):    0.071ns
    Discrete Jitter          (DJ):    0.175ns
    Phase Error              (PE):    0.000ns

    Location             Delay type                Incr(ns)  Path(ns)    Netlist Resource(s)
  -------------------------------------------------------------------    -------------------
                         (clock cpu_clk rise edge)    0.000     0.000 r  
    K21                                               0.000     0.000 r  clk_50M (IN)
                         net (fo=0)                   0.000     0.000    u_soc_top/pll_clk.u_clk_pll/inst/clk_in1
    K21                  IBUF (Prop_ibuf_I_O)         1.394     1.394 r  u_soc_top/pll_clk.u_clk_pll/inst/clkin1_ibufg/O
                         net (fo=1, unplaced)         0.584     1.978    u_soc_top/pll_clk.u_clk_pll/inst/clk_in1_clk_pll
                         PLLE2_ADV (Prop_plle2_adv_CLKIN1_CLKOUT0)
                                                     -5.783    -3.805 r  u_soc_top/pll_clk.u_clk_pll/inst/plle2_adv_inst/CLKOUT0
                         net (fo=1, unplaced)         0.646    -3.159    u_soc_top/pll_clk.u_clk_pll/inst/cpu_clk_clk_pll
                         BUFG (Prop_bufg_I_O)         0.081    -3.078 r  u_soc_top/pll_clk.u_clk_pll/inst/clkout1_buf/O
                         net (fo=4479, unplaced)      0.584    -2.494    u_soc_top/u_cpu/u_core/reg_ex_mem0_ctrl/cpu_clk
                         FDRE                                         r  u_soc_top/u_cpu/u_core/reg_ex_mem0_ctrl/data_out_reg[6]/C
  -------------------------------------------------------------------    -------------------
                         FDRE (Prop_fdre_C_Q)         0.379    -2.115 r  u_soc_top/u_cpu/u_core/reg_ex_mem0_ctrl/data_out_reg[6]/Q
                         net (fo=124, unplaced)       0.704    -1.411    u_soc_top/u_cpu/u_core/reg_ex_mem0_ctrl/ex_mem0_out[ctrl][valid]
                         LUT3 (Prop_lut3_I0_O)        0.232    -1.179 r  u_soc_top/u_cpu/u_core/reg_ex_mem0_ctrl/wdata_stored[31]_i_5/O
                         net (fo=102, unplaced)       0.447    -0.732    u_soc_top/u_cpu/u_core/reg_ex_mem1_data/wdata_stored_reg[8]
                         LUT5 (Prop_lut5_I3_O)        0.105    -0.627 r  u_soc_top/u_cpu/u_core/reg_ex_mem1_data/wstrb_stored[2]_i_2/O
                         net (fo=7, unplaced)         0.617    -0.010    u_soc_top/u_cpu/u_core/reg_ex_mem1_data/data_out_reg[34]_0
                         LUT6 (Prop_lut6_I0_O)        0.105     0.095 r  u_soc_top/u_cpu/u_core/reg_ex_mem1_data/r_addr[31]_i_5/O
                         net (fo=12, unplaced)        0.395     0.490    u_soc_top/u_cpu/u_core/reg_ex_mem1_ctrl/ar_preview_addr_r_reg[25]
                         LUT6 (Prop_lut6_I5_O)        0.105     0.595 f  u_soc_top/u_cpu/u_core/reg_ex_mem1_ctrl/r_addr[31]_i_4/O
                         net (fo=68, unplaced)        0.437     1.032    u_soc_top/u_cpu/u_core/reg_ex_mem1_ctrl/FSM_sequential_state_reg
                         LUT5 (Prop_lut5_I3_O)        0.105     1.137 r  u_soc_top/u_cpu/u_core/reg_ex_mem1_ctrl/ar_preview_addr_r[31]_i_2/O
                         net (fo=2, unplaced)         0.478     1.615    u_soc_top/u_cpu/u_arbiter/ar_preview_addr_r_reg[31]_0
                         LUT6 (Prop_lut6_I3_O)        0.105     1.720 r  u_soc_top/u_cpu/u_arbiter/ar_preview_addr_r[31]_i_1/O
                         net (fo=2, unplaced)         0.352     2.072    u_soc_top/u_axi_sram_direct/D[29]
                         LUT3 (Prop_lut3_I0_O)        0.105     2.177 f  u_soc_top/u_axi_sram_direct/wb_cover_line_r[14]_i_26/O
                         net (fo=8, unplaced)         0.385     2.562    u_soc_top/u_axi_sram_direct/wb_cover_line_r[14]_i_26_n_0
                         LUT6 (Prop_lut6_I0_O)        0.105     2.667 r  u_soc_top/u_axi_sram_direct/wb_fwd_w_r[31]_i_32/O
                         net (fo=1, unplaced)         0.347     3.014    u_soc_top/u_axi_sram_direct/wb_fwd_w_r[31]_i_32_n_0
                         LUT5 (Prop_lut5_I4_O)        0.105     3.119 r  u_soc_top/u_axi_sram_direct/wb_fwd_w_r[31]_i_17/O
                         net (fo=1, unplaced)         0.000     3.119    u_soc_top/u_axi_sram_direct/wb_fwd_w_r[31]_i_17_n_0
                         CARRY4 (Prop_carry4_S[1]_CO[1])
                                                      0.408     3.527 f  u_soc_top/u_axi_sram_direct/wb_fwd_w_r_reg[31]_i_12/CO[1]
                         net (fo=1, unplaced)         0.240     3.767    u_soc_top/u_axi_sram_direct/wb_cover_ar11_out
                         LUT5 (Prop_lut5_I4_O)        0.277     4.044 f  u_soc_top/u_axi_sram_direct/wb_fwd_w_r[31]_i_9/O
                         net (fo=26, unplaced)        0.413     4.457    u_soc_top/u_axi_sram_direct/wb_fwd_w_r[31]_i_9_n_0
                         LUT6 (Prop_lut6_I4_O)        0.105     4.562 f  u_soc_top/u_axi_sram_direct/wb_fwd_w_r[15]_i_5/O
                         net (fo=2, unplaced)         0.358     4.920    u_soc_top/u_axi_sram_direct/wb_fwd_w_r[15]_i_5_n_0
                         LUT5 (Prop_lut5_I2_O)        0.105     5.025 r  u_soc_top/u_axi_sram_direct/wb_full_w_r_i_12/O
                         net (fo=1, unplaced)         0.347     5.372    u_soc_top/u_axi_sram_direct/wb_full_w_r_i_12_n_0
                         LUT6 (Prop_lut6_I5_O)        0.105     5.477 r  u_soc_top/u_axi_sram_direct/wb_full_w_r_i_5/O
                         net (fo=5, unplaced)         0.375     5.852    u_soc_top/u_axi_sram_direct/wb_full_w_r_i_5_n_0
                         LUT6 (Prop_lut6_I0_O)        0.105     5.957 r  u_soc_top/u_axi_sram_direct/ram_addr_out_r[19]_i_4/O
                         net (fo=15, unplaced)        0.400     6.357    u_soc_top/u_axi_sram_direct/ram_addr_out_r[19]_i_4_n_0
                         LUT6 (Prop_lut6_I4_O)        0.105     6.462 r  u_soc_top/u_axi_sram_direct/bank_out_r_i_1/O
                         net (fo=1, unplaced)         0.000     6.462    u_soc_top/u_axi_sram_direct/bank_out201_in
                         FDRE                                         r  u_soc_top/u_axi_sram_direct/bank_out_r_reg/D
  -------------------------------------------------------------------    -------------------

                         (clock cpu_clk rise edge)   10.000    10.000 r  
    K21                                               0.000    10.000 r  clk_50M (IN)
                         net (fo=0)                   0.000    10.000    u_soc_top/pll_clk.u_clk_pll/inst/clk_in1
    K21                  IBUF (Prop_ibuf_I_O)         1.328    11.328 r  u_soc_top/pll_clk.u_clk_pll/inst/clkin1_ibufg/O
                         net (fo=1, unplaced)         0.439    11.767    u_soc_top/pll_clk.u_clk_pll/inst/clk_in1_clk_pll
                         PLLE2_ADV (Prop_plle2_adv_CLKIN1_CLKOUT0)
                                                     -5.039     6.728 r  u_soc_top/pll_clk.u_clk_pll/inst/plle2_adv_inst/CLKOUT0
                         net (fo=1, unplaced)         0.613     7.341    u_soc_top/pll_clk.u_clk_pll/inst/cpu_clk_clk_pll
                         BUFG (Prop_bufg_I_O)         0.077     7.418 r  u_soc_top/pll_clk.u_clk_pll/inst/clkout1_buf/O
                         net (fo=4479, unplaced)      0.439     7.857    u_soc_top/u_axi_sram_direct/cpu_clk
                         FDRE                                         r  u_soc_top/u_axi_sram_direct/bank_out_r_reg/C
                         clock pessimism             -0.496     7.361    
                         clock uncertainty           -0.094     7.266    
                         FDRE (Setup_fdre_C_D)        0.029     7.295    u_soc_top/u_axi_sram_direct/bank_out_r_reg
  -------------------------------------------------------------------
                         required time                          7.295    
                         arrival time                          -6.462    
  -------------------------------------------------------------------
                         slack                                  0.834    

Slack (MET) :             0.834ns  (required time - arrival time)
  Source:                 u_soc_top/u_cpu/u_core/reg_ex_mem0_ctrl/data_out_reg[6]/C
                            (rising edge-triggered cell FDRE clocked by cpu_clk  {rise@0.000ns fall@5.000ns period=10.000ns})
  Destination:            u_soc_top/u_axi_sram_direct/bank_out_r_reg/D
                            (rising edge-triggered cell FDRE clocked by cpu_clk  {rise@0.000ns fall@5.000ns period=10.000ns})
  Path Group:             cpu_clk
  Path Type:              Setup (Max at Slow Process Corner)
  Requirement:            10.000ns  (cpu_clk rise@10.000ns - cpu_clk rise@0.000ns)
  Data Path Delay:        8.956ns  (logic 2.661ns (29.712%)  route 6.295ns (70.288%))
  Logic Levels:           16  (CARRY4=1 LUT3=2 LUT5=5 LUT6=8)
  Clock Path Skew:        -0.145ns (DCD - SCD + CPR)
    Destination Clock Delay (DCD):    -2.143ns = ( 7.857 - 10.000 ) 
    Source Clock Delay      (SCD):    -2.494ns
    Clock Pessimism Removal (CPR):    -0.496ns
  Clock Uncertainty:      0.094ns  ((TSJ^2 + DJ^2)^1/2) / 2 + PE
    Total System Jitter     (TSJ):    0.071ns
    Discrete Jitter          (DJ):    0.175ns
    Phase Error              (PE):    0.000ns

    Location             Delay type                Incr(ns)  Path(ns)    Netlist Resource(s)
  -------------------------------------------------------------------    -------------------
                         (clock cpu_clk rise edge)    0.000     0.000 r  
    K21                                               0.000     0.000 r  clk_50M (IN)
                         net (fo=0)                   0.000     0.000    u_soc_top/pll_clk.u_clk_pll/inst/clk_in1
    K21                  IBUF (Prop_ibuf_I_O)         1.394     1.394 r  u_soc_top/pll_clk.u_clk_pll/inst/clkin1_ibufg/O
                         net (fo=1, unplaced)         0.584     1.978    u_soc_top/pll_clk.u_clk_pll/inst/clk_in1_clk_pll
                         PLLE2_ADV (Prop_plle2_adv_CLKIN1_CLKOUT0)
                                                     -5.783    -3.805 r  u_soc_top/pll_clk.u_clk_pll/inst/plle2_adv_inst/CLKOUT0
                         net (fo=1, unplaced)         0.646    -3.159    u_soc_top/pll_clk.u_clk_pll/inst/cpu_clk_clk_pll
                         BUFG (Prop_bufg_I_O)         0.081    -3.078 r  u_soc_top/pll_clk.u_clk_pll/inst/clkout1_buf/O
                         net (fo=4479, unplaced)      0.584    -2.494    u_soc_top/u_cpu/u_core/reg_ex_mem0_ctrl/cpu_clk
                         FDRE                                         r  u_soc_top/u_cpu/u_core/reg_ex_mem0_ctrl/data_out_reg[6]/C
  -------------------------------------------------------------------    -------------------
                         FDRE (Prop_fdre_C_Q)         0.379    -2.115 r  u_soc_top/u_cpu/u_core/reg_ex_mem0_ctrl/data_out_reg[6]/Q
                         net (fo=124, unplaced)       0.704    -1.411    u_soc_top/u_cpu/u_core/reg_ex_mem0_ctrl/ex_mem0_out[ctrl][valid]
                         LUT3 (Prop_lut3_I0_O)        0.232    -1.179 r  u_soc_top/u_cpu/u_core/reg_ex_mem0_ctrl/wdata_stored[31]_i_5/O
                         net (fo=102, unplaced)       0.447    -0.732    u_soc_top/u_cpu/u_core/reg_ex_mem1_data/wdata_stored_reg[8]
                         LUT5 (Prop_lut5_I3_O)        0.105    -0.627 f  u_soc_top/u_cpu/u_core/reg_ex_mem1_data/wstrb_stored[2]_i_2/O
                         net (fo=7, unplaced)         0.617    -0.010    u_soc_top/u_cpu/u_core/reg_ex_mem1_data/data_out_reg[34]_0
                         LUT6 (Prop_lut6_I0_O)        0.105     0.095 f  u_soc_top/u_cpu/u_core/reg_ex_mem1_data/r_addr[31]_i_5/O
                         net (fo=12, unplaced)        0.395     0.490    u_soc_top/u_cpu/u_core/reg_ex_mem1_ctrl/ar_preview_addr_r_reg[25]
                         LUT6 (Prop_lut6_I5_O)        0.105     0.595 r  u_soc_top/u_cpu/u_core/reg_ex_mem1_ctrl/r_addr[31]_i_4/O
                         net (fo=68, unplaced)        0.437     1.032    u_soc_top/u_cpu/u_core/reg_ex_mem1_ctrl/FSM_sequential_state_reg
                         LUT5 (Prop_lut5_I3_O)        0.105     1.137 f  u_soc_top/u_cpu/u_core/reg_ex_mem1_ctrl/ar_preview_addr_r[31]_i_2/O
                         net (fo=2, unplaced)         0.478     1.615    u_soc_top/u_cpu/u_arbiter/ar_preview_addr_r_reg[31]_0
                         LUT6 (Prop_lut6_I3_O)        0.105     1.720 f  u_soc_top/u_cpu/u_arbiter/ar_preview_addr_r[31]_i_1/O
                         net (fo=2, unplaced)         0.352     2.072    u_soc_top/u_axi_sram_direct/D[29]
                         LUT3 (Prop_lut3_I0_O)        0.105     2.177 r  u_soc_top/u_axi_sram_direct/wb_cover_line_r[14]_i_26/O
                         net (fo=8, unplaced)         0.385     2.562    u_soc_top/u_axi_sram_direct/wb_cover_line_r[14]_i_26_n_0
                         LUT6 (Prop_lut6_I0_O)        0.105     2.667 f  u_soc_top/u_axi_sram_direct/wb_fwd_w_r[31]_i_32/O
                         net (fo=1, unplaced)         0.347     3.014    u_soc_top/u_axi_sram_direct/wb_fwd_w_r[31]_i_32_n_0
                         LUT5 (Prop_lut5_I4_O)        0.105     3.119 f  u_soc_top/u_axi_sram_direct/wb_fwd_w_r[31]_i_17/O
                         net (fo=1, unplaced)         0.000     3.119    u_soc_top/u_axi_sram_direct/wb_fwd_w_r[31]_i_17_n_0
                         CARRY4 (Prop_carry4_S[1]_CO[1])
                                                      0.408     3.527 f  u_soc_top/u_axi_sram_direct/wb_fwd_w_r_reg[31]_i_12/CO[1]
                         net (fo=1, unplaced)         0.240     3.767    u_soc_top/u_axi_sram_direct/wb_cover_ar11_out
                         LUT5 (Prop_lut5_I4_O)        0.277     4.044 f  u_soc_top/u_axi_sram_direct/wb_fwd_w_r[31]_i_9/O
                         net (fo=26, unplaced)        0.413     4.457    u_soc_top/u_axi_sram_direct/wb_fwd_w_r[31]_i_9_n_0
                         LUT6 (Prop_lut6_I4_O)        0.105     4.562 f  u_soc_top/u_axi_sram_direct/wb_fwd_w_r[15]_i_5/O
                         net (fo=2, unplaced)         0.358     4.920    u_soc_top/u_axi_sram_direct/wb_fwd_w_r[15]_i_5_n_0
                         LUT5 (Prop_lut5_I2_O)        0.105     5.025 r  u_soc_top/u_axi_sram_direct/wb_full_w_r_i_12/O
                         net (fo=1, unplaced)         0.347     5.372    u_soc_top/u_axi_sram_direct/wb_full_w_r_i_12_n_0
                         LUT6 (Prop_lut6_I5_O)        0.105     5.477 r  u_soc_top/u_axi_sram_direct/wb_full_w_r_i_5/O
                         net (fo=5, unplaced)         0.375     5.852    u_soc_top/u_axi_sram_direct/wb_full_w_r_i_5_n_0
                         LUT6 (Prop_lut6_I0_O)        0.105     5.957 r  u_soc_top/u_axi_sram_direct/ram_addr_out_r[19]_i_4/O
                         net (fo=15, unplaced)        0.400     6.357    u_soc_top/u_axi_sram_direct/ram_addr_out_r[19]_i_4_n_0
                         LUT6 (Prop_lut6_I4_O)        0.105     6.462 r  u_soc_top/u_axi_sram_direct/bank_out_r_i_1/O
                         net (fo=1, unplaced)         0.000     6.462    u_soc_top/u_axi_sram_direct/bank_out201_in
                         FDRE                                         r  u_soc_top/u_axi_sram_direct/bank_out_r_reg/D
  -------------------------------------------------------------------    -------------------

                         (clock cpu_clk rise edge)   10.000    10.000 r  
    K21                                               0.000    10.000 r  clk_50M (IN)
                         net (fo=0)                   0.000    10.000    u_soc_top/pll_clk.u_clk_pll/inst/clk_in1
    K21                  IBUF (Prop_ibuf_I_O)         1.328    11.328 r  u_soc_top/pll_clk.u_clk_pll/inst/clkin1_ibufg/O
                         net (fo=1, unplaced)         0.439    11.767    u_soc_top/pll_clk.u_clk_pll/inst/clk_in1_clk_pll
                         PLLE2_ADV (Prop_plle2_adv_CLKIN1_CLKOUT0)
                                                     -5.039     6.728 r  u_soc_top/pll_clk.u_clk_pll/inst/plle2_adv_inst/CLKOUT0
                         net (fo=1, unplaced)         0.613     7.341    u_soc_top/pll_clk.u_clk_pll/inst/cpu_clk_clk_pll
                         BUFG (Prop_bufg_I_O)         0.077     7.418 r  u_soc_top/pll_clk.u_clk_pll/inst/clkout1_buf/O
                         net (fo=4479, unplaced)      0.439     7.857    u_soc_top/u_axi_sram_direct/cpu_clk
                         FDRE                                         r  u_soc_top/u_axi_sram_direct/bank_out_r_reg/C
                         clock pessimism             -0.496     7.361    
                         clock uncertainty           -0.094     7.266    
                         FDRE (Setup_fdre_C_D)        0.029     7.295    u_soc_top/u_axi_sram_direct/bank_out_r_reg
  -------------------------------------------------------------------
                         required time                          7.295    
                         arrival time                          -6.462    
  -------------------------------------------------------------------
                         slack                                  0.834    

Slack (MET) :             0.834ns  (required time - arrival time)
  Source:                 u_soc_top/u_cpu/u_core/reg_ex_mem0_ctrl/data_out_reg[6]/C
                            (rising edge-triggered cell FDRE clocked by cpu_clk  {rise@0.000ns fall@5.000ns period=10.000ns})
  Destination:            u_soc_top/u_axi_sram_direct/bank_out_r_reg/D
                            (rising edge-triggered cell FDRE clocked by cpu_clk  {rise@0.000ns fall@5.000ns period=10.000ns})
  Path Group:             cpu_clk
  Path Type:              Setup (Max at Slow Process Corner)
  Requirement:            10.000ns  (cpu_clk rise@10.000ns - cpu_clk rise@0.000ns)
  Data Path Delay:        8.956ns  (logic 2.661ns (29.712%)  route 6.295ns (70.288%))
  Logic Levels:           16  (CARRY4=1 LUT3=2 LUT5=5 LUT6=8)
  Clock Path Skew:        -0.145ns (DCD - SCD + CPR)
    Destination Clock Delay (DCD):    -2.143ns = ( 7.857 - 10.000 ) 
    Source Clock Delay      (SCD):    -2.494ns
    Clock Pessimism Removal (CPR):    -0.496ns
  Clock Uncertainty:      0.094ns  ((TSJ^2 + DJ^2)^1/2) / 2 + PE
    Total System Jitter     (TSJ):    0.071ns
    Discrete Jitter          (DJ):    0.175ns
    Phase Error              (PE):    0.000ns

    Location             Delay type                Incr(ns)  Path(ns)    Netlist Resource(s)
  -------------------------------------------------------------------    -------------------
                         (clock cpu_clk rise edge)    0.000     0.000 r  
    K21                                               0.000     0.000 r  clk_50M (IN)
                         net (fo=0)                   0.000     0.000    u_soc_top/pll_clk.u_clk_pll/inst/clk_in1
    K21                  IBUF (Prop_ibuf_I_O)         1.394     1.394 r  u_soc_top/pll_clk.u_clk_pll/inst/clkin1_ibufg/O
                         net (fo=1, unplaced)         0.584     1.978    u_soc_top/pll_clk.u_clk_pll/inst/clk_in1_clk_pll
                         PLLE2_ADV (Prop_plle2_adv_CLKIN1_CLKOUT0)
                                                     -5.783    -3.805 r  u_soc_top/pll_clk.u_clk_pll/inst/plle2_adv_inst/CLKOUT0
                         net (fo=1, unplaced)         0.646    -3.159    u_soc_top/pll_clk.u_clk_pll/inst/cpu_clk_clk_pll
                         BUFG (Prop_bufg_I_O)         0.081    -3.078 r  u_soc_top/pll_clk.u_clk_pll/inst/clkout1_buf/O
                         net (fo=4479, unplaced)      0.584    -2.494    u_soc_top/u_cpu/u_core/reg_ex_mem0_ctrl/cpu_clk
                         FDRE                                         r  u_soc_top/u_cpu/u_core/reg_ex_mem0_ctrl/data_out_reg[6]/C
  -------------------------------------------------------------------    -------------------
                         FDRE (Prop_fdre_C_Q)         0.379    -2.115 r  u_soc_top/u_cpu/u_core/reg_ex_mem0_ctrl/data_out_reg[6]/Q
                         net (fo=124, unplaced)       0.704    -1.411    u_soc_top/u_cpu/u_core/reg_ex_mem0_ctrl/ex_mem0_out[ctrl][valid]
                         LUT3 (Prop_lut3_I0_O)        0.232    -1.179 r  u_soc_top/u_cpu/u_core/reg_ex_mem0_ctrl/wdata_stored[31]_i_5/O
                         net (fo=102, unplaced)       0.447    -0.732    u_soc_top/u_cpu/u_core/reg_ex_mem1_data/wdata_stored_reg[8]
                         LUT5 (Prop_lut5_I3_O)        0.105    -0.627 r  u_soc_top/u_cpu/u_core/reg_ex_mem1_data/wstrb_stored[2]_i_2/O
                         net (fo=7, unplaced)         0.617    -0.010    u_soc_top/u_cpu/u_core/reg_ex_mem1_data/data_out_reg[34]_0
                         LUT6 (Prop_lut6_I0_O)        0.105     0.095 r  u_soc_top/u_cpu/u_core/reg_ex_mem1_data/r_addr[31]_i_5/O
                         net (fo=12, unplaced)        0.395     0.490    u_soc_top/u_cpu/u_core/reg_ex_mem1_ctrl/ar_preview_addr_r_reg[25]
                         LUT6 (Prop_lut6_I5_O)        0.105     0.595 f  u_soc_top/u_cpu/u_core/reg_ex_mem1_ctrl/r_addr[31]_i_4/O
                         net (fo=68, unplaced)        0.437     1.032    u_soc_top/u_cpu/u_core/reg_ex_mem1_ctrl/FSM_sequential_state_reg
                         LUT5 (Prop_lut5_I3_O)        0.105     1.137 f  u_soc_top/u_cpu/u_core/reg_ex_mem1_ctrl/ar_preview_addr_r[31]_i_2/O
                         net (fo=2, unplaced)         0.478     1.615    u_soc_top/u_cpu/u_arbiter/ar_preview_addr_r_reg[31]_0
                         LUT6 (Prop_lut6_I3_O)        0.105     1.720 f  u_soc_top/u_cpu/u_arbiter/ar_preview_addr_r[31]_i_1/O
                         net (fo=2, unplaced)         0.352     2.072    u_soc_top/u_axi_sram_direct/D[29]
                         LUT3 (Prop_lut3_I0_O)        0.105     2.177 r  u_soc_top/u_axi_sram_direct/wb_cover_line_r[14]_i_26/O
                         net (fo=8, unplaced)         0.385     2.562    u_soc_top/u_axi_sram_direct/wb_cover_line_r[14]_i_26_n_0
                         LUT6 (Prop_lut6_I0_O)        0.105     2.667 f  u_soc_top/u_axi_sram_direct/wb_fwd_w_r[31]_i_32/O
                         net (fo=1, unplaced)         0.347     3.014    u_soc_top/u_axi_sram_direct/wb_fwd_w_r[31]_i_32_n_0
                         LUT5 (Prop_lut5_I4_O)        0.105     3.119 f  u_soc_top/u_axi_sram_direct/wb_fwd_w_r[31]_i_17/O
                         net (fo=1, unplaced)         0.000     3.119    u_soc_top/u_axi_sram_direct/wb_fwd_w_r[31]_i_17_n_0
                         CARRY4 (Prop_carry4_S[1]_CO[1])
                                                      0.408     3.527 f  u_soc_top/u_axi_sram_direct/wb_fwd_w_r_reg[31]_i_12/CO[1]
                         net (fo=1, unplaced)         0.240     3.767    u_soc_top/u_axi_sram_direct/wb_cover_ar11_out
                         LUT5 (Prop_lut5_I4_O)        0.277     4.044 f  u_soc_top/u_axi_sram_direct/wb_fwd_w_r[31]_i_9/O
                         net (fo=26, unplaced)        0.413     4.457    u_soc_top/u_axi_sram_direct/wb_fwd_w_r[31]_i_9_n_0
                         LUT6 (Prop_lut6_I4_O)        0.105     4.562 f  u_soc_top/u_axi_sram_direct/wb_fwd_w_r[15]_i_5/O
                         net (fo=2, unplaced)         0.358     4.920    u_soc_top/u_axi_sram_direct/wb_fwd_w_r[15]_i_5_n_0
                         LUT5 (Prop_lut5_I2_O)        0.105     5.025 r  u_soc_top/u_axi_sram_direct/wb_full_w_r_i_12/O
                         net (fo=1, unplaced)         0.347     5.372    u_soc_top/u_axi_sram_direct/wb_full_w_r_i_12_n_0
                         LUT6 (Prop_lut6_I5_O)        0.105     5.477 r  u_soc_top/u_axi_sram_direct/wb_full_w_r_i_5/O
                         net (fo=5, unplaced)         0.375     5.852    u_soc_top/u_axi_sram_direct/wb_full_w_r_i_5_n_0
                         LUT6 (Prop_lut6_I0_O)        0.105     5.957 r  u_soc_top/u_axi_sram_direct/ram_addr_out_r[19]_i_4/O
                         net (fo=15, unplaced)        0.400     6.357    u_soc_top/u_axi_sram_direct/ram_addr_out_r[19]_i_4_n_0
                         LUT6 (Prop_lut6_I4_O)        0.105     6.462 r  u_soc_top/u_axi_sram_direct/bank_out_r_i_1/O
                         net (fo=1, unplaced)         0.000     6.462    u_soc_top/u_axi_sram_direct/bank_out201_in
                         FDRE                                         r  u_soc_top/u_axi_sram_direct/bank_out_r_reg/D
  -------------------------------------------------------------------    -------------------

                         (clock cpu_clk rise edge)   10.000    10.000 r  
    K21                                               0.000    10.000 r  clk_50M (IN)
                         net (fo=0)                   0.000    10.000    u_soc_top/pll_clk.u_clk_pll/inst/clk_in1
    K21                  IBUF (Prop_ibuf_I_O)         1.328    11.328 r  u_soc_top/pll_clk.u_clk_pll/inst/clkin1_ibufg/O
                         net (fo=1, unplaced)         0.439    11.767    u_soc_top/pll_clk.u_clk_pll/inst/clk_in1_clk_pll
                         PLLE2_ADV (Prop_plle2_adv_CLKIN1_CLKOUT0)
                                                     -5.039     6.728 r  u_soc_top/pll_clk.u_clk_pll/inst/plle2_adv_inst/CLKOUT0
                         net (fo=1, unplaced)         0.613     7.341    u_soc_top/pll_clk.u_clk_pll/inst/cpu_clk_clk_pll
                         BUFG (Prop_bufg_I_O)         0.077     7.418 r  u_soc_top/pll_clk.u_clk_pll/inst/clkout1_buf/O
                         net (fo=4479, unplaced)      0.439     7.857    u_soc_top/u_axi_sram_direct/cpu_clk
                         FDRE                                         r  u_soc_top/u_axi_sram_direct/bank_out_r_reg/C
                         clock pessimism             -0.496     7.361    
                         clock uncertainty           -0.094     7.266    
                         FDRE (Setup_fdre_C_D)        0.029     7.295    u_soc_top/u_axi_sram_direct/bank_out_r_reg
  -------------------------------------------------------------------
                         required time                          7.295    
                         arrival time                          -6.462    
  -------------------------------------------------------------------
                         slack                                  0.834    

Slack (MET) :             0.834ns  (required time - arrival time)
  Source:                 u_soc_top/u_cpu/u_core/reg_ex_mem0_ctrl/data_out_reg[6]/C
                            (rising edge-triggered cell FDRE clocked by cpu_clk  {rise@0.000ns fall@5.000ns period=10.000ns})
  Destination:            u_soc_top/u_axi_sram_direct/bank_out_r_reg/D
                            (rising edge-triggered cell FDRE clocked by cpu_clk  {rise@0.000ns fall@5.000ns period=10.000ns})
  Path Group:             cpu_clk
  Path Type:              Setup (Max at Slow Process Corner)
  Requirement:            10.000ns  (cpu_clk rise@10.000ns - cpu_clk rise@0.000ns)
  Data Path Delay:        8.956ns  (logic 2.661ns (29.712%)  route 6.295ns (70.288%))
  Logic Levels:           16  (CARRY4=1 LUT3=2 LUT5=5 LUT6=8)
  Clock Path Skew:        -0.145ns (DCD - SCD + CPR)
    Destination Clock Delay (DCD):    -2.143ns = ( 7.857 - 10.000 ) 
    Source Clock Delay      (SCD):    -2.494ns
    Clock Pessimism Removal (CPR):    -0.496ns
  Clock Uncertainty:      0.094ns  ((TSJ^2 + DJ^2)^1/2) / 2 + PE
    Total System Jitter     (TSJ):    0.071ns
    Discrete Jitter          (DJ):    0.175ns
    Phase Error              (PE):    0.000ns

    Location             Delay type                Incr(ns)  Path(ns)    Netlist Resource(s)
  -------------------------------------------------------------------    -------------------
                         (clock cpu_clk rise edge)    0.000     0.000 r  
    K21                                               0.000     0.000 r  clk_50M (IN)
                         net (fo=0)                   0.000     0.000    u_soc_top/pll_clk.u_clk_pll/inst/clk_in1
    K21                  IBUF (Prop_ibuf_I_O)         1.394     1.394 r  u_soc_top/pll_clk.u_clk_pll/inst/clkin1_ibufg/O
                         net (fo=1, unplaced)         0.584     1.978    u_soc_top/pll_clk.u_clk_pll/inst/clk_in1_clk_pll
                         PLLE2_ADV (Prop_plle2_adv_CLKIN1_CLKOUT0)
                                                     -5.783    -3.805 r  u_soc_top/pll_clk.u_clk_pll/inst/plle2_adv_inst/CLKOUT0
                         net (fo=1, unplaced)         0.646    -3.159    u_soc_top/pll_clk.u_clk_pll/inst/cpu_clk_clk_pll
                         BUFG (Prop_bufg_I_O)         0.081    -3.078 r  u_soc_top/pll_clk.u_clk_pll/inst/clkout1_buf/O
                         net (fo=4479, unplaced)      0.584    -2.494    u_soc_top/u_cpu/u_core/reg_ex_mem0_ctrl/cpu_clk
                         FDRE                                         r  u_soc_top/u_cpu/u_core/reg_ex_mem0_ctrl/data_out_reg[6]/C
  -------------------------------------------------------------------    -------------------
                         FDRE (Prop_fdre_C_Q)         0.379    -2.115 r  u_soc_top/u_cpu/u_core/reg_ex_mem0_ctrl/data_out_reg[6]/Q
                         net (fo=124, unplaced)       0.704    -1.411    u_soc_top/u_cpu/u_core/reg_ex_mem0_ctrl/ex_mem0_out[ctrl][valid]
                         LUT3 (Prop_lut3_I0_O)        0.232    -1.179 r  u_soc_top/u_cpu/u_core/reg_ex_mem0_ctrl/wdata_stored[31]_i_5/O
                         net (fo=102, unplaced)       0.447    -0.732    u_soc_top/u_cpu/u_core/reg_ex_mem1_data/wdata_stored_reg[8]
                         LUT5 (Prop_lut5_I3_O)        0.105    -0.627 f  u_soc_top/u_cpu/u_core/reg_ex_mem1_data/wstrb_stored[2]_i_2/O
                         net (fo=7, unplaced)         0.617    -0.010    u_soc_top/u_cpu/u_core/reg_ex_mem1_data/data_out_reg[34]_0
                         LUT6 (Prop_lut6_I0_O)        0.105     0.095 f  u_soc_top/u_cpu/u_core/reg_ex_mem1_data/r_addr[31]_i_5/O
                         net (fo=12, unplaced)        0.395     0.490    u_soc_top/u_cpu/u_core/reg_ex_mem1_ctrl/ar_preview_addr_r_reg[25]
                         LUT6 (Prop_lut6_I5_O)        0.105     0.595 r  u_soc_top/u_cpu/u_core/reg_ex_mem1_ctrl/r_addr[31]_i_4/O
                         net (fo=68, unplaced)        0.437     1.032    u_soc_top/u_cpu/u_core/reg_ex_mem1_ctrl/FSM_sequential_state_reg
                         LUT5 (Prop_lut5_I3_O)        0.105     1.137 r  u_soc_top/u_cpu/u_core/reg_ex_mem1_ctrl/ar_preview_addr_r[31]_i_2/O
                         net (fo=2, unplaced)         0.478     1.615    u_soc_top/u_cpu/u_arbiter/ar_preview_addr_r_reg[31]_0
                         LUT6 (Prop_lut6_I3_O)        0.105     1.720 r  u_soc_top/u_cpu/u_arbiter/ar_preview_addr_r[31]_i_1/O
                         net (fo=2, unplaced)         0.352     2.072    u_soc_top/u_axi_sram_direct/D[29]
                         LUT3 (Prop_lut3_I0_O)        0.105     2.177 f  u_soc_top/u_axi_sram_direct/wb_cover_line_r[14]_i_26/O
                         net (fo=8, unplaced)         0.385     2.562    u_soc_top/u_axi_sram_direct/wb_cover_line_r[14]_i_26_n_0
                         LUT6 (Prop_lut6_I0_O)        0.105     2.667 f  u_soc_top/u_axi_sram_direct/wb_fwd_w_r[31]_i_32/O
                         net (fo=1, unplaced)         0.347     3.014    u_soc_top/u_axi_sram_direct/wb_fwd_w_r[31]_i_32_n_0
                         LUT5 (Prop_lut5_I4_O)        0.105     3.119 f  u_soc_top/u_axi_sram_direct/wb_fwd_w_r[31]_i_17/O
                         net (fo=1, unplaced)         0.000     3.119    u_soc_top/u_axi_sram_direct/wb_fwd_w_r[31]_i_17_n_0
                         CARRY4 (Prop_carry4_S[1]_CO[1])
                                                      0.408     3.527 f  u_soc_top/u_axi_sram_direct/wb_fwd_w_r_reg[31]_i_12/CO[1]
                         net (fo=1, unplaced)         0.240     3.767    u_soc_top/u_axi_sram_direct/wb_cover_ar11_out
                         LUT5 (Prop_lut5_I4_O)        0.277     4.044 f  u_soc_top/u_axi_sram_direct/wb_fwd_w_r[31]_i_9/O
                         net (fo=26, unplaced)        0.413     4.457    u_soc_top/u_axi_sram_direct/wb_fwd_w_r[31]_i_9_n_0
                         LUT6 (Prop_lut6_I4_O)        0.105     4.562 f  u_soc_top/u_axi_sram_direct/wb_fwd_w_r[15]_i_5/O
                         net (fo=2, unplaced)         0.358     4.920    u_soc_top/u_axi_sram_direct/wb_fwd_w_r[15]_i_5_n_0
                         LUT5 (Prop_lut5_I2_O)        0.105     5.025 r  u_soc_top/u_axi_sram_direct/wb_full_w_r_i_12/O
                         net (fo=1, unplaced)         0.347     5.372    u_soc_top/u_axi_sram_direct/wb_full_w_r_i_12_n_0
                         LUT6 (Prop_lut6_I5_O)        0.105     5.477 r  u_soc_top/u_axi_sram_direct/wb_full_w_r_i_5/O
                         net (fo=5, unplaced)         0.375     5.852    u_soc_top/u_axi_sram_direct/wb_full_w_r_i_5_n_0
                         LUT6 (Prop_lut6_I0_O)        0.105     5.957 r  u_soc_top/u_axi_sram_direct/ram_addr_out_r[19]_i_4/O
                         net (fo=15, unplaced)        0.400     6.357    u_soc_top/u_axi_sram_direct/ram_addr_out_r[19]_i_4_n_0
                         LUT6 (Prop_lut6_I4_O)        0.105     6.462 r  u_soc_top/u_axi_sram_direct/bank_out_r_i_1/O
                         net (fo=1, unplaced)         0.000     6.462    u_soc_top/u_axi_sram_direct/bank_out201_in
                         FDRE                                         r  u_soc_top/u_axi_sram_direct/bank_out_r_reg/D
  -------------------------------------------------------------------    -------------------

                         (clock cpu_clk rise edge)   10.000    10.000 r  
    K21                                               0.000    10.000 r  clk_50M (IN)
                         net (fo=0)                   0.000    10.000    u_soc_top/pll_clk.u_clk_pll/inst/clk_in1
    K21                  IBUF (Prop_ibuf_I_O)         1.328    11.328 r  u_soc_top/pll_clk.u_clk_pll/inst/clkin1_ibufg/O
                         net (fo=1, unplaced)         0.439    11.767    u_soc_top/pll_clk.u_clk_pll/inst/clk_in1_clk_pll
                         PLLE2_ADV (Prop_plle2_adv_CLKIN1_CLKOUT0)
                                                     -5.039     6.728 r  u_soc_top/pll_clk.u_clk_pll/inst/plle2_adv_inst/CLKOUT0
                         net (fo=1, unplaced)         0.613     7.341    u_soc_top/pll_clk.u_clk_pll/inst/cpu_clk_clk_pll
                         BUFG (Prop_bufg_I_O)         0.077     7.418 r  u_soc_top/pll_clk.u_clk_pll/inst/clkout1_buf/O
                         net (fo=4479, unplaced)      0.439     7.857    u_soc_top/u_axi_sram_direct/cpu_clk
                         FDRE                                         r  u_soc_top/u_axi_sram_direct/bank_out_r_reg/C
                         clock pessimism             -0.496     7.361    
                         clock uncertainty           -0.094     7.266    
                         FDRE (Setup_fdre_C_D)        0.029     7.295    u_soc_top/u_axi_sram_direct/bank_out_r_reg
  -------------------------------------------------------------------
                         required time                          7.295    
                         arrival time                          -6.462    
  -------------------------------------------------------------------
                         slack                                  0.834    

Slack (MET) :             0.834ns  (required time - arrival time)
  Source:                 u_soc_top/u_cpu/u_core/reg_ex_mem0_ctrl/data_out_reg[6]/C
                            (rising edge-triggered cell FDRE clocked by cpu_clk  {rise@0.000ns fall@5.000ns period=10.000ns})
  Destination:            u_soc_top/u_axi_sram_direct/bank_out_r_reg/D
                            (rising edge-triggered cell FDRE clocked by cpu_clk  {rise@0.000ns fall@5.000ns period=10.000ns})
  Path Group:             cpu_clk
  Path Type:              Setup (Max at Slow Process Corner)
  Requirement:            10.000ns  (cpu_clk rise@10.000ns - cpu_clk rise@0.000ns)
  Data Path Delay:        8.956ns  (logic 2.661ns (29.712%)  route 6.295ns (70.288%))
  Logic Levels:           16  (CARRY4=1 LUT3=2 LUT5=5 LUT6=8)
  Clock Path Skew:        -0.145ns (DCD - SCD + CPR)
    Destination Clock Delay (DCD):    -2.143ns = ( 7.857 - 10.000 ) 
    Source Clock Delay      (SCD):    -2.494ns
    Clock Pessimism Removal (CPR):    -0.496ns
  Clock Uncertainty:      0.094ns  ((TSJ^2 + DJ^2)^1/2) / 2 + PE
    Total System Jitter     (TSJ):    0.071ns
    Discrete Jitter          (DJ):    0.175ns
    Phase Error              (PE):    0.000ns

    Location             Delay type                Incr(ns)  Path(ns)    Netlist Resource(s)
  -------------------------------------------------------------------    -------------------
                         (clock cpu_clk rise edge)    0.000     0.000 r  
    K21                                               0.000     0.000 r  clk_50M (IN)
                         net (fo=0)                   0.000     0.000    u_soc_top/pll_clk.u_clk_pll/inst/clk_in1
    K21                  IBUF (Prop_ibuf_I_O)         1.394     1.394 r  u_soc_top/pll_clk.u_clk_pll/inst/clkin1_ibufg/O
                         net (fo=1, unplaced)         0.584     1.978    u_soc_top/pll_clk.u_clk_pll/inst/clk_in1_clk_pll
                         PLLE2_ADV (Prop_plle2_adv_CLKIN1_CLKOUT0)
                                                     -5.783    -3.805 r  u_soc_top/pll_clk.u_clk_pll/inst/plle2_adv_inst/CLKOUT0
                         net (fo=1, unplaced)         0.646    -3.159    u_soc_top/pll_clk.u_clk_pll/inst/cpu_clk_clk_pll
                         BUFG (Prop_bufg_I_O)         0.081    -3.078 r  u_soc_top/pll_clk.u_clk_pll/inst/clkout1_buf/O
                         net (fo=4479, unplaced)      0.584    -2.494    u_soc_top/u_cpu/u_core/reg_ex_mem0_ctrl/cpu_clk
                         FDRE                                         r  u_soc_top/u_cpu/u_core/reg_ex_mem0_ctrl/data_out_reg[6]/C
  -------------------------------------------------------------------    -------------------
                         FDRE (Prop_fdre_C_Q)         0.379    -2.115 r  u_soc_top/u_cpu/u_core/reg_ex_mem0_ctrl/data_out_reg[6]/Q
                         net (fo=124, unplaced)       0.704    -1.411    u_soc_top/u_cpu/u_core/reg_ex_mem0_ctrl/ex_mem0_out[ctrl][valid]
                         LUT3 (Prop_lut3_I0_O)        0.232    -1.179 r  u_soc_top/u_cpu/u_core/reg_ex_mem0_ctrl/wdata_stored[31]_i_5/O
                         net (fo=102, unplaced)       0.447    -0.732    u_soc_top/u_cpu/u_core/reg_ex_mem1_data/wdata_stored_reg[8]
                         LUT5 (Prop_lut5_I3_O)        0.105    -0.627 r  u_soc_top/u_cpu/u_core/reg_ex_mem1_data/wstrb_stored[2]_i_2/O
                         net (fo=7, unplaced)         0.617    -0.010    u_soc_top/u_cpu/u_core/reg_ex_mem1_data/data_out_reg[34]_0
                         LUT6 (Prop_lut6_I0_O)        0.105     0.095 r  u_soc_top/u_cpu/u_core/reg_ex_mem1_data/r_addr[31]_i_5/O
                         net (fo=12, unplaced)        0.395     0.490    u_soc_top/u_cpu/u_core/reg_ex_mem1_ctrl/ar_preview_addr_r_reg[25]
                         LUT6 (Prop_lut6_I5_O)        0.105     0.595 f  u_soc_top/u_cpu/u_core/reg_ex_mem1_ctrl/r_addr[31]_i_4/O
                         net (fo=68, unplaced)        0.437     1.032    u_soc_top/u_cpu/u_core/reg_ex_mem1_ctrl/FSM_sequential_state_reg
                         LUT5 (Prop_lut5_I3_O)        0.105     1.137 r  u_soc_top/u_cpu/u_core/reg_ex_mem1_ctrl/ar_preview_addr_r[31]_i_2/O
                         net (fo=2, unplaced)         0.478     1.615    u_soc_top/u_cpu/u_arbiter/ar_preview_addr_r_reg[31]_0
                         LUT6 (Prop_lut6_I3_O)        0.105     1.720 r  u_soc_top/u_cpu/u_arbiter/ar_preview_addr_r[31]_i_1/O
                         net (fo=2, unplaced)         0.352     2.072    u_soc_top/u_axi_sram_direct/D[29]
                         LUT3 (Prop_lut3_I0_O)        0.105     2.177 f  u_soc_top/u_axi_sram_direct/wb_cover_line_r[14]_i_26/O
                         net (fo=8, unplaced)         0.385     2.562    u_soc_top/u_axi_sram_direct/wb_cover_line_r[14]_i_26_n_0
                         LUT6 (Prop_lut6_I0_O)        0.105     2.667 f  u_soc_top/u_axi_sram_direct/wb_fwd_w_r[31]_i_32/O
                         net (fo=1, unplaced)         0.347     3.014    u_soc_top/u_axi_sram_direct/wb_fwd_w_r[31]_i_32_n_0
                         LUT5 (Prop_lut5_I4_O)        0.105     3.119 f  u_soc_top/u_axi_sram_direct/wb_fwd_w_r[31]_i_17/O
                         net (fo=1, unplaced)         0.000     3.119    u_soc_top/u_axi_sram_direct/wb_fwd_w_r[31]_i_17_n_0
                         CARRY4 (Prop_carry4_S[1]_CO[1])
                                                      0.408     3.527 f  u_soc_top/u_axi_sram_direct/wb_fwd_w_r_reg[31]_i_12/CO[1]
                         net (fo=1, unplaced)         0.240     3.767    u_soc_top/u_axi_sram_direct/wb_cover_ar11_out
                         LUT5 (Prop_lut5_I4_O)        0.277     4.044 f  u_soc_top/u_axi_sram_direct/wb_fwd_w_r[31]_i_9/O
                         net (fo=26, unplaced)        0.413     4.457    u_soc_top/u_axi_sram_direct/wb_fwd_w_r[31]_i_9_n_0
                         LUT6 (Prop_lut6_I4_O)        0.105     4.562 f  u_soc_top/u_axi_sram_direct/wb_fwd_w_r[15]_i_5/O
                         net (fo=2, unplaced)         0.358     4.920    u_soc_top/u_axi_sram_direct/wb_fwd_w_r[15]_i_5_n_0
                         LUT5 (Prop_lut5_I2_O)        0.105     5.025 r  u_soc_top/u_axi_sram_direct/wb_full_w_r_i_12/O
                         net (fo=1, unplaced)         0.347     5.372    u_soc_top/u_axi_sram_direct/wb_full_w_r_i_12_n_0
                         LUT6 (Prop_lut6_I5_O)        0.105     5.477 r  u_soc_top/u_axi_sram_direct/wb_full_w_r_i_5/O
                         net (fo=5, unplaced)         0.375     5.852    u_soc_top/u_axi_sram_direct/wb_full_w_r_i_5_n_0
                         LUT6 (Prop_lut6_I0_O)        0.105     5.957 r  u_soc_top/u_axi_sram_direct/ram_addr_out_r[19]_i_4/O
                         net (fo=15, unplaced)        0.400     6.357    u_soc_top/u_axi_sram_direct/ram_addr_out_r[19]_i_4_n_0
                         LUT6 (Prop_lut6_I4_O)        0.105     6.462 r  u_soc_top/u_axi_sram_direct/bank_out_r_i_1/O
                         net (fo=1, unplaced)         0.000     6.462    u_soc_top/u_axi_sram_direct/bank_out201_in
                         FDRE                                         r  u_soc_top/u_axi_sram_direct/bank_out_r_reg/D
  -------------------------------------------------------------------    -------------------

                         (clock cpu_clk rise edge)   10.000    10.000 r  
    K21                                               0.000    10.000 r  clk_50M (IN)
                         net (fo=0)                   0.000    10.000    u_soc_top/pll_clk.u_clk_pll/inst/clk_in1
    K21                  IBUF (Prop_ibuf_I_O)         1.328    11.328 r  u_soc_top/pll_clk.u_clk_pll/inst/clkin1_ibufg/O
                         net (fo=1, unplaced)         0.439    11.767    u_soc_top/pll_clk.u_clk_pll/inst/clk_in1_clk_pll
                         PLLE2_ADV (Prop_plle2_adv_CLKIN1_CLKOUT0)
                                                     -5.039     6.728 r  u_soc_top/pll_clk.u_clk_pll/inst/plle2_adv_inst/CLKOUT0
                         net (fo=1, unplaced)         0.613     7.341    u_soc_top/pll_clk.u_clk_pll/inst/cpu_clk_clk_pll
                         BUFG (Prop_bufg_I_O)         0.077     7.418 r  u_soc_top/pll_clk.u_clk_pll/inst/clkout1_buf/O
                         net (fo=4479, unplaced)      0.439     7.857    u_soc_top/u_axi_sram_direct/cpu_clk
                         FDRE                                         r  u_soc_top/u_axi_sram_direct/bank_out_r_reg/C
                         clock pessimism             -0.496     7.361    
                         clock uncertainty           -0.094     7.266    
                         FDRE (Setup_fdre_C_D)        0.029     7.295    u_soc_top/u_axi_sram_direct/bank_out_r_reg
  -------------------------------------------------------------------
                         required time                          7.295    
                         arrival time                          -6.462    
  -------------------------------------------------------------------
                         slack                                  0.834    

Slack (MET) :             0.834ns  (required time - arrival time)
  Source:                 u_soc_top/u_cpu/u_core/reg_ex_mem0_ctrl/data_out_reg[6]/C
                            (rising edge-triggered cell FDRE clocked by cpu_clk  {rise@0.000ns fall@5.000ns period=10.000ns})
  Destination:            u_soc_top/u_axi_sram_direct/bank_out_r_reg/D
                            (rising edge-triggered cell FDRE clocked by cpu_clk  {rise@0.000ns fall@5.000ns period=10.000ns})
  Path Group:             cpu_clk
  Path Type:              Setup (Max at Slow Process Corner)
  Requirement:            10.000ns  (cpu_clk rise@10.000ns - cpu_clk rise@0.000ns)
  Data Path Delay:        8.956ns  (logic 2.661ns (29.712%)  route 6.295ns (70.288%))
  Logic Levels:           16  (CARRY4=1 LUT3=2 LUT5=5 LUT6=8)
  Clock Path Skew:        -0.145ns (DCD - SCD + CPR)
    Destination Clock Delay (DCD):    -2.143ns = ( 7.857 - 10.000 ) 
    Source Clock Delay      (SCD):    -2.494ns
    Clock Pessimism Removal (CPR):    -0.496ns
  Clock Uncertainty:      0.094ns  ((TSJ^2 + DJ^2)^1/2) / 2 + PE
    Total System Jitter     (TSJ):    0.071ns
    Discrete Jitter          (DJ):    0.175ns
    Phase Error              (PE):    0.000ns

    Location             Delay type                Incr(ns)  Path(ns)    Netlist Resource(s)
  -------------------------------------------------------------------    -------------------
                         (clock cpu_clk rise edge)    0.000     0.000 r  
    K21                                               0.000     0.000 r  clk_50M (IN)
                         net (fo=0)                   0.000     0.000    u_soc_top/pll_clk.u_clk_pll/inst/clk_in1
    K21                  IBUF (Prop_ibuf_I_O)         1.394     1.394 r  u_soc_top/pll_clk.u_clk_pll/inst/clkin1_ibufg/O
                         net (fo=1, unplaced)         0.584     1.978    u_soc_top/pll_clk.u_clk_pll/inst/clk_in1_clk_pll
                         PLLE2_ADV (Prop_plle2_adv_CLKIN1_CLKOUT0)
                                                     -5.783    -3.805 r  u_soc_top/pll_clk.u_clk_pll/inst/plle2_adv_inst/CLKOUT0
                         net (fo=1, unplaced)         0.646    -3.159    u_soc_top/pll_clk.u_clk_pll/inst/cpu_clk_clk_pll
                         BUFG (Prop_bufg_I_O)         0.081    -3.078 r  u_soc_top/pll_clk.u_clk_pll/inst/clkout1_buf/O
                         net (fo=4479, unplaced)      0.584    -2.494    u_soc_top/u_cpu/u_core/reg_ex_mem0_ctrl/cpu_clk
                         FDRE                                         r  u_soc_top/u_cpu/u_core/reg_ex_mem0_ctrl/data_out_reg[6]/C
  -------------------------------------------------------------------    -------------------
                         FDRE (Prop_fdre_C_Q)         0.379    -2.115 f  u_soc_top/u_cpu/u_core/reg_ex_mem0_ctrl/data_out_reg[6]/Q
                         net (fo=124, unplaced)       0.704    -1.411    u_soc_top/u_cpu/u_core/reg_ex_mem0_ctrl/ex_mem0_out[ctrl][valid]
                         LUT3 (Prop_lut3_I0_O)        0.232    -1.179 f  u_soc_top/u_cpu/u_core/reg_ex_mem0_ctrl/wdata_stored[31]_i_5/O
                         net (fo=102, unplaced)       0.447    -0.732    u_soc_top/u_cpu/u_core/reg_ex_mem1_data/wdata_stored_reg[8]
                         LUT5 (Prop_lut5_I3_O)        0.105    -0.627 r  u_soc_top/u_cpu/u_core/reg_ex_mem1_data/wstrb_stored[2]_i_2/O
                         net (fo=7, unplaced)         0.617    -0.010    u_soc_top/u_cpu/u_core/reg_ex_mem1_data/data_out_reg[34]_0
                         LUT6 (Prop_lut6_I0_O)        0.105     0.095 r  u_soc_top/u_cpu/u_core/reg_ex_mem1_data/r_addr[31]_i_5/O
                         net (fo=12, unplaced)        0.395     0.490    u_soc_top/u_cpu/u_core/reg_ex_mem1_ctrl/ar_preview_addr_r_reg[25]
                         LUT6 (Prop_lut6_I5_O)        0.105     0.595 f  u_soc_top/u_cpu/u_core/reg_ex_mem1_ctrl/r_addr[31]_i_4/O
                         net (fo=68, unplaced)        0.437     1.032    u_soc_top/u_cpu/u_core/reg_ex_mem1_ctrl/FSM_sequential_state_reg
                         LUT5 (Prop_lut5_I3_O)        0.105     1.137 r  u_soc_top/u_cpu/u_core/reg_ex_mem1_ctrl/ar_preview_addr_r[31]_i_2/O
                         net (fo=2, unplaced)         0.478     1.615    u_soc_top/u_cpu/u_arbiter/ar_preview_addr_r_reg[31]_0
                         LUT6 (Prop_lut6_I3_O)        0.105     1.720 r  u_soc_top/u_cpu/u_arbiter/ar_preview_addr_r[31]_i_1/O
                         net (fo=2, unplaced)         0.352     2.072    u_soc_top/u_axi_sram_direct/D[29]
                         LUT3 (Prop_lut3_I0_O)        0.105     2.177 f  u_soc_top/u_axi_sram_direct/wb_cover_line_r[14]_i_26/O
                         net (fo=8, unplaced)         0.385     2.562    u_soc_top/u_axi_sram_direct/wb_cover_line_r[14]_i_26_n_0
                         LUT6 (Prop_lut6_I0_O)        0.105     2.667 f  u_soc_top/u_axi_sram_direct/wb_fwd_w_r[31]_i_32/O
                         net (fo=1, unplaced)         0.347     3.014    u_soc_top/u_axi_sram_direct/wb_fwd_w_r[31]_i_32_n_0
                         LUT5 (Prop_lut5_I4_O)        0.105     3.119 f  u_soc_top/u_axi_sram_direct/wb_fwd_w_r[31]_i_17/O
                         net (fo=1, unplaced)         0.000     3.119    u_soc_top/u_axi_sram_direct/wb_fwd_w_r[31]_i_17_n_0
                         CARRY4 (Prop_carry4_S[1]_CO[1])
                                                      0.408     3.527 f  u_soc_top/u_axi_sram_direct/wb_fwd_w_r_reg[31]_i_12/CO[1]
                         net (fo=1, unplaced)         0.240     3.767    u_soc_top/u_axi_sram_direct/wb_cover_ar11_out
                         LUT5 (Prop_lut5_I4_O)        0.277     4.044 f  u_soc_top/u_axi_sram_direct/wb_fwd_w_r[31]_i_9/O
                         net (fo=26, unplaced)        0.413     4.457    u_soc_top/u_axi_sram_direct/wb_fwd_w_r[31]_i_9_n_0
                         LUT6 (Prop_lut6_I4_O)        0.105     4.562 f  u_soc_top/u_axi_sram_direct/wb_fwd_w_r[15]_i_5/O
                         net (fo=2, unplaced)         0.358     4.920    u_soc_top/u_axi_sram_direct/wb_fwd_w_r[15]_i_5_n_0
                         LUT5 (Prop_lut5_I2_O)        0.105     5.025 r  u_soc_top/u_axi_sram_direct/wb_full_w_r_i_12/O
                         net (fo=1, unplaced)         0.347     5.372    u_soc_top/u_axi_sram_direct/wb_full_w_r_i_12_n_0
                         LUT6 (Prop_lut6_I5_O)        0.105     5.477 r  u_soc_top/u_axi_sram_direct/wb_full_w_r_i_5/O
                         net (fo=5, unplaced)         0.375     5.852    u_soc_top/u_axi_sram_direct/wb_full_w_r_i_5_n_0
                         LUT6 (Prop_lut6_I0_O)        0.105     5.957 r  u_soc_top/u_axi_sram_direct/ram_addr_out_r[19]_i_4/O
                         net (fo=15, unplaced)        0.400     6.357    u_soc_top/u_axi_sram_direct/ram_addr_out_r[19]_i_4_n_0
                         LUT6 (Prop_lut6_I4_O)        0.105     6.462 r  u_soc_top/u_axi_sram_direct/bank_out_r_i_1/O
                         net (fo=1, unplaced)         0.000     6.462    u_soc_top/u_axi_sram_direct/bank_out201_in
                         FDRE                                         r  u_soc_top/u_axi_sram_direct/bank_out_r_reg/D
  -------------------------------------------------------------------    -------------------

                         (clock cpu_clk rise edge)   10.000    10.000 r  
    K21                                               0.000    10.000 r  clk_50M (IN)
                         net (fo=0)                   0.000    10.000    u_soc_top/pll_clk.u_clk_pll/inst/clk_in1
    K21                  IBUF (Prop_ibuf_I_O)         1.328    11.328 r  u_soc_top/pll_clk.u_clk_pll/inst/clkin1_ibufg/O
                         net (fo=1, unplaced)         0.439    11.767    u_soc_top/pll_clk.u_clk_pll/inst/clk_in1_clk_pll
                         PLLE2_ADV (Prop_plle2_adv_CLKIN1_CLKOUT0)
                                                     -5.039     6.728 r  u_soc_top/pll_clk.u_clk_pll/inst/plle2_adv_inst/CLKOUT0
                         net (fo=1, unplaced)         0.613     7.341    u_soc_top/pll_clk.u_clk_pll/inst/cpu_clk_clk_pll
                         BUFG (Prop_bufg_I_O)         0.077     7.418 r  u_soc_top/pll_clk.u_clk_pll/inst/clkout1_buf/O
                         net (fo=4479, unplaced)      0.439     7.857    u_soc_top/u_axi_sram_direct/cpu_clk
                         FDRE                                         r  u_soc_top/u_axi_sram_direct/bank_out_r_reg/C
                         clock pessimism             -0.496     7.361    
                         clock uncertainty           -0.094     7.266    
                         FDRE (Setup_fdre_C_D)        0.029     7.295    u_soc_top/u_axi_sram_direct/bank_out_r_reg
  -------------------------------------------------------------------
                         required time                          7.295    
                         arrival time                          -6.462    
  -------------------------------------------------------------------
                         slack                                  0.834    




