Copyright 1986-2019 Xilinx, Inc. All Rights Reserved.
---------------------------------------------------------------------------------------------------------------------
| Tool Version : Vivado v.2019.2 (lin64) Build 2708876 Wed Nov  6 21:39:14 MST 2019
| Date         : Tue Aug  4 05:18:02 2026
| Host         : 745a6d209c5d running 64-bit Ubuntu 18.04.6 LTS
| Command      : report_timing -max_paths 20 -nworst 10 -file /workspace/run_vivado/project/synth_critical_paths.rpt
| Design       : thinpad_top
| Device       : 7a200t-fbg676
| Speed File   : -2  PRODUCTION 1.23 2018-06-13
---------------------------------------------------------------------------------------------------------------------

Timing Report

Slack (MET) :             0.102ns  (required time - arrival time)
  Source:                 u_soc_top/u_cpu/u_core/fq_instr_reg[0][29]/C
                            (rising edge-triggered cell FDRE clocked by cpu_clk  {rise@0.000ns fall@5.000ns period=10.000ns})
  Destination:            u_soc_top/u_cpu/u_core/fq_instr_reg[1][0]/D
                            (rising edge-triggered cell FDRE clocked by cpu_clk  {rise@0.000ns fall@5.000ns period=10.000ns})
  Path Group:             cpu_clk
  Path Type:              Setup (Max at Slow Process Corner)
  Requirement:            10.000ns  (cpu_clk rise@10.000ns - cpu_clk rise@0.000ns)
  Data Path Delay:        9.688ns  (logic 3.736ns (38.563%)  route 5.952ns (61.437%))
  Logic Levels:           20  (CARRY4=7 LUT2=1 LUT5=3 LUT6=9)
  Clock Path Skew:        -0.145ns (DCD - SCD + CPR)
    Destination Clock Delay (DCD):    -2.143ns = ( 7.857 - 10.000 ) 
    Source Clock Delay      (SCD):    -2.494ns
    Clock Pessimism Removal (CPR):    -0.496ns
  Clock Uncertainty:      0.094ns  ((TSJ^2 + DJ^2)^1/2) / 2 + PE
    Total System Jitter     (TSJ):    0.071ns
    Discrete Jitter          (DJ):    0.175ns
    Phase Error              (PE):    0.000ns

    Location             Delay type                Incr(ns)  Path(ns)    Netlist Resource(s)
  -------------------------------------------------------------------    -------------------
                         (clock cpu_clk rise edge)    0.000     0.000 r  
    K21                                               0.000     0.000 r  clk_50M (IN)
                         net (fo=0)                   0.000     0.000    u_soc_top/pll_clk.u_clk_pll/inst/clk_in1
    K21                  IBUF (Prop_ibuf_I_O)         1.394     1.394 r  u_soc_top/pll_clk.u_clk_pll/inst/clkin1_ibufg/O
                         net (fo=1, unplaced)         0.584     1.978    u_soc_top/pll_clk.u_clk_pll/inst/clk_in1_clk_pll
                         PLLE2_ADV (Prop_plle2_adv_CLKIN1_CLKOUT0)
                                                     -5.783    -3.805 r  u_soc_top/pll_clk.u_clk_pll/inst/plle2_adv_inst/CLKOUT0
                         net (fo=1, unplaced)         0.646    -3.159    u_soc_top/pll_clk.u_clk_pll/inst/cpu_clk_clk_pll
                         BUFG (Prop_bufg_I_O)         0.081    -3.078 r  u_soc_top/pll_clk.u_clk_pll/inst/clkout1_buf/O
                         net (fo=6918, unplaced)      0.584    -2.494    u_soc_top/u_cpu/u_core/cpu_clk
                         FDRE                                         r  u_soc_top/u_cpu/u_core/fq_instr_reg[0][29]/C
  -------------------------------------------------------------------    -------------------
                         FDRE (Prop_fdre_C_Q)         0.379    -2.115 r  u_soc_top/u_cpu/u_core/fq_instr_reg[0][29]/Q
                         net (fo=56, unplaced)        0.864    -1.251    u_soc_top/u_cpu/u_core/reg_id_ex0_data/data_out_reg[89]_0[29]
                         LUT6 (Prop_lut6_I0_O)        0.232    -1.019 f  u_soc_top/u_cpu/u_core/reg_id_ex0_data/data_out[93]_i_5/O
                         net (fo=1, unplaced)         0.328    -0.691    u_soc_top/u_cpu/u_core/reg_id_ex0_data/data_out[93]_i_5_n_0
                         LUT6 (Prop_lut6_I0_O)        0.105    -0.586 r  u_soc_top/u_cpu/u_core/reg_id_ex0_data/data_out[93]_i_3__0/O
                         net (fo=2, unplaced)         0.358    -0.228    u_soc_top/u_cpu/u_core/reg_id_ex0_data/data_out[93]_i_3__0_n_0
                         LUT5 (Prop_lut5_I4_O)        0.108    -0.120 f  u_soc_top/u_cpu/u_core/reg_id_ex0_data/data_out[94]_i_3__1/O
                         net (fo=3, unplaced)         0.365     0.245    u_soc_top/u_cpu/u_core/reg_id_ex0_data/data_out[94]_i_3__1_n_0
                         LUT6 (Prop_lut6_I1_O)        0.105     0.350 f  u_soc_top/u_cpu/u_core/reg_id_ex0_data/data_out[88]_i_2__0/O
                         net (fo=1, unplaced)         0.347     0.697    u_soc_top/u_cpu/u_core/reg_id_ex0_data/data_out[88]_i_2__0_n_0
                         LUT6 (Prop_lut6_I5_O)        0.105     0.802 r  u_soc_top/u_cpu/u_core/reg_id_ex0_data/data_out[88]_i_1__2/O
                         net (fo=3, unplaced)         0.365     1.167    u_soc_top/u_cpu/u_core/bp_unit/D[5]
                         LUT2 (Prop_lut2_I1_O)        0.105     1.272 r  u_soc_top/u_cpu/u_core/bp_unit/pc[7]_i_8/O
                         net (fo=1, unplaced)         0.000     1.272    u_soc_top/u_cpu/u_core/bp_unit/pc[7]_i_8_n_0
                         CARRY4 (Prop_carry4_S[1]_CO[3])
                                                      0.457     1.729 r  u_soc_top/u_cpu/u_core/bp_unit/pc_reg[7]_i_2/CO[3]
                         net (fo=1, unplaced)         0.000     1.729    u_soc_top/u_cpu/u_core/bp_unit/pc_reg[7]_i_2_n_0
                         CARRY4 (Prop_carry4_CI_CO[3])
                                                      0.098     1.827 r  u_soc_top/u_cpu/u_core/bp_unit/pc_reg[11]_i_2/CO[3]
                         net (fo=1, unplaced)         0.000     1.827    u_soc_top/u_cpu/u_core/bp_unit/pc_reg[11]_i_2_n_0
                         CARRY4 (Prop_carry4_CI_CO[3])
                                                      0.098     1.925 r  u_soc_top/u_cpu/u_core/bp_unit/pc_reg[15]_i_2/CO[3]
                         net (fo=1, unplaced)         0.000     1.925    u_soc_top/u_cpu/u_core/bp_unit/pc_reg[15]_i_2_n_0
                         CARRY4 (Prop_carry4_CI_CO[3])
                                                      0.098     2.023 r  u_soc_top/u_cpu/u_core/bp_unit/pc_reg[19]_i_2/CO[3]
                         net (fo=1, unplaced)         0.000     2.023    u_soc_top/u_cpu/u_core/bp_unit/pc_reg[19]_i_2_n_0
                         CARRY4 (Prop_carry4_CI_O[3])
                                                      0.275     2.298 r  u_soc_top/u_cpu/u_core/bp_unit/pc_reg[23]_i_2/O[3]
                         net (fo=3, unplaced)         0.537     2.835    u_soc_top/u_cpu/u_core/bp_unit/bp_jump_pc[23]
                         LUT6 (Prop_lut6_I4_O)        0.250     3.085 r  u_soc_top/u_cpu/u_core/bp_unit/fq_instr[0][31]_i_45/O
                         net (fo=1, unplaced)         0.000     3.085    u_soc_top/u_cpu/u_core/hazard_ctrl/fq_instr_reg[0][31]_i_28_0[3]
                         CARRY4 (Prop_carry4_S[3]_CO[3])
                                                      0.332     3.417 r  u_soc_top/u_cpu/u_core/hazard_ctrl/fq_instr_reg[0][31]_i_36/CO[3]
                         net (fo=1, unplaced)         0.000     3.417    u_soc_top/u_cpu/u_core/hazard_ctrl/fq_instr_reg[0][31]_i_36_n_0
                         CARRY4 (Prop_carry4_CI_CO[2])
                                                      0.209     3.626 r  u_soc_top/u_cpu/u_core/hazard_ctrl/fq_instr_reg[0][31]_i_28/CO[2]
                         net (fo=1, unplaced)         0.349     3.975    u_soc_top/u_cpu/u_core/reg_id_ex0_ctrl/fq_instr[0][31]_i_7_0[0]
                         LUT5 (Prop_lut5_I4_O)        0.252     4.227 r  u_soc_top/u_cpu/u_core/reg_id_ex0_ctrl/fq_instr[0][31]_i_18/O
                         net (fo=1, unplaced)         0.347     4.574    u_soc_top/u_cpu/u_core/reg_id_ex0_ctrl/fq_instr[0][31]_i_18_n_0
                         LUT6 (Prop_lut6_I5_O)        0.105     4.679 r  u_soc_top/u_cpu/u_core/reg_id_ex0_ctrl/fq_instr[0][31]_i_7/O
                         net (fo=80, unplaced)        0.441     5.120    u_soc_top/u_cpu/u_core/reg_id_ex0_ctrl/if_id_flush
                         LUT5 (Prop_lut5_I0_O)        0.108     5.228 f  u_soc_top/u_cpu/u_core/reg_id_ex0_ctrl/fq_pc[1][31]_i_9/O
                         net (fo=5, unplaced)         0.610     5.838    u_soc_top/u_cpu/u_core/reg_id_ex0_ctrl/fq_pc[1][31]_i_9_n_0
                         LUT6 (Prop_lut6_I1_O)        0.105     5.943 r  u_soc_top/u_cpu/u_core/reg_id_ex0_ctrl/fq_instr[2][31]_i_8/O
                         net (fo=4, unplaced)         0.371     6.314    u_soc_top/u_cpu/u_core/reg_id_ex0_ctrl/fq_instr[2][31]_i_8_n_0
                         LUT6 (Prop_lut6_I4_O)        0.105     6.419 f  u_soc_top/u_cpu/u_core/reg_id_ex0_ctrl/fq_pc[1][31]_i_4/O
                         net (fo=64, unplaced)        0.670     7.089    u_soc_top/u_cpu/u_core/reg_id_ex0_ctrl/fq_pc[1][31]_i_4_n_0
                         LUT6 (Prop_lut6_I0_O)        0.105     7.194 r  u_soc_top/u_cpu/u_core/reg_id_ex0_ctrl/fq_instr[1][0]_i_1/O
                         net (fo=1, unplaced)         0.000     7.194    u_soc_top/u_cpu/u_core/reg_id_ex0_ctrl_n_221
                         FDRE                                         r  u_soc_top/u_cpu/u_core/fq_instr_reg[1][0]/D
  -------------------------------------------------------------------    -------------------

                         (clock cpu_clk rise edge)   10.000    10.000 r  
    K21                                               0.000    10.000 r  clk_50M (IN)
                         net (fo=0)                   0.000    10.000    u_soc_top/pll_clk.u_clk_pll/inst/clk_in1
    K21                  IBUF (Prop_ibuf_I_O)         1.328    11.328 r  u_soc_top/pll_clk.u_clk_pll/inst/clkin1_ibufg/O
                         net (fo=1, unplaced)         0.439    11.767    u_soc_top/pll_clk.u_clk_pll/inst/clk_in1_clk_pll
                         PLLE2_ADV (Prop_plle2_adv_CLKIN1_CLKOUT0)
                                                     -5.039     6.728 r  u_soc_top/pll_clk.u_clk_pll/inst/plle2_adv_inst/CLKOUT0
                         net (fo=1, unplaced)         0.613     7.341    u_soc_top/pll_clk.u_clk_pll/inst/cpu_clk_clk_pll
                         BUFG (Prop_bufg_I_O)         0.077     7.418 r  u_soc_top/pll_clk.u_clk_pll/inst/clkout1_buf/O
                         net (fo=6918, unplaced)      0.439     7.857    u_soc_top/u_cpu/u_core/cpu_clk
                         FDRE                                         r  u_soc_top/u_cpu/u_core/fq_instr_reg[1][0]/C
                         clock pessimism             -0.496     7.361    
                         clock uncertainty           -0.094     7.266    
                         FDRE (Setup_fdre_C_D)        0.029     7.295    u_soc_top/u_cpu/u_core/fq_instr_reg[1][0]
  -------------------------------------------------------------------
                         required time                          7.295    
                         arrival time                          -7.194    
  -------------------------------------------------------------------
                         slack                                  0.102    

Slack (MET) :             0.102ns  (required time - arrival time)
  Source:                 u_soc_top/u_cpu/u_core/fq_instr_reg[0][29]/C
                            (rising edge-triggered cell FDRE clocked by cpu_clk  {rise@0.000ns fall@5.000ns period=10.000ns})
  Destination:            u_soc_top/u_cpu/u_core/fq_instr_reg[1][0]/D
                            (rising edge-triggered cell FDRE clocked by cpu_clk  {rise@0.000ns fall@5.000ns period=10.000ns})
  Path Group:             cpu_clk
  Path Type:              Setup (Max at Slow Process Corner)
  Requirement:            10.000ns  (cpu_clk rise@10.000ns - cpu_clk rise@0.000ns)
  Data Path Delay:        9.688ns  (logic 3.736ns (38.563%)  route 5.952ns (61.437%))
  Logic Levels:           20  (CARRY4=7 LUT2=1 LUT5=3 LUT6=9)
  Clock Path Skew:        -0.145ns (DCD - SCD + CPR)
    Destination Clock Delay (DCD):    -2.143ns = ( 7.857 - 10.000 ) 
    Source Clock Delay      (SCD):    -2.494ns
    Clock Pessimism Removal (CPR):    -0.496ns
  Clock Uncertainty:      0.094ns  ((TSJ^2 + DJ^2)^1/2) / 2 + PE
    Total System Jitter     (TSJ):    0.071ns
    Discrete Jitter          (DJ):    0.175ns
    Phase Error              (PE):    0.000ns

    Location             Delay type                Incr(ns)  Path(ns)    Netlist Resource(s)
  -------------------------------------------------------------------    -------------------
                         (clock cpu_clk rise edge)    0.000     0.000 r  
    K21                                               0.000     0.000 r  clk_50M (IN)
                         net (fo=0)                   0.000     0.000    u_soc_top/pll_clk.u_clk_pll/inst/clk_in1
    K21                  IBUF (Prop_ibuf_I_O)         1.394     1.394 r  u_soc_top/pll_clk.u_clk_pll/inst/clkin1_ibufg/O
                         net (fo=1, unplaced)         0.584     1.978    u_soc_top/pll_clk.u_clk_pll/inst/clk_in1_clk_pll
                         PLLE2_ADV (Prop_plle2_adv_CLKIN1_CLKOUT0)
                                                     -5.783    -3.805 r  u_soc_top/pll_clk.u_clk_pll/inst/plle2_adv_inst/CLKOUT0
                         net (fo=1, unplaced)         0.646    -3.159    u_soc_top/pll_clk.u_clk_pll/inst/cpu_clk_clk_pll
                         BUFG (Prop_bufg_I_O)         0.081    -3.078 r  u_soc_top/pll_clk.u_clk_pll/inst/clkout1_buf/O
                         net (fo=6918, unplaced)      0.584    -2.494    u_soc_top/u_cpu/u_core/cpu_clk
                         FDRE                                         r  u_soc_top/u_cpu/u_core/fq_instr_reg[0][29]/C
  -------------------------------------------------------------------    -------------------
                         FDRE (Prop_fdre_C_Q)         0.379    -2.115 r  u_soc_top/u_cpu/u_core/fq_instr_reg[0][29]/Q
                         net (fo=56, unplaced)        0.864    -1.251    u_soc_top/u_cpu/u_core/reg_id_ex0_data/data_out_reg[89]_0[29]
                         LUT6 (Prop_lut6_I0_O)        0.232    -1.019 f  u_soc_top/u_cpu/u_core/reg_id_ex0_data/data_out[93]_i_5/O
                         net (fo=1, unplaced)         0.328    -0.691    u_soc_top/u_cpu/u_core/reg_id_ex0_data/data_out[93]_i_5_n_0
                         LUT6 (Prop_lut6_I0_O)        0.105    -0.586 r  u_soc_top/u_cpu/u_core/reg_id_ex0_data/data_out[93]_i_3__0/O
                         net (fo=2, unplaced)         0.358    -0.228    u_soc_top/u_cpu/u_core/reg_id_ex0_data/data_out[93]_i_3__0_n_0
                         LUT5 (Prop_lut5_I4_O)        0.108    -0.120 f  u_soc_top/u_cpu/u_core/reg_id_ex0_data/data_out[94]_i_3__1/O
                         net (fo=3, unplaced)         0.365     0.245    u_soc_top/u_cpu/u_core/reg_id_ex0_data/data_out[94]_i_3__1_n_0
                         LUT6 (Prop_lut6_I1_O)        0.105     0.350 f  u_soc_top/u_cpu/u_core/reg_id_ex0_data/data_out[88]_i_2__0/O
                         net (fo=1, unplaced)         0.347     0.697    u_soc_top/u_cpu/u_core/reg_id_ex0_data/data_out[88]_i_2__0_n_0
                         LUT6 (Prop_lut6_I5_O)        0.105     0.802 r  u_soc_top/u_cpu/u_core/reg_id_ex0_data/data_out[88]_i_1__2/O
                         net (fo=3, unplaced)         0.365     1.167    u_soc_top/u_cpu/u_core/bp_unit/D[5]
                         LUT2 (Prop_lut2_I1_O)        0.105     1.272 r  u_soc_top/u_cpu/u_core/bp_unit/pc[7]_i_8/O
                         net (fo=1, unplaced)         0.000     1.272    u_soc_top/u_cpu/u_core/bp_unit/pc[7]_i_8_n_0
                         CARRY4 (Prop_carry4_S[1]_CO[3])
                                                      0.457     1.729 r  u_soc_top/u_cpu/u_core/bp_unit/pc_reg[7]_i_2/CO[3]
                         net (fo=1, unplaced)         0.000     1.729    u_soc_top/u_cpu/u_core/bp_unit/pc_reg[7]_i_2_n_0
                         CARRY4 (Prop_carry4_CI_CO[3])
                                                      0.098     1.827 r  u_soc_top/u_cpu/u_core/bp_unit/pc_reg[11]_i_2/CO[3]
                         net (fo=1, unplaced)         0.000     1.827    u_soc_top/u_cpu/u_core/bp_unit/pc_reg[11]_i_2_n_0
                         CARRY4 (Prop_carry4_CI_CO[3])
                                                      0.098     1.925 r  u_soc_top/u_cpu/u_core/bp_unit/pc_reg[15]_i_2/CO[3]
                         net (fo=1, unplaced)         0.000     1.925    u_soc_top/u_cpu/u_core/bp_unit/pc_reg[15]_i_2_n_0
                         CARRY4 (Prop_carry4_CI_CO[3])
                                                      0.098     2.023 r  u_soc_top/u_cpu/u_core/bp_unit/pc_reg[19]_i_2/CO[3]
                         net (fo=1, unplaced)         0.000     2.023    u_soc_top/u_cpu/u_core/bp_unit/pc_reg[19]_i_2_n_0
                         CARRY4 (Prop_carry4_CI_O[3])
                                                      0.275     2.298 f  u_soc_top/u_cpu/u_core/bp_unit/pc_reg[23]_i_2/O[3]
                         net (fo=3, unplaced)         0.537     2.835    u_soc_top/u_cpu/u_core/bp_unit/bp_jump_pc[23]
                         LUT6 (Prop_lut6_I4_O)        0.250     3.085 r  u_soc_top/u_cpu/u_core/bp_unit/fq_instr[0][31]_i_45/O
                         net (fo=1, unplaced)         0.000     3.085    u_soc_top/u_cpu/u_core/hazard_ctrl/fq_instr_reg[0][31]_i_28_0[3]
                         CARRY4 (Prop_carry4_S[3]_CO[3])
                                                      0.332     3.417 r  u_soc_top/u_cpu/u_core/hazard_ctrl/fq_instr_reg[0][31]_i_36/CO[3]
                         net (fo=1, unplaced)         0.000     3.417    u_soc_top/u_cpu/u_core/hazard_ctrl/fq_instr_reg[0][31]_i_36_n_0
                         CARRY4 (Prop_carry4_CI_CO[2])
                                                      0.209     3.626 r  u_soc_top/u_cpu/u_core/hazard_ctrl/fq_instr_reg[0][31]_i_28/CO[2]
                         net (fo=1, unplaced)         0.349     3.975    u_soc_top/u_cpu/u_core/reg_id_ex0_ctrl/fq_instr[0][31]_i_7_0[0]
                         LUT5 (Prop_lut5_I4_O)        0.252     4.227 r  u_soc_top/u_cpu/u_core/reg_id_ex0_ctrl/fq_instr[0][31]_i_18/O
                         net (fo=1, unplaced)         0.347     4.574    u_soc_top/u_cpu/u_core/reg_id_ex0_ctrl/fq_instr[0][31]_i_18_n_0
                         LUT6 (Prop_lut6_I5_O)        0.105     4.679 r  u_soc_top/u_cpu/u_core/reg_id_ex0_ctrl/fq_instr[0][31]_i_7/O
                         net (fo=80, unplaced)        0.441     5.120    u_soc_top/u_cpu/u_core/reg_id_ex0_ctrl/if_id_flush
                         LUT5 (Prop_lut5_I0_O)        0.108     5.228 f  u_soc_top/u_cpu/u_core/reg_id_ex0_ctrl/fq_pc[1][31]_i_9/O
                         net (fo=5, unplaced)         0.610     5.838    u_soc_top/u_cpu/u_core/reg_id_ex0_ctrl/fq_pc[1][31]_i_9_n_0
                         LUT6 (Prop_lut6_I1_O)        0.105     5.943 r  u_soc_top/u_cpu/u_core/reg_id_ex0_ctrl/fq_instr[2][31]_i_8/O
                         net (fo=4, unplaced)         0.371     6.314    u_soc_top/u_cpu/u_core/reg_id_ex0_ctrl/fq_instr[2][31]_i_8_n_0
                         LUT6 (Prop_lut6_I4_O)        0.105     6.419 f  u_soc_top/u_cpu/u_core/reg_id_ex0_ctrl/fq_pc[1][31]_i_4/O
                         net (fo=64, unplaced)        0.670     7.089    u_soc_top/u_cpu/u_core/reg_id_ex0_ctrl/fq_pc[1][31]_i_4_n_0
                         LUT6 (Prop_lut6_I0_O)        0.105     7.194 r  u_soc_top/u_cpu/u_core/reg_id_ex0_ctrl/fq_instr[1][0]_i_1/O
                         net (fo=1, unplaced)         0.000     7.194    u_soc_top/u_cpu/u_core/reg_id_ex0_ctrl_n_221
                         FDRE                                         r  u_soc_top/u_cpu/u_core/fq_instr_reg[1][0]/D
  -------------------------------------------------------------------    -------------------

                         (clock cpu_clk rise edge)   10.000    10.000 r  
    K21                                               0.000    10.000 r  clk_50M (IN)
                         net (fo=0)                   0.000    10.000    u_soc_top/pll_clk.u_clk_pll/inst/clk_in1
    K21                  IBUF (Prop_ibuf_I_O)         1.328    11.328 r  u_soc_top/pll_clk.u_clk_pll/inst/clkin1_ibufg/O
                         net (fo=1, unplaced)         0.439    11.767    u_soc_top/pll_clk.u_clk_pll/inst/clk_in1_clk_pll
                         PLLE2_ADV (Prop_plle2_adv_CLKIN1_CLKOUT0)
                                                     -5.039     6.728 r  u_soc_top/pll_clk.u_clk_pll/inst/plle2_adv_inst/CLKOUT0
                         net (fo=1, unplaced)         0.613     7.341    u_soc_top/pll_clk.u_clk_pll/inst/cpu_clk_clk_pll
                         BUFG (Prop_bufg_I_O)         0.077     7.418 r  u_soc_top/pll_clk.u_clk_pll/inst/clkout1_buf/O
                         net (fo=6918, unplaced)      0.439     7.857    u_soc_top/u_cpu/u_core/cpu_clk
                         FDRE                                         r  u_soc_top/u_cpu/u_core/fq_instr_reg[1][0]/C
                         clock pessimism             -0.496     7.361    
                         clock uncertainty           -0.094     7.266    
                         FDRE (Setup_fdre_C_D)        0.029     7.295    u_soc_top/u_cpu/u_core/fq_instr_reg[1][0]
  -------------------------------------------------------------------
                         required time                          7.295    
                         arrival time                          -7.194    
  -------------------------------------------------------------------
                         slack                                  0.102    

Slack (MET) :             0.102ns  (required time - arrival time)
  Source:                 u_soc_top/u_cpu/u_core/fq_instr_reg[0][29]/C
                            (rising edge-triggered cell FDRE clocked by cpu_clk  {rise@0.000ns fall@5.000ns period=10.000ns})
  Destination:            u_soc_top/u_cpu/u_core/fq_instr_reg[1][0]/D
                            (rising edge-triggered cell FDRE clocked by cpu_clk  {rise@0.000ns fall@5.000ns period=10.000ns})
  Path Group:             cpu_clk
  Path Type:              Setup (Max at Slow Process Corner)
  Requirement:            10.000ns  (cpu_clk rise@10.000ns - cpu_clk rise@0.000ns)
  Data Path Delay:        9.688ns  (logic 3.736ns (38.563%)  route 5.952ns (61.437%))
  Logic Levels:           20  (CARRY4=7 LUT2=1 LUT5=3 LUT6=9)
  Clock Path Skew:        -0.145ns (DCD - SCD + CPR)
    Destination Clock Delay (DCD):    -2.143ns = ( 7.857 - 10.000 ) 
    Source Clock Delay      (SCD):    -2.494ns
    Clock Pessimism Removal (CPR):    -0.496ns
  Clock Uncertainty:      0.094ns  ((TSJ^2 + DJ^2)^1/2) / 2 + PE
    Total System Jitter     (TSJ):    0.071ns
    Discrete Jitter          (DJ):    0.175ns
    Phase Error              (PE):    0.000ns

    Location             Delay type                Incr(ns)  Path(ns)    Netlist Resource(s)
  -------------------------------------------------------------------    -------------------
                         (clock cpu_clk rise edge)    0.000     0.000 r  
    K21                                               0.000     0.000 r  clk_50M (IN)
                         net (fo=0)                   0.000     0.000    u_soc_top/pll_clk.u_clk_pll/inst/clk_in1
    K21                  IBUF (Prop_ibuf_I_O)         1.394     1.394 r  u_soc_top/pll_clk.u_clk_pll/inst/clkin1_ibufg/O
                         net (fo=1, unplaced)         0.584     1.978    u_soc_top/pll_clk.u_clk_pll/inst/clk_in1_clk_pll
                         PLLE2_ADV (Prop_plle2_adv_CLKIN1_CLKOUT0)
                                                     -5.783    -3.805 r  u_soc_top/pll_clk.u_clk_pll/inst/plle2_adv_inst/CLKOUT0
                         net (fo=1, unplaced)         0.646    -3.159    u_soc_top/pll_clk.u_clk_pll/inst/cpu_clk_clk_pll
                         BUFG (Prop_bufg_I_O)         0.081    -3.078 r  u_soc_top/pll_clk.u_clk_pll/inst/clkout1_buf/O
                         net (fo=6918, unplaced)      0.584    -2.494    u_soc_top/u_cpu/u_core/cpu_clk
                         FDRE                                         r  u_soc_top/u_cpu/u_core/fq_instr_reg[0][29]/C
  -------------------------------------------------------------------    -------------------
                         FDRE (Prop_fdre_C_Q)         0.379    -2.115 r  u_soc_top/u_cpu/u_core/fq_instr_reg[0][29]/Q
                         net (fo=56, unplaced)        0.864    -1.251    u_soc_top/u_cpu/u_core/reg_id_ex0_data/data_out_reg[89]_0[29]
                         LUT6 (Prop_lut6_I0_O)        0.232    -1.019 r  u_soc_top/u_cpu/u_core/reg_id_ex0_data/data_out[93]_i_5/O
                         net (fo=1, unplaced)         0.328    -0.691    u_soc_top/u_cpu/u_core/reg_id_ex0_data/data_out[93]_i_5_n_0
                         LUT6 (Prop_lut6_I0_O)        0.105    -0.586 f  u_soc_top/u_cpu/u_core/reg_id_ex0_data/data_out[93]_i_3__0/O
                         net (fo=2, unplaced)         0.358    -0.228    u_soc_top/u_cpu/u_core/reg_id_ex0_data/data_out[93]_i_3__0_n_0
                         LUT5 (Prop_lut5_I4_O)        0.108    -0.120 r  u_soc_top/u_cpu/u_core/reg_id_ex0_data/data_out[94]_i_3__1/O
                         net (fo=3, unplaced)         0.365     0.245    u_soc_top/u_cpu/u_core/reg_id_ex0_data/data_out[94]_i_3__1_n_0
                         LUT6 (Prop_lut6_I1_O)        0.105     0.350 r  u_soc_top/u_cpu/u_core/reg_id_ex0_data/data_out[88]_i_2__0/O
                         net (fo=1, unplaced)         0.347     0.697    u_soc_top/u_cpu/u_core/reg_id_ex0_data/data_out[88]_i_2__0_n_0
                         LUT6 (Prop_lut6_I5_O)        0.105     0.802 f  u_soc_top/u_cpu/u_core/reg_id_ex0_data/data_out[88]_i_1__2/O
                         net (fo=3, unplaced)         0.365     1.167    u_soc_top/u_cpu/u_core/bp_unit/D[5]
                         LUT2 (Prop_lut2_I1_O)        0.105     1.272 r  u_soc_top/u_cpu/u_core/bp_unit/pc[7]_i_8/O
                         net (fo=1, unplaced)         0.000     1.272    u_soc_top/u_cpu/u_core/bp_unit/pc[7]_i_8_n_0
                         CARRY4 (Prop_carry4_S[1]_CO[3])
                                                      0.457     1.729 r  u_soc_top/u_cpu/u_core/bp_unit/pc_reg[7]_i_2/CO[3]
                         net (fo=1, unplaced)         0.000     1.729    u_soc_top/u_cpu/u_core/bp_unit/pc_reg[7]_i_2_n_0
                         CARRY4 (Prop_carry4_CI_CO[3])
                                                      0.098     1.827 r  u_soc_top/u_cpu/u_core/bp_unit/pc_reg[11]_i_2/CO[3]
                         net (fo=1, unplaced)         0.000     1.827    u_soc_top/u_cpu/u_core/bp_unit/pc_reg[11]_i_2_n_0
                         CARRY4 (Prop_carry4_CI_CO[3])
                                                      0.098     1.925 r  u_soc_top/u_cpu/u_core/bp_unit/pc_reg[15]_i_2/CO[3]
                         net (fo=1, unplaced)         0.000     1.925    u_soc_top/u_cpu/u_core/bp_unit/pc_reg[15]_i_2_n_0
                         CARRY4 (Prop_carry4_CI_CO[3])
                                                      0.098     2.023 r  u_soc_top/u_cpu/u_core/bp_unit/pc_reg[19]_i_2/CO[3]
                         net (fo=1, unplaced)         0.000     2.023    u_soc_top/u_cpu/u_core/bp_unit/pc_reg[19]_i_2_n_0
                         CARRY4 (Prop_carry4_CI_O[3])
                                                      0.275     2.298 f  u_soc_top/u_cpu/u_core/bp_unit/pc_reg[23]_i_2/O[3]
                         net (fo=3, unplaced)         0.537     2.835    u_soc_top/u_cpu/u_core/bp_unit/bp_jump_pc[23]
                         LUT6 (Prop_lut6_I4_O)        0.250     3.085 r  u_soc_top/u_cpu/u_core/bp_unit/fq_instr[0][31]_i_45/O
                         net (fo=1, unplaced)         0.000     3.085    u_soc_top/u_cpu/u_core/hazard_ctrl/fq_instr_reg[0][31]_i_28_0[3]
                         CARRY4 (Prop_carry4_S[3]_CO[3])
                                                      0.332     3.417 r  u_soc_top/u_cpu/u_core/hazard_ctrl/fq_instr_reg[0][31]_i_36/CO[3]
                         net (fo=1, unplaced)         0.000     3.417    u_soc_top/u_cpu/u_core/hazard_ctrl/fq_instr_reg[0][31]_i_36_n_0
                         CARRY4 (Prop_carry4_CI_CO[2])
                                                      0.209     3.626 r  u_soc_top/u_cpu/u_core/hazard_ctrl/fq_instr_reg[0][31]_i_28/CO[2]
                         net (fo=1, unplaced)         0.349     3.975    u_soc_top/u_cpu/u_core/reg_id_ex0_ctrl/fq_instr[0][31]_i_7_0[0]
                         LUT5 (Prop_lut5_I4_O)        0.252     4.227 r  u_soc_top/u_cpu/u_core/reg_id_ex0_ctrl/fq_instr[0][31]_i_18/O
                         net (fo=1, unplaced)         0.347     4.574    u_soc_top/u_cpu/u_core/reg_id_ex0_ctrl/fq_instr[0][31]_i_18_n_0
                         LUT6 (Prop_lut6_I5_O)        0.105     4.679 r  u_soc_top/u_cpu/u_core/reg_id_ex0_ctrl/fq_instr[0][31]_i_7/O
                         net (fo=80, unplaced)        0.441     5.120    u_soc_top/u_cpu/u_core/reg_id_ex0_ctrl/if_id_flush
                         LUT5 (Prop_lut5_I0_O)        0.108     5.228 f  u_soc_top/u_cpu/u_core/reg_id_ex0_ctrl/fq_pc[1][31]_i_9/O
                         net (fo=5, unplaced)         0.610     5.838    u_soc_top/u_cpu/u_core/reg_id_ex0_ctrl/fq_pc[1][31]_i_9_n_0
                         LUT6 (Prop_lut6_I1_O)        0.105     5.943 r  u_soc_top/u_cpu/u_core/reg_id_ex0_ctrl/fq_instr[2][31]_i_8/O
                         net (fo=4, unplaced)         0.371     6.314    u_soc_top/u_cpu/u_core/reg_id_ex0_ctrl/fq_instr[2][31]_i_8_n_0
                         LUT6 (Prop_lut6_I4_O)        0.105     6.419 f  u_soc_top/u_cpu/u_core/reg_id_ex0_ctrl/fq_pc[1][31]_i_4/O
                         net (fo=64, unplaced)        0.670     7.089    u_soc_top/u_cpu/u_core/reg_id_ex0_ctrl/fq_pc[1][31]_i_4_n_0
                         LUT6 (Prop_lut6_I0_O)        0.105     7.194 r  u_soc_top/u_cpu/u_core/reg_id_ex0_ctrl/fq_instr[1][0]_i_1/O
                         net (fo=1, unplaced)         0.000     7.194    u_soc_top/u_cpu/u_core/reg_id_ex0_ctrl_n_221
                         FDRE                                         r  u_soc_top/u_cpu/u_core/fq_instr_reg[1][0]/D
  -------------------------------------------------------------------    -------------------

                         (clock cpu_clk rise edge)   10.000    10.000 r  
    K21                                               0.000    10.000 r  clk_50M (IN)
                         net (fo=0)                   0.000    10.000    u_soc_top/pll_clk.u_clk_pll/inst/clk_in1
    K21                  IBUF (Prop_ibuf_I_O)         1.328    11.328 r  u_soc_top/pll_clk.u_clk_pll/inst/clkin1_ibufg/O
                         net (fo=1, unplaced)         0.439    11.767    u_soc_top/pll_clk.u_clk_pll/inst/clk_in1_clk_pll
                         PLLE2_ADV (Prop_plle2_adv_CLKIN1_CLKOUT0)
                                                     -5.039     6.728 r  u_soc_top/pll_clk.u_clk_pll/inst/plle2_adv_inst/CLKOUT0
                         net (fo=1, unplaced)         0.613     7.341    u_soc_top/pll_clk.u_clk_pll/inst/cpu_clk_clk_pll
                         BUFG (Prop_bufg_I_O)         0.077     7.418 r  u_soc_top/pll_clk.u_clk_pll/inst/clkout1_buf/O
                         net (fo=6918, unplaced)      0.439     7.857    u_soc_top/u_cpu/u_core/cpu_clk
                         FDRE                                         r  u_soc_top/u_cpu/u_core/fq_instr_reg[1][0]/C
                         clock pessimism             -0.496     7.361    
                         clock uncertainty           -0.094     7.266    
                         FDRE (Setup_fdre_C_D)        0.029     7.295    u_soc_top/u_cpu/u_core/fq_instr_reg[1][0]
  -------------------------------------------------------------------
                         required time                          7.295    
                         arrival time                          -7.194    
  -------------------------------------------------------------------
                         slack                                  0.102    

Slack (MET) :             0.102ns  (required time - arrival time)
  Source:                 u_soc_top/u_cpu/u_core/fq_instr_reg[0][29]/C
                            (rising edge-triggered cell FDRE clocked by cpu_clk  {rise@0.000ns fall@5.000ns period=10.000ns})
  Destination:            u_soc_top/u_cpu/u_core/fq_instr_reg[1][0]/D
                            (rising edge-triggered cell FDRE clocked by cpu_clk  {rise@0.000ns fall@5.000ns period=10.000ns})
  Path Group:             cpu_clk
  Path Type:              Setup (Max at Slow Process Corner)
  Requirement:            10.000ns  (cpu_clk rise@10.000ns - cpu_clk rise@0.000ns)
  Data Path Delay:        9.688ns  (logic 3.736ns (38.563%)  route 5.952ns (61.437%))
  Logic Levels:           20  (CARRY4=7 LUT2=1 LUT5=3 LUT6=9)
  Clock Path Skew:        -0.145ns (DCD - SCD + CPR)
    Destination Clock Delay (DCD):    -2.143ns = ( 7.857 - 10.000 ) 
    Source Clock Delay      (SCD):    -2.494ns
    Clock Pessimism Removal (CPR):    -0.496ns
  Clock Uncertainty:      0.094ns  ((TSJ^2 + DJ^2)^1/2) / 2 + PE
    Total System Jitter     (TSJ):    0.071ns
    Discrete Jitter          (DJ):    0.175ns
    Phase Error              (PE):    0.000ns

    Location             Delay type                Incr(ns)  Path(ns)    Netlist Resource(s)
  -------------------------------------------------------------------    -------------------
                         (clock cpu_clk rise edge)    0.000     0.000 r  
    K21                                               0.000     0.000 r  clk_50M (IN)
                         net (fo=0)                   0.000     0.000    u_soc_top/pll_clk.u_clk_pll/inst/clk_in1
    K21                  IBUF (Prop_ibuf_I_O)         1.394     1.394 r  u_soc_top/pll_clk.u_clk_pll/inst/clkin1_ibufg/O
                         net (fo=1, unplaced)         0.584     1.978    u_soc_top/pll_clk.u_clk_pll/inst/clk_in1_clk_pll
                         PLLE2_ADV (Prop_plle2_adv_CLKIN1_CLKOUT0)
                                                     -5.783    -3.805 r  u_soc_top/pll_clk.u_clk_pll/inst/plle2_adv_inst/CLKOUT0
                         net (fo=1, unplaced)         0.646    -3.159    u_soc_top/pll_clk.u_clk_pll/inst/cpu_clk_clk_pll
                         BUFG (Prop_bufg_I_O)         0.081    -3.078 r  u_soc_top/pll_clk.u_clk_pll/inst/clkout1_buf/O
                         net (fo=6918, unplaced)      0.584    -2.494    u_soc_top/u_cpu/u_core/cpu_clk
                         FDRE                                         r  u_soc_top/u_cpu/u_core/fq_instr_reg[0][29]/C
  -------------------------------------------------------------------    -------------------
                         FDRE (Prop_fdre_C_Q)         0.379    -2.115 r  u_soc_top/u_cpu/u_core/fq_instr_reg[0][29]/Q
                         net (fo=56, unplaced)        0.864    -1.251    u_soc_top/u_cpu/u_core/reg_id_ex0_data/data_out_reg[89]_0[29]
                         LUT6 (Prop_lut6_I0_O)        0.232    -1.019 f  u_soc_top/u_cpu/u_core/reg_id_ex0_data/data_out[93]_i_5/O
                         net (fo=1, unplaced)         0.328    -0.691    u_soc_top/u_cpu/u_core/reg_id_ex0_data/data_out[93]_i_5_n_0
                         LUT6 (Prop_lut6_I0_O)        0.105    -0.586 r  u_soc_top/u_cpu/u_core/reg_id_ex0_data/data_out[93]_i_3__0/O
                         net (fo=2, unplaced)         0.358    -0.228    u_soc_top/u_cpu/u_core/reg_id_ex0_data/data_out[93]_i_3__0_n_0
                         LUT5 (Prop_lut5_I4_O)        0.108    -0.120 f  u_soc_top/u_cpu/u_core/reg_id_ex0_data/data_out[94]_i_3__1/O
                         net (fo=3, unplaced)         0.365     0.245    u_soc_top/u_cpu/u_core/reg_id_ex0_data/data_out[94]_i_3__1_n_0
                         LUT6 (Prop_lut6_I1_O)        0.105     0.350 f  u_soc_top/u_cpu/u_core/reg_id_ex0_data/data_out[88]_i_2__0/O
                         net (fo=1, unplaced)         0.347     0.697    u_soc_top/u_cpu/u_core/reg_id_ex0_data/data_out[88]_i_2__0_n_0
                         LUT6 (Prop_lut6_I5_O)        0.105     0.802 r  u_soc_top/u_cpu/u_core/reg_id_ex0_data/data_out[88]_i_1__2/O
                         net (fo=3, unplaced)         0.365     1.167    u_soc_top/u_cpu/u_core/bp_unit/D[5]
                         LUT2 (Prop_lut2_I1_O)        0.105     1.272 r  u_soc_top/u_cpu/u_core/bp_unit/pc[7]_i_8/O
                         net (fo=1, unplaced)         0.000     1.272    u_soc_top/u_cpu/u_core/bp_unit/pc[7]_i_8_n_0
                         CARRY4 (Prop_carry4_S[1]_CO[3])
                                                      0.457     1.729 r  u_soc_top/u_cpu/u_core/bp_unit/pc_reg[7]_i_2/CO[3]
                         net (fo=1, unplaced)         0.000     1.729    u_soc_top/u_cpu/u_core/bp_unit/pc_reg[7]_i_2_n_0
                         CARRY4 (Prop_carry4_CI_CO[3])
                                                      0.098     1.827 r  u_soc_top/u_cpu/u_core/bp_unit/pc_reg[11]_i_2/CO[3]
                         net (fo=1, unplaced)         0.000     1.827    u_soc_top/u_cpu/u_core/bp_unit/pc_reg[11]_i_2_n_0
                         CARRY4 (Prop_carry4_CI_CO[3])
                                                      0.098     1.925 r  u_soc_top/u_cpu/u_core/bp_unit/pc_reg[15]_i_2/CO[3]
                         net (fo=1, unplaced)         0.000     1.925    u_soc_top/u_cpu/u_core/bp_unit/pc_reg[15]_i_2_n_0
                         CARRY4 (Prop_carry4_CI_CO[3])
                                                      0.098     2.023 r  u_soc_top/u_cpu/u_core/bp_unit/pc_reg[19]_i_2/CO[3]
                         net (fo=1, unplaced)         0.000     2.023    u_soc_top/u_cpu/u_core/bp_unit/pc_reg[19]_i_2_n_0
                         CARRY4 (Prop_carry4_CI_O[3])
                                                      0.275     2.298 r  u_soc_top/u_cpu/u_core/bp_unit/pc_reg[23]_i_2/O[3]
                         net (fo=3, unplaced)         0.537     2.835    u_soc_top/u_cpu/u_core/bp_unit/bp_jump_pc[23]
                         LUT6 (Prop_lut6_I4_O)        0.250     3.085 f  u_soc_top/u_cpu/u_core/bp_unit/fq_instr[0][31]_i_45/O
                         net (fo=1, unplaced)         0.000     3.085    u_soc_top/u_cpu/u_core/hazard_ctrl/fq_instr_reg[0][31]_i_28_0[3]
                         CARRY4 (Prop_carry4_S[3]_CO[3])
                                                      0.332     3.417 r  u_soc_top/u_cpu/u_core/hazard_ctrl/fq_instr_reg[0][31]_i_36/CO[3]
                         net (fo=1, unplaced)         0.000     3.417    u_soc_top/u_cpu/u_core/hazard_ctrl/fq_instr_reg[0][31]_i_36_n_0
                         CARRY4 (Prop_carry4_CI_CO[2])
                                                      0.209     3.626 r  u_soc_top/u_cpu/u_core/hazard_ctrl/fq_instr_reg[0][31]_i_28/CO[2]
                         net (fo=1, unplaced)         0.349     3.975    u_soc_top/u_cpu/u_core/reg_id_ex0_ctrl/fq_instr[0][31]_i_7_0[0]
                         LUT5 (Prop_lut5_I4_O)        0.252     4.227 r  u_soc_top/u_cpu/u_core/reg_id_ex0_ctrl/fq_instr[0][31]_i_18/O
                         net (fo=1, unplaced)         0.347     4.574    u_soc_top/u_cpu/u_core/reg_id_ex0_ctrl/fq_instr[0][31]_i_18_n_0
                         LUT6 (Prop_lut6_I5_O)        0.105     4.679 r  u_soc_top/u_cpu/u_core/reg_id_ex0_ctrl/fq_instr[0][31]_i_7/O
                         net (fo=80, unplaced)        0.441     5.120    u_soc_top/u_cpu/u_core/reg_id_ex0_ctrl/if_id_flush
                         LUT5 (Prop_lut5_I0_O)        0.108     5.228 f  u_soc_top/u_cpu/u_core/reg_id_ex0_ctrl/fq_pc[1][31]_i_9/O
                         net (fo=5, unplaced)         0.610     5.838    u_soc_top/u_cpu/u_core/reg_id_ex0_ctrl/fq_pc[1][31]_i_9_n_0
                         LUT6 (Prop_lut6_I1_O)        0.105     5.943 r  u_soc_top/u_cpu/u_core/reg_id_ex0_ctrl/fq_instr[2][31]_i_8/O
                         net (fo=4, unplaced)         0.371     6.314    u_soc_top/u_cpu/u_core/reg_id_ex0_ctrl/fq_instr[2][31]_i_8_n_0
                         LUT6 (Prop_lut6_I4_O)        0.105     6.419 f  u_soc_top/u_cpu/u_core/reg_id_ex0_ctrl/fq_pc[1][31]_i_4/O
                         net (fo=64, unplaced)        0.670     7.089    u_soc_top/u_cpu/u_core/reg_id_ex0_ctrl/fq_pc[1][31]_i_4_n_0
                         LUT6 (Prop_lut6_I0_O)        0.105     7.194 r  u_soc_top/u_cpu/u_core/reg_id_ex0_ctrl/fq_instr[1][0]_i_1/O
                         net (fo=1, unplaced)         0.000     7.194    u_soc_top/u_cpu/u_core/reg_id_ex0_ctrl_n_221
                         FDRE                                         r  u_soc_top/u_cpu/u_core/fq_instr_reg[1][0]/D
  -------------------------------------------------------------------    -------------------

                         (clock cpu_clk rise edge)   10.000    10.000 r  
    K21                                               0.000    10.000 r  clk_50M (IN)
                         net (fo=0)                   0.000    10.000    u_soc_top/pll_clk.u_clk_pll/inst/clk_in1
    K21                  IBUF (Prop_ibuf_I_O)         1.328    11.328 r  u_soc_top/pll_clk.u_clk_pll/inst/clkin1_ibufg/O
                         net (fo=1, unplaced)         0.439    11.767    u_soc_top/pll_clk.u_clk_pll/inst/clk_in1_clk_pll
                         PLLE2_ADV (Prop_plle2_adv_CLKIN1_CLKOUT0)
                                                     -5.039     6.728 r  u_soc_top/pll_clk.u_clk_pll/inst/plle2_adv_inst/CLKOUT0
                         net (fo=1, unplaced)         0.613     7.341    u_soc_top/pll_clk.u_clk_pll/inst/cpu_clk_clk_pll
                         BUFG (Prop_bufg_I_O)         0.077     7.418 r  u_soc_top/pll_clk.u_clk_pll/inst/clkout1_buf/O
                         net (fo=6918, unplaced)      0.439     7.857    u_soc_top/u_cpu/u_core/cpu_clk
                         FDRE                                         r  u_soc_top/u_cpu/u_core/fq_instr_reg[1][0]/C
                         clock pessimism             -0.496     7.361    
                         clock uncertainty           -0.094     7.266    
                         FDRE (Setup_fdre_C_D)        0.029     7.295    u_soc_top/u_cpu/u_core/fq_instr_reg[1][0]
  -------------------------------------------------------------------
                         required time                          7.295    
                         arrival time                          -7.194    
  -------------------------------------------------------------------
                         slack                                  0.102    

Slack (MET) :             0.102ns  (required time - arrival time)
  Source:                 u_soc_top/u_cpu/u_core/fq_instr_reg[0][29]/C
                            (rising edge-triggered cell FDRE clocked by cpu_clk  {rise@0.000ns fall@5.000ns period=10.000ns})
  Destination:            u_soc_top/u_cpu/u_core/fq_instr_reg[1][0]/D
                            (rising edge-triggered cell FDRE clocked by cpu_clk  {rise@0.000ns fall@5.000ns period=10.000ns})
  Path Group:             cpu_clk
  Path Type:              Setup (Max at Slow Process Corner)
  Requirement:            10.000ns  (cpu_clk rise@10.000ns - cpu_clk rise@0.000ns)
  Data Path Delay:        9.688ns  (logic 3.736ns (38.563%)  route 5.952ns (61.437%))
  Logic Levels:           20  (CARRY4=7 LUT2=1 LUT5=3 LUT6=9)
  Clock Path Skew:        -0.145ns (DCD - SCD + CPR)
    Destination Clock Delay (DCD):    -2.143ns = ( 7.857 - 10.000 ) 
    Source Clock Delay      (SCD):    -2.494ns
    Clock Pessimism Removal (CPR):    -0.496ns
  Clock Uncertainty:      0.094ns  ((TSJ^2 + DJ^2)^1/2) / 2 + PE
    Total System Jitter     (TSJ):    0.071ns
    Discrete Jitter          (DJ):    0.175ns
    Phase Error              (PE):    0.000ns

    Location             Delay type                Incr(ns)  Path(ns)    Netlist Resource(s)
  -------------------------------------------------------------------    -------------------
                         (clock cpu_clk rise edge)    0.000     0.000 r  
    K21                                               0.000     0.000 r  clk_50M (IN)
                         net (fo=0)                   0.000     0.000    u_soc_top/pll_clk.u_clk_pll/inst/clk_in1
    K21                  IBUF (Prop_ibuf_I_O)         1.394     1.394 r  u_soc_top/pll_clk.u_clk_pll/inst/clkin1_ibufg/O
                         net (fo=1, unplaced)         0.584     1.978    u_soc_top/pll_clk.u_clk_pll/inst/clk_in1_clk_pll
                         PLLE2_ADV (Prop_plle2_adv_CLKIN1_CLKOUT0)
                                                     -5.783    -3.805 r  u_soc_top/pll_clk.u_clk_pll/inst/plle2_adv_inst/CLKOUT0
                         net (fo=1, unplaced)         0.646    -3.159    u_soc_top/pll_clk.u_clk_pll/inst/cpu_clk_clk_pll
                         BUFG (Prop_bufg_I_O)         0.081    -3.078 r  u_soc_top/pll_clk.u_clk_pll/inst/clkout1_buf/O
                         net (fo=6918, unplaced)      0.584    -2.494    u_soc_top/u_cpu/u_core/cpu_clk
                         FDRE                                         r  u_soc_top/u_cpu/u_core/fq_instr_reg[0][29]/C
  -------------------------------------------------------------------    -------------------
                         FDRE (Prop_fdre_C_Q)         0.379    -2.115 r  u_soc_top/u_cpu/u_core/fq_instr_reg[0][29]/Q
                         net (fo=56, unplaced)        0.864    -1.251    u_soc_top/u_cpu/u_core/reg_id_ex0_data/data_out_reg[89]_0[29]
                         LUT6 (Prop_lut6_I0_O)        0.232    -1.019 f  u_soc_top/u_cpu/u_core/reg_id_ex0_data/data_out[93]_i_5/O
                         net (fo=1, unplaced)         0.328    -0.691    u_soc_top/u_cpu/u_core/reg_id_ex0_data/data_out[93]_i_5_n_0
                         LUT6 (Prop_lut6_I0_O)        0.105    -0.586 r  u_soc_top/u_cpu/u_core/reg_id_ex0_data/data_out[93]_i_3__0/O
                         net (fo=2, unplaced)         0.358    -0.228    u_soc_top/u_cpu/u_core/reg_id_ex0_data/data_out[93]_i_3__0_n_0
                         LUT5 (Prop_lut5_I4_O)        0.108    -0.120 f  u_soc_top/u_cpu/u_core/reg_id_ex0_data/data_out[94]_i_3__1/O
                         net (fo=3, unplaced)         0.365     0.245    u_soc_top/u_cpu/u_core/reg_id_ex0_data/data_out[94]_i_3__1_n_0
                         LUT6 (Prop_lut6_I1_O)        0.105     0.350 f  u_soc_top/u_cpu/u_core/reg_id_ex0_data/data_out[88]_i_2__0/O
                         net (fo=1, unplaced)         0.347     0.697    u_soc_top/u_cpu/u_core/reg_id_ex0_data/data_out[88]_i_2__0_n_0
                         LUT6 (Prop_lut6_I5_O)        0.105     0.802 r  u_soc_top/u_cpu/u_core/reg_id_ex0_data/data_out[88]_i_1__2/O
                         net (fo=3, unplaced)         0.365     1.167    u_soc_top/u_cpu/u_core/bp_unit/D[5]
                         LUT2 (Prop_lut2_I1_O)        0.105     1.272 r  u_soc_top/u_cpu/u_core/bp_unit/pc[7]_i_8/O
                         net (fo=1, unplaced)         0.000     1.272    u_soc_top/u_cpu/u_core/bp_unit/pc[7]_i_8_n_0
                         CARRY4 (Prop_carry4_S[1]_CO[3])
                                                      0.457     1.729 r  u_soc_top/u_cpu/u_core/bp_unit/pc_reg[7]_i_2/CO[3]
                         net (fo=1, unplaced)         0.000     1.729    u_soc_top/u_cpu/u_core/bp_unit/pc_reg[7]_i_2_n_0
                         CARRY4 (Prop_carry4_CI_CO[3])
                                                      0.098     1.827 r  u_soc_top/u_cpu/u_core/bp_unit/pc_reg[11]_i_2/CO[3]
                         net (fo=1, unplaced)         0.000     1.827    u_soc_top/u_cpu/u_core/bp_unit/pc_reg[11]_i_2_n_0
                         CARRY4 (Prop_carry4_CI_CO[3])
                                                      0.098     1.925 r  u_soc_top/u_cpu/u_core/bp_unit/pc_reg[15]_i_2/CO[3]
                         net (fo=1, unplaced)         0.000     1.925    u_soc_top/u_cpu/u_core/bp_unit/pc_reg[15]_i_2_n_0
                         CARRY4 (Prop_carry4_CI_CO[3])
                                                      0.098     2.023 r  u_soc_top/u_cpu/u_core/bp_unit/pc_reg[19]_i_2/CO[3]
                         net (fo=1, unplaced)         0.000     2.023    u_soc_top/u_cpu/u_core/bp_unit/pc_reg[19]_i_2_n_0
                         CARRY4 (Prop_carry4_CI_O[3])
                                                      0.275     2.298 f  u_soc_top/u_cpu/u_core/bp_unit/pc_reg[23]_i_2/O[3]
                         net (fo=3, unplaced)         0.537     2.835    u_soc_top/u_cpu/u_core/bp_unit/bp_jump_pc[23]
                         LUT6 (Prop_lut6_I4_O)        0.250     3.085 f  u_soc_top/u_cpu/u_core/bp_unit/fq_instr[0][31]_i_45/O
                         net (fo=1, unplaced)         0.000     3.085    u_soc_top/u_cpu/u_core/hazard_ctrl/fq_instr_reg[0][31]_i_28_0[3]
                         CARRY4 (Prop_carry4_S[3]_CO[3])
                                                      0.332     3.417 r  u_soc_top/u_cpu/u_core/hazard_ctrl/fq_instr_reg[0][31]_i_36/CO[3]
                         net (fo=1, unplaced)         0.000     3.417    u_soc_top/u_cpu/u_core/hazard_ctrl/fq_instr_reg[0][31]_i_36_n_0
                         CARRY4 (Prop_carry4_CI_CO[2])
                                                      0.209     3.626 r  u_soc_top/u_cpu/u_core/hazard_ctrl/fq_instr_reg[0][31]_i_28/CO[2]
                         net (fo=1, unplaced)         0.349     3.975    u_soc_top/u_cpu/u_core/reg_id_ex0_ctrl/fq_instr[0][31]_i_7_0[0]
                         LUT5 (Prop_lut5_I4_O)        0.252     4.227 r  u_soc_top/u_cpu/u_core/reg_id_ex0_ctrl/fq_instr[0][31]_i_18/O
                         net (fo=1, unplaced)         0.347     4.574    u_soc_top/u_cpu/u_core/reg_id_ex0_ctrl/fq_instr[0][31]_i_18_n_0
                         LUT6 (Prop_lut6_I5_O)        0.105     4.679 r  u_soc_top/u_cpu/u_core/reg_id_ex0_ctrl/fq_instr[0][31]_i_7/O
                         net (fo=80, unplaced)        0.441     5.120    u_soc_top/u_cpu/u_core/reg_id_ex0_ctrl/if_id_flush
                         LUT5 (Prop_lut5_I0_O)        0.108     5.228 f  u_soc_top/u_cpu/u_core/reg_id_ex0_ctrl/fq_pc[1][31]_i_9/O
                         net (fo=5, unplaced)         0.610     5.838    u_soc_top/u_cpu/u_core/reg_id_ex0_ctrl/fq_pc[1][31]_i_9_n_0
                         LUT6 (Prop_lut6_I1_O)        0.105     5.943 r  u_soc_top/u_cpu/u_core/reg_id_ex0_ctrl/fq_instr[2][31]_i_8/O
                         net (fo=4, unplaced)         0.371     6.314    u_soc_top/u_cpu/u_core/reg_id_ex0_ctrl/fq_instr[2][31]_i_8_n_0
                         LUT6 (Prop_lut6_I4_O)        0.105     6.419 f  u_soc_top/u_cpu/u_core/reg_id_ex0_ctrl/fq_pc[1][31]_i_4/O
                         net (fo=64, unplaced)        0.670     7.089    u_soc_top/u_cpu/u_core/reg_id_ex0_ctrl/fq_pc[1][31]_i_4_n_0
                         LUT6 (Prop_lut6_I0_O)        0.105     7.194 r  u_soc_top/u_cpu/u_core/reg_id_ex0_ctrl/fq_instr[1][0]_i_1/O
                         net (fo=1, unplaced)         0.000     7.194    u_soc_top/u_cpu/u_core/reg_id_ex0_ctrl_n_221
                         FDRE                                         r  u_soc_top/u_cpu/u_core/fq_instr_reg[1][0]/D
  -------------------------------------------------------------------    -------------------

                         (clock cpu_clk rise edge)   10.000    10.000 r  
    K21                                               0.000    10.000 r  clk_50M (IN)
                         net (fo=0)                   0.000    10.000    u_soc_top/pll_clk.u_clk_pll/inst/clk_in1
    K21                  IBUF (Prop_ibuf_I_O)         1.328    11.328 r  u_soc_top/pll_clk.u_clk_pll/inst/clkin1_ibufg/O
                         net (fo=1, unplaced)         0.439    11.767    u_soc_top/pll_clk.u_clk_pll/inst/clk_in1_clk_pll
                         PLLE2_ADV (Prop_plle2_adv_CLKIN1_CLKOUT0)
                                                     -5.039     6.728 r  u_soc_top/pll_clk.u_clk_pll/inst/plle2_adv_inst/CLKOUT0
                         net (fo=1, unplaced)         0.613     7.341    u_soc_top/pll_clk.u_clk_pll/inst/cpu_clk_clk_pll
                         BUFG (Prop_bufg_I_O)         0.077     7.418 r  u_soc_top/pll_clk.u_clk_pll/inst/clkout1_buf/O
                         net (fo=6918, unplaced)      0.439     7.857    u_soc_top/u_cpu/u_core/cpu_clk
                         FDRE                                         r  u_soc_top/u_cpu/u_core/fq_instr_reg[1][0]/C
                         clock pessimism             -0.496     7.361    
                         clock uncertainty           -0.094     7.266    
                         FDRE (Setup_fdre_C_D)        0.029     7.295    u_soc_top/u_cpu/u_core/fq_instr_reg[1][0]
  -------------------------------------------------------------------
                         required time                          7.295    
                         arrival time                          -7.194    
  -------------------------------------------------------------------
                         slack                                  0.102    

Slack (MET) :             0.102ns  (required time - arrival time)
  Source:                 u_soc_top/u_cpu/u_core/fq_instr_reg[0][29]/C
                            (rising edge-triggered cell FDRE clocked by cpu_clk  {rise@0.000ns fall@5.000ns period=10.000ns})
  Destination:            u_soc_top/u_cpu/u_core/fq_instr_reg[1][0]/D
                            (rising edge-triggered cell FDRE clocked by cpu_clk  {rise@0.000ns fall@5.000ns period=10.000ns})
  Path Group:             cpu_clk
  Path Type:              Setup (Max at Slow Process Corner)
  Requirement:            10.000ns  (cpu_clk rise@10.000ns - cpu_clk rise@0.000ns)
  Data Path Delay:        9.688ns  (logic 3.736ns (38.563%)  route 5.952ns (61.437%))
  Logic Levels:           20  (CARRY4=7 LUT2=1 LUT5=3 LUT6=9)
  Clock Path Skew:        -0.145ns (DCD - SCD + CPR)
    Destination Clock Delay (DCD):    -2.143ns = ( 7.857 - 10.000 ) 
    Source Clock Delay      (SCD):    -2.494ns
    Clock Pessimism Removal (CPR):    -0.496ns
  Clock Uncertainty:      0.094ns  ((TSJ^2 + DJ^2)^1/2) / 2 + PE
    Total System Jitter     (TSJ):    0.071ns
    Discrete Jitter          (DJ):    0.175ns
    Phase Error              (PE):    0.000ns

    Location             Delay type                Incr(ns)  Path(ns)    Netlist Resource(s)
  -------------------------------------------------------------------    -------------------
                         (clock cpu_clk rise edge)    0.000     0.000 r  
    K21                                               0.000     0.000 r  clk_50M (IN)
                         net (fo=0)                   0.000     0.000    u_soc_top/pll_clk.u_clk_pll/inst/clk_in1
    K21                  IBUF (Prop_ibuf_I_O)         1.394     1.394 r  u_soc_top/pll_clk.u_clk_pll/inst/clkin1_ibufg/O
                         net (fo=1, unplaced)         0.584     1.978    u_soc_top/pll_clk.u_clk_pll/inst/clk_in1_clk_pll
                         PLLE2_ADV (Prop_plle2_adv_CLKIN1_CLKOUT0)
                                                     -5.783    -3.805 r  u_soc_top/pll_clk.u_clk_pll/inst/plle2_adv_inst/CLKOUT0
                         net (fo=1, unplaced)         0.646    -3.159    u_soc_top/pll_clk.u_clk_pll/inst/cpu_clk_clk_pll
                         BUFG (Prop_bufg_I_O)         0.081    -3.078 r  u_soc_top/pll_clk.u_clk_pll/inst/clkout1_buf/O
                         net (fo=6918, unplaced)      0.584    -2.494    u_soc_top/u_cpu/u_core/cpu_clk
                         FDRE                                         r  u_soc_top/u_cpu/u_core/fq_instr_reg[0][29]/C
  -------------------------------------------------------------------    -------------------
                         FDRE (Prop_fdre_C_Q)         0.379    -2.115 r  u_soc_top/u_cpu/u_core/fq_instr_reg[0][29]/Q
                         net (fo=56, unplaced)        0.864    -1.251    u_soc_top/u_cpu/u_core/reg_id_ex0_data/data_out_reg[89]_0[29]
                         LUT6 (Prop_lut6_I0_O)        0.232    -1.019 f  u_soc_top/u_cpu/u_core/reg_id_ex0_data/data_out[93]_i_5/O
                         net (fo=1, unplaced)         0.328    -0.691    u_soc_top/u_cpu/u_core/reg_id_ex0_data/data_out[93]_i_5_n_0
                         LUT6 (Prop_lut6_I0_O)        0.105    -0.586 r  u_soc_top/u_cpu/u_core/reg_id_ex0_data/data_out[93]_i_3__0/O
                         net (fo=2, unplaced)         0.358    -0.228    u_soc_top/u_cpu/u_core/reg_id_ex0_data/data_out[93]_i_3__0_n_0
                         LUT5 (Prop_lut5_I4_O)        0.108    -0.120 f  u_soc_top/u_cpu/u_core/reg_id_ex0_data/data_out[94]_i_3__1/O
                         net (fo=3, unplaced)         0.365     0.245    u_soc_top/u_cpu/u_core/reg_id_ex0_data/data_out[94]_i_3__1_n_0
                         LUT6 (Prop_lut6_I1_O)        0.105     0.350 f  u_soc_top/u_cpu/u_core/reg_id_ex0_data/data_out[88]_i_2__0/O
                         net (fo=1, unplaced)         0.347     0.697    u_soc_top/u_cpu/u_core/reg_id_ex0_data/data_out[88]_i_2__0_n_0
                         LUT6 (Prop_lut6_I5_O)        0.105     0.802 r  u_soc_top/u_cpu/u_core/reg_id_ex0_data/data_out[88]_i_1__2/O
                         net (fo=3, unplaced)         0.365     1.167    u_soc_top/u_cpu/u_core/bp_unit/D[5]
                         LUT2 (Prop_lut2_I1_O)        0.105     1.272 r  u_soc_top/u_cpu/u_core/bp_unit/pc[7]_i_8/O
                         net (fo=1, unplaced)         0.000     1.272    u_soc_top/u_cpu/u_core/bp_unit/pc[7]_i_8_n_0
                         CARRY4 (Prop_carry4_S[1]_CO[3])
                                                      0.457     1.729 r  u_soc_top/u_cpu/u_core/bp_unit/pc_reg[7]_i_2/CO[3]
                         net (fo=1, unplaced)         0.000     1.729    u_soc_top/u_cpu/u_core/bp_unit/pc_reg[7]_i_2_n_0
                         CARRY4 (Prop_carry4_CI_CO[3])
                                                      0.098     1.827 r  u_soc_top/u_cpu/u_core/bp_unit/pc_reg[11]_i_2/CO[3]
                         net (fo=1, unplaced)         0.000     1.827    u_soc_top/u_cpu/u_core/bp_unit/pc_reg[11]_i_2_n_0
                         CARRY4 (Prop_carry4_CI_CO[3])
                                                      0.098     1.925 r  u_soc_top/u_cpu/u_core/bp_unit/pc_reg[15]_i_2/CO[3]
                         net (fo=1, unplaced)         0.000     1.925    u_soc_top/u_cpu/u_core/bp_unit/pc_reg[15]_i_2_n_0
                         CARRY4 (Prop_carry4_CI_CO[3])
                                                      0.098     2.023 r  u_soc_top/u_cpu/u_core/bp_unit/pc_reg[19]_i_2/CO[3]
                         net (fo=1, unplaced)         0.000     2.023    u_soc_top/u_cpu/u_core/bp_unit/pc_reg[19]_i_2_n_0
                         CARRY4 (Prop_carry4_CI_O[3])
                                                      0.275     2.298 r  u_soc_top/u_cpu/u_core/bp_unit/pc_reg[23]_i_2/O[3]
                         net (fo=3, unplaced)         0.537     2.835    u_soc_top/u_cpu/u_core/bp_unit/bp_jump_pc[23]
                         LUT6 (Prop_lut6_I4_O)        0.250     3.085 r  u_soc_top/u_cpu/u_core/bp_unit/fq_instr[0][31]_i_45/O
                         net (fo=1, unplaced)         0.000     3.085    u_soc_top/u_cpu/u_core/hazard_ctrl/fq_instr_reg[0][31]_i_28_0[3]
                         CARRY4 (Prop_carry4_S[3]_CO[3])
                                                      0.332     3.417 f  u_soc_top/u_cpu/u_core/hazard_ctrl/fq_instr_reg[0][31]_i_36/CO[3]
                         net (fo=1, unplaced)         0.000     3.417    u_soc_top/u_cpu/u_core/hazard_ctrl/fq_instr_reg[0][31]_i_36_n_0
                         CARRY4 (Prop_carry4_CI_CO[2])
                                                      0.209     3.626 r  u_soc_top/u_cpu/u_core/hazard_ctrl/fq_instr_reg[0][31]_i_28/CO[2]
                         net (fo=1, unplaced)         0.349     3.975    u_soc_top/u_cpu/u_core/reg_id_ex0_ctrl/fq_instr[0][31]_i_7_0[0]
                         LUT5 (Prop_lut5_I4_O)        0.252     4.227 r  u_soc_top/u_cpu/u_core/reg_id_ex0_ctrl/fq_instr[0][31]_i_18/O
                         net (fo=1, unplaced)         0.347     4.574    u_soc_top/u_cpu/u_core/reg_id_ex0_ctrl/fq_instr[0][31]_i_18_n_0
                         LUT6 (Prop_lut6_I5_O)        0.105     4.679 r  u_soc_top/u_cpu/u_core/reg_id_ex0_ctrl/fq_instr[0][31]_i_7/O
                         net (fo=80, unplaced)        0.441     5.120    u_soc_top/u_cpu/u_core/reg_id_ex0_ctrl/if_id_flush
                         LUT5 (Prop_lut5_I0_O)        0.108     5.228 f  u_soc_top/u_cpu/u_core/reg_id_ex0_ctrl/fq_pc[1][31]_i_9/O
                         net (fo=5, unplaced)         0.610     5.838    u_soc_top/u_cpu/u_core/reg_id_ex0_ctrl/fq_pc[1][31]_i_9_n_0
                         LUT6 (Prop_lut6_I1_O)        0.105     5.943 r  u_soc_top/u_cpu/u_core/reg_id_ex0_ctrl/fq_instr[2][31]_i_8/O
                         net (fo=4, unplaced)         0.371     6.314    u_soc_top/u_cpu/u_core/reg_id_ex0_ctrl/fq_instr[2][31]_i_8_n_0
                         LUT6 (Prop_lut6_I4_O)        0.105     6.419 f  u_soc_top/u_cpu/u_core/reg_id_ex0_ctrl/fq_pc[1][31]_i_4/O
                         net (fo=64, unplaced)        0.670     7.089    u_soc_top/u_cpu/u_core/reg_id_ex0_ctrl/fq_pc[1][31]_i_4_n_0
                         LUT6 (Prop_lut6_I0_O)        0.105     7.194 r  u_soc_top/u_cpu/u_core/reg_id_ex0_ctrl/fq_instr[1][0]_i_1/O
                         net (fo=1, unplaced)         0.000     7.194    u_soc_top/u_cpu/u_core/reg_id_ex0_ctrl_n_221
                         FDRE                                         r  u_soc_top/u_cpu/u_core/fq_instr_reg[1][0]/D
  -------------------------------------------------------------------    -------------------

                         (clock cpu_clk rise edge)   10.000    10.000 r  
    K21                                               0.000    10.000 r  clk_50M (IN)
                         net (fo=0)                   0.000    10.000    u_soc_top/pll_clk.u_clk_pll/inst/clk_in1
    K21                  IBUF (Prop_ibuf_I_O)         1.328    11.328 r  u_soc_top/pll_clk.u_clk_pll/inst/clkin1_ibufg/O
                         net (fo=1, unplaced)         0.439    11.767    u_soc_top/pll_clk.u_clk_pll/inst/clk_in1_clk_pll
                         PLLE2_ADV (Prop_plle2_adv_CLKIN1_CLKOUT0)
                                                     -5.039     6.728 r  u_soc_top/pll_clk.u_clk_pll/inst/plle2_adv_inst/CLKOUT0
                         net (fo=1, unplaced)         0.613     7.341    u_soc_top/pll_clk.u_clk_pll/inst/cpu_clk_clk_pll
                         BUFG (Prop_bufg_I_O)         0.077     7.418 r  u_soc_top/pll_clk.u_clk_pll/inst/clkout1_buf/O
                         net (fo=6918, unplaced)      0.439     7.857    u_soc_top/u_cpu/u_core/cpu_clk
                         FDRE                                         r  u_soc_top/u_cpu/u_core/fq_instr_reg[1][0]/C
                         clock pessimism             -0.496     7.361    
                         clock uncertainty           -0.094     7.266    
                         FDRE (Setup_fdre_C_D)        0.029     7.295    u_soc_top/u_cpu/u_core/fq_instr_reg[1][0]
  -------------------------------------------------------------------
                         required time                          7.295    
                         arrival time                          -7.194    
  -------------------------------------------------------------------
                         slack                                  0.102    

Slack (MET) :             0.102ns  (required time - arrival time)
  Source:                 u_soc_top/u_cpu/u_core/fq_instr_reg[0][29]/C
                            (rising edge-triggered cell FDRE clocked by cpu_clk  {rise@0.000ns fall@5.000ns period=10.000ns})
  Destination:            u_soc_top/u_cpu/u_core/fq_instr_reg[1][0]/D
                            (rising edge-triggered cell FDRE clocked by cpu_clk  {rise@0.000ns fall@5.000ns period=10.000ns})
  Path Group:             cpu_clk
  Path Type:              Setup (Max at Slow Process Corner)
  Requirement:            10.000ns  (cpu_clk rise@10.000ns - cpu_clk rise@0.000ns)
  Data Path Delay:        9.688ns  (logic 3.736ns (38.563%)  route 5.952ns (61.437%))
  Logic Levels:           20  (CARRY4=7 LUT2=1 LUT5=3 LUT6=9)
  Clock Path Skew:        -0.145ns (DCD - SCD + CPR)
    Destination Clock Delay (DCD):    -2.143ns = ( 7.857 - 10.000 ) 
    Source Clock Delay      (SCD):    -2.494ns
    Clock Pessimism Removal (CPR):    -0.496ns
  Clock Uncertainty:      0.094ns  ((TSJ^2 + DJ^2)^1/2) / 2 + PE
    Total System Jitter     (TSJ):    0.071ns
    Discrete Jitter          (DJ):    0.175ns
    Phase Error              (PE):    0.000ns

    Location             Delay type                Incr(ns)  Path(ns)    Netlist Resource(s)
  -------------------------------------------------------------------    -------------------
                         (clock cpu_clk rise edge)    0.000     0.000 r  
    K21                                               0.000     0.000 r  clk_50M (IN)
                         net (fo=0)                   0.000     0.000    u_soc_top/pll_clk.u_clk_pll/inst/clk_in1
    K21                  IBUF (Prop_ibuf_I_O)         1.394     1.394 r  u_soc_top/pll_clk.u_clk_pll/inst/clkin1_ibufg/O
                         net (fo=1, unplaced)         0.584     1.978    u_soc_top/pll_clk.u_clk_pll/inst/clk_in1_clk_pll
                         PLLE2_ADV (Prop_plle2_adv_CLKIN1_CLKOUT0)
                                                     -5.783    -3.805 r  u_soc_top/pll_clk.u_clk_pll/inst/plle2_adv_inst/CLKOUT0
                         net (fo=1, unplaced)         0.646    -3.159    u_soc_top/pll_clk.u_clk_pll/inst/cpu_clk_clk_pll
                         BUFG (Prop_bufg_I_O)         0.081    -3.078 r  u_soc_top/pll_clk.u_clk_pll/inst/clkout1_buf/O
                         net (fo=6918, unplaced)      0.584    -2.494    u_soc_top/u_cpu/u_core/cpu_clk
                         FDRE                                         r  u_soc_top/u_cpu/u_core/fq_instr_reg[0][29]/C
  -------------------------------------------------------------------    -------------------
                         FDRE (Prop_fdre_C_Q)         0.379    -2.115 r  u_soc_top/u_cpu/u_core/fq_instr_reg[0][29]/Q
                         net (fo=56, unplaced)        0.864    -1.251    u_soc_top/u_cpu/u_core/reg_id_ex0_data/data_out_reg[89]_0[29]
                         LUT6 (Prop_lut6_I0_O)        0.232    -1.019 r  u_soc_top/u_cpu/u_core/reg_id_ex0_data/data_out[93]_i_5/O
                         net (fo=1, unplaced)         0.328    -0.691    u_soc_top/u_cpu/u_core/reg_id_ex0_data/data_out[93]_i_5_n_0
                         LUT6 (Prop_lut6_I0_O)        0.105    -0.586 f  u_soc_top/u_cpu/u_core/reg_id_ex0_data/data_out[93]_i_3__0/O
                         net (fo=2, unplaced)         0.358    -0.228    u_soc_top/u_cpu/u_core/reg_id_ex0_data/data_out[93]_i_3__0_n_0
                         LUT5 (Prop_lut5_I4_O)        0.108    -0.120 r  u_soc_top/u_cpu/u_core/reg_id_ex0_data/data_out[94]_i_3__1/O
                         net (fo=3, unplaced)         0.365     0.245    u_soc_top/u_cpu/u_core/reg_id_ex0_data/data_out[94]_i_3__1_n_0
                         LUT6 (Prop_lut6_I1_O)        0.105     0.350 r  u_soc_top/u_cpu/u_core/reg_id_ex0_data/data_out[88]_i_2__0/O
                         net (fo=1, unplaced)         0.347     0.697    u_soc_top/u_cpu/u_core/reg_id_ex0_data/data_out[88]_i_2__0_n_0
                         LUT6 (Prop_lut6_I5_O)        0.105     0.802 f  u_soc_top/u_cpu/u_core/reg_id_ex0_data/data_out[88]_i_1__2/O
                         net (fo=3, unplaced)         0.365     1.167    u_soc_top/u_cpu/u_core/bp_unit/D[5]
                         LUT2 (Prop_lut2_I1_O)        0.105     1.272 r  u_soc_top/u_cpu/u_core/bp_unit/pc[7]_i_8/O
                         net (fo=1, unplaced)         0.000     1.272    u_soc_top/u_cpu/u_core/bp_unit/pc[7]_i_8_n_0
                         CARRY4 (Prop_carry4_S[1]_CO[3])
                                                      0.457     1.729 r  u_soc_top/u_cpu/u_core/bp_unit/pc_reg[7]_i_2/CO[3]
                         net (fo=1, unplaced)         0.000     1.729    u_soc_top/u_cpu/u_core/bp_unit/pc_reg[7]_i_2_n_0
                         CARRY4 (Prop_carry4_CI_CO[3])
                                                      0.098     1.827 r  u_soc_top/u_cpu/u_core/bp_unit/pc_reg[11]_i_2/CO[3]
                         net (fo=1, unplaced)         0.000     1.827    u_soc_top/u_cpu/u_core/bp_unit/pc_reg[11]_i_2_n_0
                         CARRY4 (Prop_carry4_CI_CO[3])
                                                      0.098     1.925 r  u_soc_top/u_cpu/u_core/bp_unit/pc_reg[15]_i_2/CO[3]
                         net (fo=1, unplaced)         0.000     1.925    u_soc_top/u_cpu/u_core/bp_unit/pc_reg[15]_i_2_n_0
                         CARRY4 (Prop_carry4_CI_CO[3])
                                                      0.098     2.023 r  u_soc_top/u_cpu/u_core/bp_unit/pc_reg[19]_i_2/CO[3]
                         net (fo=1, unplaced)         0.000     2.023    u_soc_top/u_cpu/u_core/bp_unit/pc_reg[19]_i_2_n_0
                         CARRY4 (Prop_carry4_CI_O[3])
                                                      0.275     2.298 r  u_soc_top/u_cpu/u_core/bp_unit/pc_reg[23]_i_2/O[3]
                         net (fo=3, unplaced)         0.537     2.835    u_soc_top/u_cpu/u_core/bp_unit/bp_jump_pc[23]
                         LUT6 (Prop_lut6_I4_O)        0.250     3.085 r  u_soc_top/u_cpu/u_core/bp_unit/fq_instr[0][31]_i_45/O
                         net (fo=1, unplaced)         0.000     3.085    u_soc_top/u_cpu/u_core/hazard_ctrl/fq_instr_reg[0][31]_i_28_0[3]
                         CARRY4 (Prop_carry4_S[3]_CO[3])
                                                      0.332     3.417 f  u_soc_top/u_cpu/u_core/hazard_ctrl/fq_instr_reg[0][31]_i_36/CO[3]
                         net (fo=1, unplaced)         0.000     3.417    u_soc_top/u_cpu/u_core/hazard_ctrl/fq_instr_reg[0][31]_i_36_n_0
                         CARRY4 (Prop_carry4_CI_CO[2])
                                                      0.209     3.626 r  u_soc_top/u_cpu/u_core/hazard_ctrl/fq_instr_reg[0][31]_i_28/CO[2]
                         net (fo=1, unplaced)         0.349     3.975    u_soc_top/u_cpu/u_core/reg_id_ex0_ctrl/fq_instr[0][31]_i_7_0[0]
                         LUT5 (Prop_lut5_I4_O)        0.252     4.227 r  u_soc_top/u_cpu/u_core/reg_id_ex0_ctrl/fq_instr[0][31]_i_18/O
                         net (fo=1, unplaced)         0.347     4.574    u_soc_top/u_cpu/u_core/reg_id_ex0_ctrl/fq_instr[0][31]_i_18_n_0
                         LUT6 (Prop_lut6_I5_O)        0.105     4.679 r  u_soc_top/u_cpu/u_core/reg_id_ex0_ctrl/fq_instr[0][31]_i_7/O
                         net (fo=80, unplaced)        0.441     5.120    u_soc_top/u_cpu/u_core/reg_id_ex0_ctrl/if_id_flush
                         LUT5 (Prop_lut5_I0_O)        0.108     5.228 f  u_soc_top/u_cpu/u_core/reg_id_ex0_ctrl/fq_pc[1][31]_i_9/O
                         net (fo=5, unplaced)         0.610     5.838    u_soc_top/u_cpu/u_core/reg_id_ex0_ctrl/fq_pc[1][31]_i_9_n_0
                         LUT6 (Prop_lut6_I1_O)        0.105     5.943 r  u_soc_top/u_cpu/u_core/reg_id_ex0_ctrl/fq_instr[2][31]_i_8/O
                         net (fo=4, unplaced)         0.371     6.314    u_soc_top/u_cpu/u_core/reg_id_ex0_ctrl/fq_instr[2][31]_i_8_n_0
                         LUT6 (Prop_lut6_I4_O)        0.105     6.419 f  u_soc_top/u_cpu/u_core/reg_id_ex0_ctrl/fq_pc[1][31]_i_4/O
                         net (fo=64, unplaced)        0.670     7.089    u_soc_top/u_cpu/u_core/reg_id_ex0_ctrl/fq_pc[1][31]_i_4_n_0
                         LUT6 (Prop_lut6_I0_O)        0.105     7.194 r  u_soc_top/u_cpu/u_core/reg_id_ex0_ctrl/fq_instr[1][0]_i_1/O
                         net (fo=1, unplaced)         0.000     7.194    u_soc_top/u_cpu/u_core/reg_id_ex0_ctrl_n_221
                         FDRE                                         r  u_soc_top/u_cpu/u_core/fq_instr_reg[1][0]/D
  -------------------------------------------------------------------    -------------------

                         (clock cpu_clk rise edge)   10.000    10.000 r  
    K21                                               0.000    10.000 r  clk_50M (IN)
                         net (fo=0)                   0.000    10.000    u_soc_top/pll_clk.u_clk_pll/inst/clk_in1
    K21                  IBUF (Prop_ibuf_I_O)         1.328    11.328 r  u_soc_top/pll_clk.u_clk_pll/inst/clkin1_ibufg/O
                         net (fo=1, unplaced)         0.439    11.767    u_soc_top/pll_clk.u_clk_pll/inst/clk_in1_clk_pll
                         PLLE2_ADV (Prop_plle2_adv_CLKIN1_CLKOUT0)
                                                     -5.039     6.728 r  u_soc_top/pll_clk.u_clk_pll/inst/plle2_adv_inst/CLKOUT0
                         net (fo=1, unplaced)         0.613     7.341    u_soc_top/pll_clk.u_clk_pll/inst/cpu_clk_clk_pll
                         BUFG (Prop_bufg_I_O)         0.077     7.418 r  u_soc_top/pll_clk.u_clk_pll/inst/clkout1_buf/O
                         net (fo=6918, unplaced)      0.439     7.857    u_soc_top/u_cpu/u_core/cpu_clk
                         FDRE                                         r  u_soc_top/u_cpu/u_core/fq_instr_reg[1][0]/C
                         clock pessimism             -0.496     7.361    
                         clock uncertainty           -0.094     7.266    
                         FDRE (Setup_fdre_C_D)        0.029     7.295    u_soc_top/u_cpu/u_core/fq_instr_reg[1][0]
  -------------------------------------------------------------------
                         required time                          7.295    
                         arrival time                          -7.194    
  -------------------------------------------------------------------
                         slack                                  0.102    

Slack (MET) :             0.102ns  (required time - arrival time)
  Source:                 u_soc_top/u_cpu/u_core/fq_instr_reg[0][29]/C
                            (rising edge-triggered cell FDRE clocked by cpu_clk  {rise@0.000ns fall@5.000ns period=10.000ns})
  Destination:            u_soc_top/u_cpu/u_core/fq_instr_reg[1][0]/D
                            (rising edge-triggered cell FDRE clocked by cpu_clk  {rise@0.000ns fall@5.000ns period=10.000ns})
  Path Group:             cpu_clk
  Path Type:              Setup (Max at Slow Process Corner)
  Requirement:            10.000ns  (cpu_clk rise@10.000ns - cpu_clk rise@0.000ns)
  Data Path Delay:        9.688ns  (logic 3.736ns (38.563%)  route 5.952ns (61.437%))
  Logic Levels:           20  (CARRY4=7 LUT2=1 LUT5=3 LUT6=9)
  Clock Path Skew:        -0.145ns (DCD - SCD + CPR)
    Destination Clock Delay (DCD):    -2.143ns = ( 7.857 - 10.000 ) 
    Source Clock Delay      (SCD):    -2.494ns
    Clock Pessimism Removal (CPR):    -0.496ns
  Clock Uncertainty:      0.094ns  ((TSJ^2 + DJ^2)^1/2) / 2 + PE
    Total System Jitter     (TSJ):    0.071ns
    Discrete Jitter          (DJ):    0.175ns
    Phase Error              (PE):    0.000ns

    Location             Delay type                Incr(ns)  Path(ns)    Netlist Resource(s)
  -------------------------------------------------------------------    -------------------
                         (clock cpu_clk rise edge)    0.000     0.000 r  
    K21                                               0.000     0.000 r  clk_50M (IN)
                         net (fo=0)                   0.000     0.000    u_soc_top/pll_clk.u_clk_pll/inst/clk_in1
    K21                  IBUF (Prop_ibuf_I_O)         1.394     1.394 r  u_soc_top/pll_clk.u_clk_pll/inst/clkin1_ibufg/O
                         net (fo=1, unplaced)         0.584     1.978    u_soc_top/pll_clk.u_clk_pll/inst/clk_in1_clk_pll
                         PLLE2_ADV (Prop_plle2_adv_CLKIN1_CLKOUT0)
                                                     -5.783    -3.805 r  u_soc_top/pll_clk.u_clk_pll/inst/plle2_adv_inst/CLKOUT0
                         net (fo=1, unplaced)         0.646    -3.159    u_soc_top/pll_clk.u_clk_pll/inst/cpu_clk_clk_pll
                         BUFG (Prop_bufg_I_O)         0.081    -3.078 r  u_soc_top/pll_clk.u_clk_pll/inst/clkout1_buf/O
                         net (fo=6918, unplaced)      0.584    -2.494    u_soc_top/u_cpu/u_core/cpu_clk
                         FDRE                                         r  u_soc_top/u_cpu/u_core/fq_instr_reg[0][29]/C
  -------------------------------------------------------------------    -------------------
                         FDRE (Prop_fdre_C_Q)         0.379    -2.115 r  u_soc_top/u_cpu/u_core/fq_instr_reg[0][29]/Q
                         net (fo=56, unplaced)        0.864    -1.251    u_soc_top/u_cpu/u_core/reg_id_ex0_data/data_out_reg[89]_0[29]
                         LUT6 (Prop_lut6_I0_O)        0.232    -1.019 f  u_soc_top/u_cpu/u_core/reg_id_ex0_data/data_out[93]_i_5/O
                         net (fo=1, unplaced)         0.328    -0.691    u_soc_top/u_cpu/u_core/reg_id_ex0_data/data_out[93]_i_5_n_0
                         LUT6 (Prop_lut6_I0_O)        0.105    -0.586 r  u_soc_top/u_cpu/u_core/reg_id_ex0_data/data_out[93]_i_3__0/O
                         net (fo=2, unplaced)         0.358    -0.228    u_soc_top/u_cpu/u_core/reg_id_ex0_data/data_out[93]_i_3__0_n_0
                         LUT5 (Prop_lut5_I4_O)        0.108    -0.120 f  u_soc_top/u_cpu/u_core/reg_id_ex0_data/data_out[94]_i_3__1/O
                         net (fo=3, unplaced)         0.365     0.245    u_soc_top/u_cpu/u_core/reg_id_ex0_data/data_out[94]_i_3__1_n_0
                         LUT6 (Prop_lut6_I1_O)        0.105     0.350 f  u_soc_top/u_cpu/u_core/reg_id_ex0_data/data_out[88]_i_2__0/O
                         net (fo=1, unplaced)         0.347     0.697    u_soc_top/u_cpu/u_core/reg_id_ex0_data/data_out[88]_i_2__0_n_0
                         LUT6 (Prop_lut6_I5_O)        0.105     0.802 r  u_soc_top/u_cpu/u_core/reg_id_ex0_data/data_out[88]_i_1__2/O
                         net (fo=3, unplaced)         0.365     1.167    u_soc_top/u_cpu/u_core/bp_unit/D[5]
                         LUT2 (Prop_lut2_I1_O)        0.105     1.272 r  u_soc_top/u_cpu/u_core/bp_unit/pc[7]_i_8/O
                         net (fo=1, unplaced)         0.000     1.272    u_soc_top/u_cpu/u_core/bp_unit/pc[7]_i_8_n_0
                         CARRY4 (Prop_carry4_S[1]_CO[3])
                                                      0.457     1.729 r  u_soc_top/u_cpu/u_core/bp_unit/pc_reg[7]_i_2/CO[3]
                         net (fo=1, unplaced)         0.000     1.729    u_soc_top/u_cpu/u_core/bp_unit/pc_reg[7]_i_2_n_0
                         CARRY4 (Prop_carry4_CI_CO[3])
                                                      0.098     1.827 r  u_soc_top/u_cpu/u_core/bp_unit/pc_reg[11]_i_2/CO[3]
                         net (fo=1, unplaced)         0.000     1.827    u_soc_top/u_cpu/u_core/bp_unit/pc_reg[11]_i_2_n_0
                         CARRY4 (Prop_carry4_CI_CO[3])
                                                      0.098     1.925 r  u_soc_top/u_cpu/u_core/bp_unit/pc_reg[15]_i_2/CO[3]
                         net (fo=1, unplaced)         0.000     1.925    u_soc_top/u_cpu/u_core/bp_unit/pc_reg[15]_i_2_n_0
                         CARRY4 (Prop_carry4_CI_CO[3])
                                                      0.098     2.023 r  u_soc_top/u_cpu/u_core/bp_unit/pc_reg[19]_i_2/CO[3]
                         net (fo=1, unplaced)         0.000     2.023    u_soc_top/u_cpu/u_core/bp_unit/pc_reg[19]_i_2_n_0
                         CARRY4 (Prop_carry4_CI_O[3])
                                                      0.275     2.298 f  u_soc_top/u_cpu/u_core/bp_unit/pc_reg[23]_i_2/O[3]
                         net (fo=3, unplaced)         0.537     2.835    u_soc_top/u_cpu/u_core/bp_unit/bp_jump_pc[23]
                         LUT6 (Prop_lut6_I4_O)        0.250     3.085 r  u_soc_top/u_cpu/u_core/bp_unit/fq_instr[0][31]_i_45/O
                         net (fo=1, unplaced)         0.000     3.085    u_soc_top/u_cpu/u_core/hazard_ctrl/fq_instr_reg[0][31]_i_28_0[3]
                         CARRY4 (Prop_carry4_S[3]_CO[3])
                                                      0.332     3.417 f  u_soc_top/u_cpu/u_core/hazard_ctrl/fq_instr_reg[0][31]_i_36/CO[3]
                         net (fo=1, unplaced)         0.000     3.417    u_soc_top/u_cpu/u_core/hazard_ctrl/fq_instr_reg[0][31]_i_36_n_0
                         CARRY4 (Prop_carry4_CI_CO[2])
                                                      0.209     3.626 r  u_soc_top/u_cpu/u_core/hazard_ctrl/fq_instr_reg[0][31]_i_28/CO[2]
                         net (fo=1, unplaced)         0.349     3.975    u_soc_top/u_cpu/u_core/reg_id_ex0_ctrl/fq_instr[0][31]_i_7_0[0]
                         LUT5 (Prop_lut5_I4_O)        0.252     4.227 r  u_soc_top/u_cpu/u_core/reg_id_ex0_ctrl/fq_instr[0][31]_i_18/O
                         net (fo=1, unplaced)         0.347     4.574    u_soc_top/u_cpu/u_core/reg_id_ex0_ctrl/fq_instr[0][31]_i_18_n_0
                         LUT6 (Prop_lut6_I5_O)        0.105     4.679 r  u_soc_top/u_cpu/u_core/reg_id_ex0_ctrl/fq_instr[0][31]_i_7/O
                         net (fo=80, unplaced)        0.441     5.120    u_soc_top/u_cpu/u_core/reg_id_ex0_ctrl/if_id_flush
                         LUT5 (Prop_lut5_I0_O)        0.108     5.228 f  u_soc_top/u_cpu/u_core/reg_id_ex0_ctrl/fq_pc[1][31]_i_9/O
                         net (fo=5, unplaced)         0.610     5.838    u_soc_top/u_cpu/u_core/reg_id_ex0_ctrl/fq_pc[1][31]_i_9_n_0
                         LUT6 (Prop_lut6_I1_O)        0.105     5.943 r  u_soc_top/u_cpu/u_core/reg_id_ex0_ctrl/fq_instr[2][31]_i_8/O
                         net (fo=4, unplaced)         0.371     6.314    u_soc_top/u_cpu/u_core/reg_id_ex0_ctrl/fq_instr[2][31]_i_8_n_0
                         LUT6 (Prop_lut6_I4_O)        0.105     6.419 f  u_soc_top/u_cpu/u_core/reg_id_ex0_ctrl/fq_pc[1][31]_i_4/O
                         net (fo=64, unplaced)        0.670     7.089    u_soc_top/u_cpu/u_core/reg_id_ex0_ctrl/fq_pc[1][31]_i_4_n_0
                         LUT6 (Prop_lut6_I0_O)        0.105     7.194 r  u_soc_top/u_cpu/u_core/reg_id_ex0_ctrl/fq_instr[1][0]_i_1/O
                         net (fo=1, unplaced)         0.000     7.194    u_soc_top/u_cpu/u_core/reg_id_ex0_ctrl_n_221
                         FDRE                                         r  u_soc_top/u_cpu/u_core/fq_instr_reg[1][0]/D
  -------------------------------------------------------------------    -------------------

                         (clock cpu_clk rise edge)   10.000    10.000 r  
    K21                                               0.000    10.000 r  clk_50M (IN)
                         net (fo=0)                   0.000    10.000    u_soc_top/pll_clk.u_clk_pll/inst/clk_in1
    K21                  IBUF (Prop_ibuf_I_O)         1.328    11.328 r  u_soc_top/pll_clk.u_clk_pll/inst/clkin1_ibufg/O
                         net (fo=1, unplaced)         0.439    11.767    u_soc_top/pll_clk.u_clk_pll/inst/clk_in1_clk_pll
                         PLLE2_ADV (Prop_plle2_adv_CLKIN1_CLKOUT0)
                                                     -5.039     6.728 r  u_soc_top/pll_clk.u_clk_pll/inst/plle2_adv_inst/CLKOUT0
                         net (fo=1, unplaced)         0.613     7.341    u_soc_top/pll_clk.u_clk_pll/inst/cpu_clk_clk_pll
                         BUFG (Prop_bufg_I_O)         0.077     7.418 r  u_soc_top/pll_clk.u_clk_pll/inst/clkout1_buf/O
                         net (fo=6918, unplaced)      0.439     7.857    u_soc_top/u_cpu/u_core/cpu_clk
                         FDRE                                         r  u_soc_top/u_cpu/u_core/fq_instr_reg[1][0]/C
                         clock pessimism             -0.496     7.361    
                         clock uncertainty           -0.094     7.266    
                         FDRE (Setup_fdre_C_D)        0.029     7.295    u_soc_top/u_cpu/u_core/fq_instr_reg[1][0]
  -------------------------------------------------------------------
                         required time                          7.295    
                         arrival time                          -7.194    
  -------------------------------------------------------------------
                         slack                                  0.102    

Slack (MET) :             0.102ns  (required time - arrival time)
  Source:                 u_soc_top/u_cpu/u_core/fq_instr_reg[0][29]/C
                            (rising edge-triggered cell FDRE clocked by cpu_clk  {rise@0.000ns fall@5.000ns period=10.000ns})
  Destination:            u_soc_top/u_cpu/u_core/fq_instr_reg[1][0]/D
                            (rising edge-triggered cell FDRE clocked by cpu_clk  {rise@0.000ns fall@5.000ns period=10.000ns})
  Path Group:             cpu_clk
  Path Type:              Setup (Max at Slow Process Corner)
  Requirement:            10.000ns  (cpu_clk rise@10.000ns - cpu_clk rise@0.000ns)
  Data Path Delay:        9.688ns  (logic 3.736ns (38.563%)  route 5.952ns (61.437%))
  Logic Levels:           20  (CARRY4=7 LUT2=1 LUT5=3 LUT6=9)
  Clock Path Skew:        -0.145ns (DCD - SCD + CPR)
    Destination Clock Delay (DCD):    -2.143ns = ( 7.857 - 10.000 ) 
    Source Clock Delay      (SCD):    -2.494ns
    Clock Pessimism Removal (CPR):    -0.496ns
  Clock Uncertainty:      0.094ns  ((TSJ^2 + DJ^2)^1/2) / 2 + PE
    Total System Jitter     (TSJ):    0.071ns
    Discrete Jitter          (DJ):    0.175ns
    Phase Error              (PE):    0.000ns

    Location             Delay type                Incr(ns)  Path(ns)    Netlist Resource(s)
  -------------------------------------------------------------------    -------------------
                         (clock cpu_clk rise edge)    0.000     0.000 r  
    K21                                               0.000     0.000 r  clk_50M (IN)
                         net (fo=0)                   0.000     0.000    u_soc_top/pll_clk.u_clk_pll/inst/clk_in1
    K21                  IBUF (Prop_ibuf_I_O)         1.394     1.394 r  u_soc_top/pll_clk.u_clk_pll/inst/clkin1_ibufg/O
                         net (fo=1, unplaced)         0.584     1.978    u_soc_top/pll_clk.u_clk_pll/inst/clk_in1_clk_pll
                         PLLE2_ADV (Prop_plle2_adv_CLKIN1_CLKOUT0)
                                                     -5.783    -3.805 r  u_soc_top/pll_clk.u_clk_pll/inst/plle2_adv_inst/CLKOUT0
                         net (fo=1, unplaced)         0.646    -3.159    u_soc_top/pll_clk.u_clk_pll/inst/cpu_clk_clk_pll
                         BUFG (Prop_bufg_I_O)         0.081    -3.078 r  u_soc_top/pll_clk.u_clk_pll/inst/clkout1_buf/O
                         net (fo=6918, unplaced)      0.584    -2.494    u_soc_top/u_cpu/u_core/cpu_clk
                         FDRE                                         r  u_soc_top/u_cpu/u_core/fq_instr_reg[0][29]/C
  -------------------------------------------------------------------    -------------------
                         FDRE (Prop_fdre_C_Q)         0.379    -2.115 r  u_soc_top/u_cpu/u_core/fq_instr_reg[0][29]/Q
                         net (fo=56, unplaced)        0.864    -1.251    u_soc_top/u_cpu/u_core/reg_id_ex0_data/data_out_reg[89]_0[29]
                         LUT6 (Prop_lut6_I0_O)        0.232    -1.019 f  u_soc_top/u_cpu/u_core/reg_id_ex0_data/data_out[93]_i_5/O
                         net (fo=1, unplaced)         0.328    -0.691    u_soc_top/u_cpu/u_core/reg_id_ex0_data/data_out[93]_i_5_n_0
                         LUT6 (Prop_lut6_I0_O)        0.105    -0.586 r  u_soc_top/u_cpu/u_core/reg_id_ex0_data/data_out[93]_i_3__0/O
                         net (fo=2, unplaced)         0.358    -0.228    u_soc_top/u_cpu/u_core/reg_id_ex0_data/data_out[93]_i_3__0_n_0
                         LUT5 (Prop_lut5_I4_O)        0.108    -0.120 f  u_soc_top/u_cpu/u_core/reg_id_ex0_data/data_out[94]_i_3__1/O
                         net (fo=3, unplaced)         0.365     0.245    u_soc_top/u_cpu/u_core/reg_id_ex0_data/data_out[94]_i_3__1_n_0
                         LUT6 (Prop_lut6_I1_O)        0.105     0.350 f  u_soc_top/u_cpu/u_core/reg_id_ex0_data/data_out[88]_i_2__0/O
                         net (fo=1, unplaced)         0.347     0.697    u_soc_top/u_cpu/u_core/reg_id_ex0_data/data_out[88]_i_2__0_n_0
                         LUT6 (Prop_lut6_I5_O)        0.105     0.802 r  u_soc_top/u_cpu/u_core/reg_id_ex0_data/data_out[88]_i_1__2/O
                         net (fo=3, unplaced)         0.365     1.167    u_soc_top/u_cpu/u_core/bp_unit/D[5]
                         LUT2 (Prop_lut2_I1_O)        0.105     1.272 r  u_soc_top/u_cpu/u_core/bp_unit/pc[7]_i_8/O
                         net (fo=1, unplaced)         0.000     1.272    u_soc_top/u_cpu/u_core/bp_unit/pc[7]_i_8_n_0
                         CARRY4 (Prop_carry4_S[1]_CO[3])
                                                      0.457     1.729 r  u_soc_top/u_cpu/u_core/bp_unit/pc_reg[7]_i_2/CO[3]
                         net (fo=1, unplaced)         0.000     1.729    u_soc_top/u_cpu/u_core/bp_unit/pc_reg[7]_i_2_n_0
                         CARRY4 (Prop_carry4_CI_CO[3])
                                                      0.098     1.827 r  u_soc_top/u_cpu/u_core/bp_unit/pc_reg[11]_i_2/CO[3]
                         net (fo=1, unplaced)         0.000     1.827    u_soc_top/u_cpu/u_core/bp_unit/pc_reg[11]_i_2_n_0
                         CARRY4 (Prop_carry4_CI_CO[3])
                                                      0.098     1.925 r  u_soc_top/u_cpu/u_core/bp_unit/pc_reg[15]_i_2/CO[3]
                         net (fo=1, unplaced)         0.000     1.925    u_soc_top/u_cpu/u_core/bp_unit/pc_reg[15]_i_2_n_0
                         CARRY4 (Prop_carry4_CI_CO[3])
                                                      0.098     2.023 r  u_soc_top/u_cpu/u_core/bp_unit/pc_reg[19]_i_2/CO[3]
                         net (fo=1, unplaced)         0.000     2.023    u_soc_top/u_cpu/u_core/bp_unit/pc_reg[19]_i_2_n_0
                         CARRY4 (Prop_carry4_CI_O[3])
                                                      0.275     2.298 r  u_soc_top/u_cpu/u_core/bp_unit/pc_reg[23]_i_2/O[3]
                         net (fo=3, unplaced)         0.537     2.835    u_soc_top/u_cpu/u_core/bp_unit/bp_jump_pc[23]
                         LUT6 (Prop_lut6_I4_O)        0.250     3.085 f  u_soc_top/u_cpu/u_core/bp_unit/fq_instr[0][31]_i_45/O
                         net (fo=1, unplaced)         0.000     3.085    u_soc_top/u_cpu/u_core/hazard_ctrl/fq_instr_reg[0][31]_i_28_0[3]
                         CARRY4 (Prop_carry4_S[3]_CO[3])
                                                      0.332     3.417 f  u_soc_top/u_cpu/u_core/hazard_ctrl/fq_instr_reg[0][31]_i_36/CO[3]
                         net (fo=1, unplaced)         0.000     3.417    u_soc_top/u_cpu/u_core/hazard_ctrl/fq_instr_reg[0][31]_i_36_n_0
                         CARRY4 (Prop_carry4_CI_CO[2])
                                                      0.209     3.626 r  u_soc_top/u_cpu/u_core/hazard_ctrl/fq_instr_reg[0][31]_i_28/CO[2]
                         net (fo=1, unplaced)         0.349     3.975    u_soc_top/u_cpu/u_core/reg_id_ex0_ctrl/fq_instr[0][31]_i_7_0[0]
                         LUT5 (Prop_lut5_I4_O)        0.252     4.227 r  u_soc_top/u_cpu/u_core/reg_id_ex0_ctrl/fq_instr[0][31]_i_18/O
                         net (fo=1, unplaced)         0.347     4.574    u_soc_top/u_cpu/u_core/reg_id_ex0_ctrl/fq_instr[0][31]_i_18_n_0
                         LUT6 (Prop_lut6_I5_O)        0.105     4.679 r  u_soc_top/u_cpu/u_core/reg_id_ex0_ctrl/fq_instr[0][31]_i_7/O
                         net (fo=80, unplaced)        0.441     5.120    u_soc_top/u_cpu/u_core/reg_id_ex0_ctrl/if_id_flush
                         LUT5 (Prop_lut5_I0_O)        0.108     5.228 f  u_soc_top/u_cpu/u_core/reg_id_ex0_ctrl/fq_pc[1][31]_i_9/O
                         net (fo=5, unplaced)         0.610     5.838    u_soc_top/u_cpu/u_core/reg_id_ex0_ctrl/fq_pc[1][31]_i_9_n_0
                         LUT6 (Prop_lut6_I1_O)        0.105     5.943 r  u_soc_top/u_cpu/u_core/reg_id_ex0_ctrl/fq_instr[2][31]_i_8/O
                         net (fo=4, unplaced)         0.371     6.314    u_soc_top/u_cpu/u_core/reg_id_ex0_ctrl/fq_instr[2][31]_i_8_n_0
                         LUT6 (Prop_lut6_I4_O)        0.105     6.419 f  u_soc_top/u_cpu/u_core/reg_id_ex0_ctrl/fq_pc[1][31]_i_4/O
                         net (fo=64, unplaced)        0.670     7.089    u_soc_top/u_cpu/u_core/reg_id_ex0_ctrl/fq_pc[1][31]_i_4_n_0
                         LUT6 (Prop_lut6_I0_O)        0.105     7.194 r  u_soc_top/u_cpu/u_core/reg_id_ex0_ctrl/fq_instr[1][0]_i_1/O
                         net (fo=1, unplaced)         0.000     7.194    u_soc_top/u_cpu/u_core/reg_id_ex0_ctrl_n_221
                         FDRE                                         r  u_soc_top/u_cpu/u_core/fq_instr_reg[1][0]/D
  -------------------------------------------------------------------    -------------------

                         (clock cpu_clk rise edge)   10.000    10.000 r  
    K21                                               0.000    10.000 r  clk_50M (IN)
                         net (fo=0)                   0.000    10.000    u_soc_top/pll_clk.u_clk_pll/inst/clk_in1
    K21                  IBUF (Prop_ibuf_I_O)         1.328    11.328 r  u_soc_top/pll_clk.u_clk_pll/inst/clkin1_ibufg/O
                         net (fo=1, unplaced)         0.439    11.767    u_soc_top/pll_clk.u_clk_pll/inst/clk_in1_clk_pll
                         PLLE2_ADV (Prop_plle2_adv_CLKIN1_CLKOUT0)
                                                     -5.039     6.728 r  u_soc_top/pll_clk.u_clk_pll/inst/plle2_adv_inst/CLKOUT0
                         net (fo=1, unplaced)         0.613     7.341    u_soc_top/pll_clk.u_clk_pll/inst/cpu_clk_clk_pll
                         BUFG (Prop_bufg_I_O)         0.077     7.418 r  u_soc_top/pll_clk.u_clk_pll/inst/clkout1_buf/O
                         net (fo=6918, unplaced)      0.439     7.857    u_soc_top/u_cpu/u_core/cpu_clk
                         FDRE                                         r  u_soc_top/u_cpu/u_core/fq_instr_reg[1][0]/C
                         clock pessimism             -0.496     7.361    
                         clock uncertainty           -0.094     7.266    
                         FDRE (Setup_fdre_C_D)        0.029     7.295    u_soc_top/u_cpu/u_core/fq_instr_reg[1][0]
  -------------------------------------------------------------------
                         required time                          7.295    
                         arrival time                          -7.194    
  -------------------------------------------------------------------
                         slack                                  0.102    

Slack (MET) :             0.102ns  (required time - arrival time)
  Source:                 u_soc_top/u_cpu/u_core/fq_instr_reg[0][29]/C
                            (rising edge-triggered cell FDRE clocked by cpu_clk  {rise@0.000ns fall@5.000ns period=10.000ns})
  Destination:            u_soc_top/u_cpu/u_core/fq_instr_reg[1][0]/D
                            (rising edge-triggered cell FDRE clocked by cpu_clk  {rise@0.000ns fall@5.000ns period=10.000ns})
  Path Group:             cpu_clk
  Path Type:              Setup (Max at Slow Process Corner)
  Requirement:            10.000ns  (cpu_clk rise@10.000ns - cpu_clk rise@0.000ns)
  Data Path Delay:        9.688ns  (logic 3.736ns (38.563%)  route 5.952ns (61.437%))
  Logic Levels:           20  (CARRY4=7 LUT2=1 LUT5=3 LUT6=9)
  Clock Path Skew:        -0.145ns (DCD - SCD + CPR)
    Destination Clock Delay (DCD):    -2.143ns = ( 7.857 - 10.000 ) 
    Source Clock Delay      (SCD):    -2.494ns
    Clock Pessimism Removal (CPR):    -0.496ns
  Clock Uncertainty:      0.094ns  ((TSJ^2 + DJ^2)^1/2) / 2 + PE
    Total System Jitter     (TSJ):    0.071ns
    Discrete Jitter          (DJ):    0.175ns
    Phase Error              (PE):    0.000ns

    Location             Delay type                Incr(ns)  Path(ns)    Netlist Resource(s)
  -------------------------------------------------------------------    -------------------
                         (clock cpu_clk rise edge)    0.000     0.000 r  
    K21                                               0.000     0.000 r  clk_50M (IN)
                         net (fo=0)                   0.000     0.000    u_soc_top/pll_clk.u_clk_pll/inst/clk_in1
    K21                  IBUF (Prop_ibuf_I_O)         1.394     1.394 r  u_soc_top/pll_clk.u_clk_pll/inst/clkin1_ibufg/O
                         net (fo=1, unplaced)         0.584     1.978    u_soc_top/pll_clk.u_clk_pll/inst/clk_in1_clk_pll
                         PLLE2_ADV (Prop_plle2_adv_CLKIN1_CLKOUT0)
                                                     -5.783    -3.805 r  u_soc_top/pll_clk.u_clk_pll/inst/plle2_adv_inst/CLKOUT0
                         net (fo=1, unplaced)         0.646    -3.159    u_soc_top/pll_clk.u_clk_pll/inst/cpu_clk_clk_pll
                         BUFG (Prop_bufg_I_O)         0.081    -3.078 r  u_soc_top/pll_clk.u_clk_pll/inst/clkout1_buf/O
                         net (fo=6918, unplaced)      0.584    -2.494    u_soc_top/u_cpu/u_core/cpu_clk
                         FDRE                                         r  u_soc_top/u_cpu/u_core/fq_instr_reg[0][29]/C
  -------------------------------------------------------------------    -------------------
                         FDRE (Prop_fdre_C_Q)         0.379    -2.115 r  u_soc_top/u_cpu/u_core/fq_instr_reg[0][29]/Q
                         net (fo=56, unplaced)        0.864    -1.251    u_soc_top/u_cpu/u_core/reg_id_ex0_data/data_out_reg[89]_0[29]
                         LUT6 (Prop_lut6_I0_O)        0.232    -1.019 f  u_soc_top/u_cpu/u_core/reg_id_ex0_data/data_out[93]_i_5/O
                         net (fo=1, unplaced)         0.328    -0.691    u_soc_top/u_cpu/u_core/reg_id_ex0_data/data_out[93]_i_5_n_0
                         LUT6 (Prop_lut6_I0_O)        0.105    -0.586 r  u_soc_top/u_cpu/u_core/reg_id_ex0_data/data_out[93]_i_3__0/O
                         net (fo=2, unplaced)         0.358    -0.228    u_soc_top/u_cpu/u_core/reg_id_ex0_data/data_out[93]_i_3__0_n_0
                         LUT5 (Prop_lut5_I4_O)        0.108    -0.120 f  u_soc_top/u_cpu/u_core/reg_id_ex0_data/data_out[94]_i_3__1/O
                         net (fo=3, unplaced)         0.365     0.245    u_soc_top/u_cpu/u_core/reg_id_ex0_data/data_out[94]_i_3__1_n_0
                         LUT6 (Prop_lut6_I1_O)        0.105     0.350 f  u_soc_top/u_cpu/u_core/reg_id_ex0_data/data_out[88]_i_2__0/O
                         net (fo=1, unplaced)         0.347     0.697    u_soc_top/u_cpu/u_core/reg_id_ex0_data/data_out[88]_i_2__0_n_0
                         LUT6 (Prop_lut6_I5_O)        0.105     0.802 r  u_soc_top/u_cpu/u_core/reg_id_ex0_data/data_out[88]_i_1__2/O
                         net (fo=3, unplaced)         0.365     1.167    u_soc_top/u_cpu/u_core/bp_unit/D[5]
                         LUT2 (Prop_lut2_I1_O)        0.105     1.272 r  u_soc_top/u_cpu/u_core/bp_unit/pc[7]_i_8/O
                         net (fo=1, unplaced)         0.000     1.272    u_soc_top/u_cpu/u_core/bp_unit/pc[7]_i_8_n_0
                         CARRY4 (Prop_carry4_S[1]_CO[3])
                                                      0.457     1.729 r  u_soc_top/u_cpu/u_core/bp_unit/pc_reg[7]_i_2/CO[3]
                         net (fo=1, unplaced)         0.000     1.729    u_soc_top/u_cpu/u_core/bp_unit/pc_reg[7]_i_2_n_0
                         CARRY4 (Prop_carry4_CI_CO[3])
                                                      0.098     1.827 r  u_soc_top/u_cpu/u_core/bp_unit/pc_reg[11]_i_2/CO[3]
                         net (fo=1, unplaced)         0.000     1.827    u_soc_top/u_cpu/u_core/bp_unit/pc_reg[11]_i_2_n_0
                         CARRY4 (Prop_carry4_CI_CO[3])
                                                      0.098     1.925 r  u_soc_top/u_cpu/u_core/bp_unit/pc_reg[15]_i_2/CO[3]
                         net (fo=1, unplaced)         0.000     1.925    u_soc_top/u_cpu/u_core/bp_unit/pc_reg[15]_i_2_n_0
                         CARRY4 (Prop_carry4_CI_CO[3])
                                                      0.098     2.023 r  u_soc_top/u_cpu/u_core/bp_unit/pc_reg[19]_i_2/CO[3]
                         net (fo=1, unplaced)         0.000     2.023    u_soc_top/u_cpu/u_core/bp_unit/pc_reg[19]_i_2_n_0
                         CARRY4 (Prop_carry4_CI_O[3])
                                                      0.275     2.298 f  u_soc_top/u_cpu/u_core/bp_unit/pc_reg[23]_i_2/O[3]
                         net (fo=3, unplaced)         0.537     2.835    u_soc_top/u_cpu/u_core/bp_unit/bp_jump_pc[23]
                         LUT6 (Prop_lut6_I4_O)        0.250     3.085 f  u_soc_top/u_cpu/u_core/bp_unit/fq_instr[0][31]_i_45/O
                         net (fo=1, unplaced)         0.000     3.085    u_soc_top/u_cpu/u_core/hazard_ctrl/fq_instr_reg[0][31]_i_28_0[3]
                         CARRY4 (Prop_carry4_S[3]_CO[3])
                                                      0.332     3.417 f  u_soc_top/u_cpu/u_core/hazard_ctrl/fq_instr_reg[0][31]_i_36/CO[3]
                         net (fo=1, unplaced)         0.000     3.417    u_soc_top/u_cpu/u_core/hazard_ctrl/fq_instr_reg[0][31]_i_36_n_0
                         CARRY4 (Prop_carry4_CI_CO[2])
                                                      0.209     3.626 r  u_soc_top/u_cpu/u_core/hazard_ctrl/fq_instr_reg[0][31]_i_28/CO[2]
                         net (fo=1, unplaced)         0.349     3.975    u_soc_top/u_cpu/u_core/reg_id_ex0_ctrl/fq_instr[0][31]_i_7_0[0]
                         LUT5 (Prop_lut5_I4_O)        0.252     4.227 r  u_soc_top/u_cpu/u_core/reg_id_ex0_ctrl/fq_instr[0][31]_i_18/O
                         net (fo=1, unplaced)         0.347     4.574    u_soc_top/u_cpu/u_core/reg_id_ex0_ctrl/fq_instr[0][31]_i_18_n_0
                         LUT6 (Prop_lut6_I5_O)        0.105     4.679 r  u_soc_top/u_cpu/u_core/reg_id_ex0_ctrl/fq_instr[0][31]_i_7/O
                         net (fo=80, unplaced)        0.441     5.120    u_soc_top/u_cpu/u_core/reg_id_ex0_ctrl/if_id_flush
                         LUT5 (Prop_lut5_I0_O)        0.108     5.228 f  u_soc_top/u_cpu/u_core/reg_id_ex0_ctrl/fq_pc[1][31]_i_9/O
                         net (fo=5, unplaced)         0.610     5.838    u_soc_top/u_cpu/u_core/reg_id_ex0_ctrl/fq_pc[1][31]_i_9_n_0
                         LUT6 (Prop_lut6_I1_O)        0.105     5.943 r  u_soc_top/u_cpu/u_core/reg_id_ex0_ctrl/fq_instr[2][31]_i_8/O
                         net (fo=4, unplaced)         0.371     6.314    u_soc_top/u_cpu/u_core/reg_id_ex0_ctrl/fq_instr[2][31]_i_8_n_0
                         LUT6 (Prop_lut6_I4_O)        0.105     6.419 f  u_soc_top/u_cpu/u_core/reg_id_ex0_ctrl/fq_pc[1][31]_i_4/O
                         net (fo=64, unplaced)        0.670     7.089    u_soc_top/u_cpu/u_core/reg_id_ex0_ctrl/fq_pc[1][31]_i_4_n_0
                         LUT6 (Prop_lut6_I0_O)        0.105     7.194 r  u_soc_top/u_cpu/u_core/reg_id_ex0_ctrl/fq_instr[1][0]_i_1/O
                         net (fo=1, unplaced)         0.000     7.194    u_soc_top/u_cpu/u_core/reg_id_ex0_ctrl_n_221
                         FDRE                                         r  u_soc_top/u_cpu/u_core/fq_instr_reg[1][0]/D
  -------------------------------------------------------------------    -------------------

                         (clock cpu_clk rise edge)   10.000    10.000 r  
    K21                                               0.000    10.000 r  clk_50M (IN)
                         net (fo=0)                   0.000    10.000    u_soc_top/pll_clk.u_clk_pll/inst/clk_in1
    K21                  IBUF (Prop_ibuf_I_O)         1.328    11.328 r  u_soc_top/pll_clk.u_clk_pll/inst/clkin1_ibufg/O
                         net (fo=1, unplaced)         0.439    11.767    u_soc_top/pll_clk.u_clk_pll/inst/clk_in1_clk_pll
                         PLLE2_ADV (Prop_plle2_adv_CLKIN1_CLKOUT0)
                                                     -5.039     6.728 r  u_soc_top/pll_clk.u_clk_pll/inst/plle2_adv_inst/CLKOUT0
                         net (fo=1, unplaced)         0.613     7.341    u_soc_top/pll_clk.u_clk_pll/inst/cpu_clk_clk_pll
                         BUFG (Prop_bufg_I_O)         0.077     7.418 r  u_soc_top/pll_clk.u_clk_pll/inst/clkout1_buf/O
                         net (fo=6918, unplaced)      0.439     7.857    u_soc_top/u_cpu/u_core/cpu_clk
                         FDRE                                         r  u_soc_top/u_cpu/u_core/fq_instr_reg[1][0]/C
                         clock pessimism             -0.496     7.361    
                         clock uncertainty           -0.094     7.266    
                         FDRE (Setup_fdre_C_D)        0.029     7.295    u_soc_top/u_cpu/u_core/fq_instr_reg[1][0]
  -------------------------------------------------------------------
                         required time                          7.295    
                         arrival time                          -7.194    
  -------------------------------------------------------------------
                         slack                                  0.102    

Slack (MET) :             0.102ns  (required time - arrival time)
  Source:                 u_soc_top/u_cpu/u_core/fq_instr_reg[0][29]/C
                            (rising edge-triggered cell FDRE clocked by cpu_clk  {rise@0.000ns fall@5.000ns period=10.000ns})
  Destination:            u_soc_top/u_cpu/u_core/fq_instr_reg[1][10]/D
                            (rising edge-triggered cell FDRE clocked by cpu_clk  {rise@0.000ns fall@5.000ns period=10.000ns})
  Path Group:             cpu_clk
  Path Type:              Setup (Max at Slow Process Corner)
  Requirement:            10.000ns  (cpu_clk rise@10.000ns - cpu_clk rise@0.000ns)
  Data Path Delay:        9.688ns  (logic 3.736ns (38.563%)  route 5.952ns (61.437%))
  Logic Levels:           20  (CARRY4=7 LUT2=1 LUT5=3 LUT6=9)
  Clock Path Skew:        -0.145ns (DCD - SCD + CPR)
    Destination Clock Delay (DCD):    -2.143ns = ( 7.857 - 10.000 ) 
    Source Clock Delay      (SCD):    -2.494ns
    Clock Pessimism Removal (CPR):    -0.496ns
  Clock Uncertainty:      0.094ns  ((TSJ^2 + DJ^2)^1/2) / 2 + PE
    Total System Jitter     (TSJ):    0.071ns
    Discrete Jitter          (DJ):    0.175ns
    Phase Error              (PE):    0.000ns

    Location             Delay type                Incr(ns)  Path(ns)    Netlist Resource(s)
  -------------------------------------------------------------------    -------------------
                         (clock cpu_clk rise edge)    0.000     0.000 r  
    K21                                               0.000     0.000 r  clk_50M (IN)
                         net (fo=0)                   0.000     0.000    u_soc_top/pll_clk.u_clk_pll/inst/clk_in1
    K21                  IBUF (Prop_ibuf_I_O)         1.394     1.394 r  u_soc_top/pll_clk.u_clk_pll/inst/clkin1_ibufg/O
                         net (fo=1, unplaced)         0.584     1.978    u_soc_top/pll_clk.u_clk_pll/inst/clk_in1_clk_pll
                         PLLE2_ADV (Prop_plle2_adv_CLKIN1_CLKOUT0)
                                                     -5.783    -3.805 r  u_soc_top/pll_clk.u_clk_pll/inst/plle2_adv_inst/CLKOUT0
                         net (fo=1, unplaced)         0.646    -3.159    u_soc_top/pll_clk.u_clk_pll/inst/cpu_clk_clk_pll
                         BUFG (Prop_bufg_I_O)         0.081    -3.078 r  u_soc_top/pll_clk.u_clk_pll/inst/clkout1_buf/O
                         net (fo=6918, unplaced)      0.584    -2.494    u_soc_top/u_cpu/u_core/cpu_clk
                         FDRE                                         r  u_soc_top/u_cpu/u_core/fq_instr_reg[0][29]/C
  -------------------------------------------------------------------    -------------------
                         FDRE (Prop_fdre_C_Q)         0.379    -2.115 r  u_soc_top/u_cpu/u_core/fq_instr_reg[0][29]/Q
                         net (fo=56, unplaced)        0.864    -1.251    u_soc_top/u_cpu/u_core/reg_id_ex0_data/data_out_reg[89]_0[29]
                         LUT6 (Prop_lut6_I0_O)        0.232    -1.019 f  u_soc_top/u_cpu/u_core/reg_id_ex0_data/data_out[93]_i_5/O
                         net (fo=1, unplaced)         0.328    -0.691    u_soc_top/u_cpu/u_core/reg_id_ex0_data/data_out[93]_i_5_n_0
                         LUT6 (Prop_lut6_I0_O)        0.105    -0.586 r  u_soc_top/u_cpu/u_core/reg_id_ex0_data/data_out[93]_i_3__0/O
                         net (fo=2, unplaced)         0.358    -0.228    u_soc_top/u_cpu/u_core/reg_id_ex0_data/data_out[93]_i_3__0_n_0
                         LUT5 (Prop_lut5_I4_O)        0.108    -0.120 f  u_soc_top/u_cpu/u_core/reg_id_ex0_data/data_out[94]_i_3__1/O
                         net (fo=3, unplaced)         0.365     0.245    u_soc_top/u_cpu/u_core/reg_id_ex0_data/data_out[94]_i_3__1_n_0
                         LUT6 (Prop_lut6_I1_O)        0.105     0.350 f  u_soc_top/u_cpu/u_core/reg_id_ex0_data/data_out[88]_i_2__0/O
                         net (fo=1, unplaced)         0.347     0.697    u_soc_top/u_cpu/u_core/reg_id_ex0_data/data_out[88]_i_2__0_n_0
                         LUT6 (Prop_lut6_I5_O)        0.105     0.802 r  u_soc_top/u_cpu/u_core/reg_id_ex0_data/data_out[88]_i_1__2/O
                         net (fo=3, unplaced)         0.365     1.167    u_soc_top/u_cpu/u_core/bp_unit/D[5]
                         LUT2 (Prop_lut2_I1_O)        0.105     1.272 r  u_soc_top/u_cpu/u_core/bp_unit/pc[7]_i_8/O
                         net (fo=1, unplaced)         0.000     1.272    u_soc_top/u_cpu/u_core/bp_unit/pc[7]_i_8_n_0
                         CARRY4 (Prop_carry4_S[1]_CO[3])
                                                      0.457     1.729 r  u_soc_top/u_cpu/u_core/bp_unit/pc_reg[7]_i_2/CO[3]
                         net (fo=1, unplaced)         0.000     1.729    u_soc_top/u_cpu/u_core/bp_unit/pc_reg[7]_i_2_n_0
                         CARRY4 (Prop_carry4_CI_CO[3])
                                                      0.098     1.827 r  u_soc_top/u_cpu/u_core/bp_unit/pc_reg[11]_i_2/CO[3]
                         net (fo=1, unplaced)         0.000     1.827    u_soc_top/u_cpu/u_core/bp_unit/pc_reg[11]_i_2_n_0
                         CARRY4 (Prop_carry4_CI_CO[3])
                                                      0.098     1.925 r  u_soc_top/u_cpu/u_core/bp_unit/pc_reg[15]_i_2/CO[3]
                         net (fo=1, unplaced)         0.000     1.925    u_soc_top/u_cpu/u_core/bp_unit/pc_reg[15]_i_2_n_0
                         CARRY4 (Prop_carry4_CI_CO[3])
                                                      0.098     2.023 r  u_soc_top/u_cpu/u_core/bp_unit/pc_reg[19]_i_2/CO[3]
                         net (fo=1, unplaced)         0.000     2.023    u_soc_top/u_cpu/u_core/bp_unit/pc_reg[19]_i_2_n_0
                         CARRY4 (Prop_carry4_CI_O[3])
                                                      0.275     2.298 r  u_soc_top/u_cpu/u_core/bp_unit/pc_reg[23]_i_2/O[3]
                         net (fo=3, unplaced)         0.537     2.835    u_soc_top/u_cpu/u_core/bp_unit/bp_jump_pc[23]
                         LUT6 (Prop_lut6_I4_O)        0.250     3.085 r  u_soc_top/u_cpu/u_core/bp_unit/fq_instr[0][31]_i_45/O
                         net (fo=1, unplaced)         0.000     3.085    u_soc_top/u_cpu/u_core/hazard_ctrl/fq_instr_reg[0][31]_i_28_0[3]
                         CARRY4 (Prop_carry4_S[3]_CO[3])
                                                      0.332     3.417 r  u_soc_top/u_cpu/u_core/hazard_ctrl/fq_instr_reg[0][31]_i_36/CO[3]
                         net (fo=1, unplaced)         0.000     3.417    u_soc_top/u_cpu/u_core/hazard_ctrl/fq_instr_reg[0][31]_i_36_n_0
                         CARRY4 (Prop_carry4_CI_CO[2])
                                                      0.209     3.626 r  u_soc_top/u_cpu/u_core/hazard_ctrl/fq_instr_reg[0][31]_i_28/CO[2]
                         net (fo=1, unplaced)         0.349     3.975    u_soc_top/u_cpu/u_core/reg_id_ex0_ctrl/fq_instr[0][31]_i_7_0[0]
                         LUT5 (Prop_lut5_I4_O)        0.252     4.227 r  u_soc_top/u_cpu/u_core/reg_id_ex0_ctrl/fq_instr[0][31]_i_18/O
                         net (fo=1, unplaced)         0.347     4.574    u_soc_top/u_cpu/u_core/reg_id_ex0_ctrl/fq_instr[0][31]_i_18_n_0
                         LUT6 (Prop_lut6_I5_O)        0.105     4.679 r  u_soc_top/u_cpu/u_core/reg_id_ex0_ctrl/fq_instr[0][31]_i_7/O
                         net (fo=80, unplaced)        0.441     5.120    u_soc_top/u_cpu/u_core/reg_id_ex0_ctrl/if_id_flush
                         LUT5 (Prop_lut5_I0_O)        0.108     5.228 f  u_soc_top/u_cpu/u_core/reg_id_ex0_ctrl/fq_pc[1][31]_i_9/O
                         net (fo=5, unplaced)         0.610     5.838    u_soc_top/u_cpu/u_core/reg_id_ex0_ctrl/fq_pc[1][31]_i_9_n_0
                         LUT6 (Prop_lut6_I1_O)        0.105     5.943 r  u_soc_top/u_cpu/u_core/reg_id_ex0_ctrl/fq_instr[2][31]_i_8/O
                         net (fo=4, unplaced)         0.371     6.314    u_soc_top/u_cpu/u_core/reg_id_ex0_ctrl/fq_instr[2][31]_i_8_n_0
                         LUT6 (Prop_lut6_I4_O)        0.105     6.419 f  u_soc_top/u_cpu/u_core/reg_id_ex0_ctrl/fq_pc[1][31]_i_4/O
                         net (fo=64, unplaced)        0.670     7.089    u_soc_top/u_cpu/u_core/reg_id_ex0_ctrl/fq_pc[1][31]_i_4_n_0
                         LUT6 (Prop_lut6_I0_O)        0.105     7.194 r  u_soc_top/u_cpu/u_core/reg_id_ex0_ctrl/fq_instr[1][10]_i_1/O
                         net (fo=1, unplaced)         0.000     7.194    u_soc_top/u_cpu/u_core/reg_id_ex0_ctrl_n_211
                         FDRE                                         r  u_soc_top/u_cpu/u_core/fq_instr_reg[1][10]/D
  -------------------------------------------------------------------    -------------------

                         (clock cpu_clk rise edge)   10.000    10.000 r  
    K21                                               0.000    10.000 r  clk_50M (IN)
                         net (fo=0)                   0.000    10.000    u_soc_top/pll_clk.u_clk_pll/inst/clk_in1
    K21                  IBUF (Prop_ibuf_I_O)         1.328    11.328 r  u_soc_top/pll_clk.u_clk_pll/inst/clkin1_ibufg/O
                         net (fo=1, unplaced)         0.439    11.767    u_soc_top/pll_clk.u_clk_pll/inst/clk_in1_clk_pll
                         PLLE2_ADV (Prop_plle2_adv_CLKIN1_CLKOUT0)
                                                     -5.039     6.728 r  u_soc_top/pll_clk.u_clk_pll/inst/plle2_adv_inst/CLKOUT0
                         net (fo=1, unplaced)         0.613     7.341    u_soc_top/pll_clk.u_clk_pll/inst/cpu_clk_clk_pll
                         BUFG (Prop_bufg_I_O)         0.077     7.418 r  u_soc_top/pll_clk.u_clk_pll/inst/clkout1_buf/O
                         net (fo=6918, unplaced)      0.439     7.857    u_soc_top/u_cpu/u_core/cpu_clk
                         FDRE                                         r  u_soc_top/u_cpu/u_core/fq_instr_reg[1][10]/C
                         clock pessimism             -0.496     7.361    
                         clock uncertainty           -0.094     7.266    
                         FDRE (Setup_fdre_C_D)        0.029     7.295    u_soc_top/u_cpu/u_core/fq_instr_reg[1][10]
  -------------------------------------------------------------------
                         required time                          7.295    
                         arrival time                          -7.194    
  -------------------------------------------------------------------
                         slack                                  0.102    

Slack (MET) :             0.102ns  (required time - arrival time)
  Source:                 u_soc_top/u_cpu/u_core/fq_instr_reg[0][29]/C
                            (rising edge-triggered cell FDRE clocked by cpu_clk  {rise@0.000ns fall@5.000ns period=10.000ns})
  Destination:            u_soc_top/u_cpu/u_core/fq_instr_reg[1][10]/D
                            (rising edge-triggered cell FDRE clocked by cpu_clk  {rise@0.000ns fall@5.000ns period=10.000ns})
  Path Group:             cpu_clk
  Path Type:              Setup (Max at Slow Process Corner)
  Requirement:            10.000ns  (cpu_clk rise@10.000ns - cpu_clk rise@0.000ns)
  Data Path Delay:        9.688ns  (logic 3.736ns (38.563%)  route 5.952ns (61.437%))
  Logic Levels:           20  (CARRY4=7 LUT2=1 LUT5=3 LUT6=9)
  Clock Path Skew:        -0.145ns (DCD - SCD + CPR)
    Destination Clock Delay (DCD):    -2.143ns = ( 7.857 - 10.000 ) 
    Source Clock Delay      (SCD):    -2.494ns
    Clock Pessimism Removal (CPR):    -0.496ns
  Clock Uncertainty:      0.094ns  ((TSJ^2 + DJ^2)^1/2) / 2 + PE
    Total System Jitter     (TSJ):    0.071ns
    Discrete Jitter          (DJ):    0.175ns
    Phase Error              (PE):    0.000ns

    Location             Delay type                Incr(ns)  Path(ns)    Netlist Resource(s)
  -------------------------------------------------------------------    -------------------
                         (clock cpu_clk rise edge)    0.000     0.000 r  
    K21                                               0.000     0.000 r  clk_50M (IN)
                         net (fo=0)                   0.000     0.000    u_soc_top/pll_clk.u_clk_pll/inst/clk_in1
    K21                  IBUF (Prop_ibuf_I_O)         1.394     1.394 r  u_soc_top/pll_clk.u_clk_pll/inst/clkin1_ibufg/O
                         net (fo=1, unplaced)         0.584     1.978    u_soc_top/pll_clk.u_clk_pll/inst/clk_in1_clk_pll
                         PLLE2_ADV (Prop_plle2_adv_CLKIN1_CLKOUT0)
                                                     -5.783    -3.805 r  u_soc_top/pll_clk.u_clk_pll/inst/plle2_adv_inst/CLKOUT0
                         net (fo=1, unplaced)         0.646    -3.159    u_soc_top/pll_clk.u_clk_pll/inst/cpu_clk_clk_pll
                         BUFG (Prop_bufg_I_O)         0.081    -3.078 r  u_soc_top/pll_clk.u_clk_pll/inst/clkout1_buf/O
                         net (fo=6918, unplaced)      0.584    -2.494    u_soc_top/u_cpu/u_core/cpu_clk
                         FDRE                                         r  u_soc_top/u_cpu/u_core/fq_instr_reg[0][29]/C
  -------------------------------------------------------------------    -------------------
                         FDRE (Prop_fdre_C_Q)         0.379    -2.115 r  u_soc_top/u_cpu/u_core/fq_instr_reg[0][29]/Q
                         net (fo=56, unplaced)        0.864    -1.251    u_soc_top/u_cpu/u_core/reg_id_ex0_data/data_out_reg[89]_0[29]
                         LUT6 (Prop_lut6_I0_O)        0.232    -1.019 r  u_soc_top/u_cpu/u_core/reg_id_ex0_data/data_out[93]_i_5/O
                         net (fo=1, unplaced)         0.328    -0.691    u_soc_top/u_cpu/u_core/reg_id_ex0_data/data_out[93]_i_5_n_0
                         LUT6 (Prop_lut6_I0_O)        0.105    -0.586 f  u_soc_top/u_cpu/u_core/reg_id_ex0_data/data_out[93]_i_3__0/O
                         net (fo=2, unplaced)         0.358    -0.228    u_soc_top/u_cpu/u_core/reg_id_ex0_data/data_out[93]_i_3__0_n_0
                         LUT5 (Prop_lut5_I4_O)        0.108    -0.120 r  u_soc_top/u_cpu/u_core/reg_id_ex0_data/data_out[94]_i_3__1/O
                         net (fo=3, unplaced)         0.365     0.245    u_soc_top/u_cpu/u_core/reg_id_ex0_data/data_out[94]_i_3__1_n_0
                         LUT6 (Prop_lut6_I1_O)        0.105     0.350 r  u_soc_top/u_cpu/u_core/reg_id_ex0_data/data_out[88]_i_2__0/O
                         net (fo=1, unplaced)         0.347     0.697    u_soc_top/u_cpu/u_core/reg_id_ex0_data/data_out[88]_i_2__0_n_0
                         LUT6 (Prop_lut6_I5_O)        0.105     0.802 f  u_soc_top/u_cpu/u_core/reg_id_ex0_data/data_out[88]_i_1__2/O
                         net (fo=3, unplaced)         0.365     1.167    u_soc_top/u_cpu/u_core/bp_unit/D[5]
                         LUT2 (Prop_lut2_I1_O)        0.105     1.272 r  u_soc_top/u_cpu/u_core/bp_unit/pc[7]_i_8/O
                         net (fo=1, unplaced)         0.000     1.272    u_soc_top/u_cpu/u_core/bp_unit/pc[7]_i_8_n_0
                         CARRY4 (Prop_carry4_S[1]_CO[3])
                                                      0.457     1.729 r  u_soc_top/u_cpu/u_core/bp_unit/pc_reg[7]_i_2/CO[3]
                         net (fo=1, unplaced)         0.000     1.729    u_soc_top/u_cpu/u_core/bp_unit/pc_reg[7]_i_2_n_0
                         CARRY4 (Prop_carry4_CI_CO[3])
                                                      0.098     1.827 r  u_soc_top/u_cpu/u_core/bp_unit/pc_reg[11]_i_2/CO[3]
                         net (fo=1, unplaced)         0.000     1.827    u_soc_top/u_cpu/u_core/bp_unit/pc_reg[11]_i_2_n_0
                         CARRY4 (Prop_carry4_CI_CO[3])
                                                      0.098     1.925 r  u_soc_top/u_cpu/u_core/bp_unit/pc_reg[15]_i_2/CO[3]
                         net (fo=1, unplaced)         0.000     1.925    u_soc_top/u_cpu/u_core/bp_unit/pc_reg[15]_i_2_n_0
                         CARRY4 (Prop_carry4_CI_CO[3])
                                                      0.098     2.023 r  u_soc_top/u_cpu/u_core/bp_unit/pc_reg[19]_i_2/CO[3]
                         net (fo=1, unplaced)         0.000     2.023    u_soc_top/u_cpu/u_core/bp_unit/pc_reg[19]_i_2_n_0
                         CARRY4 (Prop_carry4_CI_O[3])
                                                      0.275     2.298 r  u_soc_top/u_cpu/u_core/bp_unit/pc_reg[23]_i_2/O[3]
                         net (fo=3, unplaced)         0.537     2.835    u_soc_top/u_cpu/u_core/bp_unit/bp_jump_pc[23]
                         LUT6 (Prop_lut6_I4_O)        0.250     3.085 r  u_soc_top/u_cpu/u_core/bp_unit/fq_instr[0][31]_i_45/O
                         net (fo=1, unplaced)         0.000     3.085    u_soc_top/u_cpu/u_core/hazard_ctrl/fq_instr_reg[0][31]_i_28_0[3]
                         CARRY4 (Prop_carry4_S[3]_CO[3])
                                                      0.332     3.417 r  u_soc_top/u_cpu/u_core/hazard_ctrl/fq_instr_reg[0][31]_i_36/CO[3]
                         net (fo=1, unplaced)         0.000     3.417    u_soc_top/u_cpu/u_core/hazard_ctrl/fq_instr_reg[0][31]_i_36_n_0
                         CARRY4 (Prop_carry4_CI_CO[2])
                                                      0.209     3.626 r  u_soc_top/u_cpu/u_core/hazard_ctrl/fq_instr_reg[0][31]_i_28/CO[2]
                         net (fo=1, unplaced)         0.349     3.975    u_soc_top/u_cpu/u_core/reg_id_ex0_ctrl/fq_instr[0][31]_i_7_0[0]
                         LUT5 (Prop_lut5_I4_O)        0.252     4.227 r  u_soc_top/u_cpu/u_core/reg_id_ex0_ctrl/fq_instr[0][31]_i_18/O
                         net (fo=1, unplaced)         0.347     4.574    u_soc_top/u_cpu/u_core/reg_id_ex0_ctrl/fq_instr[0][31]_i_18_n_0
                         LUT6 (Prop_lut6_I5_O)        0.105     4.679 r  u_soc_top/u_cpu/u_core/reg_id_ex0_ctrl/fq_instr[0][31]_i_7/O
                         net (fo=80, unplaced)        0.441     5.120    u_soc_top/u_cpu/u_core/reg_id_ex0_ctrl/if_id_flush
                         LUT5 (Prop_lut5_I0_O)        0.108     5.228 f  u_soc_top/u_cpu/u_core/reg_id_ex0_ctrl/fq_pc[1][31]_i_9/O
                         net (fo=5, unplaced)         0.610     5.838    u_soc_top/u_cpu/u_core/reg_id_ex0_ctrl/fq_pc[1][31]_i_9_n_0
                         LUT6 (Prop_lut6_I1_O)        0.105     5.943 r  u_soc_top/u_cpu/u_core/reg_id_ex0_ctrl/fq_instr[2][31]_i_8/O
                         net (fo=4, unplaced)         0.371     6.314    u_soc_top/u_cpu/u_core/reg_id_ex0_ctrl/fq_instr[2][31]_i_8_n_0
                         LUT6 (Prop_lut6_I4_O)        0.105     6.419 f  u_soc_top/u_cpu/u_core/reg_id_ex0_ctrl/fq_pc[1][31]_i_4/O
                         net (fo=64, unplaced)        0.670     7.089    u_soc_top/u_cpu/u_core/reg_id_ex0_ctrl/fq_pc[1][31]_i_4_n_0
                         LUT6 (Prop_lut6_I0_O)        0.105     7.194 r  u_soc_top/u_cpu/u_core/reg_id_ex0_ctrl/fq_instr[1][10]_i_1/O
                         net (fo=1, unplaced)         0.000     7.194    u_soc_top/u_cpu/u_core/reg_id_ex0_ctrl_n_211
                         FDRE                                         r  u_soc_top/u_cpu/u_core/fq_instr_reg[1][10]/D
  -------------------------------------------------------------------    -------------------

                         (clock cpu_clk rise edge)   10.000    10.000 r  
    K21                                               0.000    10.000 r  clk_50M (IN)
                         net (fo=0)                   0.000    10.000    u_soc_top/pll_clk.u_clk_pll/inst/clk_in1
    K21                  IBUF (Prop_ibuf_I_O)         1.328    11.328 r  u_soc_top/pll_clk.u_clk_pll/inst/clkin1_ibufg/O
                         net (fo=1, unplaced)         0.439    11.767    u_soc_top/pll_clk.u_clk_pll/inst/clk_in1_clk_pll
                         PLLE2_ADV (Prop_plle2_adv_CLKIN1_CLKOUT0)
                                                     -5.039     6.728 r  u_soc_top/pll_clk.u_clk_pll/inst/plle2_adv_inst/CLKOUT0
                         net (fo=1, unplaced)         0.613     7.341    u_soc_top/pll_clk.u_clk_pll/inst/cpu_clk_clk_pll
                         BUFG (Prop_bufg_I_O)         0.077     7.418 r  u_soc_top/pll_clk.u_clk_pll/inst/clkout1_buf/O
                         net (fo=6918, unplaced)      0.439     7.857    u_soc_top/u_cpu/u_core/cpu_clk
                         FDRE                                         r  u_soc_top/u_cpu/u_core/fq_instr_reg[1][10]/C
                         clock pessimism             -0.496     7.361    
                         clock uncertainty           -0.094     7.266    
                         FDRE (Setup_fdre_C_D)        0.029     7.295    u_soc_top/u_cpu/u_core/fq_instr_reg[1][10]
  -------------------------------------------------------------------
                         required time                          7.295    
                         arrival time                          -7.194    
  -------------------------------------------------------------------
                         slack                                  0.102    

Slack (MET) :             0.102ns  (required time - arrival time)
  Source:                 u_soc_top/u_cpu/u_core/fq_instr_reg[0][29]/C
                            (rising edge-triggered cell FDRE clocked by cpu_clk  {rise@0.000ns fall@5.000ns period=10.000ns})
  Destination:            u_soc_top/u_cpu/u_core/fq_instr_reg[1][10]/D
                            (rising edge-triggered cell FDRE clocked by cpu_clk  {rise@0.000ns fall@5.000ns period=10.000ns})
  Path Group:             cpu_clk
  Path Type:              Setup (Max at Slow Process Corner)
  Requirement:            10.000ns  (cpu_clk rise@10.000ns - cpu_clk rise@0.000ns)
  Data Path Delay:        9.688ns  (logic 3.736ns (38.563%)  route 5.952ns (61.437%))
  Logic Levels:           20  (CARRY4=7 LUT2=1 LUT5=3 LUT6=9)
  Clock Path Skew:        -0.145ns (DCD - SCD + CPR)
    Destination Clock Delay (DCD):    -2.143ns = ( 7.857 - 10.000 ) 
    Source Clock Delay      (SCD):    -2.494ns
    Clock Pessimism Removal (CPR):    -0.496ns
  Clock Uncertainty:      0.094ns  ((TSJ^2 + DJ^2)^1/2) / 2 + PE
    Total System Jitter     (TSJ):    0.071ns
    Discrete Jitter          (DJ):    0.175ns
    Phase Error              (PE):    0.000ns

    Location             Delay type                Incr(ns)  Path(ns)    Netlist Resource(s)
  -------------------------------------------------------------------    -------------------
                         (clock cpu_clk rise edge)    0.000     0.000 r  
    K21                                               0.000     0.000 r  clk_50M (IN)
                         net (fo=0)                   0.000     0.000    u_soc_top/pll_clk.u_clk_pll/inst/clk_in1
    K21                  IBUF (Prop_ibuf_I_O)         1.394     1.394 r  u_soc_top/pll_clk.u_clk_pll/inst/clkin1_ibufg/O
                         net (fo=1, unplaced)         0.584     1.978    u_soc_top/pll_clk.u_clk_pll/inst/clk_in1_clk_pll
                         PLLE2_ADV (Prop_plle2_adv_CLKIN1_CLKOUT0)
                                                     -5.783    -3.805 r  u_soc_top/pll_clk.u_clk_pll/inst/plle2_adv_inst/CLKOUT0
                         net (fo=1, unplaced)         0.646    -3.159    u_soc_top/pll_clk.u_clk_pll/inst/cpu_clk_clk_pll
                         BUFG (Prop_bufg_I_O)         0.081    -3.078 r  u_soc_top/pll_clk.u_clk_pll/inst/clkout1_buf/O
                         net (fo=6918, unplaced)      0.584    -2.494    u_soc_top/u_cpu/u_core/cpu_clk
                         FDRE                                         r  u_soc_top/u_cpu/u_core/fq_instr_reg[0][29]/C
  -------------------------------------------------------------------    -------------------
                         FDRE (Prop_fdre_C_Q)         0.379    -2.115 r  u_soc_top/u_cpu/u_core/fq_instr_reg[0][29]/Q
                         net (fo=56, unplaced)        0.864    -1.251    u_soc_top/u_cpu/u_core/reg_id_ex0_data/data_out_reg[89]_0[29]
                         LUT6 (Prop_lut6_I0_O)        0.232    -1.019 f  u_soc_top/u_cpu/u_core/reg_id_ex0_data/data_out[93]_i_5/O
                         net (fo=1, unplaced)         0.328    -0.691    u_soc_top/u_cpu/u_core/reg_id_ex0_data/data_out[93]_i_5_n_0
                         LUT6 (Prop_lut6_I0_O)        0.105    -0.586 r  u_soc_top/u_cpu/u_core/reg_id_ex0_data/data_out[93]_i_3__0/O
                         net (fo=2, unplaced)         0.358    -0.228    u_soc_top/u_cpu/u_core/reg_id_ex0_data/data_out[93]_i_3__0_n_0
                         LUT5 (Prop_lut5_I4_O)        0.108    -0.120 f  u_soc_top/u_cpu/u_core/reg_id_ex0_data/data_out[94]_i_3__1/O
                         net (fo=3, unplaced)         0.365     0.245    u_soc_top/u_cpu/u_core/reg_id_ex0_data/data_out[94]_i_3__1_n_0
                         LUT6 (Prop_lut6_I1_O)        0.105     0.350 f  u_soc_top/u_cpu/u_core/reg_id_ex0_data/data_out[88]_i_2__0/O
                         net (fo=1, unplaced)         0.347     0.697    u_soc_top/u_cpu/u_core/reg_id_ex0_data/data_out[88]_i_2__0_n_0
                         LUT6 (Prop_lut6_I5_O)        0.105     0.802 r  u_soc_top/u_cpu/u_core/reg_id_ex0_data/data_out[88]_i_1__2/O
                         net (fo=3, unplaced)         0.365     1.167    u_soc_top/u_cpu/u_core/bp_unit/D[5]
                         LUT2 (Prop_lut2_I1_O)        0.105     1.272 r  u_soc_top/u_cpu/u_core/bp_unit/pc[7]_i_8/O
                         net (fo=1, unplaced)         0.000     1.272    u_soc_top/u_cpu/u_core/bp_unit/pc[7]_i_8_n_0
                         CARRY4 (Prop_carry4_S[1]_CO[3])
                                                      0.457     1.729 r  u_soc_top/u_cpu/u_core/bp_unit/pc_reg[7]_i_2/CO[3]
                         net (fo=1, unplaced)         0.000     1.729    u_soc_top/u_cpu/u_core/bp_unit/pc_reg[7]_i_2_n_0
                         CARRY4 (Prop_carry4_CI_CO[3])
                                                      0.098     1.827 r  u_soc_top/u_cpu/u_core/bp_unit/pc_reg[11]_i_2/CO[3]
                         net (fo=1, unplaced)         0.000     1.827    u_soc_top/u_cpu/u_core/bp_unit/pc_reg[11]_i_2_n_0
                         CARRY4 (Prop_carry4_CI_CO[3])
                                                      0.098     1.925 r  u_soc_top/u_cpu/u_core/bp_unit/pc_reg[15]_i_2/CO[3]
                         net (fo=1, unplaced)         0.000     1.925    u_soc_top/u_cpu/u_core/bp_unit/pc_reg[15]_i_2_n_0
                         CARRY4 (Prop_carry4_CI_CO[3])
                                                      0.098     2.023 r  u_soc_top/u_cpu/u_core/bp_unit/pc_reg[19]_i_2/CO[3]
                         net (fo=1, unplaced)         0.000     2.023    u_soc_top/u_cpu/u_core/bp_unit/pc_reg[19]_i_2_n_0
                         CARRY4 (Prop_carry4_CI_O[3])
                                                      0.275     2.298 f  u_soc_top/u_cpu/u_core/bp_unit/pc_reg[23]_i_2/O[3]
                         net (fo=3, unplaced)         0.537     2.835    u_soc_top/u_cpu/u_core/bp_unit/bp_jump_pc[23]
                         LUT6 (Prop_lut6_I4_O)        0.250     3.085 r  u_soc_top/u_cpu/u_core/bp_unit/fq_instr[0][31]_i_45/O
                         net (fo=1, unplaced)         0.000     3.085    u_soc_top/u_cpu/u_core/hazard_ctrl/fq_instr_reg[0][31]_i_28_0[3]
                         CARRY4 (Prop_carry4_S[3]_CO[3])
                                                      0.332     3.417 r  u_soc_top/u_cpu/u_core/hazard_ctrl/fq_instr_reg[0][31]_i_36/CO[3]
                         net (fo=1, unplaced)         0.000     3.417    u_soc_top/u_cpu/u_core/hazard_ctrl/fq_instr_reg[0][31]_i_36_n_0
                         CARRY4 (Prop_carry4_CI_CO[2])
                                                      0.209     3.626 r  u_soc_top/u_cpu/u_core/hazard_ctrl/fq_instr_reg[0][31]_i_28/CO[2]
                         net (fo=1, unplaced)         0.349     3.975    u_soc_top/u_cpu/u_core/reg_id_ex0_ctrl/fq_instr[0][31]_i_7_0[0]
                         LUT5 (Prop_lut5_I4_O)        0.252     4.227 r  u_soc_top/u_cpu/u_core/reg_id_ex0_ctrl/fq_instr[0][31]_i_18/O
                         net (fo=1, unplaced)         0.347     4.574    u_soc_top/u_cpu/u_core/reg_id_ex0_ctrl/fq_instr[0][31]_i_18_n_0
                         LUT6 (Prop_lut6_I5_O)        0.105     4.679 r  u_soc_top/u_cpu/u_core/reg_id_ex0_ctrl/fq_instr[0][31]_i_7/O
                         net (fo=80, unplaced)        0.441     5.120    u_soc_top/u_cpu/u_core/reg_id_ex0_ctrl/if_id_flush
                         LUT5 (Prop_lut5_I0_O)        0.108     5.228 f  u_soc_top/u_cpu/u_core/reg_id_ex0_ctrl/fq_pc[1][31]_i_9/O
                         net (fo=5, unplaced)         0.610     5.838    u_soc_top/u_cpu/u_core/reg_id_ex0_ctrl/fq_pc[1][31]_i_9_n_0
                         LUT6 (Prop_lut6_I1_O)        0.105     5.943 r  u_soc_top/u_cpu/u_core/reg_id_ex0_ctrl/fq_instr[2][31]_i_8/O
                         net (fo=4, unplaced)         0.371     6.314    u_soc_top/u_cpu/u_core/reg_id_ex0_ctrl/fq_instr[2][31]_i_8_n_0
                         LUT6 (Prop_lut6_I4_O)        0.105     6.419 f  u_soc_top/u_cpu/u_core/reg_id_ex0_ctrl/fq_pc[1][31]_i_4/O
                         net (fo=64, unplaced)        0.670     7.089    u_soc_top/u_cpu/u_core/reg_id_ex0_ctrl/fq_pc[1][31]_i_4_n_0
                         LUT6 (Prop_lut6_I0_O)        0.105     7.194 r  u_soc_top/u_cpu/u_core/reg_id_ex0_ctrl/fq_instr[1][10]_i_1/O
                         net (fo=1, unplaced)         0.000     7.194    u_soc_top/u_cpu/u_core/reg_id_ex0_ctrl_n_211
                         FDRE                                         r  u_soc_top/u_cpu/u_core/fq_instr_reg[1][10]/D
  -------------------------------------------------------------------    -------------------

                         (clock cpu_clk rise edge)   10.000    10.000 r  
    K21                                               0.000    10.000 r  clk_50M (IN)
                         net (fo=0)                   0.000    10.000    u_soc_top/pll_clk.u_clk_pll/inst/clk_in1
    K21                  IBUF (Prop_ibuf_I_O)         1.328    11.328 r  u_soc_top/pll_clk.u_clk_pll/inst/clkin1_ibufg/O
                         net (fo=1, unplaced)         0.439    11.767    u_soc_top/pll_clk.u_clk_pll/inst/clk_in1_clk_pll
                         PLLE2_ADV (Prop_plle2_adv_CLKIN1_CLKOUT0)
                                                     -5.039     6.728 r  u_soc_top/pll_clk.u_clk_pll/inst/plle2_adv_inst/CLKOUT0
                         net (fo=1, unplaced)         0.613     7.341    u_soc_top/pll_clk.u_clk_pll/inst/cpu_clk_clk_pll
                         BUFG (Prop_bufg_I_O)         0.077     7.418 r  u_soc_top/pll_clk.u_clk_pll/inst/clkout1_buf/O
                         net (fo=6918, unplaced)      0.439     7.857    u_soc_top/u_cpu/u_core/cpu_clk
                         FDRE                                         r  u_soc_top/u_cpu/u_core/fq_instr_reg[1][10]/C
                         clock pessimism             -0.496     7.361    
                         clock uncertainty           -0.094     7.266    
                         FDRE (Setup_fdre_C_D)        0.029     7.295    u_soc_top/u_cpu/u_core/fq_instr_reg[1][10]
  -------------------------------------------------------------------
                         required time                          7.295    
                         arrival time                          -7.194    
  -------------------------------------------------------------------
                         slack                                  0.102    

Slack (MET) :             0.102ns  (required time - arrival time)
  Source:                 u_soc_top/u_cpu/u_core/fq_instr_reg[0][29]/C
                            (rising edge-triggered cell FDRE clocked by cpu_clk  {rise@0.000ns fall@5.000ns period=10.000ns})
  Destination:            u_soc_top/u_cpu/u_core/fq_instr_reg[1][10]/D
                            (rising edge-triggered cell FDRE clocked by cpu_clk  {rise@0.000ns fall@5.000ns period=10.000ns})
  Path Group:             cpu_clk
  Path Type:              Setup (Max at Slow Process Corner)
  Requirement:            10.000ns  (cpu_clk rise@10.000ns - cpu_clk rise@0.000ns)
  Data Path Delay:        9.688ns  (logic 3.736ns (38.563%)  route 5.952ns (61.437%))
  Logic Levels:           20  (CARRY4=7 LUT2=1 LUT5=3 LUT6=9)
  Clock Path Skew:        -0.145ns (DCD - SCD + CPR)
    Destination Clock Delay (DCD):    -2.143ns = ( 7.857 - 10.000 ) 
    Source Clock Delay      (SCD):    -2.494ns
    Clock Pessimism Removal (CPR):    -0.496ns
  Clock Uncertainty:      0.094ns  ((TSJ^2 + DJ^2)^1/2) / 2 + PE
    Total System Jitter     (TSJ):    0.071ns
    Discrete Jitter          (DJ):    0.175ns
    Phase Error              (PE):    0.000ns

    Location             Delay type                Incr(ns)  Path(ns)    Netlist Resource(s)
  -------------------------------------------------------------------    -------------------
                         (clock cpu_clk rise edge)    0.000     0.000 r  
    K21                                               0.000     0.000 r  clk_50M (IN)
                         net (fo=0)                   0.000     0.000    u_soc_top/pll_clk.u_clk_pll/inst/clk_in1
    K21                  IBUF (Prop_ibuf_I_O)         1.394     1.394 r  u_soc_top/pll_clk.u_clk_pll/inst/clkin1_ibufg/O
                         net (fo=1, unplaced)         0.584     1.978    u_soc_top/pll_clk.u_clk_pll/inst/clk_in1_clk_pll
                         PLLE2_ADV (Prop_plle2_adv_CLKIN1_CLKOUT0)
                                                     -5.783    -3.805 r  u_soc_top/pll_clk.u_clk_pll/inst/plle2_adv_inst/CLKOUT0
                         net (fo=1, unplaced)         0.646    -3.159    u_soc_top/pll_clk.u_clk_pll/inst/cpu_clk_clk_pll
                         BUFG (Prop_bufg_I_O)         0.081    -3.078 r  u_soc_top/pll_clk.u_clk_pll/inst/clkout1_buf/O
                         net (fo=6918, unplaced)      0.584    -2.494    u_soc_top/u_cpu/u_core/cpu_clk
                         FDRE                                         r  u_soc_top/u_cpu/u_core/fq_instr_reg[0][29]/C
  -------------------------------------------------------------------    -------------------
                         FDRE (Prop_fdre_C_Q)         0.379    -2.115 r  u_soc_top/u_cpu/u_core/fq_instr_reg[0][29]/Q
                         net (fo=56, unplaced)        0.864    -1.251    u_soc_top/u_cpu/u_core/reg_id_ex0_data/data_out_reg[89]_0[29]
                         LUT6 (Prop_lut6_I0_O)        0.232    -1.019 f  u_soc_top/u_cpu/u_core/reg_id_ex0_data/data_out[93]_i_5/O
                         net (fo=1, unplaced)         0.328    -0.691    u_soc_top/u_cpu/u_core/reg_id_ex0_data/data_out[93]_i_5_n_0
                         LUT6 (Prop_lut6_I0_O)        0.105    -0.586 r  u_soc_top/u_cpu/u_core/reg_id_ex0_data/data_out[93]_i_3__0/O
                         net (fo=2, unplaced)         0.358    -0.228    u_soc_top/u_cpu/u_core/reg_id_ex0_data/data_out[93]_i_3__0_n_0
                         LUT5 (Prop_lut5_I4_O)        0.108    -0.120 f  u_soc_top/u_cpu/u_core/reg_id_ex0_data/data_out[94]_i_3__1/O
                         net (fo=3, unplaced)         0.365     0.245    u_soc_top/u_cpu/u_core/reg_id_ex0_data/data_out[94]_i_3__1_n_0
                         LUT6 (Prop_lut6_I1_O)        0.105     0.350 f  u_soc_top/u_cpu/u_core/reg_id_ex0_data/data_out[88]_i_2__0/O
                         net (fo=1, unplaced)         0.347     0.697    u_soc_top/u_cpu/u_core/reg_id_ex0_data/data_out[88]_i_2__0_n_0
                         LUT6 (Prop_lut6_I5_O)        0.105     0.802 r  u_soc_top/u_cpu/u_core/reg_id_ex0_data/data_out[88]_i_1__2/O
                         net (fo=3, unplaced)         0.365     1.167    u_soc_top/u_cpu/u_core/bp_unit/D[5]
                         LUT2 (Prop_lut2_I1_O)        0.105     1.272 r  u_soc_top/u_cpu/u_core/bp_unit/pc[7]_i_8/O
                         net (fo=1, unplaced)         0.000     1.272    u_soc_top/u_cpu/u_core/bp_unit/pc[7]_i_8_n_0
                         CARRY4 (Prop_carry4_S[1]_CO[3])
                                                      0.457     1.729 r  u_soc_top/u_cpu/u_core/bp_unit/pc_reg[7]_i_2/CO[3]
                         net (fo=1, unplaced)         0.000     1.729    u_soc_top/u_cpu/u_core/bp_unit/pc_reg[7]_i_2_n_0
                         CARRY4 (Prop_carry4_CI_CO[3])
                                                      0.098     1.827 r  u_soc_top/u_cpu/u_core/bp_unit/pc_reg[11]_i_2/CO[3]
                         net (fo=1, unplaced)         0.000     1.827    u_soc_top/u_cpu/u_core/bp_unit/pc_reg[11]_i_2_n_0
                         CARRY4 (Prop_carry4_CI_CO[3])
                                                      0.098     1.925 r  u_soc_top/u_cpu/u_core/bp_unit/pc_reg[15]_i_2/CO[3]
                         net (fo=1, unplaced)         0.000     1.925    u_soc_top/u_cpu/u_core/bp_unit/pc_reg[15]_i_2_n_0
                         CARRY4 (Prop_carry4_CI_CO[3])
                                                      0.098     2.023 r  u_soc_top/u_cpu/u_core/bp_unit/pc_reg[19]_i_2/CO[3]
                         net (fo=1, unplaced)         0.000     2.023    u_soc_top/u_cpu/u_core/bp_unit/pc_reg[19]_i_2_n_0
                         CARRY4 (Prop_carry4_CI_O[3])
                                                      0.275     2.298 r  u_soc_top/u_cpu/u_core/bp_unit/pc_reg[23]_i_2/O[3]
                         net (fo=3, unplaced)         0.537     2.835    u_soc_top/u_cpu/u_core/bp_unit/bp_jump_pc[23]
                         LUT6 (Prop_lut6_I4_O)        0.250     3.085 f  u_soc_top/u_cpu/u_core/bp_unit/fq_instr[0][31]_i_45/O
                         net (fo=1, unplaced)         0.000     3.085    u_soc_top/u_cpu/u_core/hazard_ctrl/fq_instr_reg[0][31]_i_28_0[3]
                         CARRY4 (Prop_carry4_S[3]_CO[3])
                                                      0.332     3.417 r  u_soc_top/u_cpu/u_core/hazard_ctrl/fq_instr_reg[0][31]_i_36/CO[3]
                         net (fo=1, unplaced)         0.000     3.417    u_soc_top/u_cpu/u_core/hazard_ctrl/fq_instr_reg[0][31]_i_36_n_0
                         CARRY4 (Prop_carry4_CI_CO[2])
                                                      0.209     3.626 r  u_soc_top/u_cpu/u_core/hazard_ctrl/fq_instr_reg[0][31]_i_28/CO[2]
                         net (fo=1, unplaced)         0.349     3.975    u_soc_top/u_cpu/u_core/reg_id_ex0_ctrl/fq_instr[0][31]_i_7_0[0]
                         LUT5 (Prop_lut5_I4_O)        0.252     4.227 r  u_soc_top/u_cpu/u_core/reg_id_ex0_ctrl/fq_instr[0][31]_i_18/O
                         net (fo=1, unplaced)         0.347     4.574    u_soc_top/u_cpu/u_core/reg_id_ex0_ctrl/fq_instr[0][31]_i_18_n_0
                         LUT6 (Prop_lut6_I5_O)        0.105     4.679 r  u_soc_top/u_cpu/u_core/reg_id_ex0_ctrl/fq_instr[0][31]_i_7/O
                         net (fo=80, unplaced)        0.441     5.120    u_soc_top/u_cpu/u_core/reg_id_ex0_ctrl/if_id_flush
                         LUT5 (Prop_lut5_I0_O)        0.108     5.228 f  u_soc_top/u_cpu/u_core/reg_id_ex0_ctrl/fq_pc[1][31]_i_9/O
                         net (fo=5, unplaced)         0.610     5.838    u_soc_top/u_cpu/u_core/reg_id_ex0_ctrl/fq_pc[1][31]_i_9_n_0
                         LUT6 (Prop_lut6_I1_O)        0.105     5.943 r  u_soc_top/u_cpu/u_core/reg_id_ex0_ctrl/fq_instr[2][31]_i_8/O
                         net (fo=4, unplaced)         0.371     6.314    u_soc_top/u_cpu/u_core/reg_id_ex0_ctrl/fq_instr[2][31]_i_8_n_0
                         LUT6 (Prop_lut6_I4_O)        0.105     6.419 f  u_soc_top/u_cpu/u_core/reg_id_ex0_ctrl/fq_pc[1][31]_i_4/O
                         net (fo=64, unplaced)        0.670     7.089    u_soc_top/u_cpu/u_core/reg_id_ex0_ctrl/fq_pc[1][31]_i_4_n_0
                         LUT6 (Prop_lut6_I0_O)        0.105     7.194 r  u_soc_top/u_cpu/u_core/reg_id_ex0_ctrl/fq_instr[1][10]_i_1/O
                         net (fo=1, unplaced)         0.000     7.194    u_soc_top/u_cpu/u_core/reg_id_ex0_ctrl_n_211
                         FDRE                                         r  u_soc_top/u_cpu/u_core/fq_instr_reg[1][10]/D
  -------------------------------------------------------------------    -------------------

                         (clock cpu_clk rise edge)   10.000    10.000 r  
    K21                                               0.000    10.000 r  clk_50M (IN)
                         net (fo=0)                   0.000    10.000    u_soc_top/pll_clk.u_clk_pll/inst/clk_in1
    K21                  IBUF (Prop_ibuf_I_O)         1.328    11.328 r  u_soc_top/pll_clk.u_clk_pll/inst/clkin1_ibufg/O
                         net (fo=1, unplaced)         0.439    11.767    u_soc_top/pll_clk.u_clk_pll/inst/clk_in1_clk_pll
                         PLLE2_ADV (Prop_plle2_adv_CLKIN1_CLKOUT0)
                                                     -5.039     6.728 r  u_soc_top/pll_clk.u_clk_pll/inst/plle2_adv_inst/CLKOUT0
                         net (fo=1, unplaced)         0.613     7.341    u_soc_top/pll_clk.u_clk_pll/inst/cpu_clk_clk_pll
                         BUFG (Prop_bufg_I_O)         0.077     7.418 r  u_soc_top/pll_clk.u_clk_pll/inst/clkout1_buf/O
                         net (fo=6918, unplaced)      0.439     7.857    u_soc_top/u_cpu/u_core/cpu_clk
                         FDRE                                         r  u_soc_top/u_cpu/u_core/fq_instr_reg[1][10]/C
                         clock pessimism             -0.496     7.361    
                         clock uncertainty           -0.094     7.266    
                         FDRE (Setup_fdre_C_D)        0.029     7.295    u_soc_top/u_cpu/u_core/fq_instr_reg[1][10]
  -------------------------------------------------------------------
                         required time                          7.295    
                         arrival time                          -7.194    
  -------------------------------------------------------------------
                         slack                                  0.102    

Slack (MET) :             0.102ns  (required time - arrival time)
  Source:                 u_soc_top/u_cpu/u_core/fq_instr_reg[0][29]/C
                            (rising edge-triggered cell FDRE clocked by cpu_clk  {rise@0.000ns fall@5.000ns period=10.000ns})
  Destination:            u_soc_top/u_cpu/u_core/fq_instr_reg[1][10]/D
                            (rising edge-triggered cell FDRE clocked by cpu_clk  {rise@0.000ns fall@5.000ns period=10.000ns})
  Path Group:             cpu_clk
  Path Type:              Setup (Max at Slow Process Corner)
  Requirement:            10.000ns  (cpu_clk rise@10.000ns - cpu_clk rise@0.000ns)
  Data Path Delay:        9.688ns  (logic 3.736ns (38.563%)  route 5.952ns (61.437%))
  Logic Levels:           20  (CARRY4=7 LUT2=1 LUT5=3 LUT6=9)
  Clock Path Skew:        -0.145ns (DCD - SCD + CPR)
    Destination Clock Delay (DCD):    -2.143ns = ( 7.857 - 10.000 ) 
    Source Clock Delay      (SCD):    -2.494ns
    Clock Pessimism Removal (CPR):    -0.496ns
  Clock Uncertainty:      0.094ns  ((TSJ^2 + DJ^2)^1/2) / 2 + PE
    Total System Jitter     (TSJ):    0.071ns
    Discrete Jitter          (DJ):    0.175ns
    Phase Error              (PE):    0.000ns

    Location             Delay type                Incr(ns)  Path(ns)    Netlist Resource(s)
  -------------------------------------------------------------------    -------------------
                         (clock cpu_clk rise edge)    0.000     0.000 r  
    K21                                               0.000     0.000 r  clk_50M (IN)
                         net (fo=0)                   0.000     0.000    u_soc_top/pll_clk.u_clk_pll/inst/clk_in1
    K21                  IBUF (Prop_ibuf_I_O)         1.394     1.394 r  u_soc_top/pll_clk.u_clk_pll/inst/clkin1_ibufg/O
                         net (fo=1, unplaced)         0.584     1.978    u_soc_top/pll_clk.u_clk_pll/inst/clk_in1_clk_pll
                         PLLE2_ADV (Prop_plle2_adv_CLKIN1_CLKOUT0)
                                                     -5.783    -3.805 r  u_soc_top/pll_clk.u_clk_pll/inst/plle2_adv_inst/CLKOUT0
                         net (fo=1, unplaced)         0.646    -3.159    u_soc_top/pll_clk.u_clk_pll/inst/cpu_clk_clk_pll
                         BUFG (Prop_bufg_I_O)         0.081    -3.078 r  u_soc_top/pll_clk.u_clk_pll/inst/clkout1_buf/O
                         net (fo=6918, unplaced)      0.584    -2.494    u_soc_top/u_cpu/u_core/cpu_clk
                         FDRE                                         r  u_soc_top/u_cpu/u_core/fq_instr_reg[0][29]/C
  -------------------------------------------------------------------    -------------------
                         FDRE (Prop_fdre_C_Q)         0.379    -2.115 r  u_soc_top/u_cpu/u_core/fq_instr_reg[0][29]/Q
                         net (fo=56, unplaced)        0.864    -1.251    u_soc_top/u_cpu/u_core/reg_id_ex0_data/data_out_reg[89]_0[29]
                         LUT6 (Prop_lut6_I0_O)        0.232    -1.019 f  u_soc_top/u_cpu/u_core/reg_id_ex0_data/data_out[93]_i_5/O
                         net (fo=1, unplaced)         0.328    -0.691    u_soc_top/u_cpu/u_core/reg_id_ex0_data/data_out[93]_i_5_n_0
                         LUT6 (Prop_lut6_I0_O)        0.105    -0.586 r  u_soc_top/u_cpu/u_core/reg_id_ex0_data/data_out[93]_i_3__0/O
                         net (fo=2, unplaced)         0.358    -0.228    u_soc_top/u_cpu/u_core/reg_id_ex0_data/data_out[93]_i_3__0_n_0
                         LUT5 (Prop_lut5_I4_O)        0.108    -0.120 f  u_soc_top/u_cpu/u_core/reg_id_ex0_data/data_out[94]_i_3__1/O
                         net (fo=3, unplaced)         0.365     0.245    u_soc_top/u_cpu/u_core/reg_id_ex0_data/data_out[94]_i_3__1_n_0
                         LUT6 (Prop_lut6_I1_O)        0.105     0.350 f  u_soc_top/u_cpu/u_core/reg_id_ex0_data/data_out[88]_i_2__0/O
                         net (fo=1, unplaced)         0.347     0.697    u_soc_top/u_cpu/u_core/reg_id_ex0_data/data_out[88]_i_2__0_n_0
                         LUT6 (Prop_lut6_I5_O)        0.105     0.802 r  u_soc_top/u_cpu/u_core/reg_id_ex0_data/data_out[88]_i_1__2/O
                         net (fo=3, unplaced)         0.365     1.167    u_soc_top/u_cpu/u_core/bp_unit/D[5]
                         LUT2 (Prop_lut2_I1_O)        0.105     1.272 r  u_soc_top/u_cpu/u_core/bp_unit/pc[7]_i_8/O
                         net (fo=1, unplaced)         0.000     1.272    u_soc_top/u_cpu/u_core/bp_unit/pc[7]_i_8_n_0
                         CARRY4 (Prop_carry4_S[1]_CO[3])
                                                      0.457     1.729 r  u_soc_top/u_cpu/u_core/bp_unit/pc_reg[7]_i_2/CO[3]
                         net (fo=1, unplaced)         0.000     1.729    u_soc_top/u_cpu/u_core/bp_unit/pc_reg[7]_i_2_n_0
                         CARRY4 (Prop_carry4_CI_CO[3])
                                                      0.098     1.827 r  u_soc_top/u_cpu/u_core/bp_unit/pc_reg[11]_i_2/CO[3]
                         net (fo=1, unplaced)         0.000     1.827    u_soc_top/u_cpu/u_core/bp_unit/pc_reg[11]_i_2_n_0
                         CARRY4 (Prop_carry4_CI_CO[3])
                                                      0.098     1.925 r  u_soc_top/u_cpu/u_core/bp_unit/pc_reg[15]_i_2/CO[3]
                         net (fo=1, unplaced)         0.000     1.925    u_soc_top/u_cpu/u_core/bp_unit/pc_reg[15]_i_2_n_0
                         CARRY4 (Prop_carry4_CI_CO[3])
                                                      0.098     2.023 r  u_soc_top/u_cpu/u_core/bp_unit/pc_reg[19]_i_2/CO[3]
                         net (fo=1, unplaced)         0.000     2.023    u_soc_top/u_cpu/u_core/bp_unit/pc_reg[19]_i_2_n_0
                         CARRY4 (Prop_carry4_CI_O[3])
                                                      0.275     2.298 f  u_soc_top/u_cpu/u_core/bp_unit/pc_reg[23]_i_2/O[3]
                         net (fo=3, unplaced)         0.537     2.835    u_soc_top/u_cpu/u_core/bp_unit/bp_jump_pc[23]
                         LUT6 (Prop_lut6_I4_O)        0.250     3.085 f  u_soc_top/u_cpu/u_core/bp_unit/fq_instr[0][31]_i_45/O
                         net (fo=1, unplaced)         0.000     3.085    u_soc_top/u_cpu/u_core/hazard_ctrl/fq_instr_reg[0][31]_i_28_0[3]
                         CARRY4 (Prop_carry4_S[3]_CO[3])
                                                      0.332     3.417 r  u_soc_top/u_cpu/u_core/hazard_ctrl/fq_instr_reg[0][31]_i_36/CO[3]
                         net (fo=1, unplaced)         0.000     3.417    u_soc_top/u_cpu/u_core/hazard_ctrl/fq_instr_reg[0][31]_i_36_n_0
                         CARRY4 (Prop_carry4_CI_CO[2])
                                                      0.209     3.626 r  u_soc_top/u_cpu/u_core/hazard_ctrl/fq_instr_reg[0][31]_i_28/CO[2]
                         net (fo=1, unplaced)         0.349     3.975    u_soc_top/u_cpu/u_core/reg_id_ex0_ctrl/fq_instr[0][31]_i_7_0[0]
                         LUT5 (Prop_lut5_I4_O)        0.252     4.227 r  u_soc_top/u_cpu/u_core/reg_id_ex0_ctrl/fq_instr[0][31]_i_18/O
                         net (fo=1, unplaced)         0.347     4.574    u_soc_top/u_cpu/u_core/reg_id_ex0_ctrl/fq_instr[0][31]_i_18_n_0
                         LUT6 (Prop_lut6_I5_O)        0.105     4.679 r  u_soc_top/u_cpu/u_core/reg_id_ex0_ctrl/fq_instr[0][31]_i_7/O
                         net (fo=80, unplaced)        0.441     5.120    u_soc_top/u_cpu/u_core/reg_id_ex0_ctrl/if_id_flush
                         LUT5 (Prop_lut5_I0_O)        0.108     5.228 f  u_soc_top/u_cpu/u_core/reg_id_ex0_ctrl/fq_pc[1][31]_i_9/O
                         net (fo=5, unplaced)         0.610     5.838    u_soc_top/u_cpu/u_core/reg_id_ex0_ctrl/fq_pc[1][31]_i_9_n_0
                         LUT6 (Prop_lut6_I1_O)        0.105     5.943 r  u_soc_top/u_cpu/u_core/reg_id_ex0_ctrl/fq_instr[2][31]_i_8/O
                         net (fo=4, unplaced)         0.371     6.314    u_soc_top/u_cpu/u_core/reg_id_ex0_ctrl/fq_instr[2][31]_i_8_n_0
                         LUT6 (Prop_lut6_I4_O)        0.105     6.419 f  u_soc_top/u_cpu/u_core/reg_id_ex0_ctrl/fq_pc[1][31]_i_4/O
                         net (fo=64, unplaced)        0.670     7.089    u_soc_top/u_cpu/u_core/reg_id_ex0_ctrl/fq_pc[1][31]_i_4_n_0
                         LUT6 (Prop_lut6_I0_O)        0.105     7.194 r  u_soc_top/u_cpu/u_core/reg_id_ex0_ctrl/fq_instr[1][10]_i_1/O
                         net (fo=1, unplaced)         0.000     7.194    u_soc_top/u_cpu/u_core/reg_id_ex0_ctrl_n_211
                         FDRE                                         r  u_soc_top/u_cpu/u_core/fq_instr_reg[1][10]/D
  -------------------------------------------------------------------    -------------------

                         (clock cpu_clk rise edge)   10.000    10.000 r  
    K21                                               0.000    10.000 r  clk_50M (IN)
                         net (fo=0)                   0.000    10.000    u_soc_top/pll_clk.u_clk_pll/inst/clk_in1
    K21                  IBUF (Prop_ibuf_I_O)         1.328    11.328 r  u_soc_top/pll_clk.u_clk_pll/inst/clkin1_ibufg/O
                         net (fo=1, unplaced)         0.439    11.767    u_soc_top/pll_clk.u_clk_pll/inst/clk_in1_clk_pll
                         PLLE2_ADV (Prop_plle2_adv_CLKIN1_CLKOUT0)
                                                     -5.039     6.728 r  u_soc_top/pll_clk.u_clk_pll/inst/plle2_adv_inst/CLKOUT0
                         net (fo=1, unplaced)         0.613     7.341    u_soc_top/pll_clk.u_clk_pll/inst/cpu_clk_clk_pll
                         BUFG (Prop_bufg_I_O)         0.077     7.418 r  u_soc_top/pll_clk.u_clk_pll/inst/clkout1_buf/O
                         net (fo=6918, unplaced)      0.439     7.857    u_soc_top/u_cpu/u_core/cpu_clk
                         FDRE                                         r  u_soc_top/u_cpu/u_core/fq_instr_reg[1][10]/C
                         clock pessimism             -0.496     7.361    
                         clock uncertainty           -0.094     7.266    
                         FDRE (Setup_fdre_C_D)        0.029     7.295    u_soc_top/u_cpu/u_core/fq_instr_reg[1][10]
  -------------------------------------------------------------------
                         required time                          7.295    
                         arrival time                          -7.194    
  -------------------------------------------------------------------
                         slack                                  0.102    

Slack (MET) :             0.102ns  (required time - arrival time)
  Source:                 u_soc_top/u_cpu/u_core/fq_instr_reg[0][29]/C
                            (rising edge-triggered cell FDRE clocked by cpu_clk  {rise@0.000ns fall@5.000ns period=10.000ns})
  Destination:            u_soc_top/u_cpu/u_core/fq_instr_reg[1][10]/D
                            (rising edge-triggered cell FDRE clocked by cpu_clk  {rise@0.000ns fall@5.000ns period=10.000ns})
  Path Group:             cpu_clk
  Path Type:              Setup (Max at Slow Process Corner)
  Requirement:            10.000ns  (cpu_clk rise@10.000ns - cpu_clk rise@0.000ns)
  Data Path Delay:        9.688ns  (logic 3.736ns (38.563%)  route 5.952ns (61.437%))
  Logic Levels:           20  (CARRY4=7 LUT2=1 LUT5=3 LUT6=9)
  Clock Path Skew:        -0.145ns (DCD - SCD + CPR)
    Destination Clock Delay (DCD):    -2.143ns = ( 7.857 - 10.000 ) 
    Source Clock Delay      (SCD):    -2.494ns
    Clock Pessimism Removal (CPR):    -0.496ns
  Clock Uncertainty:      0.094ns  ((TSJ^2 + DJ^2)^1/2) / 2 + PE
    Total System Jitter     (TSJ):    0.071ns
    Discrete Jitter          (DJ):    0.175ns
    Phase Error              (PE):    0.000ns

    Location             Delay type                Incr(ns)  Path(ns)    Netlist Resource(s)
  -------------------------------------------------------------------    -------------------
                         (clock cpu_clk rise edge)    0.000     0.000 r  
    K21                                               0.000     0.000 r  clk_50M (IN)
                         net (fo=0)                   0.000     0.000    u_soc_top/pll_clk.u_clk_pll/inst/clk_in1
    K21                  IBUF (Prop_ibuf_I_O)         1.394     1.394 r  u_soc_top/pll_clk.u_clk_pll/inst/clkin1_ibufg/O
                         net (fo=1, unplaced)         0.584     1.978    u_soc_top/pll_clk.u_clk_pll/inst/clk_in1_clk_pll
                         PLLE2_ADV (Prop_plle2_adv_CLKIN1_CLKOUT0)
                                                     -5.783    -3.805 r  u_soc_top/pll_clk.u_clk_pll/inst/plle2_adv_inst/CLKOUT0
                         net (fo=1, unplaced)         0.646    -3.159    u_soc_top/pll_clk.u_clk_pll/inst/cpu_clk_clk_pll
                         BUFG (Prop_bufg_I_O)         0.081    -3.078 r  u_soc_top/pll_clk.u_clk_pll/inst/clkout1_buf/O
                         net (fo=6918, unplaced)      0.584    -2.494    u_soc_top/u_cpu/u_core/cpu_clk
                         FDRE                                         r  u_soc_top/u_cpu/u_core/fq_instr_reg[0][29]/C
  -------------------------------------------------------------------    -------------------
                         FDRE (Prop_fdre_C_Q)         0.379    -2.115 r  u_soc_top/u_cpu/u_core/fq_instr_reg[0][29]/Q
                         net (fo=56, unplaced)        0.864    -1.251    u_soc_top/u_cpu/u_core/reg_id_ex0_data/data_out_reg[89]_0[29]
                         LUT6 (Prop_lut6_I0_O)        0.232    -1.019 f  u_soc_top/u_cpu/u_core/reg_id_ex0_data/data_out[93]_i_5/O
                         net (fo=1, unplaced)         0.328    -0.691    u_soc_top/u_cpu/u_core/reg_id_ex0_data/data_out[93]_i_5_n_0
                         LUT6 (Prop_lut6_I0_O)        0.105    -0.586 r  u_soc_top/u_cpu/u_core/reg_id_ex0_data/data_out[93]_i_3__0/O
                         net (fo=2, unplaced)         0.358    -0.228    u_soc_top/u_cpu/u_core/reg_id_ex0_data/data_out[93]_i_3__0_n_0
                         LUT5 (Prop_lut5_I4_O)        0.108    -0.120 f  u_soc_top/u_cpu/u_core/reg_id_ex0_data/data_out[94]_i_3__1/O
                         net (fo=3, unplaced)         0.365     0.245    u_soc_top/u_cpu/u_core/reg_id_ex0_data/data_out[94]_i_3__1_n_0
                         LUT6 (Prop_lut6_I1_O)        0.105     0.350 f  u_soc_top/u_cpu/u_core/reg_id_ex0_data/data_out[88]_i_2__0/O
                         net (fo=1, unplaced)         0.347     0.697    u_soc_top/u_cpu/u_core/reg_id_ex0_data/data_out[88]_i_2__0_n_0
                         LUT6 (Prop_lut6_I5_O)        0.105     0.802 r  u_soc_top/u_cpu/u_core/reg_id_ex0_data/data_out[88]_i_1__2/O
                         net (fo=3, unplaced)         0.365     1.167    u_soc_top/u_cpu/u_core/bp_unit/D[5]
                         LUT2 (Prop_lut2_I1_O)        0.105     1.272 r  u_soc_top/u_cpu/u_core/bp_unit/pc[7]_i_8/O
                         net (fo=1, unplaced)         0.000     1.272    u_soc_top/u_cpu/u_core/bp_unit/pc[7]_i_8_n_0
                         CARRY4 (Prop_carry4_S[1]_CO[3])
                                                      0.457     1.729 r  u_soc_top/u_cpu/u_core/bp_unit/pc_reg[7]_i_2/CO[3]
                         net (fo=1, unplaced)         0.000     1.729    u_soc_top/u_cpu/u_core/bp_unit/pc_reg[7]_i_2_n_0
                         CARRY4 (Prop_carry4_CI_CO[3])
                                                      0.098     1.827 r  u_soc_top/u_cpu/u_core/bp_unit/pc_reg[11]_i_2/CO[3]
                         net (fo=1, unplaced)         0.000     1.827    u_soc_top/u_cpu/u_core/bp_unit/pc_reg[11]_i_2_n_0
                         CARRY4 (Prop_carry4_CI_CO[3])
                                                      0.098     1.925 r  u_soc_top/u_cpu/u_core/bp_unit/pc_reg[15]_i_2/CO[3]
                         net (fo=1, unplaced)         0.000     1.925    u_soc_top/u_cpu/u_core/bp_unit/pc_reg[15]_i_2_n_0
                         CARRY4 (Prop_carry4_CI_CO[3])
                                                      0.098     2.023 r  u_soc_top/u_cpu/u_core/bp_unit/pc_reg[19]_i_2/CO[3]
                         net (fo=1, unplaced)         0.000     2.023    u_soc_top/u_cpu/u_core/bp_unit/pc_reg[19]_i_2_n_0
                         CARRY4 (Prop_carry4_CI_O[3])
                                                      0.275     2.298 r  u_soc_top/u_cpu/u_core/bp_unit/pc_reg[23]_i_2/O[3]
                         net (fo=3, unplaced)         0.537     2.835    u_soc_top/u_cpu/u_core/bp_unit/bp_jump_pc[23]
                         LUT6 (Prop_lut6_I4_O)        0.250     3.085 r  u_soc_top/u_cpu/u_core/bp_unit/fq_instr[0][31]_i_45/O
                         net (fo=1, unplaced)         0.000     3.085    u_soc_top/u_cpu/u_core/hazard_ctrl/fq_instr_reg[0][31]_i_28_0[3]
                         CARRY4 (Prop_carry4_S[3]_CO[3])
                                                      0.332     3.417 f  u_soc_top/u_cpu/u_core/hazard_ctrl/fq_instr_reg[0][31]_i_36/CO[3]
                         net (fo=1, unplaced)         0.000     3.417    u_soc_top/u_cpu/u_core/hazard_ctrl/fq_instr_reg[0][31]_i_36_n_0
                         CARRY4 (Prop_carry4_CI_CO[2])
                                                      0.209     3.626 r  u_soc_top/u_cpu/u_core/hazard_ctrl/fq_instr_reg[0][31]_i_28/CO[2]
                         net (fo=1, unplaced)         0.349     3.975    u_soc_top/u_cpu/u_core/reg_id_ex0_ctrl/fq_instr[0][31]_i_7_0[0]
                         LUT5 (Prop_lut5_I4_O)        0.252     4.227 r  u_soc_top/u_cpu/u_core/reg_id_ex0_ctrl/fq_instr[0][31]_i_18/O
                         net (fo=1, unplaced)         0.347     4.574    u_soc_top/u_cpu/u_core/reg_id_ex0_ctrl/fq_instr[0][31]_i_18_n_0
                         LUT6 (Prop_lut6_I5_O)        0.105     4.679 r  u_soc_top/u_cpu/u_core/reg_id_ex0_ctrl/fq_instr[0][31]_i_7/O
                         net (fo=80, unplaced)        0.441     5.120    u_soc_top/u_cpu/u_core/reg_id_ex0_ctrl/if_id_flush
                         LUT5 (Prop_lut5_I0_O)        0.108     5.228 f  u_soc_top/u_cpu/u_core/reg_id_ex0_ctrl/fq_pc[1][31]_i_9/O
                         net (fo=5, unplaced)         0.610     5.838    u_soc_top/u_cpu/u_core/reg_id_ex0_ctrl/fq_pc[1][31]_i_9_n_0
                         LUT6 (Prop_lut6_I1_O)        0.105     5.943 r  u_soc_top/u_cpu/u_core/reg_id_ex0_ctrl/fq_instr[2][31]_i_8/O
                         net (fo=4, unplaced)         0.371     6.314    u_soc_top/u_cpu/u_core/reg_id_ex0_ctrl/fq_instr[2][31]_i_8_n_0
                         LUT6 (Prop_lut6_I4_O)        0.105     6.419 f  u_soc_top/u_cpu/u_core/reg_id_ex0_ctrl/fq_pc[1][31]_i_4/O
                         net (fo=64, unplaced)        0.670     7.089    u_soc_top/u_cpu/u_core/reg_id_ex0_ctrl/fq_pc[1][31]_i_4_n_0
                         LUT6 (Prop_lut6_I0_O)        0.105     7.194 r  u_soc_top/u_cpu/u_core/reg_id_ex0_ctrl/fq_instr[1][10]_i_1/O
                         net (fo=1, unplaced)         0.000     7.194    u_soc_top/u_cpu/u_core/reg_id_ex0_ctrl_n_211
                         FDRE                                         r  u_soc_top/u_cpu/u_core/fq_instr_reg[1][10]/D
  -------------------------------------------------------------------    -------------------

                         (clock cpu_clk rise edge)   10.000    10.000 r  
    K21                                               0.000    10.000 r  clk_50M (IN)
                         net (fo=0)                   0.000    10.000    u_soc_top/pll_clk.u_clk_pll/inst/clk_in1
    K21                  IBUF (Prop_ibuf_I_O)         1.328    11.328 r  u_soc_top/pll_clk.u_clk_pll/inst/clkin1_ibufg/O
                         net (fo=1, unplaced)         0.439    11.767    u_soc_top/pll_clk.u_clk_pll/inst/clk_in1_clk_pll
                         PLLE2_ADV (Prop_plle2_adv_CLKIN1_CLKOUT0)
                                                     -5.039     6.728 r  u_soc_top/pll_clk.u_clk_pll/inst/plle2_adv_inst/CLKOUT0
                         net (fo=1, unplaced)         0.613     7.341    u_soc_top/pll_clk.u_clk_pll/inst/cpu_clk_clk_pll
                         BUFG (Prop_bufg_I_O)         0.077     7.418 r  u_soc_top/pll_clk.u_clk_pll/inst/clkout1_buf/O
                         net (fo=6918, unplaced)      0.439     7.857    u_soc_top/u_cpu/u_core/cpu_clk
                         FDRE                                         r  u_soc_top/u_cpu/u_core/fq_instr_reg[1][10]/C
                         clock pessimism             -0.496     7.361    
                         clock uncertainty           -0.094     7.266    
                         FDRE (Setup_fdre_C_D)        0.029     7.295    u_soc_top/u_cpu/u_core/fq_instr_reg[1][10]
  -------------------------------------------------------------------
                         required time                          7.295    
                         arrival time                          -7.194    
  -------------------------------------------------------------------
                         slack                                  0.102    

Slack (MET) :             0.102ns  (required time - arrival time)
  Source:                 u_soc_top/u_cpu/u_core/fq_instr_reg[0][29]/C
                            (rising edge-triggered cell FDRE clocked by cpu_clk  {rise@0.000ns fall@5.000ns period=10.000ns})
  Destination:            u_soc_top/u_cpu/u_core/fq_instr_reg[1][10]/D
                            (rising edge-triggered cell FDRE clocked by cpu_clk  {rise@0.000ns fall@5.000ns period=10.000ns})
  Path Group:             cpu_clk
  Path Type:              Setup (Max at Slow Process Corner)
  Requirement:            10.000ns  (cpu_clk rise@10.000ns - cpu_clk rise@0.000ns)
  Data Path Delay:        9.688ns  (logic 3.736ns (38.563%)  route 5.952ns (61.437%))
  Logic Levels:           20  (CARRY4=7 LUT2=1 LUT5=3 LUT6=9)
  Clock Path Skew:        -0.145ns (DCD - SCD + CPR)
    Destination Clock Delay (DCD):    -2.143ns = ( 7.857 - 10.000 ) 
    Source Clock Delay      (SCD):    -2.494ns
    Clock Pessimism Removal (CPR):    -0.496ns
  Clock Uncertainty:      0.094ns  ((TSJ^2 + DJ^2)^1/2) / 2 + PE
    Total System Jitter     (TSJ):    0.071ns
    Discrete Jitter          (DJ):    0.175ns
    Phase Error              (PE):    0.000ns

    Location             Delay type                Incr(ns)  Path(ns)    Netlist Resource(s)
  -------------------------------------------------------------------    -------------------
                         (clock cpu_clk rise edge)    0.000     0.000 r  
    K21                                               0.000     0.000 r  clk_50M (IN)
                         net (fo=0)                   0.000     0.000    u_soc_top/pll_clk.u_clk_pll/inst/clk_in1
    K21                  IBUF (Prop_ibuf_I_O)         1.394     1.394 r  u_soc_top/pll_clk.u_clk_pll/inst/clkin1_ibufg/O
                         net (fo=1, unplaced)         0.584     1.978    u_soc_top/pll_clk.u_clk_pll/inst/clk_in1_clk_pll
                         PLLE2_ADV (Prop_plle2_adv_CLKIN1_CLKOUT0)
                                                     -5.783    -3.805 r  u_soc_top/pll_clk.u_clk_pll/inst/plle2_adv_inst/CLKOUT0
                         net (fo=1, unplaced)         0.646    -3.159    u_soc_top/pll_clk.u_clk_pll/inst/cpu_clk_clk_pll
                         BUFG (Prop_bufg_I_O)         0.081    -3.078 r  u_soc_top/pll_clk.u_clk_pll/inst/clkout1_buf/O
                         net (fo=6918, unplaced)      0.584    -2.494    u_soc_top/u_cpu/u_core/cpu_clk
                         FDRE                                         r  u_soc_top/u_cpu/u_core/fq_instr_reg[0][29]/C
  -------------------------------------------------------------------    -------------------
                         FDRE (Prop_fdre_C_Q)         0.379    -2.115 r  u_soc_top/u_cpu/u_core/fq_instr_reg[0][29]/Q
                         net (fo=56, unplaced)        0.864    -1.251    u_soc_top/u_cpu/u_core/reg_id_ex0_data/data_out_reg[89]_0[29]
                         LUT6 (Prop_lut6_I0_O)        0.232    -1.019 f  u_soc_top/u_cpu/u_core/reg_id_ex0_data/data_out[93]_i_5/O
                         net (fo=1, unplaced)         0.328    -0.691    u_soc_top/u_cpu/u_core/reg_id_ex0_data/data_out[93]_i_5_n_0
                         LUT6 (Prop_lut6_I0_O)        0.105    -0.586 r  u_soc_top/u_cpu/u_core/reg_id_ex0_data/data_out[93]_i_3__0/O
                         net (fo=2, unplaced)         0.358    -0.228    u_soc_top/u_cpu/u_core/reg_id_ex0_data/data_out[93]_i_3__0_n_0
                         LUT5 (Prop_lut5_I4_O)        0.108    -0.120 f  u_soc_top/u_cpu/u_core/reg_id_ex0_data/data_out[94]_i_3__1/O
                         net (fo=3, unplaced)         0.365     0.245    u_soc_top/u_cpu/u_core/reg_id_ex0_data/data_out[94]_i_3__1_n_0
                         LUT6 (Prop_lut6_I1_O)        0.105     0.350 f  u_soc_top/u_cpu/u_core/reg_id_ex0_data/data_out[88]_i_2__0/O
                         net (fo=1, unplaced)         0.347     0.697    u_soc_top/u_cpu/u_core/reg_id_ex0_data/data_out[88]_i_2__0_n_0
                         LUT6 (Prop_lut6_I5_O)        0.105     0.802 r  u_soc_top/u_cpu/u_core/reg_id_ex0_data/data_out[88]_i_1__2/O
                         net (fo=3, unplaced)         0.365     1.167    u_soc_top/u_cpu/u_core/bp_unit/D[5]
                         LUT2 (Prop_lut2_I1_O)        0.105     1.272 r  u_soc_top/u_cpu/u_core/bp_unit/pc[7]_i_8/O
                         net (fo=1, unplaced)         0.000     1.272    u_soc_top/u_cpu/u_core/bp_unit/pc[7]_i_8_n_0
                         CARRY4 (Prop_carry4_S[1]_CO[3])
                                                      0.457     1.729 r  u_soc_top/u_cpu/u_core/bp_unit/pc_reg[7]_i_2/CO[3]
                         net (fo=1, unplaced)         0.000     1.729    u_soc_top/u_cpu/u_core/bp_unit/pc_reg[7]_i_2_n_0
                         CARRY4 (Prop_carry4_CI_CO[3])
                                                      0.098     1.827 r  u_soc_top/u_cpu/u_core/bp_unit/pc_reg[11]_i_2/CO[3]
                         net (fo=1, unplaced)         0.000     1.827    u_soc_top/u_cpu/u_core/bp_unit/pc_reg[11]_i_2_n_0
                         CARRY4 (Prop_carry4_CI_CO[3])
                                                      0.098     1.925 r  u_soc_top/u_cpu/u_core/bp_unit/pc_reg[15]_i_2/CO[3]
                         net (fo=1, unplaced)         0.000     1.925    u_soc_top/u_cpu/u_core/bp_unit/pc_reg[15]_i_2_n_0
                         CARRY4 (Prop_carry4_CI_CO[3])
                                                      0.098     2.023 r  u_soc_top/u_cpu/u_core/bp_unit/pc_reg[19]_i_2/CO[3]
                         net (fo=1, unplaced)         0.000     2.023    u_soc_top/u_cpu/u_core/bp_unit/pc_reg[19]_i_2_n_0
                         CARRY4 (Prop_carry4_CI_O[3])
                                                      0.275     2.298 f  u_soc_top/u_cpu/u_core/bp_unit/pc_reg[23]_i_2/O[3]
                         net (fo=3, unplaced)         0.537     2.835    u_soc_top/u_cpu/u_core/bp_unit/bp_jump_pc[23]
                         LUT6 (Prop_lut6_I4_O)        0.250     3.085 r  u_soc_top/u_cpu/u_core/bp_unit/fq_instr[0][31]_i_45/O
                         net (fo=1, unplaced)         0.000     3.085    u_soc_top/u_cpu/u_core/hazard_ctrl/fq_instr_reg[0][31]_i_28_0[3]
                         CARRY4 (Prop_carry4_S[3]_CO[3])
                                                      0.332     3.417 f  u_soc_top/u_cpu/u_core/hazard_ctrl/fq_instr_reg[0][31]_i_36/CO[3]
                         net (fo=1, unplaced)         0.000     3.417    u_soc_top/u_cpu/u_core/hazard_ctrl/fq_instr_reg[0][31]_i_36_n_0
                         CARRY4 (Prop_carry4_CI_CO[2])
                                                      0.209     3.626 r  u_soc_top/u_cpu/u_core/hazard_ctrl/fq_instr_reg[0][31]_i_28/CO[2]
                         net (fo=1, unplaced)         0.349     3.975    u_soc_top/u_cpu/u_core/reg_id_ex0_ctrl/fq_instr[0][31]_i_7_0[0]
                         LUT5 (Prop_lut5_I4_O)        0.252     4.227 r  u_soc_top/u_cpu/u_core/reg_id_ex0_ctrl/fq_instr[0][31]_i_18/O
                         net (fo=1, unplaced)         0.347     4.574    u_soc_top/u_cpu/u_core/reg_id_ex0_ctrl/fq_instr[0][31]_i_18_n_0
                         LUT6 (Prop_lut6_I5_O)        0.105     4.679 r  u_soc_top/u_cpu/u_core/reg_id_ex0_ctrl/fq_instr[0][31]_i_7/O
                         net (fo=80, unplaced)        0.441     5.120    u_soc_top/u_cpu/u_core/reg_id_ex0_ctrl/if_id_flush
                         LUT5 (Prop_lut5_I0_O)        0.108     5.228 f  u_soc_top/u_cpu/u_core/reg_id_ex0_ctrl/fq_pc[1][31]_i_9/O
                         net (fo=5, unplaced)         0.610     5.838    u_soc_top/u_cpu/u_core/reg_id_ex0_ctrl/fq_pc[1][31]_i_9_n_0
                         LUT6 (Prop_lut6_I1_O)        0.105     5.943 r  u_soc_top/u_cpu/u_core/reg_id_ex0_ctrl/fq_instr[2][31]_i_8/O
                         net (fo=4, unplaced)         0.371     6.314    u_soc_top/u_cpu/u_core/reg_id_ex0_ctrl/fq_instr[2][31]_i_8_n_0
                         LUT6 (Prop_lut6_I4_O)        0.105     6.419 f  u_soc_top/u_cpu/u_core/reg_id_ex0_ctrl/fq_pc[1][31]_i_4/O
                         net (fo=64, unplaced)        0.670     7.089    u_soc_top/u_cpu/u_core/reg_id_ex0_ctrl/fq_pc[1][31]_i_4_n_0
                         LUT6 (Prop_lut6_I0_O)        0.105     7.194 r  u_soc_top/u_cpu/u_core/reg_id_ex0_ctrl/fq_instr[1][10]_i_1/O
                         net (fo=1, unplaced)         0.000     7.194    u_soc_top/u_cpu/u_core/reg_id_ex0_ctrl_n_211
                         FDRE                                         r  u_soc_top/u_cpu/u_core/fq_instr_reg[1][10]/D
  -------------------------------------------------------------------    -------------------

                         (clock cpu_clk rise edge)   10.000    10.000 r  
    K21                                               0.000    10.000 r  clk_50M (IN)
                         net (fo=0)                   0.000    10.000    u_soc_top/pll_clk.u_clk_pll/inst/clk_in1
    K21                  IBUF (Prop_ibuf_I_O)         1.328    11.328 r  u_soc_top/pll_clk.u_clk_pll/inst/clkin1_ibufg/O
                         net (fo=1, unplaced)         0.439    11.767    u_soc_top/pll_clk.u_clk_pll/inst/clk_in1_clk_pll
                         PLLE2_ADV (Prop_plle2_adv_CLKIN1_CLKOUT0)
                                                     -5.039     6.728 r  u_soc_top/pll_clk.u_clk_pll/inst/plle2_adv_inst/CLKOUT0
                         net (fo=1, unplaced)         0.613     7.341    u_soc_top/pll_clk.u_clk_pll/inst/cpu_clk_clk_pll
                         BUFG (Prop_bufg_I_O)         0.077     7.418 r  u_soc_top/pll_clk.u_clk_pll/inst/clkout1_buf/O
                         net (fo=6918, unplaced)      0.439     7.857    u_soc_top/u_cpu/u_core/cpu_clk
                         FDRE                                         r  u_soc_top/u_cpu/u_core/fq_instr_reg[1][10]/C
                         clock pessimism             -0.496     7.361    
                         clock uncertainty           -0.094     7.266    
                         FDRE (Setup_fdre_C_D)        0.029     7.295    u_soc_top/u_cpu/u_core/fq_instr_reg[1][10]
  -------------------------------------------------------------------
                         required time                          7.295    
                         arrival time                          -7.194    
  -------------------------------------------------------------------
                         slack                                  0.102    

Slack (MET) :             0.102ns  (required time - arrival time)
  Source:                 u_soc_top/u_cpu/u_core/fq_instr_reg[0][29]/C
                            (rising edge-triggered cell FDRE clocked by cpu_clk  {rise@0.000ns fall@5.000ns period=10.000ns})
  Destination:            u_soc_top/u_cpu/u_core/fq_instr_reg[1][10]/D
                            (rising edge-triggered cell FDRE clocked by cpu_clk  {rise@0.000ns fall@5.000ns period=10.000ns})
  Path Group:             cpu_clk
  Path Type:              Setup (Max at Slow Process Corner)
  Requirement:            10.000ns  (cpu_clk rise@10.000ns - cpu_clk rise@0.000ns)
  Data Path Delay:        9.688ns  (logic 3.736ns (38.563%)  route 5.952ns (61.437%))
  Logic Levels:           20  (CARRY4=7 LUT2=1 LUT5=3 LUT6=9)
  Clock Path Skew:        -0.145ns (DCD - SCD + CPR)
    Destination Clock Delay (DCD):    -2.143ns = ( 7.857 - 10.000 ) 
    Source Clock Delay      (SCD):    -2.494ns
    Clock Pessimism Removal (CPR):    -0.496ns
  Clock Uncertainty:      0.094ns  ((TSJ^2 + DJ^2)^1/2) / 2 + PE
    Total System Jitter     (TSJ):    0.071ns
    Discrete Jitter          (DJ):    0.175ns
    Phase Error              (PE):    0.000ns

    Location             Delay type                Incr(ns)  Path(ns)    Netlist Resource(s)
  -------------------------------------------------------------------    -------------------
                         (clock cpu_clk rise edge)    0.000     0.000 r  
    K21                                               0.000     0.000 r  clk_50M (IN)
                         net (fo=0)                   0.000     0.000    u_soc_top/pll_clk.u_clk_pll/inst/clk_in1
    K21                  IBUF (Prop_ibuf_I_O)         1.394     1.394 r  u_soc_top/pll_clk.u_clk_pll/inst/clkin1_ibufg/O
                         net (fo=1, unplaced)         0.584     1.978    u_soc_top/pll_clk.u_clk_pll/inst/clk_in1_clk_pll
                         PLLE2_ADV (Prop_plle2_adv_CLKIN1_CLKOUT0)
                                                     -5.783    -3.805 r  u_soc_top/pll_clk.u_clk_pll/inst/plle2_adv_inst/CLKOUT0
                         net (fo=1, unplaced)         0.646    -3.159    u_soc_top/pll_clk.u_clk_pll/inst/cpu_clk_clk_pll
                         BUFG (Prop_bufg_I_O)         0.081    -3.078 r  u_soc_top/pll_clk.u_clk_pll/inst/clkout1_buf/O
                         net (fo=6918, unplaced)      0.584    -2.494    u_soc_top/u_cpu/u_core/cpu_clk
                         FDRE                                         r  u_soc_top/u_cpu/u_core/fq_instr_reg[0][29]/C
  -------------------------------------------------------------------    -------------------
                         FDRE (Prop_fdre_C_Q)         0.379    -2.115 r  u_soc_top/u_cpu/u_core/fq_instr_reg[0][29]/Q
                         net (fo=56, unplaced)        0.864    -1.251    u_soc_top/u_cpu/u_core/reg_id_ex0_data/data_out_reg[89]_0[29]
                         LUT6 (Prop_lut6_I0_O)        0.232    -1.019 r  u_soc_top/u_cpu/u_core/reg_id_ex0_data/data_out[93]_i_5/O
                         net (fo=1, unplaced)         0.328    -0.691    u_soc_top/u_cpu/u_core/reg_id_ex0_data/data_out[93]_i_5_n_0
                         LUT6 (Prop_lut6_I0_O)        0.105    -0.586 f  u_soc_top/u_cpu/u_core/reg_id_ex0_data/data_out[93]_i_3__0/O
                         net (fo=2, unplaced)         0.358    -0.228    u_soc_top/u_cpu/u_core/reg_id_ex0_data/data_out[93]_i_3__0_n_0
                         LUT5 (Prop_lut5_I4_O)        0.108    -0.120 r  u_soc_top/u_cpu/u_core/reg_id_ex0_data/data_out[94]_i_3__1/O
                         net (fo=3, unplaced)         0.365     0.245    u_soc_top/u_cpu/u_core/reg_id_ex0_data/data_out[94]_i_3__1_n_0
                         LUT6 (Prop_lut6_I1_O)        0.105     0.350 r  u_soc_top/u_cpu/u_core/reg_id_ex0_data/data_out[88]_i_2__0/O
                         net (fo=1, unplaced)         0.347     0.697    u_soc_top/u_cpu/u_core/reg_id_ex0_data/data_out[88]_i_2__0_n_0
                         LUT6 (Prop_lut6_I5_O)        0.105     0.802 f  u_soc_top/u_cpu/u_core/reg_id_ex0_data/data_out[88]_i_1__2/O
                         net (fo=3, unplaced)         0.365     1.167    u_soc_top/u_cpu/u_core/bp_unit/D[5]
                         LUT2 (Prop_lut2_I1_O)        0.105     1.272 r  u_soc_top/u_cpu/u_core/bp_unit/pc[7]_i_8/O
                         net (fo=1, unplaced)         0.000     1.272    u_soc_top/u_cpu/u_core/bp_unit/pc[7]_i_8_n_0
                         CARRY4 (Prop_carry4_S[1]_CO[3])
                                                      0.457     1.729 r  u_soc_top/u_cpu/u_core/bp_unit/pc_reg[7]_i_2/CO[3]
                         net (fo=1, unplaced)         0.000     1.729    u_soc_top/u_cpu/u_core/bp_unit/pc_reg[7]_i_2_n_0
                         CARRY4 (Prop_carry4_CI_CO[3])
                                                      0.098     1.827 r  u_soc_top/u_cpu/u_core/bp_unit/pc_reg[11]_i_2/CO[3]
                         net (fo=1, unplaced)         0.000     1.827    u_soc_top/u_cpu/u_core/bp_unit/pc_reg[11]_i_2_n_0
                         CARRY4 (Prop_carry4_CI_CO[3])
                                                      0.098     1.925 r  u_soc_top/u_cpu/u_core/bp_unit/pc_reg[15]_i_2/CO[3]
                         net (fo=1, unplaced)         0.000     1.925    u_soc_top/u_cpu/u_core/bp_unit/pc_reg[15]_i_2_n_0
                         CARRY4 (Prop_carry4_CI_CO[3])
                                                      0.098     2.023 r  u_soc_top/u_cpu/u_core/bp_unit/pc_reg[19]_i_2/CO[3]
                         net (fo=1, unplaced)         0.000     2.023    u_soc_top/u_cpu/u_core/bp_unit/pc_reg[19]_i_2_n_0
                         CARRY4 (Prop_carry4_CI_O[3])
                                                      0.275     2.298 f  u_soc_top/u_cpu/u_core/bp_unit/pc_reg[23]_i_2/O[3]
                         net (fo=3, unplaced)         0.537     2.835    u_soc_top/u_cpu/u_core/bp_unit/bp_jump_pc[23]
                         LUT6 (Prop_lut6_I4_O)        0.250     3.085 r  u_soc_top/u_cpu/u_core/bp_unit/fq_instr[0][31]_i_45/O
                         net (fo=1, unplaced)         0.000     3.085    u_soc_top/u_cpu/u_core/hazard_ctrl/fq_instr_reg[0][31]_i_28_0[3]
                         CARRY4 (Prop_carry4_S[3]_CO[3])
                                                      0.332     3.417 f  u_soc_top/u_cpu/u_core/hazard_ctrl/fq_instr_reg[0][31]_i_36/CO[3]
                         net (fo=1, unplaced)         0.000     3.417    u_soc_top/u_cpu/u_core/hazard_ctrl/fq_instr_reg[0][31]_i_36_n_0
                         CARRY4 (Prop_carry4_CI_CO[2])
                                                      0.209     3.626 r  u_soc_top/u_cpu/u_core/hazard_ctrl/fq_instr_reg[0][31]_i_28/CO[2]
                         net (fo=1, unplaced)         0.349     3.975    u_soc_top/u_cpu/u_core/reg_id_ex0_ctrl/fq_instr[0][31]_i_7_0[0]
                         LUT5 (Prop_lut5_I4_O)        0.252     4.227 r  u_soc_top/u_cpu/u_core/reg_id_ex0_ctrl/fq_instr[0][31]_i_18/O
                         net (fo=1, unplaced)         0.347     4.574    u_soc_top/u_cpu/u_core/reg_id_ex0_ctrl/fq_instr[0][31]_i_18_n_0
                         LUT6 (Prop_lut6_I5_O)        0.105     4.679 r  u_soc_top/u_cpu/u_core/reg_id_ex0_ctrl/fq_instr[0][31]_i_7/O
                         net (fo=80, unplaced)        0.441     5.120    u_soc_top/u_cpu/u_core/reg_id_ex0_ctrl/if_id_flush
                         LUT5 (Prop_lut5_I0_O)        0.108     5.228 f  u_soc_top/u_cpu/u_core/reg_id_ex0_ctrl/fq_pc[1][31]_i_9/O
                         net (fo=5, unplaced)         0.610     5.838    u_soc_top/u_cpu/u_core/reg_id_ex0_ctrl/fq_pc[1][31]_i_9_n_0
                         LUT6 (Prop_lut6_I1_O)        0.105     5.943 r  u_soc_top/u_cpu/u_core/reg_id_ex0_ctrl/fq_instr[2][31]_i_8/O
                         net (fo=4, unplaced)         0.371     6.314    u_soc_top/u_cpu/u_core/reg_id_ex0_ctrl/fq_instr[2][31]_i_8_n_0
                         LUT6 (Prop_lut6_I4_O)        0.105     6.419 f  u_soc_top/u_cpu/u_core/reg_id_ex0_ctrl/fq_pc[1][31]_i_4/O
                         net (fo=64, unplaced)        0.670     7.089    u_soc_top/u_cpu/u_core/reg_id_ex0_ctrl/fq_pc[1][31]_i_4_n_0
                         LUT6 (Prop_lut6_I0_O)        0.105     7.194 r  u_soc_top/u_cpu/u_core/reg_id_ex0_ctrl/fq_instr[1][10]_i_1/O
                         net (fo=1, unplaced)         0.000     7.194    u_soc_top/u_cpu/u_core/reg_id_ex0_ctrl_n_211
                         FDRE                                         r  u_soc_top/u_cpu/u_core/fq_instr_reg[1][10]/D
  -------------------------------------------------------------------    -------------------

                         (clock cpu_clk rise edge)   10.000    10.000 r  
    K21                                               0.000    10.000 r  clk_50M (IN)
                         net (fo=0)                   0.000    10.000    u_soc_top/pll_clk.u_clk_pll/inst/clk_in1
    K21                  IBUF (Prop_ibuf_I_O)         1.328    11.328 r  u_soc_top/pll_clk.u_clk_pll/inst/clkin1_ibufg/O
                         net (fo=1, unplaced)         0.439    11.767    u_soc_top/pll_clk.u_clk_pll/inst/clk_in1_clk_pll
                         PLLE2_ADV (Prop_plle2_adv_CLKIN1_CLKOUT0)
                                                     -5.039     6.728 r  u_soc_top/pll_clk.u_clk_pll/inst/plle2_adv_inst/CLKOUT0
                         net (fo=1, unplaced)         0.613     7.341    u_soc_top/pll_clk.u_clk_pll/inst/cpu_clk_clk_pll
                         BUFG (Prop_bufg_I_O)         0.077     7.418 r  u_soc_top/pll_clk.u_clk_pll/inst/clkout1_buf/O
                         net (fo=6918, unplaced)      0.439     7.857    u_soc_top/u_cpu/u_core/cpu_clk
                         FDRE                                         r  u_soc_top/u_cpu/u_core/fq_instr_reg[1][10]/C
                         clock pessimism             -0.496     7.361    
                         clock uncertainty           -0.094     7.266    
                         FDRE (Setup_fdre_C_D)        0.029     7.295    u_soc_top/u_cpu/u_core/fq_instr_reg[1][10]
  -------------------------------------------------------------------
                         required time                          7.295    
                         arrival time                          -7.194    
  -------------------------------------------------------------------
                         slack                                  0.102    

Slack (MET) :             0.102ns  (required time - arrival time)
  Source:                 u_soc_top/u_cpu/u_core/fq_instr_reg[0][29]/C
                            (rising edge-triggered cell FDRE clocked by cpu_clk  {rise@0.000ns fall@5.000ns period=10.000ns})
  Destination:            u_soc_top/u_cpu/u_core/fq_instr_reg[1][10]/D
                            (rising edge-triggered cell FDRE clocked by cpu_clk  {rise@0.000ns fall@5.000ns period=10.000ns})
  Path Group:             cpu_clk
  Path Type:              Setup (Max at Slow Process Corner)
  Requirement:            10.000ns  (cpu_clk rise@10.000ns - cpu_clk rise@0.000ns)
  Data Path Delay:        9.688ns  (logic 3.736ns (38.563%)  route 5.952ns (61.437%))
  Logic Levels:           20  (CARRY4=7 LUT2=1 LUT5=3 LUT6=9)
  Clock Path Skew:        -0.145ns (DCD - SCD + CPR)
    Destination Clock Delay (DCD):    -2.143ns = ( 7.857 - 10.000 ) 
    Source Clock Delay      (SCD):    -2.494ns
    Clock Pessimism Removal (CPR):    -0.496ns
  Clock Uncertainty:      0.094ns  ((TSJ^2 + DJ^2)^1/2) / 2 + PE
    Total System Jitter     (TSJ):    0.071ns
    Discrete Jitter          (DJ):    0.175ns
    Phase Error              (PE):    0.000ns

    Location             Delay type                Incr(ns)  Path(ns)    Netlist Resource(s)
  -------------------------------------------------------------------    -------------------
                         (clock cpu_clk rise edge)    0.000     0.000 r  
    K21                                               0.000     0.000 r  clk_50M (IN)
                         net (fo=0)                   0.000     0.000    u_soc_top/pll_clk.u_clk_pll/inst/clk_in1
    K21                  IBUF (Prop_ibuf_I_O)         1.394     1.394 r  u_soc_top/pll_clk.u_clk_pll/inst/clkin1_ibufg/O
                         net (fo=1, unplaced)         0.584     1.978    u_soc_top/pll_clk.u_clk_pll/inst/clk_in1_clk_pll
                         PLLE2_ADV (Prop_plle2_adv_CLKIN1_CLKOUT0)
                                                     -5.783    -3.805 r  u_soc_top/pll_clk.u_clk_pll/inst/plle2_adv_inst/CLKOUT0
                         net (fo=1, unplaced)         0.646    -3.159    u_soc_top/pll_clk.u_clk_pll/inst/cpu_clk_clk_pll
                         BUFG (Prop_bufg_I_O)         0.081    -3.078 r  u_soc_top/pll_clk.u_clk_pll/inst/clkout1_buf/O
                         net (fo=6918, unplaced)      0.584    -2.494    u_soc_top/u_cpu/u_core/cpu_clk
                         FDRE                                         r  u_soc_top/u_cpu/u_core/fq_instr_reg[0][29]/C
  -------------------------------------------------------------------    -------------------
                         FDRE (Prop_fdre_C_Q)         0.379    -2.115 r  u_soc_top/u_cpu/u_core/fq_instr_reg[0][29]/Q
                         net (fo=56, unplaced)        0.864    -1.251    u_soc_top/u_cpu/u_core/reg_id_ex0_data/data_out_reg[89]_0[29]
                         LUT6 (Prop_lut6_I0_O)        0.232    -1.019 f  u_soc_top/u_cpu/u_core/reg_id_ex0_data/data_out[93]_i_5/O
                         net (fo=1, unplaced)         0.328    -0.691    u_soc_top/u_cpu/u_core/reg_id_ex0_data/data_out[93]_i_5_n_0
                         LUT6 (Prop_lut6_I0_O)        0.105    -0.586 r  u_soc_top/u_cpu/u_core/reg_id_ex0_data/data_out[93]_i_3__0/O
                         net (fo=2, unplaced)         0.358    -0.228    u_soc_top/u_cpu/u_core/reg_id_ex0_data/data_out[93]_i_3__0_n_0
                         LUT5 (Prop_lut5_I4_O)        0.108    -0.120 f  u_soc_top/u_cpu/u_core/reg_id_ex0_data/data_out[94]_i_3__1/O
                         net (fo=3, unplaced)         0.365     0.245    u_soc_top/u_cpu/u_core/reg_id_ex0_data/data_out[94]_i_3__1_n_0
                         LUT6 (Prop_lut6_I1_O)        0.105     0.350 f  u_soc_top/u_cpu/u_core/reg_id_ex0_data/data_out[88]_i_2__0/O
                         net (fo=1, unplaced)         0.347     0.697    u_soc_top/u_cpu/u_core/reg_id_ex0_data/data_out[88]_i_2__0_n_0
                         LUT6 (Prop_lut6_I5_O)        0.105     0.802 r  u_soc_top/u_cpu/u_core/reg_id_ex0_data/data_out[88]_i_1__2/O
                         net (fo=3, unplaced)         0.365     1.167    u_soc_top/u_cpu/u_core/bp_unit/D[5]
                         LUT2 (Prop_lut2_I1_O)        0.105     1.272 r  u_soc_top/u_cpu/u_core/bp_unit/pc[7]_i_8/O
                         net (fo=1, unplaced)         0.000     1.272    u_soc_top/u_cpu/u_core/bp_unit/pc[7]_i_8_n_0
                         CARRY4 (Prop_carry4_S[1]_CO[3])
                                                      0.457     1.729 r  u_soc_top/u_cpu/u_core/bp_unit/pc_reg[7]_i_2/CO[3]
                         net (fo=1, unplaced)         0.000     1.729    u_soc_top/u_cpu/u_core/bp_unit/pc_reg[7]_i_2_n_0
                         CARRY4 (Prop_carry4_CI_CO[3])
                                                      0.098     1.827 r  u_soc_top/u_cpu/u_core/bp_unit/pc_reg[11]_i_2/CO[3]
                         net (fo=1, unplaced)         0.000     1.827    u_soc_top/u_cpu/u_core/bp_unit/pc_reg[11]_i_2_n_0
                         CARRY4 (Prop_carry4_CI_CO[3])
                                                      0.098     1.925 r  u_soc_top/u_cpu/u_core/bp_unit/pc_reg[15]_i_2/CO[3]
                         net (fo=1, unplaced)         0.000     1.925    u_soc_top/u_cpu/u_core/bp_unit/pc_reg[15]_i_2_n_0
                         CARRY4 (Prop_carry4_CI_CO[3])
                                                      0.098     2.023 r  u_soc_top/u_cpu/u_core/bp_unit/pc_reg[19]_i_2/CO[3]
                         net (fo=1, unplaced)         0.000     2.023    u_soc_top/u_cpu/u_core/bp_unit/pc_reg[19]_i_2_n_0
                         CARRY4 (Prop_carry4_CI_O[3])
                                                      0.275     2.298 r  u_soc_top/u_cpu/u_core/bp_unit/pc_reg[23]_i_2/O[3]
                         net (fo=3, unplaced)         0.537     2.835    u_soc_top/u_cpu/u_core/bp_unit/bp_jump_pc[23]
                         LUT6 (Prop_lut6_I4_O)        0.250     3.085 f  u_soc_top/u_cpu/u_core/bp_unit/fq_instr[0][31]_i_45/O
                         net (fo=1, unplaced)         0.000     3.085    u_soc_top/u_cpu/u_core/hazard_ctrl/fq_instr_reg[0][31]_i_28_0[3]
                         CARRY4 (Prop_carry4_S[3]_CO[3])
                                                      0.332     3.417 f  u_soc_top/u_cpu/u_core/hazard_ctrl/fq_instr_reg[0][31]_i_36/CO[3]
                         net (fo=1, unplaced)         0.000     3.417    u_soc_top/u_cpu/u_core/hazard_ctrl/fq_instr_reg[0][31]_i_36_n_0
                         CARRY4 (Prop_carry4_CI_CO[2])
                                                      0.209     3.626 r  u_soc_top/u_cpu/u_core/hazard_ctrl/fq_instr_reg[0][31]_i_28/CO[2]
                         net (fo=1, unplaced)         0.349     3.975    u_soc_top/u_cpu/u_core/reg_id_ex0_ctrl/fq_instr[0][31]_i_7_0[0]
                         LUT5 (Prop_lut5_I4_O)        0.252     4.227 r  u_soc_top/u_cpu/u_core/reg_id_ex0_ctrl/fq_instr[0][31]_i_18/O
                         net (fo=1, unplaced)         0.347     4.574    u_soc_top/u_cpu/u_core/reg_id_ex0_ctrl/fq_instr[0][31]_i_18_n_0
                         LUT6 (Prop_lut6_I5_O)        0.105     4.679 r  u_soc_top/u_cpu/u_core/reg_id_ex0_ctrl/fq_instr[0][31]_i_7/O
                         net (fo=80, unplaced)        0.441     5.120    u_soc_top/u_cpu/u_core/reg_id_ex0_ctrl/if_id_flush
                         LUT5 (Prop_lut5_I0_O)        0.108     5.228 f  u_soc_top/u_cpu/u_core/reg_id_ex0_ctrl/fq_pc[1][31]_i_9/O
                         net (fo=5, unplaced)         0.610     5.838    u_soc_top/u_cpu/u_core/reg_id_ex0_ctrl/fq_pc[1][31]_i_9_n_0
                         LUT6 (Prop_lut6_I1_O)        0.105     5.943 r  u_soc_top/u_cpu/u_core/reg_id_ex0_ctrl/fq_instr[2][31]_i_8/O
                         net (fo=4, unplaced)         0.371     6.314    u_soc_top/u_cpu/u_core/reg_id_ex0_ctrl/fq_instr[2][31]_i_8_n_0
                         LUT6 (Prop_lut6_I4_O)        0.105     6.419 f  u_soc_top/u_cpu/u_core/reg_id_ex0_ctrl/fq_pc[1][31]_i_4/O
                         net (fo=64, unplaced)        0.670     7.089    u_soc_top/u_cpu/u_core/reg_id_ex0_ctrl/fq_pc[1][31]_i_4_n_0
                         LUT6 (Prop_lut6_I0_O)        0.105     7.194 r  u_soc_top/u_cpu/u_core/reg_id_ex0_ctrl/fq_instr[1][10]_i_1/O
                         net (fo=1, unplaced)         0.000     7.194    u_soc_top/u_cpu/u_core/reg_id_ex0_ctrl_n_211
                         FDRE                                         r  u_soc_top/u_cpu/u_core/fq_instr_reg[1][10]/D
  -------------------------------------------------------------------    -------------------

                         (clock cpu_clk rise edge)   10.000    10.000 r  
    K21                                               0.000    10.000 r  clk_50M (IN)
                         net (fo=0)                   0.000    10.000    u_soc_top/pll_clk.u_clk_pll/inst/clk_in1
    K21                  IBUF (Prop_ibuf_I_O)         1.328    11.328 r  u_soc_top/pll_clk.u_clk_pll/inst/clkin1_ibufg/O
                         net (fo=1, unplaced)         0.439    11.767    u_soc_top/pll_clk.u_clk_pll/inst/clk_in1_clk_pll
                         PLLE2_ADV (Prop_plle2_adv_CLKIN1_CLKOUT0)
                                                     -5.039     6.728 r  u_soc_top/pll_clk.u_clk_pll/inst/plle2_adv_inst/CLKOUT0
                         net (fo=1, unplaced)         0.613     7.341    u_soc_top/pll_clk.u_clk_pll/inst/cpu_clk_clk_pll
                         BUFG (Prop_bufg_I_O)         0.077     7.418 r  u_soc_top/pll_clk.u_clk_pll/inst/clkout1_buf/O
                         net (fo=6918, unplaced)      0.439     7.857    u_soc_top/u_cpu/u_core/cpu_clk
                         FDRE                                         r  u_soc_top/u_cpu/u_core/fq_instr_reg[1][10]/C
                         clock pessimism             -0.496     7.361    
                         clock uncertainty           -0.094     7.266    
                         FDRE (Setup_fdre_C_D)        0.029     7.295    u_soc_top/u_cpu/u_core/fq_instr_reg[1][10]
  -------------------------------------------------------------------
                         required time                          7.295    
                         arrival time                          -7.194    
  -------------------------------------------------------------------
                         slack                                  0.102    

Slack (MET) :             0.102ns  (required time - arrival time)
  Source:                 u_soc_top/u_cpu/u_core/fq_instr_reg[0][29]/C
                            (rising edge-triggered cell FDRE clocked by cpu_clk  {rise@0.000ns fall@5.000ns period=10.000ns})
  Destination:            u_soc_top/u_cpu/u_core/fq_instr_reg[1][10]/D
                            (rising edge-triggered cell FDRE clocked by cpu_clk  {rise@0.000ns fall@5.000ns period=10.000ns})
  Path Group:             cpu_clk
  Path Type:              Setup (Max at Slow Process Corner)
  Requirement:            10.000ns  (cpu_clk rise@10.000ns - cpu_clk rise@0.000ns)
  Data Path Delay:        9.688ns  (logic 3.736ns (38.563%)  route 5.952ns (61.437%))
  Logic Levels:           20  (CARRY4=7 LUT2=1 LUT5=3 LUT6=9)
  Clock Path Skew:        -0.145ns (DCD - SCD + CPR)
    Destination Clock Delay (DCD):    -2.143ns = ( 7.857 - 10.000 ) 
    Source Clock Delay      (SCD):    -2.494ns
    Clock Pessimism Removal (CPR):    -0.496ns
  Clock Uncertainty:      0.094ns  ((TSJ^2 + DJ^2)^1/2) / 2 + PE
    Total System Jitter     (TSJ):    0.071ns
    Discrete Jitter          (DJ):    0.175ns
    Phase Error              (PE):    0.000ns

    Location             Delay type                Incr(ns)  Path(ns)    Netlist Resource(s)
  -------------------------------------------------------------------    -------------------
                         (clock cpu_clk rise edge)    0.000     0.000 r  
    K21                                               0.000     0.000 r  clk_50M (IN)
                         net (fo=0)                   0.000     0.000    u_soc_top/pll_clk.u_clk_pll/inst/clk_in1
    K21                  IBUF (Prop_ibuf_I_O)         1.394     1.394 r  u_soc_top/pll_clk.u_clk_pll/inst/clkin1_ibufg/O
                         net (fo=1, unplaced)         0.584     1.978    u_soc_top/pll_clk.u_clk_pll/inst/clk_in1_clk_pll
                         PLLE2_ADV (Prop_plle2_adv_CLKIN1_CLKOUT0)
                                                     -5.783    -3.805 r  u_soc_top/pll_clk.u_clk_pll/inst/plle2_adv_inst/CLKOUT0
                         net (fo=1, unplaced)         0.646    -3.159    u_soc_top/pll_clk.u_clk_pll/inst/cpu_clk_clk_pll
                         BUFG (Prop_bufg_I_O)         0.081    -3.078 r  u_soc_top/pll_clk.u_clk_pll/inst/clkout1_buf/O
                         net (fo=6918, unplaced)      0.584    -2.494    u_soc_top/u_cpu/u_core/cpu_clk
                         FDRE                                         r  u_soc_top/u_cpu/u_core/fq_instr_reg[0][29]/C
  -------------------------------------------------------------------    -------------------
                         FDRE (Prop_fdre_C_Q)         0.379    -2.115 r  u_soc_top/u_cpu/u_core/fq_instr_reg[0][29]/Q
                         net (fo=56, unplaced)        0.864    -1.251    u_soc_top/u_cpu/u_core/reg_id_ex0_data/data_out_reg[89]_0[29]
                         LUT6 (Prop_lut6_I0_O)        0.232    -1.019 f  u_soc_top/u_cpu/u_core/reg_id_ex0_data/data_out[93]_i_5/O
                         net (fo=1, unplaced)         0.328    -0.691    u_soc_top/u_cpu/u_core/reg_id_ex0_data/data_out[93]_i_5_n_0
                         LUT6 (Prop_lut6_I0_O)        0.105    -0.586 r  u_soc_top/u_cpu/u_core/reg_id_ex0_data/data_out[93]_i_3__0/O
                         net (fo=2, unplaced)         0.358    -0.228    u_soc_top/u_cpu/u_core/reg_id_ex0_data/data_out[93]_i_3__0_n_0
                         LUT5 (Prop_lut5_I4_O)        0.108    -0.120 f  u_soc_top/u_cpu/u_core/reg_id_ex0_data/data_out[94]_i_3__1/O
                         net (fo=3, unplaced)         0.365     0.245    u_soc_top/u_cpu/u_core/reg_id_ex0_data/data_out[94]_i_3__1_n_0
                         LUT6 (Prop_lut6_I1_O)        0.105     0.350 f  u_soc_top/u_cpu/u_core/reg_id_ex0_data/data_out[88]_i_2__0/O
                         net (fo=1, unplaced)         0.347     0.697    u_soc_top/u_cpu/u_core/reg_id_ex0_data/data_out[88]_i_2__0_n_0
                         LUT6 (Prop_lut6_I5_O)        0.105     0.802 r  u_soc_top/u_cpu/u_core/reg_id_ex0_data/data_out[88]_i_1__2/O
                         net (fo=3, unplaced)         0.365     1.167    u_soc_top/u_cpu/u_core/bp_unit/D[5]
                         LUT2 (Prop_lut2_I1_O)        0.105     1.272 r  u_soc_top/u_cpu/u_core/bp_unit/pc[7]_i_8/O
                         net (fo=1, unplaced)         0.000     1.272    u_soc_top/u_cpu/u_core/bp_unit/pc[7]_i_8_n_0
                         CARRY4 (Prop_carry4_S[1]_CO[3])
                                                      0.457     1.729 r  u_soc_top/u_cpu/u_core/bp_unit/pc_reg[7]_i_2/CO[3]
                         net (fo=1, unplaced)         0.000     1.729    u_soc_top/u_cpu/u_core/bp_unit/pc_reg[7]_i_2_n_0
                         CARRY4 (Prop_carry4_CI_CO[3])
                                                      0.098     1.827 r  u_soc_top/u_cpu/u_core/bp_unit/pc_reg[11]_i_2/CO[3]
                         net (fo=1, unplaced)         0.000     1.827    u_soc_top/u_cpu/u_core/bp_unit/pc_reg[11]_i_2_n_0
                         CARRY4 (Prop_carry4_CI_CO[3])
                                                      0.098     1.925 r  u_soc_top/u_cpu/u_core/bp_unit/pc_reg[15]_i_2/CO[3]
                         net (fo=1, unplaced)         0.000     1.925    u_soc_top/u_cpu/u_core/bp_unit/pc_reg[15]_i_2_n_0
                         CARRY4 (Prop_carry4_CI_CO[3])
                                                      0.098     2.023 r  u_soc_top/u_cpu/u_core/bp_unit/pc_reg[19]_i_2/CO[3]
                         net (fo=1, unplaced)         0.000     2.023    u_soc_top/u_cpu/u_core/bp_unit/pc_reg[19]_i_2_n_0
                         CARRY4 (Prop_carry4_CI_O[3])
                                                      0.275     2.298 f  u_soc_top/u_cpu/u_core/bp_unit/pc_reg[23]_i_2/O[3]
                         net (fo=3, unplaced)         0.537     2.835    u_soc_top/u_cpu/u_core/bp_unit/bp_jump_pc[23]
                         LUT6 (Prop_lut6_I4_O)        0.250     3.085 f  u_soc_top/u_cpu/u_core/bp_unit/fq_instr[0][31]_i_45/O
                         net (fo=1, unplaced)         0.000     3.085    u_soc_top/u_cpu/u_core/hazard_ctrl/fq_instr_reg[0][31]_i_28_0[3]
                         CARRY4 (Prop_carry4_S[3]_CO[3])
                                                      0.332     3.417 f  u_soc_top/u_cpu/u_core/hazard_ctrl/fq_instr_reg[0][31]_i_36/CO[3]
                         net (fo=1, unplaced)         0.000     3.417    u_soc_top/u_cpu/u_core/hazard_ctrl/fq_instr_reg[0][31]_i_36_n_0
                         CARRY4 (Prop_carry4_CI_CO[2])
                                                      0.209     3.626 r  u_soc_top/u_cpu/u_core/hazard_ctrl/fq_instr_reg[0][31]_i_28/CO[2]
                         net (fo=1, unplaced)         0.349     3.975    u_soc_top/u_cpu/u_core/reg_id_ex0_ctrl/fq_instr[0][31]_i_7_0[0]
                         LUT5 (Prop_lut5_I4_O)        0.252     4.227 r  u_soc_top/u_cpu/u_core/reg_id_ex0_ctrl/fq_instr[0][31]_i_18/O
                         net (fo=1, unplaced)         0.347     4.574    u_soc_top/u_cpu/u_core/reg_id_ex0_ctrl/fq_instr[0][31]_i_18_n_0
                         LUT6 (Prop_lut6_I5_O)        0.105     4.679 r  u_soc_top/u_cpu/u_core/reg_id_ex0_ctrl/fq_instr[0][31]_i_7/O
                         net (fo=80, unplaced)        0.441     5.120    u_soc_top/u_cpu/u_core/reg_id_ex0_ctrl/if_id_flush
                         LUT5 (Prop_lut5_I0_O)        0.108     5.228 f  u_soc_top/u_cpu/u_core/reg_id_ex0_ctrl/fq_pc[1][31]_i_9/O
                         net (fo=5, unplaced)         0.610     5.838    u_soc_top/u_cpu/u_core/reg_id_ex0_ctrl/fq_pc[1][31]_i_9_n_0
                         LUT6 (Prop_lut6_I1_O)        0.105     5.943 r  u_soc_top/u_cpu/u_core/reg_id_ex0_ctrl/fq_instr[2][31]_i_8/O
                         net (fo=4, unplaced)         0.371     6.314    u_soc_top/u_cpu/u_core/reg_id_ex0_ctrl/fq_instr[2][31]_i_8_n_0
                         LUT6 (Prop_lut6_I4_O)        0.105     6.419 f  u_soc_top/u_cpu/u_core/reg_id_ex0_ctrl/fq_pc[1][31]_i_4/O
                         net (fo=64, unplaced)        0.670     7.089    u_soc_top/u_cpu/u_core/reg_id_ex0_ctrl/fq_pc[1][31]_i_4_n_0
                         LUT6 (Prop_lut6_I0_O)        0.105     7.194 r  u_soc_top/u_cpu/u_core/reg_id_ex0_ctrl/fq_instr[1][10]_i_1/O
                         net (fo=1, unplaced)         0.000     7.194    u_soc_top/u_cpu/u_core/reg_id_ex0_ctrl_n_211
                         FDRE                                         r  u_soc_top/u_cpu/u_core/fq_instr_reg[1][10]/D
  -------------------------------------------------------------------    -------------------

                         (clock cpu_clk rise edge)   10.000    10.000 r  
    K21                                               0.000    10.000 r  clk_50M (IN)
                         net (fo=0)                   0.000    10.000    u_soc_top/pll_clk.u_clk_pll/inst/clk_in1
    K21                  IBUF (Prop_ibuf_I_O)         1.328    11.328 r  u_soc_top/pll_clk.u_clk_pll/inst/clkin1_ibufg/O
                         net (fo=1, unplaced)         0.439    11.767    u_soc_top/pll_clk.u_clk_pll/inst/clk_in1_clk_pll
                         PLLE2_ADV (Prop_plle2_adv_CLKIN1_CLKOUT0)
                                                     -5.039     6.728 r  u_soc_top/pll_clk.u_clk_pll/inst/plle2_adv_inst/CLKOUT0
                         net (fo=1, unplaced)         0.613     7.341    u_soc_top/pll_clk.u_clk_pll/inst/cpu_clk_clk_pll
                         BUFG (Prop_bufg_I_O)         0.077     7.418 r  u_soc_top/pll_clk.u_clk_pll/inst/clkout1_buf/O
                         net (fo=6918, unplaced)      0.439     7.857    u_soc_top/u_cpu/u_core/cpu_clk
                         FDRE                                         r  u_soc_top/u_cpu/u_core/fq_instr_reg[1][10]/C
                         clock pessimism             -0.496     7.361    
                         clock uncertainty           -0.094     7.266    
                         FDRE (Setup_fdre_C_D)        0.029     7.295    u_soc_top/u_cpu/u_core/fq_instr_reg[1][10]
  -------------------------------------------------------------------
                         required time                          7.295    
                         arrival time                          -7.194    
  -------------------------------------------------------------------
                         slack                                  0.102    




