Copyright 1986-2019 Xilinx, Inc. All Rights Reserved.
---------------------------------------------------------------------------------------------------------------------------------------------
| Tool Version : Vivado v.2019.2 (lin64) Build 2708876 Wed Nov  6 21:39:14 MST 2019
| Date         : Tue Aug  4 14:27:32 2026
| Host         : 7d8f1c52e75e running 64-bit Ubuntu 18.04.6 LTS
| Command      : report_timing_summary -delay_type min_max -report_unconstrained -file /workspace/run_vivado/project/impl_timing_summary.rpt
| Design       : thinpad_top
| Device       : 7a200t-fbg676
| Speed File   : -2  PRODUCTION 1.23 2018-06-13
---------------------------------------------------------------------------------------------------------------------------------------------

Timing Summary Report

------------------------------------------------------------------------------------------------
| Timer Settings
| --------------
------------------------------------------------------------------------------------------------

  Enable Multi Corner Analysis               :  Yes
  Enable Pessimism Removal                   :  Yes
  Pessimism Removal Resolution               :  Nearest Common Node
  Enable Input Delay Default Clock           :  No
  Enable Preset / Clear Arcs                 :  No
  Disable Flight Delays                      :  No
  Ignore I/O Paths                           :  No
  Timing Early Launch at Borrowing Latches   :  No
  Borrow Time for Max Delay Exceptions       :  Yes
  Merge Timing Exceptions                    :  Yes

  Corner  Analyze    Analyze    
  Name    Max Paths  Min Paths  
  ------  ---------  ---------  
  Slow    Yes        Yes        
  Fast    Yes        Yes        



check_timing report

Table of Contents
-----------------
1. checking no_clock
2. checking constant_clock
3. checking pulse_width_clock
4. checking unconstrained_internal_endpoints
5. checking no_input_delay
6. checking no_output_delay
7. checking multiple_clock
8. checking generated_clocks
9. checking loops
10. checking partial_input_delay
11. checking partial_output_delay
12. checking latch_loops

1. checking no_clock
--------------------
 There are 0 register/latch pins with no clock.


2. checking constant_clock
--------------------------
 There are 0 register/latch pins with constant_clock.


3. checking pulse_width_clock
-----------------------------
 There are 0 register/latch pins which need pulse_width check


4. checking unconstrained_internal_endpoints
--------------------------------------------
 There are 0 pins that are not constrained for maximum delay.

 There are 0 pins that are not constrained for maximum delay due to constant clock.


5. checking no_input_delay
--------------------------
 There are 34 input ports with no input delay specified. (HIGH)

 There are 0 input ports with no input delay but user has a false path constraint.


6. checking no_output_delay
---------------------------
 There are 34 ports with no output delay specified. (HIGH)

 There are 0 ports with no output delay but user has a false path constraint

 There are 0 ports with no output delay but with a timing clock defined on it or propagating through it


7. checking multiple_clock
--------------------------
 There are 0 register/latch pins with multiple clocks.


8. checking generated_clocks
----------------------------
 There are 0 generated clocks that are not connected to a clock source.


9. checking loops
-----------------
 There are 0 combinational loops in the design.


10. checking partial_input_delay
--------------------------------
 There are 0 input ports with partial input delay specified.


11. checking partial_output_delay
---------------------------------
 There are 0 ports with partial output delay specified.


12. checking latch_loops
------------------------
 There are 0 combinational latch loops in the design through latch input



------------------------------------------------------------------------------------------------
| Design Timing Summary
| ---------------------
------------------------------------------------------------------------------------------------

    WNS(ns)      TNS(ns)  TNS Failing Endpoints  TNS Total Endpoints      WHS(ns)      THS(ns)  THS Failing Endpoints  THS Total Endpoints     WPWS(ns)     TPWS(ns)  TPWS Failing Endpoints  TPWS Total Endpoints  
    -------      -------  ---------------------  -------------------      -------      -------  ---------------------  -------------------     --------     --------  ----------------------  --------------------  
     -0.498      -11.059                     69                23732        0.076        0.000                      0                23732        3.870        0.000                       0                  6424  


Timing constraints are not met.


------------------------------------------------------------------------------------------------
| Clock Summary
| -------------
------------------------------------------------------------------------------------------------

Clock               Waveform(ns)       Period(ns)      Frequency(MHz)
-----               ------------       ----------      --------------
clk_50M             {0.000 10.000}     20.000          50.000          
  clkfbout_clk_pll  {0.000 10.000}     20.000          50.000          
  cpu_clk           {0.000 5.000}      10.000          100.000         
  sys_clk           {0.000 20.000}     40.000          25.000          


------------------------------------------------------------------------------------------------
| Intra Clock Table
| -----------------
------------------------------------------------------------------------------------------------

Clock                   WNS(ns)      TNS(ns)  TNS Failing Endpoints  TNS Total Endpoints      WHS(ns)      THS(ns)  THS Failing Endpoints  THS Total Endpoints     WPWS(ns)     TPWS(ns)  TPWS Failing Endpoints  TPWS Total Endpoints  
-----                   -------      -------  ---------------------  -------------------      -------      -------  ---------------------  -------------------     --------     --------  ----------------------  --------------------  
clk_50M                                                                                                                                                               7.000        0.000                       0                     1  
  clkfbout_clk_pll                                                                                                                                                   18.408        0.000                       0                     3  
  cpu_clk                -0.498      -11.059                     69                20756        0.091        0.000                      0                20756        3.870        0.000                       0                  5310  
  sys_clk                31.100        0.000                      0                 2701        0.076        0.000                      0                 2701       18.870        0.000                       0                  1110  


------------------------------------------------------------------------------------------------
| Inter Clock Table
| -----------------
------------------------------------------------------------------------------------------------

From Clock    To Clock          WNS(ns)      TNS(ns)  TNS Failing Endpoints  TNS Total Endpoints      WHS(ns)      THS(ns)  THS Failing Endpoints  THS Total Endpoints  
----------    --------          -------      -------  ---------------------  -------------------      -------      -------  ---------------------  -------------------  


------------------------------------------------------------------------------------------------
| Other Path Groups Table
| -----------------------
------------------------------------------------------------------------------------------------

Path Group         From Clock         To Clock               WNS(ns)      TNS(ns)  TNS Failing Endpoints  TNS Total Endpoints      WHS(ns)      THS(ns)  THS Failing Endpoints  THS Total Endpoints  
----------         ----------         --------               -------      -------  ---------------------  -------------------      -------      -------  ---------------------  -------------------  
**async_default**  cpu_clk            cpu_clk                  5.483        0.000                      0                   67        0.857        0.000                      0                   67  
**async_default**  sys_clk            sys_clk                 33.135        0.000                      0                  208        0.753        0.000                      0                  208  


------------------------------------------------------------------------------------------------
| User Ignored Path Table
| -----------------------
------------------------------------------------------------------------------------------------

Path Group    From Clock    To Clock    
----------    ----------    --------    
(none)        sys_clk       cpu_clk       
(none)        cpu_clk       sys_clk       


------------------------------------------------------------------------------------------------
| Unconstrained Path Table
| ------------------------
------------------------------------------------------------------------------------------------

Path Group        From Clock        To Clock        
----------        ----------        --------        
(none)            clkfbout_clk_pll                    
(none)            sys_clk                             
(none)                              sys_clk           


------------------------------------------------------------------------------------------------
| Timing Details
| --------------
------------------------------------------------------------------------------------------------


---------------------------------------------------------------------------------------------------
From Clock:  clk_50M
  To Clock:  clk_50M

Setup :           NA  Failing Endpoints,  Worst Slack           NA  ,  Total Violation           NA
Hold  :           NA  Failing Endpoints,  Worst Slack           NA  ,  Total Violation           NA
PW    :            0  Failing Endpoints,  Worst Slack        7.000ns,  Total Violation        0.000ns
---------------------------------------------------------------------------------------------------


Pulse Width Checks
--------------------------------------------------------------------------------------
Clock Name:         clk_50M
Waveform(ns):       { 0.000 10.000 }
Period(ns):         20.000
Sources:            { clk_50M }

Check Type        Corner  Lib Pin           Reference Pin  Required(ns)  Actual(ns)  Slack(ns)  Location        Pin
Min Period        n/a     PLLE2_ADV/CLKIN1  n/a            1.249         20.000      18.751     PLLE2_ADV_X0Y3  u_soc_top/pll_clk.u_clk_pll/inst/plle2_adv_inst/CLKIN1
Max Period        n/a     PLLE2_ADV/CLKIN1  n/a            52.633        20.000      32.633     PLLE2_ADV_X0Y3  u_soc_top/pll_clk.u_clk_pll/inst/plle2_adv_inst/CLKIN1
Low Pulse Width   Slow    PLLE2_ADV/CLKIN1  n/a            3.000         10.000      7.000      PLLE2_ADV_X0Y3  u_soc_top/pll_clk.u_clk_pll/inst/plle2_adv_inst/CLKIN1
High Pulse Width  Fast    PLLE2_ADV/CLKIN1  n/a            3.000         10.000      7.000      PLLE2_ADV_X0Y3  u_soc_top/pll_clk.u_clk_pll/inst/plle2_adv_inst/CLKIN1



---------------------------------------------------------------------------------------------------
From Clock:  clkfbout_clk_pll
  To Clock:  clkfbout_clk_pll

Setup :           NA  Failing Endpoints,  Worst Slack           NA  ,  Total Violation           NA
Hold  :           NA  Failing Endpoints,  Worst Slack           NA  ,  Total Violation           NA
PW    :            0  Failing Endpoints,  Worst Slack       18.408ns,  Total Violation        0.000ns
---------------------------------------------------------------------------------------------------


Pulse Width Checks
--------------------------------------------------------------------------------------
Clock Name:         clkfbout_clk_pll
Waveform(ns):       { 0.000 10.000 }
Period(ns):         20.000
Sources:            { u_soc_top/pll_clk.u_clk_pll/inst/plle2_adv_inst/CLKFBOUT }

Check Type  Corner  Lib Pin            Reference Pin  Required(ns)  Actual(ns)  Slack(ns)  Location        Pin
Min Period  n/a     BUFG/I             n/a            1.592         20.000      18.408     BUFGCTRL_X0Y18  u_soc_top/pll_clk.u_clk_pll/inst/clkf_buf/I
Max Period  n/a     PLLE2_ADV/CLKFBIN  n/a            52.633        20.000      32.633     PLLE2_ADV_X0Y3  u_soc_top/pll_clk.u_clk_pll/inst/plle2_adv_inst/CLKFBIN



---------------------------------------------------------------------------------------------------
From Clock:  cpu_clk
  To Clock:  cpu_clk

Setup :           69  Failing Endpoints,  Worst Slack       -0.498ns,  Total Violation      -11.059ns
Hold  :            0  Failing Endpoints,  Worst Slack        0.091ns,  Total Violation        0.000ns
PW    :            0  Failing Endpoints,  Worst Slack        3.870ns,  Total Violation        0.000ns
---------------------------------------------------------------------------------------------------


Max Delay Paths
--------------------------------------------------------------------------------------
Slack (VIOLATED) :        -0.498ns  (required time - arrival time)
  Source:                 u_soc_top/u_cpu/u_core/fq_instr_reg[0][15]/C
                            (rising edge-triggered cell FDRE clocked by cpu_clk  {rise@0.000ns fall@5.000ns period=10.000ns})
  Destination:            u_soc_top/u_cpu/u_core/pc_reg[10]_rep/D
                            (rising edge-triggered cell FDRE clocked by cpu_clk  {rise@0.000ns fall@5.000ns period=10.000ns})
  Path Group:             cpu_clk
  Path Type:              Setup (Max at Slow Process Corner)
  Requirement:            10.000ns  (cpu_clk rise@10.000ns - cpu_clk rise@0.000ns)
  Data Path Delay:        10.180ns  (logic 3.847ns (37.791%)  route 6.333ns (62.209%))
  Logic Levels:           21  (CARRY4=9 LUT2=1 LUT4=2 LUT5=1 LUT6=7 MUXF7=1)
  Clock Path Skew:        -0.043ns (DCD - SCD + CPR)
    Destination Clock Delay (DCD):    -1.540ns = ( 8.460 - 10.000 ) 
    Source Clock Delay      (SCD):    -1.959ns
    Clock Pessimism Removal (CPR):    -0.462ns
  Clock Uncertainty:      0.094ns  ((TSJ^2 + DJ^2)^1/2) / 2 + PE
    Total System Jitter     (TSJ):    0.071ns
    Discrete Jitter          (DJ):    0.175ns
    Phase Error              (PE):    0.000ns

    Location             Delay type                Incr(ns)  Path(ns)    Netlist Resource(s)
  -------------------------------------------------------------------    -------------------
                         (clock cpu_clk rise edge)    0.000     0.000 r  
    K21                                               0.000     0.000 r  clk_50M (IN)
                         net (fo=0)                   0.000     0.000    u_soc_top/pll_clk.u_clk_pll/inst/clk_in1
    K21                  IBUF (Prop_ibuf_I_O)         1.394     1.394 r  u_soc_top/pll_clk.u_clk_pll/inst/clkin1_ibufg/O
                         net (fo=1, routed)           1.080     2.474    u_soc_top/pll_clk.u_clk_pll/inst/clk_in1_clk_pll
    PLLE2_ADV_X0Y3       PLLE2_ADV (Prop_plle2_adv_CLKIN1_CLKOUT0)
                                                     -7.629    -5.155 r  u_soc_top/pll_clk.u_clk_pll/inst/plle2_adv_inst/CLKOUT0
                         net (fo=1, routed)           1.557    -3.598    u_soc_top/pll_clk.u_clk_pll/inst/cpu_clk_clk_pll
    BUFGCTRL_X0Y16       BUFG (Prop_bufg_I_O)         0.081    -3.517 r  u_soc_top/pll_clk.u_clk_pll/inst/clkout1_buf/O
                         net (fo=5309, routed)        1.558    -1.959    u_soc_top/u_cpu/u_core/cpu_clk
    SLICE_X56Y51         FDRE                                         r  u_soc_top/u_cpu/u_core/fq_instr_reg[0][15]/C
  -------------------------------------------------------------------    -------------------
    SLICE_X56Y51         FDRE (Prop_fdre_C_Q)         0.433    -1.526 r  u_soc_top/u_cpu/u_core/fq_instr_reg[0][15]/Q
                         net (fo=28, routed)          0.997    -0.529    u_soc_top/u_cpu/u_core/reg_id_ex0_data/data_out_reg[83]_0[15]
    SLICE_X50Y49         LUT6 (Prop_lut6_I1_O)        0.105    -0.424 f  u_soc_top/u_cpu/u_core/reg_id_ex0_data/data_out[3]_i_7/O
                         net (fo=1, routed)           0.237    -0.187    u_soc_top/u_cpu/u_core/reg_id_ex0_data/data_out[3]_i_7_n_0
    SLICE_X51Y47         LUT4 (Prop_lut4_I1_O)        0.105    -0.082 r  u_soc_top/u_cpu/u_core/reg_id_ex0_data/data_out[3]_i_6/O
                         net (fo=2, routed)           0.530     0.448    u_soc_top/u_cpu/u_core/reg_id_ex0_data/data_out[3]_i_6_n_0
    SLICE_X50Y49         LUT5 (Prop_lut5_I0_O)        0.105     0.553 r  u_soc_top/u_cpu/u_core/reg_id_ex0_data/data_out[3]_i_2__1/O
                         net (fo=2, routed)           0.360     0.913    u_soc_top/u_cpu/u_core/reg_id_ex0_data/data_out[3]_i_2__1_n_0
    SLICE_X50Y48         LUT6 (Prop_lut6_I2_O)        0.105     1.018 r  u_soc_top/u_cpu/u_core/reg_id_ex0_data/data_out[84]_i_2/O
                         net (fo=2, routed)           0.371     1.389    u_soc_top/u_cpu/u_core/reg_id_ex0_data/data_out[84]_i_2_n_0
    SLICE_X49Y48         LUT6 (Prop_lut6_I0_O)        0.105     1.494 r  u_soc_top/u_cpu/u_core/reg_id_ex0_data/data_out[84]_i_1/O
                         net (fo=3, routed)           0.266     1.760    u_soc_top/u_cpu/u_core/bp_unit/D[1]
    SLICE_X51Y49         LUT2 (Prop_lut2_I1_O)        0.105     1.865 r  u_soc_top/u_cpu/u_core/bp_unit/pc[0]_i_8/O
                         net (fo=1, routed)           0.000     1.865    u_soc_top/u_cpu/u_core/bp_unit/pc[0]_i_8_n_0
    SLICE_X51Y49         CARRY4 (Prop_carry4_S[1]_CO[3])
                                                      0.457     2.322 r  u_soc_top/u_cpu/u_core/bp_unit/pc_reg[0]_i_3/CO[3]
                         net (fo=1, routed)           0.001     2.323    u_soc_top/u_cpu/u_core/bp_unit/pc_reg[0]_i_3_n_0
    SLICE_X51Y50         CARRY4 (Prop_carry4_CI_CO[3])
                                                      0.098     2.421 r  u_soc_top/u_cpu/u_core/bp_unit/pc_reg[7]_i_4/CO[3]
                         net (fo=1, routed)           0.000     2.421    u_soc_top/u_cpu/u_core/bp_unit/pc_reg[7]_i_4_n_0
    SLICE_X51Y51         CARRY4 (Prop_carry4_CI_CO[3])
                                                      0.098     2.519 r  u_soc_top/u_cpu/u_core/bp_unit/pc_reg[11]_i_4/CO[3]
                         net (fo=1, routed)           0.000     2.519    u_soc_top/u_cpu/u_core/bp_unit/pc_reg[11]_i_4_n_0
    SLICE_X51Y52         CARRY4 (Prop_carry4_CI_CO[3])
                                                      0.098     2.617 r  u_soc_top/u_cpu/u_core/bp_unit/pc_reg[15]_i_4/CO[3]
                         net (fo=1, routed)           0.000     2.617    u_soc_top/u_cpu/u_core/bp_unit/pc_reg[15]_i_4_n_0
    SLICE_X51Y53         CARRY4 (Prop_carry4_CI_CO[3])
                                                      0.098     2.715 r  u_soc_top/u_cpu/u_core/bp_unit/pc_reg[19]_i_4/CO[3]
                         net (fo=1, routed)           0.000     2.715    u_soc_top/u_cpu/u_core/bp_unit/pc_reg[19]_i_4_n_0
    SLICE_X51Y54         CARRY4 (Prop_carry4_CI_CO[3])
                                                      0.098     2.813 r  u_soc_top/u_cpu/u_core/bp_unit/pc_reg[23]_i_4/CO[3]
                         net (fo=1, routed)           0.000     2.813    u_soc_top/u_cpu/u_core/bp_unit/pc_reg[23]_i_4_n_0
    SLICE_X51Y55         CARRY4 (Prop_carry4_CI_CO[3])
                                                      0.098     2.911 r  u_soc_top/u_cpu/u_core/bp_unit/pc_reg[27]_i_4/CO[3]
                         net (fo=1, routed)           0.000     2.911    u_soc_top/u_cpu/u_core/bp_unit/pc_reg[27]_i_4_n_0
    SLICE_X51Y56         CARRY4 (Prop_carry4_CI_O[1])
                                                      0.265     3.176 r  u_soc_top/u_cpu/u_core/bp_unit/pc_reg[31]_i_9/O[1]
                         net (fo=3, routed)           0.614     3.790    u_soc_top/u_cpu/u_core/bp_unit/bp_jump_pc[29]
    SLICE_X55Y57         LUT6 (Prop_lut6_I4_O)        0.250     4.040 r  u_soc_top/u_cpu/u_core/bp_unit/data_out[15]_i_36/O
                         net (fo=1, routed)           0.000     4.040    u_soc_top/u_cpu/u_core/hazard_ctrl/data_out[15]_i_6[1]
    SLICE_X55Y57         CARRY4 (Prop_carry4_S[1]_CO[2])
                                                      0.475     4.515 r  u_soc_top/u_cpu/u_core/hazard_ctrl/data_out_reg[15]_i_21/CO[2]
                         net (fo=1, routed)           0.367     4.882    u_soc_top/u_cpu/u_core/reg_id_ex0_ctrl/fq_pc_reg[1][9]_4[0]
    SLICE_X50Y57         LUT6 (Prop_lut6_I5_O)        0.261     5.143 r  u_soc_top/u_cpu/u_core/reg_id_ex0_ctrl/data_out[15]_i_6/O
                         net (fo=142, routed)         0.493     5.636    u_soc_top/u_cpu/u_core/reg_id_ex1_data/if_id_flush
    SLICE_X51Y57         LUT4 (Prop_lut4_I2_O)        0.105     5.741 r  u_soc_top/u_cpu/u_core/reg_id_ex1_data/pc[1]_i_6/O
                         net (fo=2, routed)           0.940     6.681    u_soc_top/u_cpu/u_core/if_stage/pc_reg[1]_0
    SLICE_X43Y58         LUT6 (Prop_lut6_I3_O)        0.105     6.786 r  u_soc_top/u_cpu/u_core/if_stage/pc[1]_i_3/O
                         net (fo=31, routed)          0.640     7.426    u_soc_top/u_cpu/u_core/if_stage/fq_valid_reg[2]
    SLICE_X42Y56         LUT6 (Prop_lut6_I0_O)        0.105     7.531 r  u_soc_top/u_cpu/u_core/if_stage/pc[10]_i_2/O
                         net (fo=1, routed)           0.000     7.531    u_soc_top/u_cpu/u_core/reg_id_ex0_data/pc_reg[10]_rep__4
    SLICE_X42Y56         MUXF7 (Prop_muxf7_I0_O)      0.173     7.704 r  u_soc_top/u_cpu/u_core/reg_id_ex0_data/pc_reg[10]_i_1/O
                         net (fo=7, routed)           0.516     8.220    u_soc_top/u_cpu/u_core/next_pc_reg[10]
    SLICE_X43Y56         FDRE                                         r  u_soc_top/u_cpu/u_core/pc_reg[10]_rep/D
  -------------------------------------------------------------------    -------------------

                         (clock cpu_clk rise edge)   10.000    10.000 r  
    K21                                               0.000    10.000 r  clk_50M (IN)
                         net (fo=0)                   0.000    10.000    u_soc_top/pll_clk.u_clk_pll/inst/clk_in1
    K21                  IBUF (Prop_ibuf_I_O)         1.328    11.328 r  u_soc_top/pll_clk.u_clk_pll/inst/clkin1_ibufg/O
                         net (fo=1, routed)           1.019    12.347    u_soc_top/pll_clk.u_clk_pll/inst/clk_in1_clk_pll
    PLLE2_ADV_X0Y3       PLLE2_ADV (Prop_plle2_adv_CLKIN1_CLKOUT0)
                                                     -6.890     5.457 r  u_soc_top/pll_clk.u_clk_pll/inst/plle2_adv_inst/CLKOUT0
                         net (fo=1, routed)           1.484     6.942    u_soc_top/pll_clk.u_clk_pll/inst/cpu_clk_clk_pll
    BUFGCTRL_X0Y16       BUFG (Prop_bufg_I_O)         0.077     7.019 r  u_soc_top/pll_clk.u_clk_pll/inst/clkout1_buf/O
                         net (fo=5309, routed)        1.441     8.460    u_soc_top/u_cpu/u_core/cpu_clk
    SLICE_X43Y56         FDRE                                         r  u_soc_top/u_cpu/u_core/pc_reg[10]_rep/C
                         clock pessimism             -0.462     7.998    
                         clock uncertainty           -0.094     7.903    
    SLICE_X43Y56         FDRE (Setup_fdre_C_D)       -0.181     7.722    u_soc_top/u_cpu/u_core/pc_reg[10]_rep
  -------------------------------------------------------------------
                         required time                          7.722    
                         arrival time                          -8.220    
  -------------------------------------------------------------------
                         slack                                 -0.498    





Min Delay Paths
--------------------------------------------------------------------------------------
Slack (MET) :             0.091ns  (arrival time - required time)
  Source:                 u_soc_top/u_Axi_CDC/awFifo/pushCC_pushPtr_reg[0]/C
                            (rising edge-triggered cell FDCE clocked by cpu_clk  {rise@0.000ns fall@5.000ns period=10.000ns})
  Destination:            u_soc_top/u_Axi_CDC/awFifo/ram_reg_0_3_6_11/RAMA/WADR0
                            (rising edge-triggered cell RAMD32 clocked by cpu_clk  {rise@0.000ns fall@5.000ns period=10.000ns})
  Path Group:             cpu_clk
  Path Type:              Hold (Min at Fast Process Corner)
  Requirement:            0.000ns  (cpu_clk rise@0.000ns - cpu_clk rise@0.000ns)
  Data Path Delay:        0.439ns  (logic 0.141ns (32.144%)  route 0.298ns (67.856%))
  Logic Levels:           0  
  Clock Path Skew:        0.038ns (DCD - SCD - CPR)
    Destination Clock Delay (DCD):    -0.354ns
    Source Clock Delay      (SCD):    -0.584ns
    Clock Pessimism Removal (CPR):    0.192ns

    Location             Delay type                Incr(ns)  Path(ns)    Netlist Resource(s)
  -------------------------------------------------------------------    -------------------
                         (clock cpu_clk rise edge)    0.000     0.000 r  
    K21                                               0.000     0.000 r  clk_50M (IN)
                         net (fo=0)                   0.000     0.000    u_soc_top/pll_clk.u_clk_pll/inst/clk_in1
    K21                  IBUF (Prop_ibuf_I_O)         0.231     0.231 r  u_soc_top/pll_clk.u_clk_pll/inst/clkin1_ibufg/O
                         net (fo=1, routed)           0.440     0.671    u_soc_top/pll_clk.u_clk_pll/inst/clk_in1_clk_pll
    PLLE2_ADV_X0Y3       PLLE2_ADV (Prop_plle2_adv_CLKIN1_CLKOUT0)
                                                     -2.520    -1.848 r  u_soc_top/pll_clk.u_clk_pll/inst/plle2_adv_inst/CLKOUT0
                         net (fo=1, routed)           0.560    -1.289    u_soc_top/pll_clk.u_clk_pll/inst/cpu_clk_clk_pll
    BUFGCTRL_X0Y16       BUFG (Prop_bufg_I_O)         0.026    -1.263 r  u_soc_top/pll_clk.u_clk_pll/inst/clkout1_buf/O
                         net (fo=5309, routed)        0.678    -0.584    u_soc_top/u_Axi_CDC/awFifo/clk
    SLICE_X39Y67         FDCE                                         r  u_soc_top/u_Axi_CDC/awFifo/pushCC_pushPtr_reg[0]/C
  -------------------------------------------------------------------    -------------------
    SLICE_X39Y67         FDCE (Prop_fdce_C_Q)         0.141    -0.443 r  u_soc_top/u_Axi_CDC/awFifo/pushCC_pushPtr_reg[0]/Q
                         net (fo=52, routed)          0.298    -0.146    u_soc_top/u_Axi_CDC/awFifo/ram_reg_0_3_6_11/ADDRD0
    SLICE_X36Y66         RAMD32                                       r  u_soc_top/u_Axi_CDC/awFifo/ram_reg_0_3_6_11/RAMA/WADR0
  -------------------------------------------------------------------    -------------------

                         (clock cpu_clk rise edge)    0.000     0.000 r  
    K21                                               0.000     0.000 r  clk_50M (IN)
                         net (fo=0)                   0.000     0.000    u_soc_top/pll_clk.u_clk_pll/inst/clk_in1
    K21                  IBUF (Prop_ibuf_I_O)         0.419     0.419 r  u_soc_top/pll_clk.u_clk_pll/inst/clkin1_ibufg/O
                         net (fo=1, routed)           0.481     0.900    u_soc_top/pll_clk.u_clk_pll/inst/clk_in1_clk_pll
    PLLE2_ADV_X0Y3       PLLE2_ADV (Prop_plle2_adv_CLKIN1_CLKOUT0)
                                                     -2.847    -1.947 r  u_soc_top/pll_clk.u_clk_pll/inst/plle2_adv_inst/CLKOUT0
                         net (fo=1, routed)           0.611    -1.337    u_soc_top/pll_clk.u_clk_pll/inst/cpu_clk_clk_pll
    BUFGCTRL_X0Y16       BUFG (Prop_bufg_I_O)         0.029    -1.308 r  u_soc_top/pll_clk.u_clk_pll/inst/clkout1_buf/O
                         net (fo=5309, routed)        0.954    -0.354    u_soc_top/u_Axi_CDC/awFifo/ram_reg_0_3_6_11/WCLK
    SLICE_X36Y66         RAMD32                                       r  u_soc_top/u_Axi_CDC/awFifo/ram_reg_0_3_6_11/RAMA/CLK
                         clock pessimism             -0.192    -0.546    
    SLICE_X36Y66         RAMD32 (Hold_ramd32_CLK_WADR0)
                                                      0.310    -0.236    u_soc_top/u_Axi_CDC/awFifo/ram_reg_0_3_6_11/RAMA
  -------------------------------------------------------------------
                         required time                          0.236    
                         arrival time                          -0.146    
  -------------------------------------------------------------------
                         slack                                  0.091    





Pulse Width Checks
--------------------------------------------------------------------------------------
Clock Name:         cpu_clk
Waveform(ns):       { 0.000 5.000 }
Period(ns):         10.000
Sources:            { u_soc_top/pll_clk.u_clk_pll/inst/plle2_adv_inst/CLKOUT0 }

Check Type        Corner  Lib Pin            Reference Pin  Required(ns)  Actual(ns)  Slack(ns)  Location        Pin
Min Period        n/a     DSP48E1/CLK        n/a            1.816         10.000      8.184      DSP48_X2Y17     u_soc_top/u_cpu/u_core/mul_p0_reg_reg/CLK
Max Period        n/a     PLLE2_ADV/CLKOUT0  n/a            160.000       10.000      150.000    PLLE2_ADV_X0Y3  u_soc_top/pll_clk.u_clk_pll/inst/plle2_adv_inst/CLKOUT0
Low Pulse Width   Fast    RAMD64E/CLK        n/a            1.130         5.000       3.870      SLICE_X74Y65    u_icache/g_data_word[3].u_data_ram/g_dist.mem_reg_0_127_27_27/SP.HIGH/CLK
High Pulse Width  Slow    RAMD64E/CLK        n/a            1.130         5.000       3.870      SLICE_X80Y62    u_icache/g_data_word[3].u_data_ram/g_dist.mem_reg_0_127_28_28/DP.HIGH/CLK



---------------------------------------------------------------------------------------------------
From Clock:  sys_clk
  To Clock:  sys_clk

Setup :            0  Failing Endpoints,  Worst Slack       31.100ns,  Total Violation        0.000ns
Hold  :            0  Failing Endpoints,  Worst Slack        0.076ns,  Total Violation        0.000ns
PW    :            0  Failing Endpoints,  Worst Slack       18.870ns,  Total Violation        0.000ns
---------------------------------------------------------------------------------------------------


Max Delay Paths
--------------------------------------------------------------------------------------
Slack (MET) :             31.100ns  (required time - arrival time)
  Source:                 u_soc_top/u_Axi_CDC/awFifo/popCC_addressGen_rValid_reg/C
                            (rising edge-triggered cell FDCE clocked by sys_clk  {rise@0.000ns fall@20.000ns period=40.000ns})
  Destination:            u_soc_top/u_AxiCrossbar_2x8/axiIn_0_writeOnly_decoder/pendingSels_reg[0]/CE
                            (rising edge-triggered cell FDCE clocked by sys_clk  {rise@0.000ns fall@20.000ns period=40.000ns})
  Path Group:             sys_clk
  Path Type:              Setup (Max at Slow Process Corner)
  Requirement:            40.000ns  (sys_clk rise@40.000ns - sys_clk rise@0.000ns)
  Data Path Delay:        8.400ns  (logic 1.494ns (17.786%)  route 6.906ns (82.214%))
  Logic Levels:           7  (LUT2=3 LUT5=2 LUT6=2)
  Clock Path Skew:        -0.042ns (DCD - SCD + CPR)
    Destination Clock Delay (DCD):    -1.550ns = ( 38.450 - 40.000 ) 
    Source Clock Delay      (SCD):    -1.970ns
    Clock Pessimism Removal (CPR):    -0.462ns
  Clock Uncertainty:      0.129ns  ((TSJ^2 + DJ^2)^1/2) / 2 + PE
    Total System Jitter     (TSJ):    0.071ns
    Discrete Jitter          (DJ):    0.247ns
    Phase Error              (PE):    0.000ns

    Location             Delay type                Incr(ns)  Path(ns)    Netlist Resource(s)
  -------------------------------------------------------------------    -------------------
                         (clock sys_clk rise edge)    0.000     0.000 r  
    K21                                               0.000     0.000 r  clk_50M (IN)
                         net (fo=0)                   0.000     0.000    u_soc_top/pll_clk.u_clk_pll/inst/clk_in1
    K21                  IBUF (Prop_ibuf_I_O)         1.394     1.394 r  u_soc_top/pll_clk.u_clk_pll/inst/clkin1_ibufg/O
                         net (fo=1, routed)           1.080     2.474    u_soc_top/pll_clk.u_clk_pll/inst/clk_in1_clk_pll
    PLLE2_ADV_X0Y3       PLLE2_ADV (Prop_plle2_adv_CLKIN1_CLKOUT1)
                                                     -7.629    -5.155 r  u_soc_top/pll_clk.u_clk_pll/inst/plle2_adv_inst/CLKOUT1
                         net (fo=1, routed)           1.557    -3.598    u_soc_top/pll_clk.u_clk_pll/inst/sys_clk_clk_pll
    BUFGCTRL_X0Y17       BUFG (Prop_bufg_I_O)         0.081    -3.517 r  u_soc_top/pll_clk.u_clk_pll/inst/clkout2_buf/O
                         net (fo=1108, routed)        1.547    -1.970    u_soc_top/u_Axi_CDC/awFifo/sys_clk
    SLICE_X47Y69         FDCE                                         r  u_soc_top/u_Axi_CDC/awFifo/popCC_addressGen_rValid_reg/C
  -------------------------------------------------------------------    -------------------
    SLICE_X47Y69         FDCE (Prop_fdce_C_Q)         0.379    -1.591 r  u_soc_top/u_Axi_CDC/awFifo/popCC_addressGen_rValid_reg/Q
                         net (fo=10, routed)          1.195    -0.396    u_soc_top/u_Axi_CDC/awFifo/cpu_sync_awvalid
    SLICE_X37Y69         LUT5 (Prop_lut5_I0_O)        0.105    -0.291 r  u_soc_top/u_Axi_CDC/awFifo/pendingSels[1]_i_2__0/O
                         net (fo=3, routed)           0.348     0.057    u_soc_top/u_Axi_CDC/awFifo/pendingSels[1]_i_2__0_n_0
    SLICE_X38Y68         LUT6 (Prop_lut6_I2_O)        0.105     0.162 r  u_soc_top/u_Axi_CDC/awFifo/pendingSels[7]_i_3/O
                         net (fo=5, routed)           1.413     1.575    u_soc_top/u_Axi_CDC/awFifo/pendingSels[7]_i_3_n_0
    SLICE_X54Y80         LUT2 (Prop_lut2_I0_O)        0.105     1.680 r  u_soc_top/u_Axi_CDC/awFifo/pendingSels[5]_i_2/O
                         net (fo=6, routed)           0.385     2.064    u_soc_top/u_Axi_CDC/awFifo/pendingSels[5]_i_2_n_0
    SLICE_X54Y80         LUT5 (Prop_lut5_I4_O)        0.126     2.190 f  u_soc_top/u_Axi_CDC/awFifo/_zz_cmdAllowedStart_i_7/O
                         net (fo=1, routed)           0.635     2.825    u_soc_top/u_Axi_CDC/awFifo/_zz_cmdAllowedStart_i_7_n_0
    SLICE_X53Y80         LUT6 (Prop_lut6_I1_O)        0.267     3.092 r  u_soc_top/u_Axi_CDC/awFifo/_zz_cmdAllowedStart_i_3/O
                         net (fo=10, routed)          1.021     4.114    u_soc_top/u_Axi_CDC/awFifo/pendingCmdCounter_value_reg[1]
    SLICE_X47Y69         LUT2 (Prop_lut2_I0_O)        0.126     4.240 r  u_soc_top/u_Axi_CDC/awFifo/consumeData_i_2/O
                         net (fo=16, routed)          1.509     5.748    u_soc_top/u_Axi_CDC/awFifo/popCC_addressGen_rValid_reg_0
    SLICE_X55Y79         LUT2 (Prop_lut2_I0_O)        0.281     6.029 r  u_soc_top/u_Axi_CDC/awFifo/pendingSels[7]_i_1/O
                         net (fo=9, routed)           0.400     6.430    u_soc_top/u_AxiCrossbar_2x8/axiIn_0_writeOnly_decoder/E[0]
    SLICE_X55Y80         FDCE                                         r  u_soc_top/u_AxiCrossbar_2x8/axiIn_0_writeOnly_decoder/pendingSels_reg[0]/CE
  -------------------------------------------------------------------    -------------------

                         (clock sys_clk rise edge)   40.000    40.000 r  
    K21                                               0.000    40.000 r  clk_50M (IN)
                         net (fo=0)                   0.000    40.000    u_soc_top/pll_clk.u_clk_pll/inst/clk_in1
    K21                  IBUF (Prop_ibuf_I_O)         1.328    41.328 r  u_soc_top/pll_clk.u_clk_pll/inst/clkin1_ibufg/O
                         net (fo=1, routed)           1.019    42.347    u_soc_top/pll_clk.u_clk_pll/inst/clk_in1_clk_pll
    PLLE2_ADV_X0Y3       PLLE2_ADV (Prop_plle2_adv_CLKIN1_CLKOUT1)
                                                     -6.890    35.457 r  u_soc_top/pll_clk.u_clk_pll/inst/plle2_adv_inst/CLKOUT1
                         net (fo=1, routed)           1.484    36.942    u_soc_top/pll_clk.u_clk_pll/inst/sys_clk_clk_pll
    BUFGCTRL_X0Y17       BUFG (Prop_bufg_I_O)         0.077    37.019 r  u_soc_top/pll_clk.u_clk_pll/inst/clkout2_buf/O
                         net (fo=1108, routed)        1.431    38.450    u_soc_top/u_AxiCrossbar_2x8/axiIn_0_writeOnly_decoder/sys_clk
    SLICE_X55Y80         FDCE                                         r  u_soc_top/u_AxiCrossbar_2x8/axiIn_0_writeOnly_decoder/pendingSels_reg[0]/C
                         clock pessimism             -0.462    37.988    
                         clock uncertainty           -0.129    37.859    
    SLICE_X55Y80         FDCE (Setup_fdce_C_CE)      -0.330    37.529    u_soc_top/u_AxiCrossbar_2x8/axiIn_0_writeOnly_decoder/pendingSels_reg[0]
  -------------------------------------------------------------------
                         required time                         37.529    
                         arrival time                          -6.430    
  -------------------------------------------------------------------
                         slack                                 31.100    





Min Delay Paths
--------------------------------------------------------------------------------------
Slack (MET) :             0.076ns  (arrival time - required time)
  Source:                 u_soc_top/u_AxiCrossbar_2x8/axi4WriteOnlyArbiter_7/cmdRouteFork_translated_fifo/fifo/logic_ptr_push_reg[0]/C
                            (rising edge-triggered cell FDCE clocked by sys_clk  {rise@0.000ns fall@20.000ns period=40.000ns})
  Destination:            axi4WriteOnlyArbiter_7/cmdRouteFork_translated_fifo/fifo/logic_ram_reg_0_3_0_0/DP/WADR0
                            (rising edge-triggered cell RAMD32 clocked by sys_clk  {rise@0.000ns fall@20.000ns period=40.000ns})
  Path Group:             sys_clk
  Path Type:              Hold (Min at Fast Process Corner)
  Requirement:            0.000ns  (sys_clk rise@0.000ns - sys_clk rise@0.000ns)
  Data Path Delay:        0.399ns  (logic 0.141ns (35.348%)  route 0.258ns (64.653%))
  Logic Levels:           0  
  Clock Path Skew:        0.013ns (DCD - SCD - CPR)
    Destination Clock Delay (DCD):    -0.392ns
    Source Clock Delay      (SCD):    -0.618ns
    Clock Pessimism Removal (CPR):    0.213ns

    Location             Delay type                Incr(ns)  Path(ns)    Netlist Resource(s)
  -------------------------------------------------------------------    -------------------
                         (clock sys_clk rise edge)    0.000     0.000 r  
    K21                                               0.000     0.000 r  clk_50M (IN)
                         net (fo=0)                   0.000     0.000    u_soc_top/pll_clk.u_clk_pll/inst/clk_in1
    K21                  IBUF (Prop_ibuf_I_O)         0.231     0.231 r  u_soc_top/pll_clk.u_clk_pll/inst/clkin1_ibufg/O
                         net (fo=1, routed)           0.440     0.671    u_soc_top/pll_clk.u_clk_pll/inst/clk_in1_clk_pll
    PLLE2_ADV_X0Y3       PLLE2_ADV (Prop_plle2_adv_CLKIN1_CLKOUT1)
                                                     -2.520    -1.848 r  u_soc_top/pll_clk.u_clk_pll/inst/plle2_adv_inst/CLKOUT1
                         net (fo=1, routed)           0.560    -1.289    u_soc_top/pll_clk.u_clk_pll/inst/sys_clk_clk_pll
    BUFGCTRL_X0Y17       BUFG (Prop_bufg_I_O)         0.026    -1.263 r  u_soc_top/pll_clk.u_clk_pll/inst/clkout2_buf/O
                         net (fo=1108, routed)        0.644    -0.618    u_soc_top/u_AxiCrossbar_2x8/axi4WriteOnlyArbiter_7/cmdRouteFork_translated_fifo/fifo/sys_clk
    SLICE_X59Y81         FDCE                                         r  u_soc_top/u_AxiCrossbar_2x8/axi4WriteOnlyArbiter_7/cmdRouteFork_translated_fifo/fifo/logic_ptr_push_reg[0]/C
  -------------------------------------------------------------------    -------------------
    SLICE_X59Y81         FDCE (Prop_fdce_C_Q)         0.141    -0.477 r  u_soc_top/u_AxiCrossbar_2x8/axi4WriteOnlyArbiter_7/cmdRouteFork_translated_fifo/fifo/logic_ptr_push_reg[0]/Q
                         net (fo=8, routed)           0.258    -0.219    axi4WriteOnlyArbiter_7/cmdRouteFork_translated_fifo/fifo/logic_ram_reg_0_3_0_0/A0
    SLICE_X60Y80         RAMD32                                       r  axi4WriteOnlyArbiter_7/cmdRouteFork_translated_fifo/fifo/logic_ram_reg_0_3_0_0/DP/WADR0
  -------------------------------------------------------------------    -------------------

                         (clock sys_clk rise edge)    0.000     0.000 r  
    K21                                               0.000     0.000 r  clk_50M (IN)
                         net (fo=0)                   0.000     0.000    u_soc_top/pll_clk.u_clk_pll/inst/clk_in1
    K21                  IBUF (Prop_ibuf_I_O)         0.419     0.419 r  u_soc_top/pll_clk.u_clk_pll/inst/clkin1_ibufg/O
                         net (fo=1, routed)           0.481     0.900    u_soc_top/pll_clk.u_clk_pll/inst/clk_in1_clk_pll
    PLLE2_ADV_X0Y3       PLLE2_ADV (Prop_plle2_adv_CLKIN1_CLKOUT1)
                                                     -2.847    -1.947 r  u_soc_top/pll_clk.u_clk_pll/inst/plle2_adv_inst/CLKOUT1
                         net (fo=1, routed)           0.611    -1.337    u_soc_top/pll_clk.u_clk_pll/inst/sys_clk_clk_pll
    BUFGCTRL_X0Y17       BUFG (Prop_bufg_I_O)         0.029    -1.308 r  u_soc_top/pll_clk.u_clk_pll/inst/clkout2_buf/O
                         net (fo=1108, routed)        0.916    -0.392    axi4WriteOnlyArbiter_7/cmdRouteFork_translated_fifo/fifo/logic_ram_reg_0_3_0_0/WCLK
    SLICE_X60Y80         RAMD32                                       r  axi4WriteOnlyArbiter_7/cmdRouteFork_translated_fifo/fifo/logic_ram_reg_0_3_0_0/DP/CLK
                         clock pessimism             -0.213    -0.605    
    SLICE_X60Y80         RAMD32 (Hold_ramd32_CLK_WADR0)
                                                      0.310    -0.295    axi4WriteOnlyArbiter_7/cmdRouteFork_translated_fifo/fifo/logic_ram_reg_0_3_0_0/DP
  -------------------------------------------------------------------
                         required time                          0.295    
                         arrival time                          -0.219    
  -------------------------------------------------------------------
                         slack                                  0.076    





Pulse Width Checks
--------------------------------------------------------------------------------------
Clock Name:         sys_clk
Waveform(ns):       { 0.000 20.000 }
Period(ns):         40.000
Sources:            { u_soc_top/pll_clk.u_clk_pll/inst/plle2_adv_inst/CLKOUT1 }

Check Type        Corner  Lib Pin            Reference Pin  Required(ns)  Actual(ns)  Slack(ns)  Location        Pin
Min Period        n/a     BUFG/I             n/a            1.592         40.000      38.408     BUFGCTRL_X0Y17  u_soc_top/pll_clk.u_clk_pll/inst/clkout2_buf/I
Max Period        n/a     PLLE2_ADV/CLKOUT1  n/a            160.000       40.000      120.000    PLLE2_ADV_X0Y3  u_soc_top/pll_clk.u_clk_pll/inst/plle2_adv_inst/CLKOUT1
Low Pulse Width   Fast    RAMD32/CLK         n/a            1.130         20.000      18.870     SLICE_X36Y87    u_soc_top/u_axi_uart_controller/uart0/regs/receiver/fifo_rx/rfifo/ram_reg_0_15_6_7/RAMA/CLK
High Pulse Width  Slow    RAMD32/CLK         n/a            1.130         20.000      18.870     SLICE_X56Y84    axi4WriteOnlyArbiter_6/cmdRouteFork_translated_fifo/fifo/logic_ram_reg_0_3_0_0/DP/CLK



---------------------------------------------------------------------------------------------------
Path Group:  **async_default**
From Clock:  cpu_clk
  To Clock:  cpu_clk

Setup :            0  Failing Endpoints,  Worst Slack        5.483ns,  Total Violation        0.000ns
Hold  :            0  Failing Endpoints,  Worst Slack        0.857ns,  Total Violation        0.000ns
---------------------------------------------------------------------------------------------------


Max Delay Paths
--------------------------------------------------------------------------------------
Slack (MET) :             5.483ns  (required time - arrival time)
  Source:                 u_soc_top/pll_clk.u_rst_cpu/delay_reg[1]/C
                            (rising edge-triggered cell FDCE clocked by cpu_clk  {rise@0.000ns fall@5.000ns period=10.000ns})
  Destination:            u_soc_top/u_Axi_CDC/arFifo/popToPushGray_buffercc/buffers_0_reg[1]/CLR
                            (recovery check against rising-edge clock cpu_clk  {rise@0.000ns fall@5.000ns period=10.000ns})
  Path Group:             **async_default**
  Path Type:              Recovery (Max at Slow Process Corner)
  Requirement:            10.000ns  (cpu_clk rise@10.000ns - cpu_clk rise@0.000ns)
  Data Path Delay:        3.901ns  (logic 0.505ns (12.944%)  route 3.396ns (87.056%))
  Logic Levels:           1  (LUT1=1)
  Clock Path Skew:        -0.028ns (DCD - SCD + CPR)
    Destination Clock Delay (DCD):    -1.553ns = ( 8.447 - 10.000 ) 
    Source Clock Delay      (SCD):    -1.971ns
    Clock Pessimism Removal (CPR):    -0.446ns
  Clock Uncertainty:      0.094ns  ((TSJ^2 + DJ^2)^1/2) / 2 + PE
    Total System Jitter     (TSJ):    0.071ns
    Discrete Jitter          (DJ):    0.175ns
    Phase Error              (PE):    0.000ns

    Location             Delay type                Incr(ns)  Path(ns)    Netlist Resource(s)
  -------------------------------------------------------------------    -------------------
                         (clock cpu_clk rise edge)    0.000     0.000 r  
    K21                                               0.000     0.000 r  clk_50M (IN)
                         net (fo=0)                   0.000     0.000    u_soc_top/pll_clk.u_clk_pll/inst/clk_in1
    K21                  IBUF (Prop_ibuf_I_O)         1.394     1.394 r  u_soc_top/pll_clk.u_clk_pll/inst/clkin1_ibufg/O
                         net (fo=1, routed)           1.080     2.474    u_soc_top/pll_clk.u_clk_pll/inst/clk_in1_clk_pll
    PLLE2_ADV_X0Y3       PLLE2_ADV (Prop_plle2_adv_CLKIN1_CLKOUT0)
                                                     -7.629    -5.155 r  u_soc_top/pll_clk.u_clk_pll/inst/plle2_adv_inst/CLKOUT0
                         net (fo=1, routed)           1.557    -3.598    u_soc_top/pll_clk.u_clk_pll/inst/cpu_clk_clk_pll
    BUFGCTRL_X0Y16       BUFG (Prop_bufg_I_O)         0.081    -3.517 r  u_soc_top/pll_clk.u_clk_pll/inst/clkout1_buf/O
                         net (fo=5309, routed)        1.546    -1.971    u_soc_top/pll_clk.u_rst_cpu/clk
    SLICE_X57Y69         FDCE                                         r  u_soc_top/pll_clk.u_rst_cpu/delay_reg[1]/C
  -------------------------------------------------------------------    -------------------
    SLICE_X57Y69         FDCE (Prop_fdce_C_Q)         0.379    -1.592 r  u_soc_top/pll_clk.u_rst_cpu/delay_reg[1]/Q
                         net (fo=25, routed)          1.228    -0.364    u_soc_top/pll_clk.u_rst_cpu/Q[0]
    SLICE_X34Y69         LUT1 (Prop_lut1_I0_O)        0.126    -0.238 f  u_soc_top/pll_clk.u_rst_cpu/FSM_onehot_state[2]_i_1/O
                         net (fo=2317, routed)        2.169     1.930    u_soc_top/u_Axi_CDC/arFifo/popToPushGray_buffercc/buffers_0_reg[0]_0
    SLICE_X55Y72         FDCE                                         f  u_soc_top/u_Axi_CDC/arFifo/popToPushGray_buffercc/buffers_0_reg[1]/CLR
  -------------------------------------------------------------------    -------------------

                         (clock cpu_clk rise edge)   10.000    10.000 r  
    K21                                               0.000    10.000 r  clk_50M (IN)
                         net (fo=0)                   0.000    10.000    u_soc_top/pll_clk.u_clk_pll/inst/clk_in1
    K21                  IBUF (Prop_ibuf_I_O)         1.328    11.328 r  u_soc_top/pll_clk.u_clk_pll/inst/clkin1_ibufg/O
                         net (fo=1, routed)           1.019    12.347    u_soc_top/pll_clk.u_clk_pll/inst/clk_in1_clk_pll
    PLLE2_ADV_X0Y3       PLLE2_ADV (Prop_plle2_adv_CLKIN1_CLKOUT0)
                                                     -6.890     5.457 r  u_soc_top/pll_clk.u_clk_pll/inst/plle2_adv_inst/CLKOUT0
                         net (fo=1, routed)           1.484     6.942    u_soc_top/pll_clk.u_clk_pll/inst/cpu_clk_clk_pll
    BUFGCTRL_X0Y16       BUFG (Prop_bufg_I_O)         0.077     7.019 r  u_soc_top/pll_clk.u_clk_pll/inst/clkout1_buf/O
                         net (fo=5309, routed)        1.428     8.447    u_soc_top/u_Axi_CDC/arFifo/popToPushGray_buffercc/clk
    SLICE_X55Y72         FDCE                                         r  u_soc_top/u_Axi_CDC/arFifo/popToPushGray_buffercc/buffers_0_reg[1]/C
                         clock pessimism             -0.446     8.001    
                         clock uncertainty           -0.094     7.906    
    SLICE_X55Y72         FDCE (Recov_fdce_C_CLR)     -0.493     7.413    u_soc_top/u_Axi_CDC/arFifo/popToPushGray_buffercc/buffers_0_reg[1]
  -------------------------------------------------------------------
                         required time                          7.413    
                         arrival time                          -1.930    
  -------------------------------------------------------------------
                         slack                                  5.483    





Min Delay Paths
--------------------------------------------------------------------------------------
Slack (MET) :             0.857ns  (arrival time - required time)
  Source:                 u_soc_top/u_Axi_CDC/bFifo/bufferCC_12/buffers_1_reg/C
                            (rising edge-triggered cell FDCE clocked by cpu_clk  {rise@0.000ns fall@5.000ns period=10.000ns})
  Destination:            u_soc_top/u_Axi_CDC/rFifo/popCC_popPtr_reg[0]/CLR
                            (removal check against rising-edge clock cpu_clk  {rise@0.000ns fall@5.000ns period=10.000ns})
  Path Group:             **async_default**
  Path Type:              Removal (Min at Fast Process Corner)
  Requirement:            0.000ns  (cpu_clk rise@0.000ns - cpu_clk rise@0.000ns)
  Data Path Delay:        0.827ns  (logic 0.227ns (27.456%)  route 0.600ns (72.544%))
  Logic Levels:           1  (LUT1=1)
  Clock Path Skew:        0.037ns (DCD - SCD - CPR)
    Destination Clock Delay (DCD):    -0.353ns
    Source Clock Delay      (SCD):    -0.582ns
    Clock Pessimism Removal (CPR):    0.192ns

    Location             Delay type                Incr(ns)  Path(ns)    Netlist Resource(s)
  -------------------------------------------------------------------    -------------------
                         (clock cpu_clk rise edge)    0.000     0.000 r  
    K21                                               0.000     0.000 r  clk_50M (IN)
                         net (fo=0)                   0.000     0.000    u_soc_top/pll_clk.u_clk_pll/inst/clk_in1
    K21                  IBUF (Prop_ibuf_I_O)         0.231     0.231 r  u_soc_top/pll_clk.u_clk_pll/inst/clkin1_ibufg/O
                         net (fo=1, routed)           0.440     0.671    u_soc_top/pll_clk.u_clk_pll/inst/clk_in1_clk_pll
    PLLE2_ADV_X0Y3       PLLE2_ADV (Prop_plle2_adv_CLKIN1_CLKOUT0)
                                                     -2.520    -1.848 r  u_soc_top/pll_clk.u_clk_pll/inst/plle2_adv_inst/CLKOUT0
                         net (fo=1, routed)           0.560    -1.289    u_soc_top/pll_clk.u_clk_pll/inst/cpu_clk_clk_pll
    BUFGCTRL_X0Y16       BUFG (Prop_bufg_I_O)         0.026    -1.263 r  u_soc_top/pll_clk.u_clk_pll/inst/clkout1_buf/O
                         net (fo=5309, routed)        0.680    -0.582    u_soc_top/u_Axi_CDC/bFifo/bufferCC_12/clk
    SLICE_X24Y78         FDCE                                         r  u_soc_top/u_Axi_CDC/bFifo/bufferCC_12/buffers_1_reg/C
  -------------------------------------------------------------------    -------------------
    SLICE_X24Y78         FDCE (Prop_fdce_C_Q)         0.128    -0.454 r  u_soc_top/u_Axi_CDC/bFifo/bufferCC_12/buffers_1_reg/Q
                         net (fo=1, routed)           0.279    -0.175    u_soc_top/bFifo_bFifo_toplevel_axiOutRstn_syncronized_1
    SLICE_X24Y78         LUT1 (Prop_lut1_I0_O)        0.099    -0.076 f  u_soc_top/popCC_popPtr[2]_i_2__0/O
                         net (fo=30, routed)          0.321     0.244    u_soc_top/u_Axi_CDC/rFifo/buffers_1_reg[0]
    SLICE_X22Y77         FDCE                                         f  u_soc_top/u_Axi_CDC/rFifo/popCC_popPtr_reg[0]/CLR
  -------------------------------------------------------------------    -------------------

                         (clock cpu_clk rise edge)    0.000     0.000 r  
    K21                                               0.000     0.000 r  clk_50M (IN)
                         net (fo=0)                   0.000     0.000    u_soc_top/pll_clk.u_clk_pll/inst/clk_in1
    K21                  IBUF (Prop_ibuf_I_O)         0.419     0.419 r  u_soc_top/pll_clk.u_clk_pll/inst/clkin1_ibufg/O
                         net (fo=1, routed)           0.481     0.900    u_soc_top/pll_clk.u_clk_pll/inst/clk_in1_clk_pll
    PLLE2_ADV_X0Y3       PLLE2_ADV (Prop_plle2_adv_CLKIN1_CLKOUT0)
                                                     -2.847    -1.947 r  u_soc_top/pll_clk.u_clk_pll/inst/plle2_adv_inst/CLKOUT0
                         net (fo=1, routed)           0.611    -1.337    u_soc_top/pll_clk.u_clk_pll/inst/cpu_clk_clk_pll
    BUFGCTRL_X0Y16       BUFG (Prop_bufg_I_O)         0.029    -1.308 r  u_soc_top/pll_clk.u_clk_pll/inst/clkout1_buf/O
                         net (fo=5309, routed)        0.955    -0.353    u_soc_top/u_Axi_CDC/rFifo/clk
    SLICE_X22Y77         FDCE                                         r  u_soc_top/u_Axi_CDC/rFifo/popCC_popPtr_reg[0]/C
                         clock pessimism             -0.192    -0.545    
    SLICE_X22Y77         FDCE (Remov_fdce_C_CLR)     -0.067    -0.612    u_soc_top/u_Axi_CDC/rFifo/popCC_popPtr_reg[0]
  -------------------------------------------------------------------
                         required time                          0.612    
                         arrival time                           0.244    
  -------------------------------------------------------------------
                         slack                                  0.857    





---------------------------------------------------------------------------------------------------
Path Group:  **async_default**
From Clock:  sys_clk
  To Clock:  sys_clk

Setup :            0  Failing Endpoints,  Worst Slack       33.135ns,  Total Violation        0.000ns
Hold  :            0  Failing Endpoints,  Worst Slack        0.753ns,  Total Violation        0.000ns
---------------------------------------------------------------------------------------------------


Max Delay Paths
--------------------------------------------------------------------------------------
Slack (MET) :             33.135ns  (required time - arrival time)
  Source:                 u_soc_top/pll_clk.u_rst_sys/delay_reg[1]/C
                            (rising edge-triggered cell FDCE clocked by sys_clk  {rise@0.000ns fall@20.000ns period=40.000ns})
  Destination:            u_soc_top/u_confreg/u_digitaltube_controller/dpy1_reg_reg[3]/CLR
                            (recovery check against rising-edge clock sys_clk  {rise@0.000ns fall@20.000ns period=40.000ns})
  Path Group:             **async_default**
  Path Type:              Recovery (Max at Slow Process Corner)
  Requirement:            40.000ns  (sys_clk rise@40.000ns - sys_clk rise@0.000ns)
  Data Path Delay:        6.245ns  (logic 0.538ns (8.614%)  route 5.707ns (91.386%))
  Logic Levels:           1  (LUT1=1)
  Clock Path Skew:        -0.160ns (DCD - SCD + CPR)
    Destination Clock Delay (DCD):    -1.593ns = ( 38.407 - 40.000 ) 
    Source Clock Delay      (SCD):    -1.962ns
    Clock Pessimism Removal (CPR):    -0.529ns
  Clock Uncertainty:      0.129ns  ((TSJ^2 + DJ^2)^1/2) / 2 + PE
    Total System Jitter     (TSJ):    0.071ns
    Discrete Jitter          (DJ):    0.247ns
    Phase Error              (PE):    0.000ns

    Location             Delay type                Incr(ns)  Path(ns)    Netlist Resource(s)
  -------------------------------------------------------------------    -------------------
                         (clock sys_clk rise edge)    0.000     0.000 r  
    K21                                               0.000     0.000 r  clk_50M (IN)
                         net (fo=0)                   0.000     0.000    u_soc_top/pll_clk.u_clk_pll/inst/clk_in1
    K21                  IBUF (Prop_ibuf_I_O)         1.394     1.394 r  u_soc_top/pll_clk.u_clk_pll/inst/clkin1_ibufg/O
                         net (fo=1, routed)           1.080     2.474    u_soc_top/pll_clk.u_clk_pll/inst/clk_in1_clk_pll
    PLLE2_ADV_X0Y3       PLLE2_ADV (Prop_plle2_adv_CLKIN1_CLKOUT1)
                                                     -7.629    -5.155 r  u_soc_top/pll_clk.u_clk_pll/inst/plle2_adv_inst/CLKOUT1
                         net (fo=1, routed)           1.557    -3.598    u_soc_top/pll_clk.u_clk_pll/inst/sys_clk_clk_pll
    BUFGCTRL_X0Y17       BUFG (Prop_bufg_I_O)         0.081    -3.517 r  u_soc_top/pll_clk.u_clk_pll/inst/clkout2_buf/O
                         net (fo=1108, routed)        1.555    -1.962    u_soc_top/pll_clk.u_rst_sys/sys_clk
    SLICE_X46Y88         FDCE                                         r  u_soc_top/pll_clk.u_rst_sys/delay_reg[1]/C
  -------------------------------------------------------------------    -------------------
    SLICE_X46Y88         FDCE (Prop_fdce_C_Q)         0.433    -1.529 r  u_soc_top/pll_clk.u_rst_sys/delay_reg[1]/Q
                         net (fo=40, routed)          1.556     0.026    u_soc_top/sys_resetn
    SLICE_X47Y76         LUT1 (Prop_lut1_I0_O)        0.105     0.131 f  u_soc_top/sendRsp_i_2/O
                         net (fo=628, routed)         4.152     4.283    u_soc_top/u_confreg/u_digitaltube_controller/prst
    SLICE_X21Y111        FDCE                                         f  u_soc_top/u_confreg/u_digitaltube_controller/dpy1_reg_reg[3]/CLR
  -------------------------------------------------------------------    -------------------

                         (clock sys_clk rise edge)   40.000    40.000 r  
    K21                                               0.000    40.000 r  clk_50M (IN)
                         net (fo=0)                   0.000    40.000    u_soc_top/pll_clk.u_clk_pll/inst/clk_in1
    K21                  IBUF (Prop_ibuf_I_O)         1.328    41.328 r  u_soc_top/pll_clk.u_clk_pll/inst/clkin1_ibufg/O
                         net (fo=1, routed)           1.019    42.347    u_soc_top/pll_clk.u_clk_pll/inst/clk_in1_clk_pll
    PLLE2_ADV_X0Y3       PLLE2_ADV (Prop_plle2_adv_CLKIN1_CLKOUT1)
                                                     -6.890    35.457 r  u_soc_top/pll_clk.u_clk_pll/inst/plle2_adv_inst/CLKOUT1
                         net (fo=1, routed)           1.484    36.942    u_soc_top/pll_clk.u_clk_pll/inst/sys_clk_clk_pll
    BUFGCTRL_X0Y17       BUFG (Prop_bufg_I_O)         0.077    37.019 r  u_soc_top/pll_clk.u_clk_pll/inst/clkout2_buf/O
                         net (fo=1108, routed)        1.388    38.407    u_soc_top/u_confreg/u_digitaltube_controller/sys_clk
    SLICE_X21Y111        FDCE                                         r  u_soc_top/u_confreg/u_digitaltube_controller/dpy1_reg_reg[3]/C
                         clock pessimism             -0.529    37.878    
                         clock uncertainty           -0.129    37.749    
    SLICE_X21Y111        FDCE (Recov_fdce_C_CLR)     -0.331    37.418    u_soc_top/u_confreg/u_digitaltube_controller/dpy1_reg_reg[3]
  -------------------------------------------------------------------
                         required time                         37.418    
                         arrival time                          -4.283    
  -------------------------------------------------------------------
                         slack                                 33.135    





Min Delay Paths
--------------------------------------------------------------------------------------
Slack (MET) :             0.753ns  (arrival time - required time)
  Source:                 u_soc_top/u_Axi_CDC/awFifo/bufferCC_12/buffers_1_reg/C
                            (rising edge-triggered cell FDCE clocked by sys_clk  {rise@0.000ns fall@20.000ns period=40.000ns})
  Destination:            u_soc_top/u_Axi_CDC/wFifo/popCC_addressGen_rValid_reg/CLR
                            (removal check against rising-edge clock sys_clk  {rise@0.000ns fall@20.000ns period=40.000ns})
  Path Group:             **async_default**
  Path Type:              Removal (Min at Fast Process Corner)
  Requirement:            0.000ns  (sys_clk rise@0.000ns - sys_clk rise@0.000ns)
  Data Path Delay:        0.721ns  (logic 0.227ns (31.494%)  route 0.494ns (68.506%))
  Logic Levels:           1  (LUT1=1)
  Clock Path Skew:        0.035ns (DCD - SCD - CPR)
    Destination Clock Delay (DCD):    -0.392ns
    Source Clock Delay      (SCD):    -0.619ns
    Clock Pessimism Removal (CPR):    0.192ns

    Location             Delay type                Incr(ns)  Path(ns)    Netlist Resource(s)
  -------------------------------------------------------------------    -------------------
                         (clock sys_clk rise edge)    0.000     0.000 r  
    K21                                               0.000     0.000 r  clk_50M (IN)
                         net (fo=0)                   0.000     0.000    u_soc_top/pll_clk.u_clk_pll/inst/clk_in1
    K21                  IBUF (Prop_ibuf_I_O)         0.231     0.231 r  u_soc_top/pll_clk.u_clk_pll/inst/clkin1_ibufg/O
                         net (fo=1, routed)           0.440     0.671    u_soc_top/pll_clk.u_clk_pll/inst/clk_in1_clk_pll
    PLLE2_ADV_X0Y3       PLLE2_ADV (Prop_plle2_adv_CLKIN1_CLKOUT1)
                                                     -2.520    -1.848 r  u_soc_top/pll_clk.u_clk_pll/inst/plle2_adv_inst/CLKOUT1
                         net (fo=1, routed)           0.560    -1.289    u_soc_top/pll_clk.u_clk_pll/inst/sys_clk_clk_pll
    BUFGCTRL_X0Y17       BUFG (Prop_bufg_I_O)         0.026    -1.263 r  u_soc_top/pll_clk.u_clk_pll/inst/clkout2_buf/O
                         net (fo=1108, routed)        0.643    -0.619    u_soc_top/u_Axi_CDC/awFifo/bufferCC_12/sys_clk
    SLICE_X54Y77         FDCE                                         r  u_soc_top/u_Axi_CDC/awFifo/bufferCC_12/buffers_1_reg/C
  -------------------------------------------------------------------    -------------------
    SLICE_X54Y77         FDCE (Prop_fdce_C_Q)         0.128    -0.491 r  u_soc_top/u_Axi_CDC/awFifo/bufferCC_12/buffers_1_reg/Q
                         net (fo=1, routed)           0.279    -0.212    u_soc_top/awFifo_awFifo_toplevel_axiInRstn_syncronized_1
    SLICE_X54Y77         LUT1 (Prop_lut1_I0_O)        0.099    -0.113 f  u_soc_top/popCC_popPtr[2]_i_2__0__0/O
                         net (fo=43, routed)          0.215     0.101    u_soc_top/u_Axi_CDC/wFifo/buffers_1_reg[0]
    SLICE_X52Y78         FDCE                                         f  u_soc_top/u_Axi_CDC/wFifo/popCC_addressGen_rValid_reg/CLR
  -------------------------------------------------------------------    -------------------

                         (clock sys_clk rise edge)    0.000     0.000 r  
    K21                                               0.000     0.000 r  clk_50M (IN)
                         net (fo=0)                   0.000     0.000    u_soc_top/pll_clk.u_clk_pll/inst/clk_in1
    K21                  IBUF (Prop_ibuf_I_O)         0.419     0.419 r  u_soc_top/pll_clk.u_clk_pll/inst/clkin1_ibufg/O
                         net (fo=1, routed)           0.481     0.900    u_soc_top/pll_clk.u_clk_pll/inst/clk_in1_clk_pll
    PLLE2_ADV_X0Y3       PLLE2_ADV (Prop_plle2_adv_CLKIN1_CLKOUT1)
                                                     -2.847    -1.947 r  u_soc_top/pll_clk.u_clk_pll/inst/plle2_adv_inst/CLKOUT1
                         net (fo=1, routed)           0.611    -1.337    u_soc_top/pll_clk.u_clk_pll/inst/sys_clk_clk_pll
    BUFGCTRL_X0Y17       BUFG (Prop_bufg_I_O)         0.029    -1.308 r  u_soc_top/pll_clk.u_clk_pll/inst/clkout2_buf/O
                         net (fo=1108, routed)        0.916    -0.392    u_soc_top/u_Axi_CDC/wFifo/sys_clk
    SLICE_X52Y78         FDCE                                         r  u_soc_top/u_Axi_CDC/wFifo/popCC_addressGen_rValid_reg/C
                         clock pessimism             -0.192    -0.584    
    SLICE_X52Y78         FDCE (Remov_fdce_C_CLR)     -0.067    -0.651    u_soc_top/u_Axi_CDC/wFifo/popCC_addressGen_rValid_reg
  -------------------------------------------------------------------
                         required time                          0.651    
                         arrival time                           0.101    
  -------------------------------------------------------------------
                         slack                                  0.753    





--------------------------------------------------------------------------------------
Path Group:  (none)
From Clock:  sys_clk
  To Clock:  cpu_clk

Max Delay            54 Endpoints
Min Delay            54 Endpoints
--------------------------------------------------------------------------------------


Max Delay Paths
--------------------------------------------------------------------------------------
Slack:                    inf
  Source:                 u_soc_top/pll_clk.u_rst_sys/delay_reg[1]/C
                            (rising edge-triggered cell FDCE clocked by sys_clk  {rise@0.000ns fall@20.000ns period=40.000ns})
  Destination:            u_soc_top/u_Axi_CDC/bFifo/bufferCC_12/buffers_0_reg/CLR
                            (recovery check against rising-edge clock cpu_clk  {rise@0.000ns fall@5.000ns period=10.000ns})
  Path Group:             (none)
  Path Type:              Recovery (Max at Slow Process Corner)
  Data Path Delay:        3.990ns  (logic 0.538ns (13.485%)  route 3.452ns (86.515%))
  Logic Levels:           1  (LUT1=1)
  Clock Path Skew:        0.492ns (DCD - SCD + CPR)
    Destination Clock Delay (DCD):    -1.470ns
    Source Clock Delay      (SCD):    -1.962ns
    Clock Pessimism Removal (CPR):    0.000ns
  Clock Uncertainty:      0.249ns  ((TSJ^2 + DJ^2)^1/2) / 2 + PE
    Total System Jitter     (TSJ):    0.071ns
    Discrete Jitter          (DJ):    0.247ns
    Phase Error              (PE):    0.120ns
  Timing Exception:       Asynchronous Clock Groups

    Location             Delay type                Incr(ns)  Path(ns)    Netlist Resource(s)
  -------------------------------------------------------------------    -------------------
                         (clock sys_clk rise edge)    0.000     0.000 r  
    K21                                               0.000     0.000 r  clk_50M (IN)
                         net (fo=0)                   0.000     0.000    u_soc_top/pll_clk.u_clk_pll/inst/clk_in1
    K21                  IBUF (Prop_ibuf_I_O)         1.394     1.394 r  u_soc_top/pll_clk.u_clk_pll/inst/clkin1_ibufg/O
                         net (fo=1, routed)           1.080     2.474    u_soc_top/pll_clk.u_clk_pll/inst/clk_in1_clk_pll
    PLLE2_ADV_X0Y3       PLLE2_ADV (Prop_plle2_adv_CLKIN1_CLKOUT1)
                                                     -7.629    -5.155 r  u_soc_top/pll_clk.u_clk_pll/inst/plle2_adv_inst/CLKOUT1
                         net (fo=1, routed)           1.557    -3.598    u_soc_top/pll_clk.u_clk_pll/inst/sys_clk_clk_pll
    BUFGCTRL_X0Y17       BUFG (Prop_bufg_I_O)         0.081    -3.517 r  u_soc_top/pll_clk.u_clk_pll/inst/clkout2_buf/O
                         net (fo=1108, routed)        1.555    -1.962    u_soc_top/pll_clk.u_rst_sys/sys_clk
    SLICE_X46Y88         FDCE                                         r  u_soc_top/pll_clk.u_rst_sys/delay_reg[1]/C
  -------------------------------------------------------------------    -------------------
    SLICE_X46Y88         FDCE (Prop_fdce_C_Q)         0.433    -1.529 r  u_soc_top/pll_clk.u_rst_sys/delay_reg[1]/Q
                         net (fo=40, routed)          1.556     0.026    u_soc_top/sys_resetn
    SLICE_X47Y76         LUT1 (Prop_lut1_I0_O)        0.105     0.131 f  u_soc_top/sendRsp_i_2/O
                         net (fo=628, routed)         1.896     2.027    u_soc_top/u_Axi_CDC/bFifo/bufferCC_12/prst
    SLICE_X24Y78         FDCE                                         f  u_soc_top/u_Axi_CDC/bFifo/bufferCC_12/buffers_0_reg/CLR
  -------------------------------------------------------------------    -------------------

                         (clock cpu_clk rise edge)    0.000     0.000 r  
    K21                                               0.000     0.000 r  clk_50M (IN)
                         net (fo=0)                   0.000     0.000    u_soc_top/pll_clk.u_clk_pll/inst/clk_in1
    K21                  IBUF (Prop_ibuf_I_O)         1.328     1.328 r  u_soc_top/pll_clk.u_clk_pll/inst/clkin1_ibufg/O
                         net (fo=1, routed)           1.019     2.347    u_soc_top/pll_clk.u_clk_pll/inst/clk_in1_clk_pll
    PLLE2_ADV_X0Y3       PLLE2_ADV (Prop_plle2_adv_CLKIN1_CLKOUT0)
                                                     -6.890    -4.543 r  u_soc_top/pll_clk.u_clk_pll/inst/plle2_adv_inst/CLKOUT0
                         net (fo=1, routed)           1.484    -3.058    u_soc_top/pll_clk.u_clk_pll/inst/cpu_clk_clk_pll
    BUFGCTRL_X0Y16       BUFG (Prop_bufg_I_O)         0.077    -2.981 r  u_soc_top/pll_clk.u_clk_pll/inst/clkout1_buf/O
                         net (fo=5309, routed)        1.511    -1.470    u_soc_top/u_Axi_CDC/bFifo/bufferCC_12/clk
    SLICE_X24Y78         FDCE                                         r  u_soc_top/u_Axi_CDC/bFifo/bufferCC_12/buffers_0_reg/C





Min Delay Paths
--------------------------------------------------------------------------------------
Slack:                    inf
  Source:                 u_soc_top/u_Axi_CDC/wFifo/popCC_ptrToPush_reg[2]/C
                            (rising edge-triggered cell FDCE clocked by sys_clk  {rise@0.000ns fall@20.000ns period=40.000ns})
  Destination:            u_soc_top/u_Axi_CDC/wFifo/popToPushGray_buffercc/buffers_0_reg[2]/D
                            (rising edge-triggered cell FDCE clocked by cpu_clk  {rise@0.000ns fall@5.000ns period=10.000ns})
  Path Group:             (none)
  Path Type:              Hold (Min at Slow Process Corner)
  Data Path Delay:        0.487ns  (logic 0.279ns (57.335%)  route 0.208ns (42.665%))
  Logic Levels:           0  
  Clock Path Skew:        -0.421ns (DCD - SCD - CPR)
    Destination Clock Delay (DCD):    -1.970ns
    Source Clock Delay      (SCD):    -1.549ns
    Clock Pessimism Removal (CPR):    -0.000ns
  Clock Uncertainty:      0.249ns  ((TSJ^2 + DJ^2)^1/2) / 2 + PE
    Total System Jitter     (TSJ):    0.071ns
    Discrete Jitter          (DJ):    0.247ns
    Phase Error              (PE):    0.120ns
  Timing Exception:       Asynchronous Clock Groups

    Location             Delay type                Incr(ns)  Path(ns)    Netlist Resource(s)
  -------------------------------------------------------------------    -------------------
                         (clock sys_clk rise edge)    0.000     0.000 r  
    K21                                               0.000     0.000 r  clk_50M (IN)
                         net (fo=0)                   0.000     0.000    u_soc_top/pll_clk.u_clk_pll/inst/clk_in1
    K21                  IBUF (Prop_ibuf_I_O)         1.328     1.328 r  u_soc_top/pll_clk.u_clk_pll/inst/clkin1_ibufg/O
                         net (fo=1, routed)           1.019     2.347    u_soc_top/pll_clk.u_clk_pll/inst/clk_in1_clk_pll
    PLLE2_ADV_X0Y3       PLLE2_ADV (Prop_plle2_adv_CLKIN1_CLKOUT1)
                                                     -6.890    -4.543 r  u_soc_top/pll_clk.u_clk_pll/inst/plle2_adv_inst/CLKOUT1
                         net (fo=1, routed)           1.484    -3.058    u_soc_top/pll_clk.u_clk_pll/inst/sys_clk_clk_pll
    BUFGCTRL_X0Y17       BUFG (Prop_bufg_I_O)         0.077    -2.981 r  u_soc_top/pll_clk.u_clk_pll/inst/clkout2_buf/O
                         net (fo=1108, routed)        1.432    -1.549    u_soc_top/u_Axi_CDC/wFifo/sys_clk
    SLICE_X51Y69         FDCE                                         r  u_soc_top/u_Axi_CDC/wFifo/popCC_ptrToPush_reg[2]/C
  -------------------------------------------------------------------    -------------------
    SLICE_X51Y69         FDCE (Prop_fdce_C_Q)         0.279    -1.270 r  u_soc_top/u_Axi_CDC/wFifo/popCC_ptrToPush_reg[2]/Q
                         net (fo=1, routed)           0.208    -1.063    u_soc_top/u_Axi_CDC/wFifo/popToPushGray_buffercc/buffers_0_reg[3]_0[2]
    SLICE_X49Y69         FDCE                                         r  u_soc_top/u_Axi_CDC/wFifo/popToPushGray_buffercc/buffers_0_reg[2]/D
  -------------------------------------------------------------------    -------------------

                         (clock cpu_clk rise edge)    0.000     0.000 r  
    K21                                               0.000     0.000 r  clk_50M (IN)
                         net (fo=0)                   0.000     0.000    u_soc_top/pll_clk.u_clk_pll/inst/clk_in1
    K21                  IBUF (Prop_ibuf_I_O)         1.394     1.394 r  u_soc_top/pll_clk.u_clk_pll/inst/clkin1_ibufg/O
                         net (fo=1, routed)           1.080     2.474    u_soc_top/pll_clk.u_clk_pll/inst/clk_in1_clk_pll
    PLLE2_ADV_X0Y3       PLLE2_ADV (Prop_plle2_adv_CLKIN1_CLKOUT0)
                                                     -7.629    -5.155 r  u_soc_top/pll_clk.u_clk_pll/inst/plle2_adv_inst/CLKOUT0
                         net (fo=1, routed)           1.557    -3.598    u_soc_top/pll_clk.u_clk_pll/inst/cpu_clk_clk_pll
    BUFGCTRL_X0Y16       BUFG (Prop_bufg_I_O)         0.081    -3.517 r  u_soc_top/pll_clk.u_clk_pll/inst/clkout1_buf/O
                         net (fo=5309, routed)        1.547    -1.970    u_soc_top/u_Axi_CDC/wFifo/popToPushGray_buffercc/clk
    SLICE_X49Y69         FDCE                                         r  u_soc_top/u_Axi_CDC/wFifo/popToPushGray_buffercc/buffers_0_reg[2]/C





--------------------------------------------------------------------------------------
Path Group:  (none)
From Clock:  cpu_clk
  To Clock:  sys_clk

Max Delay           139 Endpoints
Min Delay           139 Endpoints
--------------------------------------------------------------------------------------


Max Delay Paths
--------------------------------------------------------------------------------------
Slack:                    inf
  Source:                 u_soc_top/pll_clk.u_rst_cpu/delay_reg[1]/C
                            (rising edge-triggered cell FDCE clocked by cpu_clk  {rise@0.000ns fall@5.000ns period=10.000ns})
  Destination:            u_soc_top/u_Axi_CDC/awFifo/bufferCC_12/buffers_0_reg/CLR
                            (recovery check against rising-edge clock sys_clk  {rise@0.000ns fall@20.000ns period=40.000ns})
  Path Group:             (none)
  Path Type:              Recovery (Max at Slow Process Corner)
  Data Path Delay:        3.987ns  (logic 0.505ns (12.667%)  route 3.482ns (87.333%))
  Logic Levels:           1  (LUT1=1)
  Clock Path Skew:        0.418ns (DCD - SCD + CPR)
    Destination Clock Delay (DCD):    -1.553ns
    Source Clock Delay      (SCD):    -1.971ns
    Clock Pessimism Removal (CPR):    0.000ns
  Clock Uncertainty:      0.249ns  ((TSJ^2 + DJ^2)^1/2) / 2 + PE
    Total System Jitter     (TSJ):    0.071ns
    Discrete Jitter          (DJ):    0.247ns
    Phase Error              (PE):    0.120ns
  Timing Exception:       Asynchronous Clock Groups

    Location             Delay type                Incr(ns)  Path(ns)    Netlist Resource(s)
  -------------------------------------------------------------------    -------------------
                         (clock cpu_clk rise edge)    0.000     0.000 r  
    K21                                               0.000     0.000 r  clk_50M (IN)
                         net (fo=0)                   0.000     0.000    u_soc_top/pll_clk.u_clk_pll/inst/clk_in1
    K21                  IBUF (Prop_ibuf_I_O)         1.394     1.394 r  u_soc_top/pll_clk.u_clk_pll/inst/clkin1_ibufg/O
                         net (fo=1, routed)           1.080     2.474    u_soc_top/pll_clk.u_clk_pll/inst/clk_in1_clk_pll
    PLLE2_ADV_X0Y3       PLLE2_ADV (Prop_plle2_adv_CLKIN1_CLKOUT0)
                                                     -7.629    -5.155 r  u_soc_top/pll_clk.u_clk_pll/inst/plle2_adv_inst/CLKOUT0
                         net (fo=1, routed)           1.557    -3.598    u_soc_top/pll_clk.u_clk_pll/inst/cpu_clk_clk_pll
    BUFGCTRL_X0Y16       BUFG (Prop_bufg_I_O)         0.081    -3.517 r  u_soc_top/pll_clk.u_clk_pll/inst/clkout1_buf/O
                         net (fo=5309, routed)        1.546    -1.971    u_soc_top/pll_clk.u_rst_cpu/clk
    SLICE_X57Y69         FDCE                                         r  u_soc_top/pll_clk.u_rst_cpu/delay_reg[1]/C
  -------------------------------------------------------------------    -------------------
    SLICE_X57Y69         FDCE (Prop_fdce_C_Q)         0.379    -1.592 r  u_soc_top/pll_clk.u_rst_cpu/delay_reg[1]/Q
                         net (fo=25, routed)          1.228    -0.364    u_soc_top/pll_clk.u_rst_cpu/Q[0]
    SLICE_X34Y69         LUT1 (Prop_lut1_I0_O)        0.126    -0.238 f  u_soc_top/pll_clk.u_rst_cpu/FSM_onehot_state[2]_i_1/O
                         net (fo=2317, routed)        2.254     2.015    u_soc_top/u_Axi_CDC/awFifo/bufferCC_12/buffers_0_reg_0
    SLICE_X54Y77         FDCE                                         f  u_soc_top/u_Axi_CDC/awFifo/bufferCC_12/buffers_0_reg/CLR
  -------------------------------------------------------------------    -------------------

                         (clock sys_clk rise edge)    0.000     0.000 r  
    K21                                               0.000     0.000 r  clk_50M (IN)
                         net (fo=0)                   0.000     0.000    u_soc_top/pll_clk.u_clk_pll/inst/clk_in1
    K21                  IBUF (Prop_ibuf_I_O)         1.328     1.328 r  u_soc_top/pll_clk.u_clk_pll/inst/clkin1_ibufg/O
                         net (fo=1, routed)           1.019     2.347    u_soc_top/pll_clk.u_clk_pll/inst/clk_in1_clk_pll
    PLLE2_ADV_X0Y3       PLLE2_ADV (Prop_plle2_adv_CLKIN1_CLKOUT1)
                                                     -6.890    -4.543 r  u_soc_top/pll_clk.u_clk_pll/inst/plle2_adv_inst/CLKOUT1
                         net (fo=1, routed)           1.484    -3.058    u_soc_top/pll_clk.u_clk_pll/inst/sys_clk_clk_pll
    BUFGCTRL_X0Y17       BUFG (Prop_bufg_I_O)         0.077    -2.981 r  u_soc_top/pll_clk.u_clk_pll/inst/clkout2_buf/O
                         net (fo=1108, routed)        1.428    -1.553    u_soc_top/u_Axi_CDC/awFifo/bufferCC_12/sys_clk
    SLICE_X54Y77         FDCE                                         r  u_soc_top/u_Axi_CDC/awFifo/bufferCC_12/buffers_0_reg/C





Min Delay Paths
--------------------------------------------------------------------------------------
Slack:                    inf
  Source:                 u_soc_top/u_Axi_CDC/rFifo/popCC_ptrToPush_reg[2]/C
                            (rising edge-triggered cell FDCE clocked by cpu_clk  {rise@0.000ns fall@5.000ns period=10.000ns})
  Destination:            u_soc_top/u_Axi_CDC/rFifo/popToPushGray_buffercc/buffers_0_reg[2]/D
                            (rising edge-triggered cell FDCE clocked by sys_clk  {rise@0.000ns fall@20.000ns period=40.000ns})
  Path Group:             (none)
  Path Type:              Hold (Min at Slow Process Corner)
  Data Path Delay:        0.594ns  (logic 0.279ns (46.971%)  route 0.315ns (53.029%))
  Logic Levels:           0  
  Clock Path Skew:        -0.424ns (DCD - SCD - CPR)
    Destination Clock Delay (DCD):    -1.889ns
    Source Clock Delay      (SCD):    -1.465ns
    Clock Pessimism Removal (CPR):    -0.000ns
  Clock Uncertainty:      0.249ns  ((TSJ^2 + DJ^2)^1/2) / 2 + PE
    Total System Jitter     (TSJ):    0.071ns
    Discrete Jitter          (DJ):    0.247ns
    Phase Error              (PE):    0.120ns
  Timing Exception:       Asynchronous Clock Groups

    Location             Delay type                Incr(ns)  Path(ns)    Netlist Resource(s)
  -------------------------------------------------------------------    -------------------
                         (clock cpu_clk rise edge)    0.000     0.000 r  
    K21                                               0.000     0.000 r  clk_50M (IN)
                         net (fo=0)                   0.000     0.000    u_soc_top/pll_clk.u_clk_pll/inst/clk_in1
    K21                  IBUF (Prop_ibuf_I_O)         1.328     1.328 r  u_soc_top/pll_clk.u_clk_pll/inst/clkin1_ibufg/O
                         net (fo=1, routed)           1.019     2.347    u_soc_top/pll_clk.u_clk_pll/inst/clk_in1_clk_pll
    PLLE2_ADV_X0Y3       PLLE2_ADV (Prop_plle2_adv_CLKIN1_CLKOUT0)
                                                     -6.890    -4.543 r  u_soc_top/pll_clk.u_clk_pll/inst/plle2_adv_inst/CLKOUT0
                         net (fo=1, routed)           1.484    -3.058    u_soc_top/pll_clk.u_clk_pll/inst/cpu_clk_clk_pll
    BUFGCTRL_X0Y16       BUFG (Prop_bufg_I_O)         0.077    -2.981 r  u_soc_top/pll_clk.u_clk_pll/inst/clkout1_buf/O
                         net (fo=5309, routed)        1.516    -1.465    u_soc_top/u_Axi_CDC/rFifo/clk
    SLICE_X23Y72         FDCE                                         r  u_soc_top/u_Axi_CDC/rFifo/popCC_ptrToPush_reg[2]/C
  -------------------------------------------------------------------    -------------------
    SLICE_X23Y72         FDCE (Prop_fdce_C_Q)         0.279    -1.186 r  u_soc_top/u_Axi_CDC/rFifo/popCC_ptrToPush_reg[2]/Q
                         net (fo=1, routed)           0.315    -0.871    u_soc_top/u_Axi_CDC/rFifo/popToPushGray_buffercc/buffers_0_reg[3]_0[2]
    SLICE_X20Y74         FDCE                                         r  u_soc_top/u_Axi_CDC/rFifo/popToPushGray_buffercc/buffers_0_reg[2]/D
  -------------------------------------------------------------------    -------------------

                         (clock sys_clk rise edge)    0.000     0.000 r  
    K21                                               0.000     0.000 r  clk_50M (IN)
                         net (fo=0)                   0.000     0.000    u_soc_top/pll_clk.u_clk_pll/inst/clk_in1
    K21                  IBUF (Prop_ibuf_I_O)         1.394     1.394 r  u_soc_top/pll_clk.u_clk_pll/inst/clkin1_ibufg/O
                         net (fo=1, routed)           1.080     2.474    u_soc_top/pll_clk.u_clk_pll/inst/clk_in1_clk_pll
    PLLE2_ADV_X0Y3       PLLE2_ADV (Prop_plle2_adv_CLKIN1_CLKOUT1)
                                                     -7.629    -5.155 r  u_soc_top/pll_clk.u_clk_pll/inst/plle2_adv_inst/CLKOUT1
                         net (fo=1, routed)           1.557    -3.598    u_soc_top/pll_clk.u_clk_pll/inst/sys_clk_clk_pll
    BUFGCTRL_X0Y17       BUFG (Prop_bufg_I_O)         0.081    -3.517 r  u_soc_top/pll_clk.u_clk_pll/inst/clkout2_buf/O
                         net (fo=1108, routed)        1.628    -1.889    u_soc_top/u_Axi_CDC/rFifo/popToPushGray_buffercc/sys_clk
    SLICE_X20Y74         FDCE                                         r  u_soc_top/u_Axi_CDC/rFifo/popToPushGray_buffercc/buffers_0_reg[2]/C





--------------------------------------------------------------------------------------
Path Group:  (none)
From Clock:  clkfbout_clk_pll
  To Clock:  

Max Delay             1 Endpoint
Min Delay             1 Endpoint
--------------------------------------------------------------------------------------


Max Delay Paths
--------------------------------------------------------------------------------------
Slack:                    inf
  Source:                 u_soc_top/pll_clk.u_clk_pll/inst/plle2_adv_inst/CLKFBOUT
                            (clock source 'clkfbout_clk_pll'  {rise@0.000ns fall@10.000ns period=20.000ns})
  Destination:            u_soc_top/pll_clk.u_clk_pll/inst/plle2_adv_inst/CLKFBIN
  Path Group:             (none)
  Path Type:              Max at Fast Process Corner
  Data Path Delay:        1.519ns  (logic 0.029ns (1.909%)  route 1.490ns (98.091%))
  Logic Levels:           1  (BUFG=1)
  Clock Uncertainty:      0.226ns  ((TSJ^2 + DJ^2)^1/2) / 2 + PE
    Total System Jitter     (TSJ):    0.050ns
    Discrete Jitter          (DJ):    0.118ns
    Phase Error              (PE):    0.162ns

    Location             Delay type                Incr(ns)  Path(ns)    Netlist Resource(s)
  -------------------------------------------------------------------    -------------------
                         (clock clkfbout_clk_pll fall edge)
                                                     10.000    10.000 f  
    K21                                               0.000    10.000 f  clk_50M (IN)
                         net (fo=0)                   0.000    10.000    u_soc_top/pll_clk.u_clk_pll/inst/clk_in1
    K21                  IBUF (Prop_ibuf_I_O)         0.419    10.419 f  u_soc_top/pll_clk.u_clk_pll/inst/clkin1_ibufg/O
                         net (fo=1, routed)           0.481    10.900    u_soc_top/pll_clk.u_clk_pll/inst/clk_in1_clk_pll
  -------------------------------------------------------------------    -------------------
    PLLE2_ADV_X0Y3       PLLE2_ADV (Prop_plle2_adv_CLKIN1_CLKFBOUT)
                                                     -2.847     8.053 f  u_soc_top/pll_clk.u_clk_pll/inst/plle2_adv_inst/CLKFBOUT
                         net (fo=1, routed)           0.611     8.663    u_soc_top/pll_clk.u_clk_pll/inst/clkfbout_clk_pll
    BUFGCTRL_X0Y18       BUFG (Prop_bufg_I_O)         0.029     8.692 f  u_soc_top/pll_clk.u_clk_pll/inst/clkf_buf/O
                         net (fo=1, routed)           0.880     9.572    u_soc_top/pll_clk.u_clk_pll/inst/clkfbout_buf_clk_pll
    PLLE2_ADV_X0Y3       PLLE2_ADV                                    f  u_soc_top/pll_clk.u_clk_pll/inst/plle2_adv_inst/CLKFBIN
  -------------------------------------------------------------------    -------------------





Min Delay Paths
--------------------------------------------------------------------------------------
Slack:                    inf
  Source:                 u_soc_top/pll_clk.u_clk_pll/inst/plle2_adv_inst/CLKFBOUT
                            (clock source 'clkfbout_clk_pll'  {rise@0.000ns fall@10.000ns period=20.000ns})
  Destination:            u_soc_top/pll_clk.u_clk_pll/inst/plle2_adv_inst/CLKFBIN
  Path Group:             (none)
  Path Type:              Min at Slow Process Corner
  Data Path Delay:        2.980ns  (logic 0.077ns (2.584%)  route 2.903ns (97.416%))
  Logic Levels:           1  (BUFG=1)
  Clock Uncertainty:      0.226ns  ((TSJ^2 + DJ^2)^1/2) / 2 + PE
    Total System Jitter     (TSJ):    0.050ns
    Discrete Jitter          (DJ):    0.118ns
    Phase Error              (PE):    0.162ns

    Location             Delay type                Incr(ns)  Path(ns)    Netlist Resource(s)
  -------------------------------------------------------------------    -------------------
                         (clock clkfbout_clk_pll rise edge)
                                                      0.000     0.000 r  
    K21                                               0.000     0.000 r  clk_50M (IN)
                         net (fo=0)                   0.000     0.000    u_soc_top/pll_clk.u_clk_pll/inst/clk_in1
    K21                  IBUF (Prop_ibuf_I_O)         1.328     1.328 r  u_soc_top/pll_clk.u_clk_pll/inst/clkin1_ibufg/O
                         net (fo=1, routed)           1.019     2.347    u_soc_top/pll_clk.u_clk_pll/inst/clk_in1_clk_pll
  -------------------------------------------------------------------    -------------------
    PLLE2_ADV_X0Y3       PLLE2_ADV (Prop_plle2_adv_CLKIN1_CLKFBOUT)
                                                     -6.890    -4.543 r  u_soc_top/pll_clk.u_clk_pll/inst/plle2_adv_inst/CLKFBOUT
                         net (fo=1, routed)           1.484    -3.058    u_soc_top/pll_clk.u_clk_pll/inst/clkfbout_clk_pll
    BUFGCTRL_X0Y18       BUFG (Prop_bufg_I_O)         0.077    -2.981 r  u_soc_top/pll_clk.u_clk_pll/inst/clkf_buf/O
                         net (fo=1, routed)           1.418    -1.563    u_soc_top/pll_clk.u_clk_pll/inst/clkfbout_buf_clk_pll
    PLLE2_ADV_X0Y3       PLLE2_ADV                                    r  u_soc_top/pll_clk.u_clk_pll/inst/plle2_adv_inst/CLKFBIN
  -------------------------------------------------------------------    -------------------





--------------------------------------------------------------------------------------
Path Group:  (none)
From Clock:  sys_clk
  To Clock:  

Max Delay            34 Endpoints
Min Delay            34 Endpoints
--------------------------------------------------------------------------------------


Max Delay Paths
--------------------------------------------------------------------------------------
Slack:                    inf
  Source:                 u_soc_top/u_confreg/u_digitaltube_controller/dpy0_reg_reg[6]/C
                            (rising edge-triggered cell FDCE clocked by sys_clk  {rise@0.000ns fall@20.000ns period=40.000ns})
  Destination:            dpy0[6]
                            (output port)
  Path Group:             (none)
  Path Type:              Max at Slow Process Corner
  Data Path Delay:        10.570ns  (logic 3.681ns (34.825%)  route 6.889ns (65.175%))
  Logic Levels:           1  (OBUF=1)
  Clock Uncertainty:      0.288ns  ((TSJ^2 + DJ^2)^1/2) / 2 + PE
    Total System Jitter     (TSJ):    0.050ns
    Discrete Jitter          (DJ):    0.247ns
    Phase Error              (PE):    0.162ns

    Location             Delay type                Incr(ns)  Path(ns)    Netlist Resource(s)
  -------------------------------------------------------------------    -------------------
                         (clock sys_clk rise edge)    0.000     0.000 r  
    K21                                               0.000     0.000 r  clk_50M (IN)
                         net (fo=0)                   0.000     0.000    u_soc_top/pll_clk.u_clk_pll/inst/clk_in1
    K21                  IBUF (Prop_ibuf_I_O)         1.394     1.394 r  u_soc_top/pll_clk.u_clk_pll/inst/clkin1_ibufg/O
                         net (fo=1, routed)           1.080     2.474    u_soc_top/pll_clk.u_clk_pll/inst/clk_in1_clk_pll
    PLLE2_ADV_X0Y3       PLLE2_ADV (Prop_plle2_adv_CLKIN1_CLKOUT1)
                                                     -7.629    -5.155 r  u_soc_top/pll_clk.u_clk_pll/inst/plle2_adv_inst/CLKOUT1
                         net (fo=1, routed)           1.557    -3.598    u_soc_top/pll_clk.u_clk_pll/inst/sys_clk_clk_pll
    BUFGCTRL_X0Y17       BUFG (Prop_bufg_I_O)         0.081    -3.517 r  u_soc_top/pll_clk.u_clk_pll/inst/clkout2_buf/O
                         net (fo=1108, routed)        1.637    -1.880    u_soc_top/u_confreg/u_digitaltube_controller/sys_clk
    SLICE_X25Y89         FDCE                                         r  u_soc_top/u_confreg/u_digitaltube_controller/dpy0_reg_reg[6]/C
  -------------------------------------------------------------------    -------------------
    SLICE_X25Y89         FDCE (Prop_fdce_C_Q)         0.379    -1.501 r  u_soc_top/u_confreg/u_digitaltube_controller/dpy0_reg_reg[6]/Q
                         net (fo=1, routed)           6.889     5.388    dpy0_OBUF[6]
    B17                  OBUF (Prop_obuf_I_O)         3.302     8.690 r  dpy0_OBUF[6]_inst/O
                         net (fo=0)                   0.000     8.690    dpy0[6]
    B17                                                               r  dpy0[6] (OUT)
  -------------------------------------------------------------------    -------------------





Min Delay Paths
--------------------------------------------------------------------------------------
Slack:                    inf
  Source:                 u_soc_top/u_confreg/u_digitaltube_controller/dpy1_reg_reg[0]/C
                            (rising edge-triggered cell FDCE clocked by sys_clk  {rise@0.000ns fall@20.000ns period=40.000ns})
  Destination:            dpy1[0]
                            (output port)
  Path Group:             (none)
  Path Type:              Min at Fast Process Corner
  Data Path Delay:        3.031ns  (logic 1.430ns (47.175%)  route 1.601ns (52.825%))
  Logic Levels:           1  (OBUF=1)
  Clock Uncertainty:      0.288ns  ((TSJ^2 + DJ^2)^1/2) / 2 + PE
    Total System Jitter     (TSJ):    0.050ns
    Discrete Jitter          (DJ):    0.247ns
    Phase Error              (PE):    0.162ns

    Location             Delay type                Incr(ns)  Path(ns)    Netlist Resource(s)
  -------------------------------------------------------------------    -------------------
                         (clock sys_clk rise edge)    0.000     0.000 r  
    K21                                               0.000     0.000 r  clk_50M (IN)
                         net (fo=0)                   0.000     0.000    u_soc_top/pll_clk.u_clk_pll/inst/clk_in1
    K21                  IBUF (Prop_ibuf_I_O)         0.231     0.231 r  u_soc_top/pll_clk.u_clk_pll/inst/clkin1_ibufg/O
                         net (fo=1, routed)           0.440     0.671    u_soc_top/pll_clk.u_clk_pll/inst/clk_in1_clk_pll
    PLLE2_ADV_X0Y3       PLLE2_ADV (Prop_plle2_adv_CLKIN1_CLKOUT1)
                                                     -2.520    -1.848 r  u_soc_top/pll_clk.u_clk_pll/inst/plle2_adv_inst/CLKOUT1
                         net (fo=1, routed)           0.560    -1.289    u_soc_top/pll_clk.u_clk_pll/inst/sys_clk_clk_pll
    BUFGCTRL_X0Y17       BUFG (Prop_bufg_I_O)         0.026    -1.263 r  u_soc_top/pll_clk.u_clk_pll/inst/clkout2_buf/O
                         net (fo=1108, routed)        0.624    -0.639    u_soc_top/u_confreg/u_digitaltube_controller/sys_clk
    SLICE_X20Y111        FDCE                                         r  u_soc_top/u_confreg/u_digitaltube_controller/dpy1_reg_reg[0]/C
  -------------------------------------------------------------------    -------------------
    SLICE_X20Y111        FDCE (Prop_fdce_C_Q)         0.164    -0.475 r  u_soc_top/u_confreg/u_digitaltube_controller/dpy1_reg_reg[0]/Q
                         net (fo=1, routed)           1.601     1.126    dpy1_OBUF[0]
    A17                  OBUF (Prop_obuf_I_O)         1.266     2.392 r  dpy1_OBUF[0]_inst/O
                         net (fo=0)                   0.000     2.392    dpy1[0]
    A17                                                               r  dpy1[0] (OUT)
  -------------------------------------------------------------------    -------------------





--------------------------------------------------------------------------------------
Path Group:  (none)
From Clock:  
  To Clock:  sys_clk

Max Delay            39 Endpoints
Min Delay            39 Endpoints
--------------------------------------------------------------------------------------


Max Delay Paths
--------------------------------------------------------------------------------------
Slack:                    inf
  Source:                 dip_sw[10]
                            (input port)
  Destination:            u_soc_top/u_confreg/s_rdata_reg[10]/D
                            (rising edge-triggered cell FDRE clocked by sys_clk  {rise@0.000ns fall@20.000ns period=40.000ns})
  Path Group:             (none)
  Path Type:              Setup (Max at Slow Process Corner)
  Data Path Delay:        8.519ns  (logic 1.613ns (18.936%)  route 6.906ns (81.064%))
  Logic Levels:           3  (IBUF=1 LUT2=1 LUT6=1)
  Clock Path Skew:        -1.473ns (DCD - SCD + CPR)
    Destination Clock Delay (DCD):    -1.473ns
    Source Clock Delay      (SCD):    0.000ns
    Clock Pessimism Removal (CPR):    0.000ns

    Location             Delay type                Incr(ns)  Path(ns)    Netlist Resource(s)
  -------------------------------------------------------------------    -------------------
    M7                                                0.000     0.000 r  dip_sw[10] (IN)
                         net (fo=0)                   0.000     0.000    dip_sw[10]
    M7                   IBUF (Prop_ibuf_I_O)         1.403     1.403 r  dip_sw_IBUF[10]_inst/O
                         net (fo=1, routed)           5.946     7.349    u_soc_top/u_confreg/dip_sw_IBUF[10]
    SLICE_X36Y83         LUT6 (Prop_lut6_I4_O)        0.105     7.454 r  u_soc_top/u_confreg/s_rdata[10]_i_2/O
                         net (fo=1, routed)           0.960     8.414    u_soc_top/u_confreg/s_rdata[10]_i_2_n_0
    SLICE_X35Y78         LUT2 (Prop_lut2_I0_O)        0.105     8.519 r  u_soc_top/u_confreg/s_rdata[10]_i_1/O
                         net (fo=1, routed)           0.000     8.519    u_soc_top/u_confreg/s_rdata[10]_i_1_n_0
    SLICE_X35Y78         FDRE                                         r  u_soc_top/u_confreg/s_rdata_reg[10]/D
  -------------------------------------------------------------------    -------------------

                         (clock sys_clk rise edge)    0.000     0.000 r  
    K21                                               0.000     0.000 r  clk_50M (IN)
                         net (fo=0)                   0.000     0.000    u_soc_top/pll_clk.u_clk_pll/inst/clk_in1
    K21                  IBUF (Prop_ibuf_I_O)         1.328     1.328 r  u_soc_top/pll_clk.u_clk_pll/inst/clkin1_ibufg/O
                         net (fo=1, routed)           1.019     2.347    u_soc_top/pll_clk.u_clk_pll/inst/clk_in1_clk_pll
    PLLE2_ADV_X0Y3       PLLE2_ADV (Prop_plle2_adv_CLKIN1_CLKOUT1)
                                                     -6.890    -4.543 r  u_soc_top/pll_clk.u_clk_pll/inst/plle2_adv_inst/CLKOUT1
                         net (fo=1, routed)           1.484    -3.058    u_soc_top/pll_clk.u_clk_pll/inst/sys_clk_clk_pll
    BUFGCTRL_X0Y17       BUFG (Prop_bufg_I_O)         0.077    -2.981 r  u_soc_top/pll_clk.u_clk_pll/inst/clkout2_buf/O
                         net (fo=1108, routed)        1.508    -1.473    u_soc_top/u_confreg/sys_clk
    SLICE_X35Y78         FDRE                                         r  u_soc_top/u_confreg/s_rdata_reg[10]/C





Min Delay Paths
--------------------------------------------------------------------------------------
Slack:                    inf
  Source:                 txd
                            (input port)
  Destination:            u_soc_top/u_axi_uart_controller/uart0/regs/i_uart_sync_flops/flop_0_reg[0]/D
                            (rising edge-triggered cell FDSE clocked by sys_clk  {rise@0.000ns fall@20.000ns period=40.000ns})
  Path Group:             (none)
  Path Type:              Hold (Min at Fast Process Corner)
  Data Path Delay:        2.003ns  (logic 0.287ns (14.343%)  route 1.716ns (85.657%))
  Logic Levels:           2  (IBUF=1 LUT4=1)
  Clock Path Skew:        -0.342ns (DCD - SCD - CPR)
    Destination Clock Delay (DCD):    -0.342ns
    Source Clock Delay      (SCD):    0.000ns
    Clock Pessimism Removal (CPR):    -0.000ns

    Location             Delay type                Incr(ns)  Path(ns)    Netlist Resource(s)
  -------------------------------------------------------------------    -------------------
    H18                                               0.000     0.000 r  txd (INOUT)
                         net (fo=1, unset)            0.000     0.000    txd_IOBUF_inst/IO
    H18                  IBUF (Prop_ibuf_I_O)         0.242     0.242 r  txd_IOBUF_inst/IBUF/O
                         net (fo=4, routed)           1.716     1.958    u_soc_top/u_axi_uart_controller/uart0/regs/i_uart_sync_flops/txd_IBUF
    SLICE_X18Y86         LUT4 (Prop_lut4_I2_O)        0.045     2.003 r  u_soc_top/u_axi_uart_controller/uart0/regs/i_uart_sync_flops/flop_0[0]_i_1/O
                         net (fo=1, routed)           0.000     2.003    u_soc_top/u_axi_uart_controller/uart0/regs/i_uart_sync_flops/rcv_pad_i
    SLICE_X18Y86         FDSE                                         r  u_soc_top/u_axi_uart_controller/uart0/regs/i_uart_sync_flops/flop_0_reg[0]/D
  -------------------------------------------------------------------    -------------------

                         (clock sys_clk rise edge)    0.000     0.000 r  
    K21                                               0.000     0.000 r  clk_50M (IN)
                         net (fo=0)                   0.000     0.000    u_soc_top/pll_clk.u_clk_pll/inst/clk_in1
    K21                  IBUF (Prop_ibuf_I_O)         0.419     0.419 r  u_soc_top/pll_clk.u_clk_pll/inst/clkin1_ibufg/O
                         net (fo=1, routed)           0.481     0.900    u_soc_top/pll_clk.u_clk_pll/inst/clk_in1_clk_pll
    PLLE2_ADV_X0Y3       PLLE2_ADV (Prop_plle2_adv_CLKIN1_CLKOUT1)
                                                     -2.847    -1.947 r  u_soc_top/pll_clk.u_clk_pll/inst/plle2_adv_inst/CLKOUT1
                         net (fo=1, routed)           0.611    -1.337    u_soc_top/pll_clk.u_clk_pll/inst/sys_clk_clk_pll
    BUFGCTRL_X0Y17       BUFG (Prop_bufg_I_O)         0.029    -1.308 r  u_soc_top/pll_clk.u_clk_pll/inst/clkout2_buf/O
                         net (fo=1108, routed)        0.966    -0.342    u_soc_top/u_axi_uart_controller/uart0/regs/i_uart_sync_flops/sys_clk
    SLICE_X18Y86         FDSE                                         r  u_soc_top/u_axi_uart_controller/uart0/regs/i_uart_sync_flops/flop_0_reg[0]/C





