Copyright 1986-2019 Xilinx, Inc. All Rights Reserved.
--------------------------------------------------------------------------------------------------------------------
| Tool Version : Vivado v.2019.2 (lin64) Build 2708876 Wed Nov  6 21:39:14 MST 2019
| Date         : Tue Aug  4 14:27:32 2026
| Host         : 7d8f1c52e75e running 64-bit Ubuntu 18.04.6 LTS
| Command      : report_timing -max_paths 20 -nworst 10 -file /workspace/run_vivado/project/impl_critical_paths.rpt
| Design       : thinpad_top
| Device       : 7a200t-fbg676
| Speed File   : -2  PRODUCTION 1.23 2018-06-13
--------------------------------------------------------------------------------------------------------------------

Timing Report

Slack (VIOLATED) :        -0.498ns  (required time - arrival time)
  Source:                 u_soc_top/u_cpu/u_core/fq_instr_reg[0][15]/C
                            (rising edge-triggered cell FDRE clocked by cpu_clk  {rise@0.000ns fall@5.000ns period=10.000ns})
  Destination:            u_soc_top/u_cpu/u_core/pc_reg[10]_rep/D
                            (rising edge-triggered cell FDRE clocked by cpu_clk  {rise@0.000ns fall@5.000ns period=10.000ns})
  Path Group:             cpu_clk
  Path Type:              Setup (Max at Slow Process Corner)
  Requirement:            10.000ns  (cpu_clk rise@10.000ns - cpu_clk rise@0.000ns)
  Data Path Delay:        10.180ns  (logic 3.847ns (37.791%)  route 6.333ns (62.209%))
  Logic Levels:           21  (CARRY4=9 LUT2=1 LUT4=2 LUT5=1 LUT6=7 MUXF7=1)
  Clock Path Skew:        -0.043ns (DCD - SCD + CPR)
    Destination Clock Delay (DCD):    -1.540ns = ( 8.460 - 10.000 ) 
    Source Clock Delay      (SCD):    -1.959ns
    Clock Pessimism Removal (CPR):    -0.462ns
  Clock Uncertainty:      0.094ns  ((TSJ^2 + DJ^2)^1/2) / 2 + PE
    Total System Jitter     (TSJ):    0.071ns
    Discrete Jitter          (DJ):    0.175ns
    Phase Error              (PE):    0.000ns

    Location             Delay type                Incr(ns)  Path(ns)    Netlist Resource(s)
  -------------------------------------------------------------------    -------------------
                         (clock cpu_clk rise edge)    0.000     0.000 r  
    K21                                               0.000     0.000 r  clk_50M (IN)
                         net (fo=0)                   0.000     0.000    u_soc_top/pll_clk.u_clk_pll/inst/clk_in1
    K21                  IBUF (Prop_ibuf_I_O)         1.394     1.394 r  u_soc_top/pll_clk.u_clk_pll/inst/clkin1_ibufg/O
                         net (fo=1, routed)           1.080     2.474    u_soc_top/pll_clk.u_clk_pll/inst/clk_in1_clk_pll
    PLLE2_ADV_X0Y3       PLLE2_ADV (Prop_plle2_adv_CLKIN1_CLKOUT0)
                                                     -7.629    -5.155 r  u_soc_top/pll_clk.u_clk_pll/inst/plle2_adv_inst/CLKOUT0
                         net (fo=1, routed)           1.557    -3.598    u_soc_top/pll_clk.u_clk_pll/inst/cpu_clk_clk_pll
    BUFGCTRL_X0Y16       BUFG (Prop_bufg_I_O)         0.081    -3.517 r  u_soc_top/pll_clk.u_clk_pll/inst/clkout1_buf/O
                         net (fo=5309, routed)        1.558    -1.959    u_soc_top/u_cpu/u_core/cpu_clk
    SLICE_X56Y51         FDRE                                         r  u_soc_top/u_cpu/u_core/fq_instr_reg[0][15]/C
  -------------------------------------------------------------------    -------------------
    SLICE_X56Y51         FDRE (Prop_fdre_C_Q)         0.433    -1.526 r  u_soc_top/u_cpu/u_core/fq_instr_reg[0][15]/Q
                         net (fo=28, routed)          0.997    -0.529    u_soc_top/u_cpu/u_core/reg_id_ex0_data/data_out_reg[83]_0[15]
    SLICE_X50Y49         LUT6 (Prop_lut6_I1_O)        0.105    -0.424 f  u_soc_top/u_cpu/u_core/reg_id_ex0_data/data_out[3]_i_7/O
                         net (fo=1, routed)           0.237    -0.187    u_soc_top/u_cpu/u_core/reg_id_ex0_data/data_out[3]_i_7_n_0
    SLICE_X51Y47         LUT4 (Prop_lut4_I1_O)        0.105    -0.082 r  u_soc_top/u_cpu/u_core/reg_id_ex0_data/data_out[3]_i_6/O
                         net (fo=2, routed)           0.530     0.448    u_soc_top/u_cpu/u_core/reg_id_ex0_data/data_out[3]_i_6_n_0
    SLICE_X50Y49         LUT5 (Prop_lut5_I0_O)        0.105     0.553 r  u_soc_top/u_cpu/u_core/reg_id_ex0_data/data_out[3]_i_2__1/O
                         net (fo=2, routed)           0.360     0.913    u_soc_top/u_cpu/u_core/reg_id_ex0_data/data_out[3]_i_2__1_n_0
    SLICE_X50Y48         LUT6 (Prop_lut6_I2_O)        0.105     1.018 r  u_soc_top/u_cpu/u_core/reg_id_ex0_data/data_out[84]_i_2/O
                         net (fo=2, routed)           0.371     1.389    u_soc_top/u_cpu/u_core/reg_id_ex0_data/data_out[84]_i_2_n_0
    SLICE_X49Y48         LUT6 (Prop_lut6_I0_O)        0.105     1.494 r  u_soc_top/u_cpu/u_core/reg_id_ex0_data/data_out[84]_i_1/O
                         net (fo=3, routed)           0.266     1.760    u_soc_top/u_cpu/u_core/bp_unit/D[1]
    SLICE_X51Y49         LUT2 (Prop_lut2_I1_O)        0.105     1.865 r  u_soc_top/u_cpu/u_core/bp_unit/pc[0]_i_8/O
                         net (fo=1, routed)           0.000     1.865    u_soc_top/u_cpu/u_core/bp_unit/pc[0]_i_8_n_0
    SLICE_X51Y49         CARRY4 (Prop_carry4_S[1]_CO[3])
                                                      0.457     2.322 r  u_soc_top/u_cpu/u_core/bp_unit/pc_reg[0]_i_3/CO[3]
                         net (fo=1, routed)           0.001     2.323    u_soc_top/u_cpu/u_core/bp_unit/pc_reg[0]_i_3_n_0
    SLICE_X51Y50         CARRY4 (Prop_carry4_CI_CO[3])
                                                      0.098     2.421 r  u_soc_top/u_cpu/u_core/bp_unit/pc_reg[7]_i_4/CO[3]
                         net (fo=1, routed)           0.000     2.421    u_soc_top/u_cpu/u_core/bp_unit/pc_reg[7]_i_4_n_0
    SLICE_X51Y51         CARRY4 (Prop_carry4_CI_CO[3])
                                                      0.098     2.519 r  u_soc_top/u_cpu/u_core/bp_unit/pc_reg[11]_i_4/CO[3]
                         net (fo=1, routed)           0.000     2.519    u_soc_top/u_cpu/u_core/bp_unit/pc_reg[11]_i_4_n_0
    SLICE_X51Y52         CARRY4 (Prop_carry4_CI_CO[3])
                                                      0.098     2.617 r  u_soc_top/u_cpu/u_core/bp_unit/pc_reg[15]_i_4/CO[3]
                         net (fo=1, routed)           0.000     2.617    u_soc_top/u_cpu/u_core/bp_unit/pc_reg[15]_i_4_n_0
    SLICE_X51Y53         CARRY4 (Prop_carry4_CI_CO[3])
                                                      0.098     2.715 r  u_soc_top/u_cpu/u_core/bp_unit/pc_reg[19]_i_4/CO[3]
                         net (fo=1, routed)           0.000     2.715    u_soc_top/u_cpu/u_core/bp_unit/pc_reg[19]_i_4_n_0
    SLICE_X51Y54         CARRY4 (Prop_carry4_CI_CO[3])
                                                      0.098     2.813 r  u_soc_top/u_cpu/u_core/bp_unit/pc_reg[23]_i_4/CO[3]
                         net (fo=1, routed)           0.000     2.813    u_soc_top/u_cpu/u_core/bp_unit/pc_reg[23]_i_4_n_0
    SLICE_X51Y55         CARRY4 (Prop_carry4_CI_CO[3])
                                                      0.098     2.911 r  u_soc_top/u_cpu/u_core/bp_unit/pc_reg[27]_i_4/CO[3]
                         net (fo=1, routed)           0.000     2.911    u_soc_top/u_cpu/u_core/bp_unit/pc_reg[27]_i_4_n_0
    SLICE_X51Y56         CARRY4 (Prop_carry4_CI_O[1])
                                                      0.265     3.176 r  u_soc_top/u_cpu/u_core/bp_unit/pc_reg[31]_i_9/O[1]
                         net (fo=3, routed)           0.614     3.790    u_soc_top/u_cpu/u_core/bp_unit/bp_jump_pc[29]
    SLICE_X55Y57         LUT6 (Prop_lut6_I4_O)        0.250     4.040 r  u_soc_top/u_cpu/u_core/bp_unit/data_out[15]_i_36/O
                         net (fo=1, routed)           0.000     4.040    u_soc_top/u_cpu/u_core/hazard_ctrl/data_out[15]_i_6[1]
    SLICE_X55Y57         CARRY4 (Prop_carry4_S[1]_CO[2])
                                                      0.475     4.515 r  u_soc_top/u_cpu/u_core/hazard_ctrl/data_out_reg[15]_i_21/CO[2]
                         net (fo=1, routed)           0.367     4.882    u_soc_top/u_cpu/u_core/reg_id_ex0_ctrl/fq_pc_reg[1][9]_4[0]
    SLICE_X50Y57         LUT6 (Prop_lut6_I5_O)        0.261     5.143 r  u_soc_top/u_cpu/u_core/reg_id_ex0_ctrl/data_out[15]_i_6/O
                         net (fo=142, routed)         0.493     5.636    u_soc_top/u_cpu/u_core/reg_id_ex1_data/if_id_flush
    SLICE_X51Y57         LUT4 (Prop_lut4_I2_O)        0.105     5.741 r  u_soc_top/u_cpu/u_core/reg_id_ex1_data/pc[1]_i_6/O
                         net (fo=2, routed)           0.940     6.681    u_soc_top/u_cpu/u_core/if_stage/pc_reg[1]_0
    SLICE_X43Y58         LUT6 (Prop_lut6_I3_O)        0.105     6.786 r  u_soc_top/u_cpu/u_core/if_stage/pc[1]_i_3/O
                         net (fo=31, routed)          0.640     7.426    u_soc_top/u_cpu/u_core/if_stage/fq_valid_reg[2]
    SLICE_X42Y56         LUT6 (Prop_lut6_I0_O)        0.105     7.531 r  u_soc_top/u_cpu/u_core/if_stage/pc[10]_i_2/O
                         net (fo=1, routed)           0.000     7.531    u_soc_top/u_cpu/u_core/reg_id_ex0_data/pc_reg[10]_rep__4
    SLICE_X42Y56         MUXF7 (Prop_muxf7_I0_O)      0.173     7.704 r  u_soc_top/u_cpu/u_core/reg_id_ex0_data/pc_reg[10]_i_1/O
                         net (fo=7, routed)           0.516     8.220    u_soc_top/u_cpu/u_core/next_pc_reg[10]
    SLICE_X43Y56         FDRE                                         r  u_soc_top/u_cpu/u_core/pc_reg[10]_rep/D
  -------------------------------------------------------------------    -------------------

                         (clock cpu_clk rise edge)   10.000    10.000 r  
    K21                                               0.000    10.000 r  clk_50M (IN)
                         net (fo=0)                   0.000    10.000    u_soc_top/pll_clk.u_clk_pll/inst/clk_in1
    K21                  IBUF (Prop_ibuf_I_O)         1.328    11.328 r  u_soc_top/pll_clk.u_clk_pll/inst/clkin1_ibufg/O
                         net (fo=1, routed)           1.019    12.347    u_soc_top/pll_clk.u_clk_pll/inst/clk_in1_clk_pll
    PLLE2_ADV_X0Y3       PLLE2_ADV (Prop_plle2_adv_CLKIN1_CLKOUT0)
                                                     -6.890     5.457 r  u_soc_top/pll_clk.u_clk_pll/inst/plle2_adv_inst/CLKOUT0
                         net (fo=1, routed)           1.484     6.942    u_soc_top/pll_clk.u_clk_pll/inst/cpu_clk_clk_pll
    BUFGCTRL_X0Y16       BUFG (Prop_bufg_I_O)         0.077     7.019 r  u_soc_top/pll_clk.u_clk_pll/inst/clkout1_buf/O
                         net (fo=5309, routed)        1.441     8.460    u_soc_top/u_cpu/u_core/cpu_clk
    SLICE_X43Y56         FDRE                                         r  u_soc_top/u_cpu/u_core/pc_reg[10]_rep/C
                         clock pessimism             -0.462     7.998    
                         clock uncertainty           -0.094     7.903    
    SLICE_X43Y56         FDRE (Setup_fdre_C_D)       -0.181     7.722    u_soc_top/u_cpu/u_core/pc_reg[10]_rep
  -------------------------------------------------------------------
                         required time                          7.722    
                         arrival time                          -8.220    
  -------------------------------------------------------------------
                         slack                                 -0.498    

Slack (VIOLATED) :        -0.498ns  (required time - arrival time)
  Source:                 u_soc_top/u_cpu/u_core/fq_instr_reg[0][15]/C
                            (rising edge-triggered cell FDRE clocked by cpu_clk  {rise@0.000ns fall@5.000ns period=10.000ns})
  Destination:            u_soc_top/u_cpu/u_core/pc_reg[10]_rep/D
                            (rising edge-triggered cell FDRE clocked by cpu_clk  {rise@0.000ns fall@5.000ns period=10.000ns})
  Path Group:             cpu_clk
  Path Type:              Setup (Max at Slow Process Corner)
  Requirement:            10.000ns  (cpu_clk rise@10.000ns - cpu_clk rise@0.000ns)
  Data Path Delay:        10.180ns  (logic 3.847ns (37.791%)  route 6.333ns (62.209%))
  Logic Levels:           21  (CARRY4=9 LUT2=1 LUT4=2 LUT5=1 LUT6=7 MUXF7=1)
  Clock Path Skew:        -0.043ns (DCD - SCD + CPR)
    Destination Clock Delay (DCD):    -1.540ns = ( 8.460 - 10.000 ) 
    Source Clock Delay      (SCD):    -1.959ns
    Clock Pessimism Removal (CPR):    -0.462ns
  Clock Uncertainty:      0.094ns  ((TSJ^2 + DJ^2)^1/2) / 2 + PE
    Total System Jitter     (TSJ):    0.071ns
    Discrete Jitter          (DJ):    0.175ns
    Phase Error              (PE):    0.000ns

    Location             Delay type                Incr(ns)  Path(ns)    Netlist Resource(s)
  -------------------------------------------------------------------    -------------------
                         (clock cpu_clk rise edge)    0.000     0.000 r  
    K21                                               0.000     0.000 r  clk_50M (IN)
                         net (fo=0)                   0.000     0.000    u_soc_top/pll_clk.u_clk_pll/inst/clk_in1
    K21                  IBUF (Prop_ibuf_I_O)         1.394     1.394 r  u_soc_top/pll_clk.u_clk_pll/inst/clkin1_ibufg/O
                         net (fo=1, routed)           1.080     2.474    u_soc_top/pll_clk.u_clk_pll/inst/clk_in1_clk_pll
    PLLE2_ADV_X0Y3       PLLE2_ADV (Prop_plle2_adv_CLKIN1_CLKOUT0)
                                                     -7.629    -5.155 r  u_soc_top/pll_clk.u_clk_pll/inst/plle2_adv_inst/CLKOUT0
                         net (fo=1, routed)           1.557    -3.598    u_soc_top/pll_clk.u_clk_pll/inst/cpu_clk_clk_pll
    BUFGCTRL_X0Y16       BUFG (Prop_bufg_I_O)         0.081    -3.517 r  u_soc_top/pll_clk.u_clk_pll/inst/clkout1_buf/O
                         net (fo=5309, routed)        1.558    -1.959    u_soc_top/u_cpu/u_core/cpu_clk
    SLICE_X56Y51         FDRE                                         r  u_soc_top/u_cpu/u_core/fq_instr_reg[0][15]/C
  -------------------------------------------------------------------    -------------------
    SLICE_X56Y51         FDRE (Prop_fdre_C_Q)         0.433    -1.526 r  u_soc_top/u_cpu/u_core/fq_instr_reg[0][15]/Q
                         net (fo=28, routed)          0.997    -0.529    u_soc_top/u_cpu/u_core/reg_id_ex0_data/data_out_reg[83]_0[15]
    SLICE_X50Y49         LUT6 (Prop_lut6_I1_O)        0.105    -0.424 f  u_soc_top/u_cpu/u_core/reg_id_ex0_data/data_out[3]_i_7/O
                         net (fo=1, routed)           0.237    -0.187    u_soc_top/u_cpu/u_core/reg_id_ex0_data/data_out[3]_i_7_n_0
    SLICE_X51Y47         LUT4 (Prop_lut4_I1_O)        0.105    -0.082 r  u_soc_top/u_cpu/u_core/reg_id_ex0_data/data_out[3]_i_6/O
                         net (fo=2, routed)           0.530     0.448    u_soc_top/u_cpu/u_core/reg_id_ex0_data/data_out[3]_i_6_n_0
    SLICE_X50Y49         LUT5 (Prop_lut5_I0_O)        0.105     0.553 r  u_soc_top/u_cpu/u_core/reg_id_ex0_data/data_out[3]_i_2__1/O
                         net (fo=2, routed)           0.360     0.913    u_soc_top/u_cpu/u_core/reg_id_ex0_data/data_out[3]_i_2__1_n_0
    SLICE_X50Y48         LUT6 (Prop_lut6_I2_O)        0.105     1.018 r  u_soc_top/u_cpu/u_core/reg_id_ex0_data/data_out[84]_i_2/O
                         net (fo=2, routed)           0.371     1.389    u_soc_top/u_cpu/u_core/reg_id_ex0_data/data_out[84]_i_2_n_0
    SLICE_X49Y48         LUT6 (Prop_lut6_I0_O)        0.105     1.494 r  u_soc_top/u_cpu/u_core/reg_id_ex0_data/data_out[84]_i_1/O
                         net (fo=3, routed)           0.266     1.760    u_soc_top/u_cpu/u_core/bp_unit/D[1]
    SLICE_X51Y49         LUT2 (Prop_lut2_I1_O)        0.105     1.865 r  u_soc_top/u_cpu/u_core/bp_unit/pc[0]_i_8/O
                         net (fo=1, routed)           0.000     1.865    u_soc_top/u_cpu/u_core/bp_unit/pc[0]_i_8_n_0
    SLICE_X51Y49         CARRY4 (Prop_carry4_S[1]_CO[3])
                                                      0.457     2.322 r  u_soc_top/u_cpu/u_core/bp_unit/pc_reg[0]_i_3/CO[3]
                         net (fo=1, routed)           0.001     2.323    u_soc_top/u_cpu/u_core/bp_unit/pc_reg[0]_i_3_n_0
    SLICE_X51Y50         CARRY4 (Prop_carry4_CI_CO[3])
                                                      0.098     2.421 r  u_soc_top/u_cpu/u_core/bp_unit/pc_reg[7]_i_4/CO[3]
                         net (fo=1, routed)           0.000     2.421    u_soc_top/u_cpu/u_core/bp_unit/pc_reg[7]_i_4_n_0
    SLICE_X51Y51         CARRY4 (Prop_carry4_CI_CO[3])
                                                      0.098     2.519 r  u_soc_top/u_cpu/u_core/bp_unit/pc_reg[11]_i_4/CO[3]
                         net (fo=1, routed)           0.000     2.519    u_soc_top/u_cpu/u_core/bp_unit/pc_reg[11]_i_4_n_0
    SLICE_X51Y52         CARRY4 (Prop_carry4_CI_CO[3])
                                                      0.098     2.617 r  u_soc_top/u_cpu/u_core/bp_unit/pc_reg[15]_i_4/CO[3]
                         net (fo=1, routed)           0.000     2.617    u_soc_top/u_cpu/u_core/bp_unit/pc_reg[15]_i_4_n_0
    SLICE_X51Y53         CARRY4 (Prop_carry4_CI_CO[3])
                                                      0.098     2.715 r  u_soc_top/u_cpu/u_core/bp_unit/pc_reg[19]_i_4/CO[3]
                         net (fo=1, routed)           0.000     2.715    u_soc_top/u_cpu/u_core/bp_unit/pc_reg[19]_i_4_n_0
    SLICE_X51Y54         CARRY4 (Prop_carry4_CI_CO[3])
                                                      0.098     2.813 r  u_soc_top/u_cpu/u_core/bp_unit/pc_reg[23]_i_4/CO[3]
                         net (fo=1, routed)           0.000     2.813    u_soc_top/u_cpu/u_core/bp_unit/pc_reg[23]_i_4_n_0
    SLICE_X51Y55         CARRY4 (Prop_carry4_CI_CO[3])
                                                      0.098     2.911 r  u_soc_top/u_cpu/u_core/bp_unit/pc_reg[27]_i_4/CO[3]
                         net (fo=1, routed)           0.000     2.911    u_soc_top/u_cpu/u_core/bp_unit/pc_reg[27]_i_4_n_0
    SLICE_X51Y56         CARRY4 (Prop_carry4_CI_O[1])
                                                      0.265     3.176 f  u_soc_top/u_cpu/u_core/bp_unit/pc_reg[31]_i_9/O[1]
                         net (fo=3, routed)           0.614     3.790    u_soc_top/u_cpu/u_core/bp_unit/bp_jump_pc[29]
    SLICE_X55Y57         LUT6 (Prop_lut6_I4_O)        0.250     4.040 r  u_soc_top/u_cpu/u_core/bp_unit/data_out[15]_i_36/O
                         net (fo=1, routed)           0.000     4.040    u_soc_top/u_cpu/u_core/hazard_ctrl/data_out[15]_i_6[1]
    SLICE_X55Y57         CARRY4 (Prop_carry4_S[1]_CO[2])
                                                      0.475     4.515 r  u_soc_top/u_cpu/u_core/hazard_ctrl/data_out_reg[15]_i_21/CO[2]
                         net (fo=1, routed)           0.367     4.882    u_soc_top/u_cpu/u_core/reg_id_ex0_ctrl/fq_pc_reg[1][9]_4[0]
    SLICE_X50Y57         LUT6 (Prop_lut6_I5_O)        0.261     5.143 r  u_soc_top/u_cpu/u_core/reg_id_ex0_ctrl/data_out[15]_i_6/O
                         net (fo=142, routed)         0.493     5.636    u_soc_top/u_cpu/u_core/reg_id_ex1_data/if_id_flush
    SLICE_X51Y57         LUT4 (Prop_lut4_I2_O)        0.105     5.741 r  u_soc_top/u_cpu/u_core/reg_id_ex1_data/pc[1]_i_6/O
                         net (fo=2, routed)           0.940     6.681    u_soc_top/u_cpu/u_core/if_stage/pc_reg[1]_0
    SLICE_X43Y58         LUT6 (Prop_lut6_I3_O)        0.105     6.786 r  u_soc_top/u_cpu/u_core/if_stage/pc[1]_i_3/O
                         net (fo=31, routed)          0.640     7.426    u_soc_top/u_cpu/u_core/if_stage/fq_valid_reg[2]
    SLICE_X42Y56         LUT6 (Prop_lut6_I0_O)        0.105     7.531 r  u_soc_top/u_cpu/u_core/if_stage/pc[10]_i_2/O
                         net (fo=1, routed)           0.000     7.531    u_soc_top/u_cpu/u_core/reg_id_ex0_data/pc_reg[10]_rep__4
    SLICE_X42Y56         MUXF7 (Prop_muxf7_I0_O)      0.173     7.704 r  u_soc_top/u_cpu/u_core/reg_id_ex0_data/pc_reg[10]_i_1/O
                         net (fo=7, routed)           0.516     8.220    u_soc_top/u_cpu/u_core/next_pc_reg[10]
    SLICE_X43Y56         FDRE                                         r  u_soc_top/u_cpu/u_core/pc_reg[10]_rep/D
  -------------------------------------------------------------------    -------------------

                         (clock cpu_clk rise edge)   10.000    10.000 r  
    K21                                               0.000    10.000 r  clk_50M (IN)
                         net (fo=0)                   0.000    10.000    u_soc_top/pll_clk.u_clk_pll/inst/clk_in1
    K21                  IBUF (Prop_ibuf_I_O)         1.328    11.328 r  u_soc_top/pll_clk.u_clk_pll/inst/clkin1_ibufg/O
                         net (fo=1, routed)           1.019    12.347    u_soc_top/pll_clk.u_clk_pll/inst/clk_in1_clk_pll
    PLLE2_ADV_X0Y3       PLLE2_ADV (Prop_plle2_adv_CLKIN1_CLKOUT0)
                                                     -6.890     5.457 r  u_soc_top/pll_clk.u_clk_pll/inst/plle2_adv_inst/CLKOUT0
                         net (fo=1, routed)           1.484     6.942    u_soc_top/pll_clk.u_clk_pll/inst/cpu_clk_clk_pll
    BUFGCTRL_X0Y16       BUFG (Prop_bufg_I_O)         0.077     7.019 r  u_soc_top/pll_clk.u_clk_pll/inst/clkout1_buf/O
                         net (fo=5309, routed)        1.441     8.460    u_soc_top/u_cpu/u_core/cpu_clk
    SLICE_X43Y56         FDRE                                         r  u_soc_top/u_cpu/u_core/pc_reg[10]_rep/C
                         clock pessimism             -0.462     7.998    
                         clock uncertainty           -0.094     7.903    
    SLICE_X43Y56         FDRE (Setup_fdre_C_D)       -0.181     7.722    u_soc_top/u_cpu/u_core/pc_reg[10]_rep
  -------------------------------------------------------------------
                         required time                          7.722    
                         arrival time                          -8.220    
  -------------------------------------------------------------------
                         slack                                 -0.498    

Slack (VIOLATED) :        -0.498ns  (required time - arrival time)
  Source:                 u_soc_top/u_cpu/u_core/fq_instr_reg[0][15]/C
                            (rising edge-triggered cell FDRE clocked by cpu_clk  {rise@0.000ns fall@5.000ns period=10.000ns})
  Destination:            u_soc_top/u_cpu/u_core/pc_reg[10]_rep/D
                            (rising edge-triggered cell FDRE clocked by cpu_clk  {rise@0.000ns fall@5.000ns period=10.000ns})
  Path Group:             cpu_clk
  Path Type:              Setup (Max at Slow Process Corner)
  Requirement:            10.000ns  (cpu_clk rise@10.000ns - cpu_clk rise@0.000ns)
  Data Path Delay:        10.180ns  (logic 3.847ns (37.791%)  route 6.333ns (62.209%))
  Logic Levels:           21  (CARRY4=9 LUT2=1 LUT4=2 LUT5=1 LUT6=7 MUXF7=1)
  Clock Path Skew:        -0.043ns (DCD - SCD + CPR)
    Destination Clock Delay (DCD):    -1.540ns = ( 8.460 - 10.000 ) 
    Source Clock Delay      (SCD):    -1.959ns
    Clock Pessimism Removal (CPR):    -0.462ns
  Clock Uncertainty:      0.094ns  ((TSJ^2 + DJ^2)^1/2) / 2 + PE
    Total System Jitter     (TSJ):    0.071ns
    Discrete Jitter          (DJ):    0.175ns
    Phase Error              (PE):    0.000ns

    Location             Delay type                Incr(ns)  Path(ns)    Netlist Resource(s)
  -------------------------------------------------------------------    -------------------
                         (clock cpu_clk rise edge)    0.000     0.000 r  
    K21                                               0.000     0.000 r  clk_50M (IN)
                         net (fo=0)                   0.000     0.000    u_soc_top/pll_clk.u_clk_pll/inst/clk_in1
    K21                  IBUF (Prop_ibuf_I_O)         1.394     1.394 r  u_soc_top/pll_clk.u_clk_pll/inst/clkin1_ibufg/O
                         net (fo=1, routed)           1.080     2.474    u_soc_top/pll_clk.u_clk_pll/inst/clk_in1_clk_pll
    PLLE2_ADV_X0Y3       PLLE2_ADV (Prop_plle2_adv_CLKIN1_CLKOUT0)
                                                     -7.629    -5.155 r  u_soc_top/pll_clk.u_clk_pll/inst/plle2_adv_inst/CLKOUT0
                         net (fo=1, routed)           1.557    -3.598    u_soc_top/pll_clk.u_clk_pll/inst/cpu_clk_clk_pll
    BUFGCTRL_X0Y16       BUFG (Prop_bufg_I_O)         0.081    -3.517 r  u_soc_top/pll_clk.u_clk_pll/inst/clkout1_buf/O
                         net (fo=5309, routed)        1.558    -1.959    u_soc_top/u_cpu/u_core/cpu_clk
    SLICE_X56Y51         FDRE                                         r  u_soc_top/u_cpu/u_core/fq_instr_reg[0][15]/C
  -------------------------------------------------------------------    -------------------
    SLICE_X56Y51         FDRE (Prop_fdre_C_Q)         0.433    -1.526 r  u_soc_top/u_cpu/u_core/fq_instr_reg[0][15]/Q
                         net (fo=28, routed)          0.997    -0.529    u_soc_top/u_cpu/u_core/reg_id_ex0_data/data_out_reg[83]_0[15]
    SLICE_X50Y49         LUT6 (Prop_lut6_I1_O)        0.105    -0.424 f  u_soc_top/u_cpu/u_core/reg_id_ex0_data/data_out[3]_i_7/O
                         net (fo=1, routed)           0.237    -0.187    u_soc_top/u_cpu/u_core/reg_id_ex0_data/data_out[3]_i_7_n_0
    SLICE_X51Y47         LUT4 (Prop_lut4_I1_O)        0.105    -0.082 r  u_soc_top/u_cpu/u_core/reg_id_ex0_data/data_out[3]_i_6/O
                         net (fo=2, routed)           0.530     0.448    u_soc_top/u_cpu/u_core/reg_id_ex0_data/data_out[3]_i_6_n_0
    SLICE_X50Y49         LUT5 (Prop_lut5_I0_O)        0.105     0.553 r  u_soc_top/u_cpu/u_core/reg_id_ex0_data/data_out[3]_i_2__1/O
                         net (fo=2, routed)           0.360     0.913    u_soc_top/u_cpu/u_core/reg_id_ex0_data/data_out[3]_i_2__1_n_0
    SLICE_X50Y48         LUT6 (Prop_lut6_I2_O)        0.105     1.018 r  u_soc_top/u_cpu/u_core/reg_id_ex0_data/data_out[84]_i_2/O
                         net (fo=2, routed)           0.371     1.389    u_soc_top/u_cpu/u_core/reg_id_ex0_data/data_out[84]_i_2_n_0
    SLICE_X49Y48         LUT6 (Prop_lut6_I0_O)        0.105     1.494 r  u_soc_top/u_cpu/u_core/reg_id_ex0_data/data_out[84]_i_1/O
                         net (fo=3, routed)           0.266     1.760    u_soc_top/u_cpu/u_core/bp_unit/D[1]
    SLICE_X51Y49         LUT2 (Prop_lut2_I1_O)        0.105     1.865 r  u_soc_top/u_cpu/u_core/bp_unit/pc[0]_i_8/O
                         net (fo=1, routed)           0.000     1.865    u_soc_top/u_cpu/u_core/bp_unit/pc[0]_i_8_n_0
    SLICE_X51Y49         CARRY4 (Prop_carry4_S[1]_CO[3])
                                                      0.457     2.322 r  u_soc_top/u_cpu/u_core/bp_unit/pc_reg[0]_i_3/CO[3]
                         net (fo=1, routed)           0.001     2.323    u_soc_top/u_cpu/u_core/bp_unit/pc_reg[0]_i_3_n_0
    SLICE_X51Y50         CARRY4 (Prop_carry4_CI_CO[3])
                                                      0.098     2.421 r  u_soc_top/u_cpu/u_core/bp_unit/pc_reg[7]_i_4/CO[3]
                         net (fo=1, routed)           0.000     2.421    u_soc_top/u_cpu/u_core/bp_unit/pc_reg[7]_i_4_n_0
    SLICE_X51Y51         CARRY4 (Prop_carry4_CI_CO[3])
                                                      0.098     2.519 r  u_soc_top/u_cpu/u_core/bp_unit/pc_reg[11]_i_4/CO[3]
                         net (fo=1, routed)           0.000     2.519    u_soc_top/u_cpu/u_core/bp_unit/pc_reg[11]_i_4_n_0
    SLICE_X51Y52         CARRY4 (Prop_carry4_CI_CO[3])
                                                      0.098     2.617 r  u_soc_top/u_cpu/u_core/bp_unit/pc_reg[15]_i_4/CO[3]
                         net (fo=1, routed)           0.000     2.617    u_soc_top/u_cpu/u_core/bp_unit/pc_reg[15]_i_4_n_0
    SLICE_X51Y53         CARRY4 (Prop_carry4_CI_CO[3])
                                                      0.098     2.715 r  u_soc_top/u_cpu/u_core/bp_unit/pc_reg[19]_i_4/CO[3]
                         net (fo=1, routed)           0.000     2.715    u_soc_top/u_cpu/u_core/bp_unit/pc_reg[19]_i_4_n_0
    SLICE_X51Y54         CARRY4 (Prop_carry4_CI_CO[3])
                                                      0.098     2.813 r  u_soc_top/u_cpu/u_core/bp_unit/pc_reg[23]_i_4/CO[3]
                         net (fo=1, routed)           0.000     2.813    u_soc_top/u_cpu/u_core/bp_unit/pc_reg[23]_i_4_n_0
    SLICE_X51Y55         CARRY4 (Prop_carry4_CI_CO[3])
                                                      0.098     2.911 r  u_soc_top/u_cpu/u_core/bp_unit/pc_reg[27]_i_4/CO[3]
                         net (fo=1, routed)           0.000     2.911    u_soc_top/u_cpu/u_core/bp_unit/pc_reg[27]_i_4_n_0
    SLICE_X51Y56         CARRY4 (Prop_carry4_CI_O[1])
                                                      0.265     3.176 r  u_soc_top/u_cpu/u_core/bp_unit/pc_reg[31]_i_9/O[1]
                         net (fo=3, routed)           0.614     3.790    u_soc_top/u_cpu/u_core/bp_unit/bp_jump_pc[29]
    SLICE_X55Y57         LUT6 (Prop_lut6_I4_O)        0.250     4.040 f  u_soc_top/u_cpu/u_core/bp_unit/data_out[15]_i_36/O
                         net (fo=1, routed)           0.000     4.040    u_soc_top/u_cpu/u_core/hazard_ctrl/data_out[15]_i_6[1]
    SLICE_X55Y57         CARRY4 (Prop_carry4_S[1]_CO[2])
                                                      0.475     4.515 r  u_soc_top/u_cpu/u_core/hazard_ctrl/data_out_reg[15]_i_21/CO[2]
                         net (fo=1, routed)           0.367     4.882    u_soc_top/u_cpu/u_core/reg_id_ex0_ctrl/fq_pc_reg[1][9]_4[0]
    SLICE_X50Y57         LUT6 (Prop_lut6_I5_O)        0.261     5.143 r  u_soc_top/u_cpu/u_core/reg_id_ex0_ctrl/data_out[15]_i_6/O
                         net (fo=142, routed)         0.493     5.636    u_soc_top/u_cpu/u_core/reg_id_ex1_data/if_id_flush
    SLICE_X51Y57         LUT4 (Prop_lut4_I2_O)        0.105     5.741 r  u_soc_top/u_cpu/u_core/reg_id_ex1_data/pc[1]_i_6/O
                         net (fo=2, routed)           0.940     6.681    u_soc_top/u_cpu/u_core/if_stage/pc_reg[1]_0
    SLICE_X43Y58         LUT6 (Prop_lut6_I3_O)        0.105     6.786 r  u_soc_top/u_cpu/u_core/if_stage/pc[1]_i_3/O
                         net (fo=31, routed)          0.640     7.426    u_soc_top/u_cpu/u_core/if_stage/fq_valid_reg[2]
    SLICE_X42Y56         LUT6 (Prop_lut6_I0_O)        0.105     7.531 r  u_soc_top/u_cpu/u_core/if_stage/pc[10]_i_2/O
                         net (fo=1, routed)           0.000     7.531    u_soc_top/u_cpu/u_core/reg_id_ex0_data/pc_reg[10]_rep__4
    SLICE_X42Y56         MUXF7 (Prop_muxf7_I0_O)      0.173     7.704 r  u_soc_top/u_cpu/u_core/reg_id_ex0_data/pc_reg[10]_i_1/O
                         net (fo=7, routed)           0.516     8.220    u_soc_top/u_cpu/u_core/next_pc_reg[10]
    SLICE_X43Y56         FDRE                                         r  u_soc_top/u_cpu/u_core/pc_reg[10]_rep/D
  -------------------------------------------------------------------    -------------------

                         (clock cpu_clk rise edge)   10.000    10.000 r  
    K21                                               0.000    10.000 r  clk_50M (IN)
                         net (fo=0)                   0.000    10.000    u_soc_top/pll_clk.u_clk_pll/inst/clk_in1
    K21                  IBUF (Prop_ibuf_I_O)         1.328    11.328 r  u_soc_top/pll_clk.u_clk_pll/inst/clkin1_ibufg/O
                         net (fo=1, routed)           1.019    12.347    u_soc_top/pll_clk.u_clk_pll/inst/clk_in1_clk_pll
    PLLE2_ADV_X0Y3       PLLE2_ADV (Prop_plle2_adv_CLKIN1_CLKOUT0)
                                                     -6.890     5.457 r  u_soc_top/pll_clk.u_clk_pll/inst/plle2_adv_inst/CLKOUT0
                         net (fo=1, routed)           1.484     6.942    u_soc_top/pll_clk.u_clk_pll/inst/cpu_clk_clk_pll
    BUFGCTRL_X0Y16       BUFG (Prop_bufg_I_O)         0.077     7.019 r  u_soc_top/pll_clk.u_clk_pll/inst/clkout1_buf/O
                         net (fo=5309, routed)        1.441     8.460    u_soc_top/u_cpu/u_core/cpu_clk
    SLICE_X43Y56         FDRE                                         r  u_soc_top/u_cpu/u_core/pc_reg[10]_rep/C
                         clock pessimism             -0.462     7.998    
                         clock uncertainty           -0.094     7.903    
    SLICE_X43Y56         FDRE (Setup_fdre_C_D)       -0.181     7.722    u_soc_top/u_cpu/u_core/pc_reg[10]_rep
  -------------------------------------------------------------------
                         required time                          7.722    
                         arrival time                          -8.220    
  -------------------------------------------------------------------
                         slack                                 -0.498    

Slack (VIOLATED) :        -0.498ns  (required time - arrival time)
  Source:                 u_soc_top/u_cpu/u_core/fq_instr_reg[0][15]/C
                            (rising edge-triggered cell FDRE clocked by cpu_clk  {rise@0.000ns fall@5.000ns period=10.000ns})
  Destination:            u_soc_top/u_cpu/u_core/pc_reg[10]_rep/D
                            (rising edge-triggered cell FDRE clocked by cpu_clk  {rise@0.000ns fall@5.000ns period=10.000ns})
  Path Group:             cpu_clk
  Path Type:              Setup (Max at Slow Process Corner)
  Requirement:            10.000ns  (cpu_clk rise@10.000ns - cpu_clk rise@0.000ns)
  Data Path Delay:        10.180ns  (logic 3.847ns (37.791%)  route 6.333ns (62.209%))
  Logic Levels:           21  (CARRY4=9 LUT2=1 LUT4=2 LUT5=1 LUT6=7 MUXF7=1)
  Clock Path Skew:        -0.043ns (DCD - SCD + CPR)
    Destination Clock Delay (DCD):    -1.540ns = ( 8.460 - 10.000 ) 
    Source Clock Delay      (SCD):    -1.959ns
    Clock Pessimism Removal (CPR):    -0.462ns
  Clock Uncertainty:      0.094ns  ((TSJ^2 + DJ^2)^1/2) / 2 + PE
    Total System Jitter     (TSJ):    0.071ns
    Discrete Jitter          (DJ):    0.175ns
    Phase Error              (PE):    0.000ns

    Location             Delay type                Incr(ns)  Path(ns)    Netlist Resource(s)
  -------------------------------------------------------------------    -------------------
                         (clock cpu_clk rise edge)    0.000     0.000 r  
    K21                                               0.000     0.000 r  clk_50M (IN)
                         net (fo=0)                   0.000     0.000    u_soc_top/pll_clk.u_clk_pll/inst/clk_in1
    K21                  IBUF (Prop_ibuf_I_O)         1.394     1.394 r  u_soc_top/pll_clk.u_clk_pll/inst/clkin1_ibufg/O
                         net (fo=1, routed)           1.080     2.474    u_soc_top/pll_clk.u_clk_pll/inst/clk_in1_clk_pll
    PLLE2_ADV_X0Y3       PLLE2_ADV (Prop_plle2_adv_CLKIN1_CLKOUT0)
                                                     -7.629    -5.155 r  u_soc_top/pll_clk.u_clk_pll/inst/plle2_adv_inst/CLKOUT0
                         net (fo=1, routed)           1.557    -3.598    u_soc_top/pll_clk.u_clk_pll/inst/cpu_clk_clk_pll
    BUFGCTRL_X0Y16       BUFG (Prop_bufg_I_O)         0.081    -3.517 r  u_soc_top/pll_clk.u_clk_pll/inst/clkout1_buf/O
                         net (fo=5309, routed)        1.558    -1.959    u_soc_top/u_cpu/u_core/cpu_clk
    SLICE_X56Y51         FDRE                                         r  u_soc_top/u_cpu/u_core/fq_instr_reg[0][15]/C
  -------------------------------------------------------------------    -------------------
    SLICE_X56Y51         FDRE (Prop_fdre_C_Q)         0.433    -1.526 r  u_soc_top/u_cpu/u_core/fq_instr_reg[0][15]/Q
                         net (fo=28, routed)          0.997    -0.529    u_soc_top/u_cpu/u_core/reg_id_ex0_data/data_out_reg[83]_0[15]
    SLICE_X50Y49         LUT6 (Prop_lut6_I1_O)        0.105    -0.424 f  u_soc_top/u_cpu/u_core/reg_id_ex0_data/data_out[3]_i_7/O
                         net (fo=1, routed)           0.237    -0.187    u_soc_top/u_cpu/u_core/reg_id_ex0_data/data_out[3]_i_7_n_0
    SLICE_X51Y47         LUT4 (Prop_lut4_I1_O)        0.105    -0.082 r  u_soc_top/u_cpu/u_core/reg_id_ex0_data/data_out[3]_i_6/O
                         net (fo=2, routed)           0.530     0.448    u_soc_top/u_cpu/u_core/reg_id_ex0_data/data_out[3]_i_6_n_0
    SLICE_X50Y49         LUT5 (Prop_lut5_I0_O)        0.105     0.553 r  u_soc_top/u_cpu/u_core/reg_id_ex0_data/data_out[3]_i_2__1/O
                         net (fo=2, routed)           0.360     0.913    u_soc_top/u_cpu/u_core/reg_id_ex0_data/data_out[3]_i_2__1_n_0
    SLICE_X50Y48         LUT6 (Prop_lut6_I2_O)        0.105     1.018 r  u_soc_top/u_cpu/u_core/reg_id_ex0_data/data_out[84]_i_2/O
                         net (fo=2, routed)           0.371     1.389    u_soc_top/u_cpu/u_core/reg_id_ex0_data/data_out[84]_i_2_n_0
    SLICE_X49Y48         LUT6 (Prop_lut6_I0_O)        0.105     1.494 r  u_soc_top/u_cpu/u_core/reg_id_ex0_data/data_out[84]_i_1/O
                         net (fo=3, routed)           0.266     1.760    u_soc_top/u_cpu/u_core/bp_unit/D[1]
    SLICE_X51Y49         LUT2 (Prop_lut2_I1_O)        0.105     1.865 r  u_soc_top/u_cpu/u_core/bp_unit/pc[0]_i_8/O
                         net (fo=1, routed)           0.000     1.865    u_soc_top/u_cpu/u_core/bp_unit/pc[0]_i_8_n_0
    SLICE_X51Y49         CARRY4 (Prop_carry4_S[1]_CO[3])
                                                      0.457     2.322 r  u_soc_top/u_cpu/u_core/bp_unit/pc_reg[0]_i_3/CO[3]
                         net (fo=1, routed)           0.001     2.323    u_soc_top/u_cpu/u_core/bp_unit/pc_reg[0]_i_3_n_0
    SLICE_X51Y50         CARRY4 (Prop_carry4_CI_CO[3])
                                                      0.098     2.421 r  u_soc_top/u_cpu/u_core/bp_unit/pc_reg[7]_i_4/CO[3]
                         net (fo=1, routed)           0.000     2.421    u_soc_top/u_cpu/u_core/bp_unit/pc_reg[7]_i_4_n_0
    SLICE_X51Y51         CARRY4 (Prop_carry4_CI_CO[3])
                                                      0.098     2.519 r  u_soc_top/u_cpu/u_core/bp_unit/pc_reg[11]_i_4/CO[3]
                         net (fo=1, routed)           0.000     2.519    u_soc_top/u_cpu/u_core/bp_unit/pc_reg[11]_i_4_n_0
    SLICE_X51Y52         CARRY4 (Prop_carry4_CI_CO[3])
                                                      0.098     2.617 r  u_soc_top/u_cpu/u_core/bp_unit/pc_reg[15]_i_4/CO[3]
                         net (fo=1, routed)           0.000     2.617    u_soc_top/u_cpu/u_core/bp_unit/pc_reg[15]_i_4_n_0
    SLICE_X51Y53         CARRY4 (Prop_carry4_CI_CO[3])
                                                      0.098     2.715 r  u_soc_top/u_cpu/u_core/bp_unit/pc_reg[19]_i_4/CO[3]
                         net (fo=1, routed)           0.000     2.715    u_soc_top/u_cpu/u_core/bp_unit/pc_reg[19]_i_4_n_0
    SLICE_X51Y54         CARRY4 (Prop_carry4_CI_CO[3])
                                                      0.098     2.813 r  u_soc_top/u_cpu/u_core/bp_unit/pc_reg[23]_i_4/CO[3]
                         net (fo=1, routed)           0.000     2.813    u_soc_top/u_cpu/u_core/bp_unit/pc_reg[23]_i_4_n_0
    SLICE_X51Y55         CARRY4 (Prop_carry4_CI_CO[3])
                                                      0.098     2.911 r  u_soc_top/u_cpu/u_core/bp_unit/pc_reg[27]_i_4/CO[3]
                         net (fo=1, routed)           0.000     2.911    u_soc_top/u_cpu/u_core/bp_unit/pc_reg[27]_i_4_n_0
    SLICE_X51Y56         CARRY4 (Prop_carry4_CI_O[1])
                                                      0.265     3.176 f  u_soc_top/u_cpu/u_core/bp_unit/pc_reg[31]_i_9/O[1]
                         net (fo=3, routed)           0.614     3.790    u_soc_top/u_cpu/u_core/bp_unit/bp_jump_pc[29]
    SLICE_X55Y57         LUT6 (Prop_lut6_I4_O)        0.250     4.040 f  u_soc_top/u_cpu/u_core/bp_unit/data_out[15]_i_36/O
                         net (fo=1, routed)           0.000     4.040    u_soc_top/u_cpu/u_core/hazard_ctrl/data_out[15]_i_6[1]
    SLICE_X55Y57         CARRY4 (Prop_carry4_S[1]_CO[2])
                                                      0.475     4.515 r  u_soc_top/u_cpu/u_core/hazard_ctrl/data_out_reg[15]_i_21/CO[2]
                         net (fo=1, routed)           0.367     4.882    u_soc_top/u_cpu/u_core/reg_id_ex0_ctrl/fq_pc_reg[1][9]_4[0]
    SLICE_X50Y57         LUT6 (Prop_lut6_I5_O)        0.261     5.143 r  u_soc_top/u_cpu/u_core/reg_id_ex0_ctrl/data_out[15]_i_6/O
                         net (fo=142, routed)         0.493     5.636    u_soc_top/u_cpu/u_core/reg_id_ex1_data/if_id_flush
    SLICE_X51Y57         LUT4 (Prop_lut4_I2_O)        0.105     5.741 r  u_soc_top/u_cpu/u_core/reg_id_ex1_data/pc[1]_i_6/O
                         net (fo=2, routed)           0.940     6.681    u_soc_top/u_cpu/u_core/if_stage/pc_reg[1]_0
    SLICE_X43Y58         LUT6 (Prop_lut6_I3_O)        0.105     6.786 r  u_soc_top/u_cpu/u_core/if_stage/pc[1]_i_3/O
                         net (fo=31, routed)          0.640     7.426    u_soc_top/u_cpu/u_core/if_stage/fq_valid_reg[2]
    SLICE_X42Y56         LUT6 (Prop_lut6_I0_O)        0.105     7.531 r  u_soc_top/u_cpu/u_core/if_stage/pc[10]_i_2/O
                         net (fo=1, routed)           0.000     7.531    u_soc_top/u_cpu/u_core/reg_id_ex0_data/pc_reg[10]_rep__4
    SLICE_X42Y56         MUXF7 (Prop_muxf7_I0_O)      0.173     7.704 r  u_soc_top/u_cpu/u_core/reg_id_ex0_data/pc_reg[10]_i_1/O
                         net (fo=7, routed)           0.516     8.220    u_soc_top/u_cpu/u_core/next_pc_reg[10]
    SLICE_X43Y56         FDRE                                         r  u_soc_top/u_cpu/u_core/pc_reg[10]_rep/D
  -------------------------------------------------------------------    -------------------

                         (clock cpu_clk rise edge)   10.000    10.000 r  
    K21                                               0.000    10.000 r  clk_50M (IN)
                         net (fo=0)                   0.000    10.000    u_soc_top/pll_clk.u_clk_pll/inst/clk_in1
    K21                  IBUF (Prop_ibuf_I_O)         1.328    11.328 r  u_soc_top/pll_clk.u_clk_pll/inst/clkin1_ibufg/O
                         net (fo=1, routed)           1.019    12.347    u_soc_top/pll_clk.u_clk_pll/inst/clk_in1_clk_pll
    PLLE2_ADV_X0Y3       PLLE2_ADV (Prop_plle2_adv_CLKIN1_CLKOUT0)
                                                     -6.890     5.457 r  u_soc_top/pll_clk.u_clk_pll/inst/plle2_adv_inst/CLKOUT0
                         net (fo=1, routed)           1.484     6.942    u_soc_top/pll_clk.u_clk_pll/inst/cpu_clk_clk_pll
    BUFGCTRL_X0Y16       BUFG (Prop_bufg_I_O)         0.077     7.019 r  u_soc_top/pll_clk.u_clk_pll/inst/clkout1_buf/O
                         net (fo=5309, routed)        1.441     8.460    u_soc_top/u_cpu/u_core/cpu_clk
    SLICE_X43Y56         FDRE                                         r  u_soc_top/u_cpu/u_core/pc_reg[10]_rep/C
                         clock pessimism             -0.462     7.998    
                         clock uncertainty           -0.094     7.903    
    SLICE_X43Y56         FDRE (Setup_fdre_C_D)       -0.181     7.722    u_soc_top/u_cpu/u_core/pc_reg[10]_rep
  -------------------------------------------------------------------
                         required time                          7.722    
                         arrival time                          -8.220    
  -------------------------------------------------------------------
                         slack                                 -0.498    

Slack (VIOLATED) :        -0.498ns  (required time - arrival time)
  Source:                 u_soc_top/u_cpu/u_core/fq_instr_reg[0][15]/C
                            (rising edge-triggered cell FDRE clocked by cpu_clk  {rise@0.000ns fall@5.000ns period=10.000ns})
  Destination:            u_soc_top/u_cpu/u_core/pc_reg[10]_rep/D
                            (rising edge-triggered cell FDRE clocked by cpu_clk  {rise@0.000ns fall@5.000ns period=10.000ns})
  Path Group:             cpu_clk
  Path Type:              Setup (Max at Slow Process Corner)
  Requirement:            10.000ns  (cpu_clk rise@10.000ns - cpu_clk rise@0.000ns)
  Data Path Delay:        10.180ns  (logic 3.847ns (37.791%)  route 6.333ns (62.209%))
  Logic Levels:           21  (CARRY4=9 LUT2=1 LUT4=2 LUT5=1 LUT6=7 MUXF7=1)
  Clock Path Skew:        -0.043ns (DCD - SCD + CPR)
    Destination Clock Delay (DCD):    -1.540ns = ( 8.460 - 10.000 ) 
    Source Clock Delay      (SCD):    -1.959ns
    Clock Pessimism Removal (CPR):    -0.462ns
  Clock Uncertainty:      0.094ns  ((TSJ^2 + DJ^2)^1/2) / 2 + PE
    Total System Jitter     (TSJ):    0.071ns
    Discrete Jitter          (DJ):    0.175ns
    Phase Error              (PE):    0.000ns

    Location             Delay type                Incr(ns)  Path(ns)    Netlist Resource(s)
  -------------------------------------------------------------------    -------------------
                         (clock cpu_clk rise edge)    0.000     0.000 r  
    K21                                               0.000     0.000 r  clk_50M (IN)
                         net (fo=0)                   0.000     0.000    u_soc_top/pll_clk.u_clk_pll/inst/clk_in1
    K21                  IBUF (Prop_ibuf_I_O)         1.394     1.394 r  u_soc_top/pll_clk.u_clk_pll/inst/clkin1_ibufg/O
                         net (fo=1, routed)           1.080     2.474    u_soc_top/pll_clk.u_clk_pll/inst/clk_in1_clk_pll
    PLLE2_ADV_X0Y3       PLLE2_ADV (Prop_plle2_adv_CLKIN1_CLKOUT0)
                                                     -7.629    -5.155 r  u_soc_top/pll_clk.u_clk_pll/inst/plle2_adv_inst/CLKOUT0
                         net (fo=1, routed)           1.557    -3.598    u_soc_top/pll_clk.u_clk_pll/inst/cpu_clk_clk_pll
    BUFGCTRL_X0Y16       BUFG (Prop_bufg_I_O)         0.081    -3.517 r  u_soc_top/pll_clk.u_clk_pll/inst/clkout1_buf/O
                         net (fo=5309, routed)        1.558    -1.959    u_soc_top/u_cpu/u_core/cpu_clk
    SLICE_X56Y51         FDRE                                         r  u_soc_top/u_cpu/u_core/fq_instr_reg[0][15]/C
  -------------------------------------------------------------------    -------------------
    SLICE_X56Y51         FDRE (Prop_fdre_C_Q)         0.433    -1.526 r  u_soc_top/u_cpu/u_core/fq_instr_reg[0][15]/Q
                         net (fo=28, routed)          0.997    -0.529    u_soc_top/u_cpu/u_core/reg_id_ex0_data/data_out_reg[83]_0[15]
    SLICE_X50Y49         LUT6 (Prop_lut6_I1_O)        0.105    -0.424 f  u_soc_top/u_cpu/u_core/reg_id_ex0_data/data_out[3]_i_7/O
                         net (fo=1, routed)           0.237    -0.187    u_soc_top/u_cpu/u_core/reg_id_ex0_data/data_out[3]_i_7_n_0
    SLICE_X51Y47         LUT4 (Prop_lut4_I1_O)        0.105    -0.082 r  u_soc_top/u_cpu/u_core/reg_id_ex0_data/data_out[3]_i_6/O
                         net (fo=2, routed)           0.530     0.448    u_soc_top/u_cpu/u_core/reg_id_ex0_data/data_out[3]_i_6_n_0
    SLICE_X50Y49         LUT5 (Prop_lut5_I0_O)        0.105     0.553 r  u_soc_top/u_cpu/u_core/reg_id_ex0_data/data_out[3]_i_2__1/O
                         net (fo=2, routed)           0.360     0.913    u_soc_top/u_cpu/u_core/reg_id_ex0_data/data_out[3]_i_2__1_n_0
    SLICE_X50Y48         LUT6 (Prop_lut6_I2_O)        0.105     1.018 r  u_soc_top/u_cpu/u_core/reg_id_ex0_data/data_out[84]_i_2/O
                         net (fo=2, routed)           0.371     1.389    u_soc_top/u_cpu/u_core/reg_id_ex0_data/data_out[84]_i_2_n_0
    SLICE_X49Y48         LUT6 (Prop_lut6_I0_O)        0.105     1.494 r  u_soc_top/u_cpu/u_core/reg_id_ex0_data/data_out[84]_i_1/O
                         net (fo=3, routed)           0.266     1.760    u_soc_top/u_cpu/u_core/bp_unit/D[1]
    SLICE_X51Y49         LUT2 (Prop_lut2_I1_O)        0.105     1.865 r  u_soc_top/u_cpu/u_core/bp_unit/pc[0]_i_8/O
                         net (fo=1, routed)           0.000     1.865    u_soc_top/u_cpu/u_core/bp_unit/pc[0]_i_8_n_0
    SLICE_X51Y49         CARRY4 (Prop_carry4_S[1]_CO[3])
                                                      0.457     2.322 r  u_soc_top/u_cpu/u_core/bp_unit/pc_reg[0]_i_3/CO[3]
                         net (fo=1, routed)           0.001     2.323    u_soc_top/u_cpu/u_core/bp_unit/pc_reg[0]_i_3_n_0
    SLICE_X51Y50         CARRY4 (Prop_carry4_CI_CO[3])
                                                      0.098     2.421 r  u_soc_top/u_cpu/u_core/bp_unit/pc_reg[7]_i_4/CO[3]
                         net (fo=1, routed)           0.000     2.421    u_soc_top/u_cpu/u_core/bp_unit/pc_reg[7]_i_4_n_0
    SLICE_X51Y51         CARRY4 (Prop_carry4_CI_CO[3])
                                                      0.098     2.519 r  u_soc_top/u_cpu/u_core/bp_unit/pc_reg[11]_i_4/CO[3]
                         net (fo=1, routed)           0.000     2.519    u_soc_top/u_cpu/u_core/bp_unit/pc_reg[11]_i_4_n_0
    SLICE_X51Y52         CARRY4 (Prop_carry4_CI_CO[3])
                                                      0.098     2.617 r  u_soc_top/u_cpu/u_core/bp_unit/pc_reg[15]_i_4/CO[3]
                         net (fo=1, routed)           0.000     2.617    u_soc_top/u_cpu/u_core/bp_unit/pc_reg[15]_i_4_n_0
    SLICE_X51Y53         CARRY4 (Prop_carry4_CI_CO[3])
                                                      0.098     2.715 r  u_soc_top/u_cpu/u_core/bp_unit/pc_reg[19]_i_4/CO[3]
                         net (fo=1, routed)           0.000     2.715    u_soc_top/u_cpu/u_core/bp_unit/pc_reg[19]_i_4_n_0
    SLICE_X51Y54         CARRY4 (Prop_carry4_CI_CO[3])
                                                      0.098     2.813 r  u_soc_top/u_cpu/u_core/bp_unit/pc_reg[23]_i_4/CO[3]
                         net (fo=1, routed)           0.000     2.813    u_soc_top/u_cpu/u_core/bp_unit/pc_reg[23]_i_4_n_0
    SLICE_X51Y55         CARRY4 (Prop_carry4_CI_CO[3])
                                                      0.098     2.911 r  u_soc_top/u_cpu/u_core/bp_unit/pc_reg[27]_i_4/CO[3]
                         net (fo=1, routed)           0.000     2.911    u_soc_top/u_cpu/u_core/bp_unit/pc_reg[27]_i_4_n_0
    SLICE_X51Y56         CARRY4 (Prop_carry4_CI_O[1])
                                                      0.265     3.176 r  u_soc_top/u_cpu/u_core/bp_unit/pc_reg[31]_i_9/O[1]
                         net (fo=3, routed)           0.614     3.790    u_soc_top/u_cpu/u_core/bp_unit/bp_jump_pc[29]
    SLICE_X55Y57         LUT6 (Prop_lut6_I4_O)        0.250     4.040 r  u_soc_top/u_cpu/u_core/bp_unit/data_out[15]_i_36/O
                         net (fo=1, routed)           0.000     4.040    u_soc_top/u_cpu/u_core/hazard_ctrl/data_out[15]_i_6[1]
    SLICE_X55Y57         CARRY4 (Prop_carry4_S[1]_CO[2])
                                                      0.475     4.515 f  u_soc_top/u_cpu/u_core/hazard_ctrl/data_out_reg[15]_i_21/CO[2]
                         net (fo=1, routed)           0.367     4.882    u_soc_top/u_cpu/u_core/reg_id_ex0_ctrl/fq_pc_reg[1][9]_4[0]
    SLICE_X50Y57         LUT6 (Prop_lut6_I5_O)        0.261     5.143 f  u_soc_top/u_cpu/u_core/reg_id_ex0_ctrl/data_out[15]_i_6/O
                         net (fo=142, routed)         0.493     5.636    u_soc_top/u_cpu/u_core/reg_id_ex1_data/if_id_flush
    SLICE_X51Y57         LUT4 (Prop_lut4_I2_O)        0.105     5.741 f  u_soc_top/u_cpu/u_core/reg_id_ex1_data/pc[1]_i_6/O
                         net (fo=2, routed)           0.940     6.681    u_soc_top/u_cpu/u_core/if_stage/pc_reg[1]_0
    SLICE_X43Y58         LUT6 (Prop_lut6_I3_O)        0.105     6.786 r  u_soc_top/u_cpu/u_core/if_stage/pc[1]_i_3/O
                         net (fo=31, routed)          0.640     7.426    u_soc_top/u_cpu/u_core/if_stage/fq_valid_reg[2]
    SLICE_X42Y56         LUT6 (Prop_lut6_I0_O)        0.105     7.531 r  u_soc_top/u_cpu/u_core/if_stage/pc[10]_i_2/O
                         net (fo=1, routed)           0.000     7.531    u_soc_top/u_cpu/u_core/reg_id_ex0_data/pc_reg[10]_rep__4
    SLICE_X42Y56         MUXF7 (Prop_muxf7_I0_O)      0.173     7.704 r  u_soc_top/u_cpu/u_core/reg_id_ex0_data/pc_reg[10]_i_1/O
                         net (fo=7, routed)           0.516     8.220    u_soc_top/u_cpu/u_core/next_pc_reg[10]
    SLICE_X43Y56         FDRE                                         r  u_soc_top/u_cpu/u_core/pc_reg[10]_rep/D
  -------------------------------------------------------------------    -------------------

                         (clock cpu_clk rise edge)   10.000    10.000 r  
    K21                                               0.000    10.000 r  clk_50M (IN)
                         net (fo=0)                   0.000    10.000    u_soc_top/pll_clk.u_clk_pll/inst/clk_in1
    K21                  IBUF (Prop_ibuf_I_O)         1.328    11.328 r  u_soc_top/pll_clk.u_clk_pll/inst/clkin1_ibufg/O
                         net (fo=1, routed)           1.019    12.347    u_soc_top/pll_clk.u_clk_pll/inst/clk_in1_clk_pll
    PLLE2_ADV_X0Y3       PLLE2_ADV (Prop_plle2_adv_CLKIN1_CLKOUT0)
                                                     -6.890     5.457 r  u_soc_top/pll_clk.u_clk_pll/inst/plle2_adv_inst/CLKOUT0
                         net (fo=1, routed)           1.484     6.942    u_soc_top/pll_clk.u_clk_pll/inst/cpu_clk_clk_pll
    BUFGCTRL_X0Y16       BUFG (Prop_bufg_I_O)         0.077     7.019 r  u_soc_top/pll_clk.u_clk_pll/inst/clkout1_buf/O
                         net (fo=5309, routed)        1.441     8.460    u_soc_top/u_cpu/u_core/cpu_clk
    SLICE_X43Y56         FDRE                                         r  u_soc_top/u_cpu/u_core/pc_reg[10]_rep/C
                         clock pessimism             -0.462     7.998    
                         clock uncertainty           -0.094     7.903    
    SLICE_X43Y56         FDRE (Setup_fdre_C_D)       -0.181     7.722    u_soc_top/u_cpu/u_core/pc_reg[10]_rep
  -------------------------------------------------------------------
                         required time                          7.722    
                         arrival time                          -8.220    
  -------------------------------------------------------------------
                         slack                                 -0.498    

Slack (VIOLATED) :        -0.498ns  (required time - arrival time)
  Source:                 u_soc_top/u_cpu/u_core/fq_instr_reg[0][15]/C
                            (rising edge-triggered cell FDRE clocked by cpu_clk  {rise@0.000ns fall@5.000ns period=10.000ns})
  Destination:            u_soc_top/u_cpu/u_core/pc_reg[10]_rep/D
                            (rising edge-triggered cell FDRE clocked by cpu_clk  {rise@0.000ns fall@5.000ns period=10.000ns})
  Path Group:             cpu_clk
  Path Type:              Setup (Max at Slow Process Corner)
  Requirement:            10.000ns  (cpu_clk rise@10.000ns - cpu_clk rise@0.000ns)
  Data Path Delay:        10.180ns  (logic 3.847ns (37.791%)  route 6.333ns (62.209%))
  Logic Levels:           21  (CARRY4=9 LUT2=1 LUT4=2 LUT5=1 LUT6=7 MUXF7=1)
  Clock Path Skew:        -0.043ns (DCD - SCD + CPR)
    Destination Clock Delay (DCD):    -1.540ns = ( 8.460 - 10.000 ) 
    Source Clock Delay      (SCD):    -1.959ns
    Clock Pessimism Removal (CPR):    -0.462ns
  Clock Uncertainty:      0.094ns  ((TSJ^2 + DJ^2)^1/2) / 2 + PE
    Total System Jitter     (TSJ):    0.071ns
    Discrete Jitter          (DJ):    0.175ns
    Phase Error              (PE):    0.000ns

    Location             Delay type                Incr(ns)  Path(ns)    Netlist Resource(s)
  -------------------------------------------------------------------    -------------------
                         (clock cpu_clk rise edge)    0.000     0.000 r  
    K21                                               0.000     0.000 r  clk_50M (IN)
                         net (fo=0)                   0.000     0.000    u_soc_top/pll_clk.u_clk_pll/inst/clk_in1
    K21                  IBUF (Prop_ibuf_I_O)         1.394     1.394 r  u_soc_top/pll_clk.u_clk_pll/inst/clkin1_ibufg/O
                         net (fo=1, routed)           1.080     2.474    u_soc_top/pll_clk.u_clk_pll/inst/clk_in1_clk_pll
    PLLE2_ADV_X0Y3       PLLE2_ADV (Prop_plle2_adv_CLKIN1_CLKOUT0)
                                                     -7.629    -5.155 r  u_soc_top/pll_clk.u_clk_pll/inst/plle2_adv_inst/CLKOUT0
                         net (fo=1, routed)           1.557    -3.598    u_soc_top/pll_clk.u_clk_pll/inst/cpu_clk_clk_pll
    BUFGCTRL_X0Y16       BUFG (Prop_bufg_I_O)         0.081    -3.517 r  u_soc_top/pll_clk.u_clk_pll/inst/clkout1_buf/O
                         net (fo=5309, routed)        1.558    -1.959    u_soc_top/u_cpu/u_core/cpu_clk
    SLICE_X56Y51         FDRE                                         r  u_soc_top/u_cpu/u_core/fq_instr_reg[0][15]/C
  -------------------------------------------------------------------    -------------------
    SLICE_X56Y51         FDRE (Prop_fdre_C_Q)         0.433    -1.526 f  u_soc_top/u_cpu/u_core/fq_instr_reg[0][15]/Q
                         net (fo=28, routed)          0.997    -0.529    u_soc_top/u_cpu/u_core/reg_id_ex0_data/data_out_reg[83]_0[15]
    SLICE_X50Y49         LUT6 (Prop_lut6_I1_O)        0.105    -0.424 r  u_soc_top/u_cpu/u_core/reg_id_ex0_data/data_out[3]_i_7/O
                         net (fo=1, routed)           0.237    -0.187    u_soc_top/u_cpu/u_core/reg_id_ex0_data/data_out[3]_i_7_n_0
    SLICE_X51Y47         LUT4 (Prop_lut4_I1_O)        0.105    -0.082 f  u_soc_top/u_cpu/u_core/reg_id_ex0_data/data_out[3]_i_6/O
                         net (fo=2, routed)           0.530     0.448    u_soc_top/u_cpu/u_core/reg_id_ex0_data/data_out[3]_i_6_n_0
    SLICE_X50Y49         LUT5 (Prop_lut5_I0_O)        0.105     0.553 f  u_soc_top/u_cpu/u_core/reg_id_ex0_data/data_out[3]_i_2__1/O
                         net (fo=2, routed)           0.360     0.913    u_soc_top/u_cpu/u_core/reg_id_ex0_data/data_out[3]_i_2__1_n_0
    SLICE_X50Y48         LUT6 (Prop_lut6_I2_O)        0.105     1.018 f  u_soc_top/u_cpu/u_core/reg_id_ex0_data/data_out[84]_i_2/O
                         net (fo=2, routed)           0.371     1.389    u_soc_top/u_cpu/u_core/reg_id_ex0_data/data_out[84]_i_2_n_0
    SLICE_X49Y48         LUT6 (Prop_lut6_I0_O)        0.105     1.494 f  u_soc_top/u_cpu/u_core/reg_id_ex0_data/data_out[84]_i_1/O
                         net (fo=3, routed)           0.266     1.760    u_soc_top/u_cpu/u_core/bp_unit/D[1]
    SLICE_X51Y49         LUT2 (Prop_lut2_I1_O)        0.105     1.865 r  u_soc_top/u_cpu/u_core/bp_unit/pc[0]_i_8/O
                         net (fo=1, routed)           0.000     1.865    u_soc_top/u_cpu/u_core/bp_unit/pc[0]_i_8_n_0
    SLICE_X51Y49         CARRY4 (Prop_carry4_S[1]_CO[3])
                                                      0.457     2.322 r  u_soc_top/u_cpu/u_core/bp_unit/pc_reg[0]_i_3/CO[3]
                         net (fo=1, routed)           0.001     2.323    u_soc_top/u_cpu/u_core/bp_unit/pc_reg[0]_i_3_n_0
    SLICE_X51Y50         CARRY4 (Prop_carry4_CI_CO[3])
                                                      0.098     2.421 r  u_soc_top/u_cpu/u_core/bp_unit/pc_reg[7]_i_4/CO[3]
                         net (fo=1, routed)           0.000     2.421    u_soc_top/u_cpu/u_core/bp_unit/pc_reg[7]_i_4_n_0
    SLICE_X51Y51         CARRY4 (Prop_carry4_CI_CO[3])
                                                      0.098     2.519 r  u_soc_top/u_cpu/u_core/bp_unit/pc_reg[11]_i_4/CO[3]
                         net (fo=1, routed)           0.000     2.519    u_soc_top/u_cpu/u_core/bp_unit/pc_reg[11]_i_4_n_0
    SLICE_X51Y52         CARRY4 (Prop_carry4_CI_CO[3])
                                                      0.098     2.617 r  u_soc_top/u_cpu/u_core/bp_unit/pc_reg[15]_i_4/CO[3]
                         net (fo=1, routed)           0.000     2.617    u_soc_top/u_cpu/u_core/bp_unit/pc_reg[15]_i_4_n_0
    SLICE_X51Y53         CARRY4 (Prop_carry4_CI_CO[3])
                                                      0.098     2.715 r  u_soc_top/u_cpu/u_core/bp_unit/pc_reg[19]_i_4/CO[3]
                         net (fo=1, routed)           0.000     2.715    u_soc_top/u_cpu/u_core/bp_unit/pc_reg[19]_i_4_n_0
    SLICE_X51Y54         CARRY4 (Prop_carry4_CI_CO[3])
                                                      0.098     2.813 r  u_soc_top/u_cpu/u_core/bp_unit/pc_reg[23]_i_4/CO[3]
                         net (fo=1, routed)           0.000     2.813    u_soc_top/u_cpu/u_core/bp_unit/pc_reg[23]_i_4_n_0
    SLICE_X51Y55         CARRY4 (Prop_carry4_CI_CO[3])
                                                      0.098     2.911 r  u_soc_top/u_cpu/u_core/bp_unit/pc_reg[27]_i_4/CO[3]
                         net (fo=1, routed)           0.000     2.911    u_soc_top/u_cpu/u_core/bp_unit/pc_reg[27]_i_4_n_0
    SLICE_X51Y56         CARRY4 (Prop_carry4_CI_O[1])
                                                      0.265     3.176 r  u_soc_top/u_cpu/u_core/bp_unit/pc_reg[31]_i_9/O[1]
                         net (fo=3, routed)           0.614     3.790    u_soc_top/u_cpu/u_core/bp_unit/bp_jump_pc[29]
    SLICE_X55Y57         LUT6 (Prop_lut6_I4_O)        0.250     4.040 r  u_soc_top/u_cpu/u_core/bp_unit/data_out[15]_i_36/O
                         net (fo=1, routed)           0.000     4.040    u_soc_top/u_cpu/u_core/hazard_ctrl/data_out[15]_i_6[1]
    SLICE_X55Y57         CARRY4 (Prop_carry4_S[1]_CO[2])
                                                      0.475     4.515 f  u_soc_top/u_cpu/u_core/hazard_ctrl/data_out_reg[15]_i_21/CO[2]
                         net (fo=1, routed)           0.367     4.882    u_soc_top/u_cpu/u_core/reg_id_ex0_ctrl/fq_pc_reg[1][9]_4[0]
    SLICE_X50Y57         LUT6 (Prop_lut6_I5_O)        0.261     5.143 f  u_soc_top/u_cpu/u_core/reg_id_ex0_ctrl/data_out[15]_i_6/O
                         net (fo=142, routed)         0.493     5.636    u_soc_top/u_cpu/u_core/reg_id_ex1_data/if_id_flush
    SLICE_X51Y57         LUT4 (Prop_lut4_I2_O)        0.105     5.741 f  u_soc_top/u_cpu/u_core/reg_id_ex1_data/pc[1]_i_6/O
                         net (fo=2, routed)           0.940     6.681    u_soc_top/u_cpu/u_core/if_stage/pc_reg[1]_0
    SLICE_X43Y58         LUT6 (Prop_lut6_I3_O)        0.105     6.786 r  u_soc_top/u_cpu/u_core/if_stage/pc[1]_i_3/O
                         net (fo=31, routed)          0.640     7.426    u_soc_top/u_cpu/u_core/if_stage/fq_valid_reg[2]
    SLICE_X42Y56         LUT6 (Prop_lut6_I0_O)        0.105     7.531 r  u_soc_top/u_cpu/u_core/if_stage/pc[10]_i_2/O
                         net (fo=1, routed)           0.000     7.531    u_soc_top/u_cpu/u_core/reg_id_ex0_data/pc_reg[10]_rep__4
    SLICE_X42Y56         MUXF7 (Prop_muxf7_I0_O)      0.173     7.704 r  u_soc_top/u_cpu/u_core/reg_id_ex0_data/pc_reg[10]_i_1/O
                         net (fo=7, routed)           0.516     8.220    u_soc_top/u_cpu/u_core/next_pc_reg[10]
    SLICE_X43Y56         FDRE                                         r  u_soc_top/u_cpu/u_core/pc_reg[10]_rep/D
  -------------------------------------------------------------------    -------------------

                         (clock cpu_clk rise edge)   10.000    10.000 r  
    K21                                               0.000    10.000 r  clk_50M (IN)
                         net (fo=0)                   0.000    10.000    u_soc_top/pll_clk.u_clk_pll/inst/clk_in1
    K21                  IBUF (Prop_ibuf_I_O)         1.328    11.328 r  u_soc_top/pll_clk.u_clk_pll/inst/clkin1_ibufg/O
                         net (fo=1, routed)           1.019    12.347    u_soc_top/pll_clk.u_clk_pll/inst/clk_in1_clk_pll
    PLLE2_ADV_X0Y3       PLLE2_ADV (Prop_plle2_adv_CLKIN1_CLKOUT0)
                                                     -6.890     5.457 r  u_soc_top/pll_clk.u_clk_pll/inst/plle2_adv_inst/CLKOUT0
                         net (fo=1, routed)           1.484     6.942    u_soc_top/pll_clk.u_clk_pll/inst/cpu_clk_clk_pll
    BUFGCTRL_X0Y16       BUFG (Prop_bufg_I_O)         0.077     7.019 r  u_soc_top/pll_clk.u_clk_pll/inst/clkout1_buf/O
                         net (fo=5309, routed)        1.441     8.460    u_soc_top/u_cpu/u_core/cpu_clk
    SLICE_X43Y56         FDRE                                         r  u_soc_top/u_cpu/u_core/pc_reg[10]_rep/C
                         clock pessimism             -0.462     7.998    
                         clock uncertainty           -0.094     7.903    
    SLICE_X43Y56         FDRE (Setup_fdre_C_D)       -0.181     7.722    u_soc_top/u_cpu/u_core/pc_reg[10]_rep
  -------------------------------------------------------------------
                         required time                          7.722    
                         arrival time                          -8.220    
  -------------------------------------------------------------------
                         slack                                 -0.498    

Slack (VIOLATED) :        -0.498ns  (required time - arrival time)
  Source:                 u_soc_top/u_cpu/u_core/fq_instr_reg[0][15]/C
                            (rising edge-triggered cell FDRE clocked by cpu_clk  {rise@0.000ns fall@5.000ns period=10.000ns})
  Destination:            u_soc_top/u_cpu/u_core/pc_reg[10]_rep/D
                            (rising edge-triggered cell FDRE clocked by cpu_clk  {rise@0.000ns fall@5.000ns period=10.000ns})
  Path Group:             cpu_clk
  Path Type:              Setup (Max at Slow Process Corner)
  Requirement:            10.000ns  (cpu_clk rise@10.000ns - cpu_clk rise@0.000ns)
  Data Path Delay:        10.180ns  (logic 3.847ns (37.791%)  route 6.333ns (62.209%))
  Logic Levels:           21  (CARRY4=9 LUT2=1 LUT4=2 LUT5=1 LUT6=7 MUXF7=1)
  Clock Path Skew:        -0.043ns (DCD - SCD + CPR)
    Destination Clock Delay (DCD):    -1.540ns = ( 8.460 - 10.000 ) 
    Source Clock Delay      (SCD):    -1.959ns
    Clock Pessimism Removal (CPR):    -0.462ns
  Clock Uncertainty:      0.094ns  ((TSJ^2 + DJ^2)^1/2) / 2 + PE
    Total System Jitter     (TSJ):    0.071ns
    Discrete Jitter          (DJ):    0.175ns
    Phase Error              (PE):    0.000ns

    Location             Delay type                Incr(ns)  Path(ns)    Netlist Resource(s)
  -------------------------------------------------------------------    -------------------
                         (clock cpu_clk rise edge)    0.000     0.000 r  
    K21                                               0.000     0.000 r  clk_50M (IN)
                         net (fo=0)                   0.000     0.000    u_soc_top/pll_clk.u_clk_pll/inst/clk_in1
    K21                  IBUF (Prop_ibuf_I_O)         1.394     1.394 r  u_soc_top/pll_clk.u_clk_pll/inst/clkin1_ibufg/O
                         net (fo=1, routed)           1.080     2.474    u_soc_top/pll_clk.u_clk_pll/inst/clk_in1_clk_pll
    PLLE2_ADV_X0Y3       PLLE2_ADV (Prop_plle2_adv_CLKIN1_CLKOUT0)
                                                     -7.629    -5.155 r  u_soc_top/pll_clk.u_clk_pll/inst/plle2_adv_inst/CLKOUT0
                         net (fo=1, routed)           1.557    -3.598    u_soc_top/pll_clk.u_clk_pll/inst/cpu_clk_clk_pll
    BUFGCTRL_X0Y16       BUFG (Prop_bufg_I_O)         0.081    -3.517 r  u_soc_top/pll_clk.u_clk_pll/inst/clkout1_buf/O
                         net (fo=5309, routed)        1.558    -1.959    u_soc_top/u_cpu/u_core/cpu_clk
    SLICE_X56Y51         FDRE                                         r  u_soc_top/u_cpu/u_core/fq_instr_reg[0][15]/C
  -------------------------------------------------------------------    -------------------
    SLICE_X56Y51         FDRE (Prop_fdre_C_Q)         0.433    -1.526 r  u_soc_top/u_cpu/u_core/fq_instr_reg[0][15]/Q
                         net (fo=28, routed)          0.997    -0.529    u_soc_top/u_cpu/u_core/reg_id_ex0_data/data_out_reg[83]_0[15]
    SLICE_X50Y49         LUT6 (Prop_lut6_I1_O)        0.105    -0.424 f  u_soc_top/u_cpu/u_core/reg_id_ex0_data/data_out[3]_i_7/O
                         net (fo=1, routed)           0.237    -0.187    u_soc_top/u_cpu/u_core/reg_id_ex0_data/data_out[3]_i_7_n_0
    SLICE_X51Y47         LUT4 (Prop_lut4_I1_O)        0.105    -0.082 r  u_soc_top/u_cpu/u_core/reg_id_ex0_data/data_out[3]_i_6/O
                         net (fo=2, routed)           0.530     0.448    u_soc_top/u_cpu/u_core/reg_id_ex0_data/data_out[3]_i_6_n_0
    SLICE_X50Y49         LUT5 (Prop_lut5_I0_O)        0.105     0.553 r  u_soc_top/u_cpu/u_core/reg_id_ex0_data/data_out[3]_i_2__1/O
                         net (fo=2, routed)           0.360     0.913    u_soc_top/u_cpu/u_core/reg_id_ex0_data/data_out[3]_i_2__1_n_0
    SLICE_X50Y48         LUT6 (Prop_lut6_I2_O)        0.105     1.018 r  u_soc_top/u_cpu/u_core/reg_id_ex0_data/data_out[84]_i_2/O
                         net (fo=2, routed)           0.371     1.389    u_soc_top/u_cpu/u_core/reg_id_ex0_data/data_out[84]_i_2_n_0
    SLICE_X49Y48         LUT6 (Prop_lut6_I0_O)        0.105     1.494 r  u_soc_top/u_cpu/u_core/reg_id_ex0_data/data_out[84]_i_1/O
                         net (fo=3, routed)           0.266     1.760    u_soc_top/u_cpu/u_core/bp_unit/D[1]
    SLICE_X51Y49         LUT2 (Prop_lut2_I1_O)        0.105     1.865 r  u_soc_top/u_cpu/u_core/bp_unit/pc[0]_i_8/O
                         net (fo=1, routed)           0.000     1.865    u_soc_top/u_cpu/u_core/bp_unit/pc[0]_i_8_n_0
    SLICE_X51Y49         CARRY4 (Prop_carry4_S[1]_CO[3])
                                                      0.457     2.322 r  u_soc_top/u_cpu/u_core/bp_unit/pc_reg[0]_i_3/CO[3]
                         net (fo=1, routed)           0.001     2.323    u_soc_top/u_cpu/u_core/bp_unit/pc_reg[0]_i_3_n_0
    SLICE_X51Y50         CARRY4 (Prop_carry4_CI_CO[3])
                                                      0.098     2.421 r  u_soc_top/u_cpu/u_core/bp_unit/pc_reg[7]_i_4/CO[3]
                         net (fo=1, routed)           0.000     2.421    u_soc_top/u_cpu/u_core/bp_unit/pc_reg[7]_i_4_n_0
    SLICE_X51Y51         CARRY4 (Prop_carry4_CI_CO[3])
                                                      0.098     2.519 r  u_soc_top/u_cpu/u_core/bp_unit/pc_reg[11]_i_4/CO[3]
                         net (fo=1, routed)           0.000     2.519    u_soc_top/u_cpu/u_core/bp_unit/pc_reg[11]_i_4_n_0
    SLICE_X51Y52         CARRY4 (Prop_carry4_CI_CO[3])
                                                      0.098     2.617 r  u_soc_top/u_cpu/u_core/bp_unit/pc_reg[15]_i_4/CO[3]
                         net (fo=1, routed)           0.000     2.617    u_soc_top/u_cpu/u_core/bp_unit/pc_reg[15]_i_4_n_0
    SLICE_X51Y53         CARRY4 (Prop_carry4_CI_CO[3])
                                                      0.098     2.715 r  u_soc_top/u_cpu/u_core/bp_unit/pc_reg[19]_i_4/CO[3]
                         net (fo=1, routed)           0.000     2.715    u_soc_top/u_cpu/u_core/bp_unit/pc_reg[19]_i_4_n_0
    SLICE_X51Y54         CARRY4 (Prop_carry4_CI_CO[3])
                                                      0.098     2.813 r  u_soc_top/u_cpu/u_core/bp_unit/pc_reg[23]_i_4/CO[3]
                         net (fo=1, routed)           0.000     2.813    u_soc_top/u_cpu/u_core/bp_unit/pc_reg[23]_i_4_n_0
    SLICE_X51Y55         CARRY4 (Prop_carry4_CI_CO[3])
                                                      0.098     2.911 r  u_soc_top/u_cpu/u_core/bp_unit/pc_reg[27]_i_4/CO[3]
                         net (fo=1, routed)           0.000     2.911    u_soc_top/u_cpu/u_core/bp_unit/pc_reg[27]_i_4_n_0
    SLICE_X51Y56         CARRY4 (Prop_carry4_CI_O[1])
                                                      0.265     3.176 f  u_soc_top/u_cpu/u_core/bp_unit/pc_reg[31]_i_9/O[1]
                         net (fo=3, routed)           0.614     3.790    u_soc_top/u_cpu/u_core/bp_unit/bp_jump_pc[29]
    SLICE_X55Y57         LUT6 (Prop_lut6_I4_O)        0.250     4.040 r  u_soc_top/u_cpu/u_core/bp_unit/data_out[15]_i_36/O
                         net (fo=1, routed)           0.000     4.040    u_soc_top/u_cpu/u_core/hazard_ctrl/data_out[15]_i_6[1]
    SLICE_X55Y57         CARRY4 (Prop_carry4_S[1]_CO[2])
                                                      0.475     4.515 f  u_soc_top/u_cpu/u_core/hazard_ctrl/data_out_reg[15]_i_21/CO[2]
                         net (fo=1, routed)           0.367     4.882    u_soc_top/u_cpu/u_core/reg_id_ex0_ctrl/fq_pc_reg[1][9]_4[0]
    SLICE_X50Y57         LUT6 (Prop_lut6_I5_O)        0.261     5.143 f  u_soc_top/u_cpu/u_core/reg_id_ex0_ctrl/data_out[15]_i_6/O
                         net (fo=142, routed)         0.493     5.636    u_soc_top/u_cpu/u_core/reg_id_ex1_data/if_id_flush
    SLICE_X51Y57         LUT4 (Prop_lut4_I2_O)        0.105     5.741 f  u_soc_top/u_cpu/u_core/reg_id_ex1_data/pc[1]_i_6/O
                         net (fo=2, routed)           0.940     6.681    u_soc_top/u_cpu/u_core/if_stage/pc_reg[1]_0
    SLICE_X43Y58         LUT6 (Prop_lut6_I3_O)        0.105     6.786 r  u_soc_top/u_cpu/u_core/if_stage/pc[1]_i_3/O
                         net (fo=31, routed)          0.640     7.426    u_soc_top/u_cpu/u_core/if_stage/fq_valid_reg[2]
    SLICE_X42Y56         LUT6 (Prop_lut6_I0_O)        0.105     7.531 r  u_soc_top/u_cpu/u_core/if_stage/pc[10]_i_2/O
                         net (fo=1, routed)           0.000     7.531    u_soc_top/u_cpu/u_core/reg_id_ex0_data/pc_reg[10]_rep__4
    SLICE_X42Y56         MUXF7 (Prop_muxf7_I0_O)      0.173     7.704 r  u_soc_top/u_cpu/u_core/reg_id_ex0_data/pc_reg[10]_i_1/O
                         net (fo=7, routed)           0.516     8.220    u_soc_top/u_cpu/u_core/next_pc_reg[10]
    SLICE_X43Y56         FDRE                                         r  u_soc_top/u_cpu/u_core/pc_reg[10]_rep/D
  -------------------------------------------------------------------    -------------------

                         (clock cpu_clk rise edge)   10.000    10.000 r  
    K21                                               0.000    10.000 r  clk_50M (IN)
                         net (fo=0)                   0.000    10.000    u_soc_top/pll_clk.u_clk_pll/inst/clk_in1
    K21                  IBUF (Prop_ibuf_I_O)         1.328    11.328 r  u_soc_top/pll_clk.u_clk_pll/inst/clkin1_ibufg/O
                         net (fo=1, routed)           1.019    12.347    u_soc_top/pll_clk.u_clk_pll/inst/clk_in1_clk_pll
    PLLE2_ADV_X0Y3       PLLE2_ADV (Prop_plle2_adv_CLKIN1_CLKOUT0)
                                                     -6.890     5.457 r  u_soc_top/pll_clk.u_clk_pll/inst/plle2_adv_inst/CLKOUT0
                         net (fo=1, routed)           1.484     6.942    u_soc_top/pll_clk.u_clk_pll/inst/cpu_clk_clk_pll
    BUFGCTRL_X0Y16       BUFG (Prop_bufg_I_O)         0.077     7.019 r  u_soc_top/pll_clk.u_clk_pll/inst/clkout1_buf/O
                         net (fo=5309, routed)        1.441     8.460    u_soc_top/u_cpu/u_core/cpu_clk
    SLICE_X43Y56         FDRE                                         r  u_soc_top/u_cpu/u_core/pc_reg[10]_rep/C
                         clock pessimism             -0.462     7.998    
                         clock uncertainty           -0.094     7.903    
    SLICE_X43Y56         FDRE (Setup_fdre_C_D)       -0.181     7.722    u_soc_top/u_cpu/u_core/pc_reg[10]_rep
  -------------------------------------------------------------------
                         required time                          7.722    
                         arrival time                          -8.220    
  -------------------------------------------------------------------
                         slack                                 -0.498    

Slack (VIOLATED) :        -0.498ns  (required time - arrival time)
  Source:                 u_soc_top/u_cpu/u_core/fq_instr_reg[0][15]/C
                            (rising edge-triggered cell FDRE clocked by cpu_clk  {rise@0.000ns fall@5.000ns period=10.000ns})
  Destination:            u_soc_top/u_cpu/u_core/pc_reg[10]_rep/D
                            (rising edge-triggered cell FDRE clocked by cpu_clk  {rise@0.000ns fall@5.000ns period=10.000ns})
  Path Group:             cpu_clk
  Path Type:              Setup (Max at Slow Process Corner)
  Requirement:            10.000ns  (cpu_clk rise@10.000ns - cpu_clk rise@0.000ns)
  Data Path Delay:        10.180ns  (logic 3.847ns (37.791%)  route 6.333ns (62.209%))
  Logic Levels:           21  (CARRY4=9 LUT2=1 LUT4=2 LUT5=1 LUT6=7 MUXF7=1)
  Clock Path Skew:        -0.043ns (DCD - SCD + CPR)
    Destination Clock Delay (DCD):    -1.540ns = ( 8.460 - 10.000 ) 
    Source Clock Delay      (SCD):    -1.959ns
    Clock Pessimism Removal (CPR):    -0.462ns
  Clock Uncertainty:      0.094ns  ((TSJ^2 + DJ^2)^1/2) / 2 + PE
    Total System Jitter     (TSJ):    0.071ns
    Discrete Jitter          (DJ):    0.175ns
    Phase Error              (PE):    0.000ns

    Location             Delay type                Incr(ns)  Path(ns)    Netlist Resource(s)
  -------------------------------------------------------------------    -------------------
                         (clock cpu_clk rise edge)    0.000     0.000 r  
    K21                                               0.000     0.000 r  clk_50M (IN)
                         net (fo=0)                   0.000     0.000    u_soc_top/pll_clk.u_clk_pll/inst/clk_in1
    K21                  IBUF (Prop_ibuf_I_O)         1.394     1.394 r  u_soc_top/pll_clk.u_clk_pll/inst/clkin1_ibufg/O
                         net (fo=1, routed)           1.080     2.474    u_soc_top/pll_clk.u_clk_pll/inst/clk_in1_clk_pll
    PLLE2_ADV_X0Y3       PLLE2_ADV (Prop_plle2_adv_CLKIN1_CLKOUT0)
                                                     -7.629    -5.155 r  u_soc_top/pll_clk.u_clk_pll/inst/plle2_adv_inst/CLKOUT0
                         net (fo=1, routed)           1.557    -3.598    u_soc_top/pll_clk.u_clk_pll/inst/cpu_clk_clk_pll
    BUFGCTRL_X0Y16       BUFG (Prop_bufg_I_O)         0.081    -3.517 r  u_soc_top/pll_clk.u_clk_pll/inst/clkout1_buf/O
                         net (fo=5309, routed)        1.558    -1.959    u_soc_top/u_cpu/u_core/cpu_clk
    SLICE_X56Y51         FDRE                                         r  u_soc_top/u_cpu/u_core/fq_instr_reg[0][15]/C
  -------------------------------------------------------------------    -------------------
    SLICE_X56Y51         FDRE (Prop_fdre_C_Q)         0.433    -1.526 r  u_soc_top/u_cpu/u_core/fq_instr_reg[0][15]/Q
                         net (fo=28, routed)          0.997    -0.529    u_soc_top/u_cpu/u_core/reg_id_ex0_data/data_out_reg[83]_0[15]
    SLICE_X50Y49         LUT6 (Prop_lut6_I1_O)        0.105    -0.424 f  u_soc_top/u_cpu/u_core/reg_id_ex0_data/data_out[3]_i_7/O
                         net (fo=1, routed)           0.237    -0.187    u_soc_top/u_cpu/u_core/reg_id_ex0_data/data_out[3]_i_7_n_0
    SLICE_X51Y47         LUT4 (Prop_lut4_I1_O)        0.105    -0.082 r  u_soc_top/u_cpu/u_core/reg_id_ex0_data/data_out[3]_i_6/O
                         net (fo=2, routed)           0.530     0.448    u_soc_top/u_cpu/u_core/reg_id_ex0_data/data_out[3]_i_6_n_0
    SLICE_X50Y49         LUT5 (Prop_lut5_I0_O)        0.105     0.553 r  u_soc_top/u_cpu/u_core/reg_id_ex0_data/data_out[3]_i_2__1/O
                         net (fo=2, routed)           0.360     0.913    u_soc_top/u_cpu/u_core/reg_id_ex0_data/data_out[3]_i_2__1_n_0
    SLICE_X50Y48         LUT6 (Prop_lut6_I2_O)        0.105     1.018 r  u_soc_top/u_cpu/u_core/reg_id_ex0_data/data_out[84]_i_2/O
                         net (fo=2, routed)           0.371     1.389    u_soc_top/u_cpu/u_core/reg_id_ex0_data/data_out[84]_i_2_n_0
    SLICE_X49Y48         LUT6 (Prop_lut6_I0_O)        0.105     1.494 r  u_soc_top/u_cpu/u_core/reg_id_ex0_data/data_out[84]_i_1/O
                         net (fo=3, routed)           0.266     1.760    u_soc_top/u_cpu/u_core/bp_unit/D[1]
    SLICE_X51Y49         LUT2 (Prop_lut2_I1_O)        0.105     1.865 r  u_soc_top/u_cpu/u_core/bp_unit/pc[0]_i_8/O
                         net (fo=1, routed)           0.000     1.865    u_soc_top/u_cpu/u_core/bp_unit/pc[0]_i_8_n_0
    SLICE_X51Y49         CARRY4 (Prop_carry4_S[1]_CO[3])
                                                      0.457     2.322 r  u_soc_top/u_cpu/u_core/bp_unit/pc_reg[0]_i_3/CO[3]
                         net (fo=1, routed)           0.001     2.323    u_soc_top/u_cpu/u_core/bp_unit/pc_reg[0]_i_3_n_0
    SLICE_X51Y50         CARRY4 (Prop_carry4_CI_CO[3])
                                                      0.098     2.421 r  u_soc_top/u_cpu/u_core/bp_unit/pc_reg[7]_i_4/CO[3]
                         net (fo=1, routed)           0.000     2.421    u_soc_top/u_cpu/u_core/bp_unit/pc_reg[7]_i_4_n_0
    SLICE_X51Y51         CARRY4 (Prop_carry4_CI_CO[3])
                                                      0.098     2.519 r  u_soc_top/u_cpu/u_core/bp_unit/pc_reg[11]_i_4/CO[3]
                         net (fo=1, routed)           0.000     2.519    u_soc_top/u_cpu/u_core/bp_unit/pc_reg[11]_i_4_n_0
    SLICE_X51Y52         CARRY4 (Prop_carry4_CI_CO[3])
                                                      0.098     2.617 r  u_soc_top/u_cpu/u_core/bp_unit/pc_reg[15]_i_4/CO[3]
                         net (fo=1, routed)           0.000     2.617    u_soc_top/u_cpu/u_core/bp_unit/pc_reg[15]_i_4_n_0
    SLICE_X51Y53         CARRY4 (Prop_carry4_CI_CO[3])
                                                      0.098     2.715 r  u_soc_top/u_cpu/u_core/bp_unit/pc_reg[19]_i_4/CO[3]
                         net (fo=1, routed)           0.000     2.715    u_soc_top/u_cpu/u_core/bp_unit/pc_reg[19]_i_4_n_0
    SLICE_X51Y54         CARRY4 (Prop_carry4_CI_CO[3])
                                                      0.098     2.813 r  u_soc_top/u_cpu/u_core/bp_unit/pc_reg[23]_i_4/CO[3]
                         net (fo=1, routed)           0.000     2.813    u_soc_top/u_cpu/u_core/bp_unit/pc_reg[23]_i_4_n_0
    SLICE_X51Y55         CARRY4 (Prop_carry4_CI_CO[3])
                                                      0.098     2.911 r  u_soc_top/u_cpu/u_core/bp_unit/pc_reg[27]_i_4/CO[3]
                         net (fo=1, routed)           0.000     2.911    u_soc_top/u_cpu/u_core/bp_unit/pc_reg[27]_i_4_n_0
    SLICE_X51Y56         CARRY4 (Prop_carry4_CI_O[1])
                                                      0.265     3.176 r  u_soc_top/u_cpu/u_core/bp_unit/pc_reg[31]_i_9/O[1]
                         net (fo=3, routed)           0.614     3.790    u_soc_top/u_cpu/u_core/bp_unit/bp_jump_pc[29]
    SLICE_X55Y57         LUT6 (Prop_lut6_I4_O)        0.250     4.040 f  u_soc_top/u_cpu/u_core/bp_unit/data_out[15]_i_36/O
                         net (fo=1, routed)           0.000     4.040    u_soc_top/u_cpu/u_core/hazard_ctrl/data_out[15]_i_6[1]
    SLICE_X55Y57         CARRY4 (Prop_carry4_S[1]_CO[2])
                                                      0.475     4.515 f  u_soc_top/u_cpu/u_core/hazard_ctrl/data_out_reg[15]_i_21/CO[2]
                         net (fo=1, routed)           0.367     4.882    u_soc_top/u_cpu/u_core/reg_id_ex0_ctrl/fq_pc_reg[1][9]_4[0]
    SLICE_X50Y57         LUT6 (Prop_lut6_I5_O)        0.261     5.143 f  u_soc_top/u_cpu/u_core/reg_id_ex0_ctrl/data_out[15]_i_6/O
                         net (fo=142, routed)         0.493     5.636    u_soc_top/u_cpu/u_core/reg_id_ex1_data/if_id_flush
    SLICE_X51Y57         LUT4 (Prop_lut4_I2_O)        0.105     5.741 f  u_soc_top/u_cpu/u_core/reg_id_ex1_data/pc[1]_i_6/O
                         net (fo=2, routed)           0.940     6.681    u_soc_top/u_cpu/u_core/if_stage/pc_reg[1]_0
    SLICE_X43Y58         LUT6 (Prop_lut6_I3_O)        0.105     6.786 r  u_soc_top/u_cpu/u_core/if_stage/pc[1]_i_3/O
                         net (fo=31, routed)          0.640     7.426    u_soc_top/u_cpu/u_core/if_stage/fq_valid_reg[2]
    SLICE_X42Y56         LUT6 (Prop_lut6_I0_O)        0.105     7.531 r  u_soc_top/u_cpu/u_core/if_stage/pc[10]_i_2/O
                         net (fo=1, routed)           0.000     7.531    u_soc_top/u_cpu/u_core/reg_id_ex0_data/pc_reg[10]_rep__4
    SLICE_X42Y56         MUXF7 (Prop_muxf7_I0_O)      0.173     7.704 r  u_soc_top/u_cpu/u_core/reg_id_ex0_data/pc_reg[10]_i_1/O
                         net (fo=7, routed)           0.516     8.220    u_soc_top/u_cpu/u_core/next_pc_reg[10]
    SLICE_X43Y56         FDRE                                         r  u_soc_top/u_cpu/u_core/pc_reg[10]_rep/D
  -------------------------------------------------------------------    -------------------

                         (clock cpu_clk rise edge)   10.000    10.000 r  
    K21                                               0.000    10.000 r  clk_50M (IN)
                         net (fo=0)                   0.000    10.000    u_soc_top/pll_clk.u_clk_pll/inst/clk_in1
    K21                  IBUF (Prop_ibuf_I_O)         1.328    11.328 r  u_soc_top/pll_clk.u_clk_pll/inst/clkin1_ibufg/O
                         net (fo=1, routed)           1.019    12.347    u_soc_top/pll_clk.u_clk_pll/inst/clk_in1_clk_pll
    PLLE2_ADV_X0Y3       PLLE2_ADV (Prop_plle2_adv_CLKIN1_CLKOUT0)
                                                     -6.890     5.457 r  u_soc_top/pll_clk.u_clk_pll/inst/plle2_adv_inst/CLKOUT0
                         net (fo=1, routed)           1.484     6.942    u_soc_top/pll_clk.u_clk_pll/inst/cpu_clk_clk_pll
    BUFGCTRL_X0Y16       BUFG (Prop_bufg_I_O)         0.077     7.019 r  u_soc_top/pll_clk.u_clk_pll/inst/clkout1_buf/O
                         net (fo=5309, routed)        1.441     8.460    u_soc_top/u_cpu/u_core/cpu_clk
    SLICE_X43Y56         FDRE                                         r  u_soc_top/u_cpu/u_core/pc_reg[10]_rep/C
                         clock pessimism             -0.462     7.998    
                         clock uncertainty           -0.094     7.903    
    SLICE_X43Y56         FDRE (Setup_fdre_C_D)       -0.181     7.722    u_soc_top/u_cpu/u_core/pc_reg[10]_rep
  -------------------------------------------------------------------
                         required time                          7.722    
                         arrival time                          -8.220    
  -------------------------------------------------------------------
                         slack                                 -0.498    

Slack (VIOLATED) :        -0.498ns  (required time - arrival time)
  Source:                 u_soc_top/u_cpu/u_core/fq_instr_reg[0][15]/C
                            (rising edge-triggered cell FDRE clocked by cpu_clk  {rise@0.000ns fall@5.000ns period=10.000ns})
  Destination:            u_soc_top/u_cpu/u_core/pc_reg[10]_rep/D
                            (rising edge-triggered cell FDRE clocked by cpu_clk  {rise@0.000ns fall@5.000ns period=10.000ns})
  Path Group:             cpu_clk
  Path Type:              Setup (Max at Slow Process Corner)
  Requirement:            10.000ns  (cpu_clk rise@10.000ns - cpu_clk rise@0.000ns)
  Data Path Delay:        10.180ns  (logic 3.847ns (37.791%)  route 6.333ns (62.209%))
  Logic Levels:           21  (CARRY4=9 LUT2=1 LUT4=2 LUT5=1 LUT6=7 MUXF7=1)
  Clock Path Skew:        -0.043ns (DCD - SCD + CPR)
    Destination Clock Delay (DCD):    -1.540ns = ( 8.460 - 10.000 ) 
    Source Clock Delay      (SCD):    -1.959ns
    Clock Pessimism Removal (CPR):    -0.462ns
  Clock Uncertainty:      0.094ns  ((TSJ^2 + DJ^2)^1/2) / 2 + PE
    Total System Jitter     (TSJ):    0.071ns
    Discrete Jitter          (DJ):    0.175ns
    Phase Error              (PE):    0.000ns

    Location             Delay type                Incr(ns)  Path(ns)    Netlist Resource(s)
  -------------------------------------------------------------------    -------------------
                         (clock cpu_clk rise edge)    0.000     0.000 r  
    K21                                               0.000     0.000 r  clk_50M (IN)
                         net (fo=0)                   0.000     0.000    u_soc_top/pll_clk.u_clk_pll/inst/clk_in1
    K21                  IBUF (Prop_ibuf_I_O)         1.394     1.394 r  u_soc_top/pll_clk.u_clk_pll/inst/clkin1_ibufg/O
                         net (fo=1, routed)           1.080     2.474    u_soc_top/pll_clk.u_clk_pll/inst/clk_in1_clk_pll
    PLLE2_ADV_X0Y3       PLLE2_ADV (Prop_plle2_adv_CLKIN1_CLKOUT0)
                                                     -7.629    -5.155 r  u_soc_top/pll_clk.u_clk_pll/inst/plle2_adv_inst/CLKOUT0
                         net (fo=1, routed)           1.557    -3.598    u_soc_top/pll_clk.u_clk_pll/inst/cpu_clk_clk_pll
    BUFGCTRL_X0Y16       BUFG (Prop_bufg_I_O)         0.081    -3.517 r  u_soc_top/pll_clk.u_clk_pll/inst/clkout1_buf/O
                         net (fo=5309, routed)        1.558    -1.959    u_soc_top/u_cpu/u_core/cpu_clk
    SLICE_X56Y51         FDRE                                         r  u_soc_top/u_cpu/u_core/fq_instr_reg[0][15]/C
  -------------------------------------------------------------------    -------------------
    SLICE_X56Y51         FDRE (Prop_fdre_C_Q)         0.433    -1.526 r  u_soc_top/u_cpu/u_core/fq_instr_reg[0][15]/Q
                         net (fo=28, routed)          0.997    -0.529    u_soc_top/u_cpu/u_core/reg_id_ex0_data/data_out_reg[83]_0[15]
    SLICE_X50Y49         LUT6 (Prop_lut6_I1_O)        0.105    -0.424 f  u_soc_top/u_cpu/u_core/reg_id_ex0_data/data_out[3]_i_7/O
                         net (fo=1, routed)           0.237    -0.187    u_soc_top/u_cpu/u_core/reg_id_ex0_data/data_out[3]_i_7_n_0
    SLICE_X51Y47         LUT4 (Prop_lut4_I1_O)        0.105    -0.082 r  u_soc_top/u_cpu/u_core/reg_id_ex0_data/data_out[3]_i_6/O
                         net (fo=2, routed)           0.530     0.448    u_soc_top/u_cpu/u_core/reg_id_ex0_data/data_out[3]_i_6_n_0
    SLICE_X50Y49         LUT5 (Prop_lut5_I0_O)        0.105     0.553 r  u_soc_top/u_cpu/u_core/reg_id_ex0_data/data_out[3]_i_2__1/O
                         net (fo=2, routed)           0.360     0.913    u_soc_top/u_cpu/u_core/reg_id_ex0_data/data_out[3]_i_2__1_n_0
    SLICE_X50Y48         LUT6 (Prop_lut6_I2_O)        0.105     1.018 r  u_soc_top/u_cpu/u_core/reg_id_ex0_data/data_out[84]_i_2/O
                         net (fo=2, routed)           0.371     1.389    u_soc_top/u_cpu/u_core/reg_id_ex0_data/data_out[84]_i_2_n_0
    SLICE_X49Y48         LUT6 (Prop_lut6_I0_O)        0.105     1.494 r  u_soc_top/u_cpu/u_core/reg_id_ex0_data/data_out[84]_i_1/O
                         net (fo=3, routed)           0.266     1.760    u_soc_top/u_cpu/u_core/bp_unit/D[1]
    SLICE_X51Y49         LUT2 (Prop_lut2_I1_O)        0.105     1.865 r  u_soc_top/u_cpu/u_core/bp_unit/pc[0]_i_8/O
                         net (fo=1, routed)           0.000     1.865    u_soc_top/u_cpu/u_core/bp_unit/pc[0]_i_8_n_0
    SLICE_X51Y49         CARRY4 (Prop_carry4_S[1]_CO[3])
                                                      0.457     2.322 r  u_soc_top/u_cpu/u_core/bp_unit/pc_reg[0]_i_3/CO[3]
                         net (fo=1, routed)           0.001     2.323    u_soc_top/u_cpu/u_core/bp_unit/pc_reg[0]_i_3_n_0
    SLICE_X51Y50         CARRY4 (Prop_carry4_CI_CO[3])
                                                      0.098     2.421 r  u_soc_top/u_cpu/u_core/bp_unit/pc_reg[7]_i_4/CO[3]
                         net (fo=1, routed)           0.000     2.421    u_soc_top/u_cpu/u_core/bp_unit/pc_reg[7]_i_4_n_0
    SLICE_X51Y51         CARRY4 (Prop_carry4_CI_CO[3])
                                                      0.098     2.519 r  u_soc_top/u_cpu/u_core/bp_unit/pc_reg[11]_i_4/CO[3]
                         net (fo=1, routed)           0.000     2.519    u_soc_top/u_cpu/u_core/bp_unit/pc_reg[11]_i_4_n_0
    SLICE_X51Y52         CARRY4 (Prop_carry4_CI_CO[3])
                                                      0.098     2.617 r  u_soc_top/u_cpu/u_core/bp_unit/pc_reg[15]_i_4/CO[3]
                         net (fo=1, routed)           0.000     2.617    u_soc_top/u_cpu/u_core/bp_unit/pc_reg[15]_i_4_n_0
    SLICE_X51Y53         CARRY4 (Prop_carry4_CI_CO[3])
                                                      0.098     2.715 r  u_soc_top/u_cpu/u_core/bp_unit/pc_reg[19]_i_4/CO[3]
                         net (fo=1, routed)           0.000     2.715    u_soc_top/u_cpu/u_core/bp_unit/pc_reg[19]_i_4_n_0
    SLICE_X51Y54         CARRY4 (Prop_carry4_CI_CO[3])
                                                      0.098     2.813 r  u_soc_top/u_cpu/u_core/bp_unit/pc_reg[23]_i_4/CO[3]
                         net (fo=1, routed)           0.000     2.813    u_soc_top/u_cpu/u_core/bp_unit/pc_reg[23]_i_4_n_0
    SLICE_X51Y55         CARRY4 (Prop_carry4_CI_CO[3])
                                                      0.098     2.911 r  u_soc_top/u_cpu/u_core/bp_unit/pc_reg[27]_i_4/CO[3]
                         net (fo=1, routed)           0.000     2.911    u_soc_top/u_cpu/u_core/bp_unit/pc_reg[27]_i_4_n_0
    SLICE_X51Y56         CARRY4 (Prop_carry4_CI_O[1])
                                                      0.265     3.176 f  u_soc_top/u_cpu/u_core/bp_unit/pc_reg[31]_i_9/O[1]
                         net (fo=3, routed)           0.614     3.790    u_soc_top/u_cpu/u_core/bp_unit/bp_jump_pc[29]
    SLICE_X55Y57         LUT6 (Prop_lut6_I4_O)        0.250     4.040 f  u_soc_top/u_cpu/u_core/bp_unit/data_out[15]_i_36/O
                         net (fo=1, routed)           0.000     4.040    u_soc_top/u_cpu/u_core/hazard_ctrl/data_out[15]_i_6[1]
    SLICE_X55Y57         CARRY4 (Prop_carry4_S[1]_CO[2])
                                                      0.475     4.515 f  u_soc_top/u_cpu/u_core/hazard_ctrl/data_out_reg[15]_i_21/CO[2]
                         net (fo=1, routed)           0.367     4.882    u_soc_top/u_cpu/u_core/reg_id_ex0_ctrl/fq_pc_reg[1][9]_4[0]
    SLICE_X50Y57         LUT6 (Prop_lut6_I5_O)        0.261     5.143 f  u_soc_top/u_cpu/u_core/reg_id_ex0_ctrl/data_out[15]_i_6/O
                         net (fo=142, routed)         0.493     5.636    u_soc_top/u_cpu/u_core/reg_id_ex1_data/if_id_flush
    SLICE_X51Y57         LUT4 (Prop_lut4_I2_O)        0.105     5.741 f  u_soc_top/u_cpu/u_core/reg_id_ex1_data/pc[1]_i_6/O
                         net (fo=2, routed)           0.940     6.681    u_soc_top/u_cpu/u_core/if_stage/pc_reg[1]_0
    SLICE_X43Y58         LUT6 (Prop_lut6_I3_O)        0.105     6.786 r  u_soc_top/u_cpu/u_core/if_stage/pc[1]_i_3/O
                         net (fo=31, routed)          0.640     7.426    u_soc_top/u_cpu/u_core/if_stage/fq_valid_reg[2]
    SLICE_X42Y56         LUT6 (Prop_lut6_I0_O)        0.105     7.531 r  u_soc_top/u_cpu/u_core/if_stage/pc[10]_i_2/O
                         net (fo=1, routed)           0.000     7.531    u_soc_top/u_cpu/u_core/reg_id_ex0_data/pc_reg[10]_rep__4
    SLICE_X42Y56         MUXF7 (Prop_muxf7_I0_O)      0.173     7.704 r  u_soc_top/u_cpu/u_core/reg_id_ex0_data/pc_reg[10]_i_1/O
                         net (fo=7, routed)           0.516     8.220    u_soc_top/u_cpu/u_core/next_pc_reg[10]
    SLICE_X43Y56         FDRE                                         r  u_soc_top/u_cpu/u_core/pc_reg[10]_rep/D
  -------------------------------------------------------------------    -------------------

                         (clock cpu_clk rise edge)   10.000    10.000 r  
    K21                                               0.000    10.000 r  clk_50M (IN)
                         net (fo=0)                   0.000    10.000    u_soc_top/pll_clk.u_clk_pll/inst/clk_in1
    K21                  IBUF (Prop_ibuf_I_O)         1.328    11.328 r  u_soc_top/pll_clk.u_clk_pll/inst/clkin1_ibufg/O
                         net (fo=1, routed)           1.019    12.347    u_soc_top/pll_clk.u_clk_pll/inst/clk_in1_clk_pll
    PLLE2_ADV_X0Y3       PLLE2_ADV (Prop_plle2_adv_CLKIN1_CLKOUT0)
                                                     -6.890     5.457 r  u_soc_top/pll_clk.u_clk_pll/inst/plle2_adv_inst/CLKOUT0
                         net (fo=1, routed)           1.484     6.942    u_soc_top/pll_clk.u_clk_pll/inst/cpu_clk_clk_pll
    BUFGCTRL_X0Y16       BUFG (Prop_bufg_I_O)         0.077     7.019 r  u_soc_top/pll_clk.u_clk_pll/inst/clkout1_buf/O
                         net (fo=5309, routed)        1.441     8.460    u_soc_top/u_cpu/u_core/cpu_clk
    SLICE_X43Y56         FDRE                                         r  u_soc_top/u_cpu/u_core/pc_reg[10]_rep/C
                         clock pessimism             -0.462     7.998    
                         clock uncertainty           -0.094     7.903    
    SLICE_X43Y56         FDRE (Setup_fdre_C_D)       -0.181     7.722    u_soc_top/u_cpu/u_core/pc_reg[10]_rep
  -------------------------------------------------------------------
                         required time                          7.722    
                         arrival time                          -8.220    
  -------------------------------------------------------------------
                         slack                                 -0.498    

Slack (VIOLATED) :        -0.498ns  (required time - arrival time)
  Source:                 u_soc_top/u_cpu/u_core/fq_instr_reg[0][15]/C
                            (rising edge-triggered cell FDRE clocked by cpu_clk  {rise@0.000ns fall@5.000ns period=10.000ns})
  Destination:            u_soc_top/u_cpu/u_core/pc_reg[10]_rep/D
                            (rising edge-triggered cell FDRE clocked by cpu_clk  {rise@0.000ns fall@5.000ns period=10.000ns})
  Path Group:             cpu_clk
  Path Type:              Setup (Max at Slow Process Corner)
  Requirement:            10.000ns  (cpu_clk rise@10.000ns - cpu_clk rise@0.000ns)
  Data Path Delay:        10.180ns  (logic 3.847ns (37.791%)  route 6.333ns (62.209%))
  Logic Levels:           21  (CARRY4=9 LUT2=1 LUT4=2 LUT5=1 LUT6=7 MUXF7=1)
  Clock Path Skew:        -0.043ns (DCD - SCD + CPR)
    Destination Clock Delay (DCD):    -1.540ns = ( 8.460 - 10.000 ) 
    Source Clock Delay      (SCD):    -1.959ns
    Clock Pessimism Removal (CPR):    -0.462ns
  Clock Uncertainty:      0.094ns  ((TSJ^2 + DJ^2)^1/2) / 2 + PE
    Total System Jitter     (TSJ):    0.071ns
    Discrete Jitter          (DJ):    0.175ns
    Phase Error              (PE):    0.000ns

    Location             Delay type                Incr(ns)  Path(ns)    Netlist Resource(s)
  -------------------------------------------------------------------    -------------------
                         (clock cpu_clk rise edge)    0.000     0.000 r  
    K21                                               0.000     0.000 r  clk_50M (IN)
                         net (fo=0)                   0.000     0.000    u_soc_top/pll_clk.u_clk_pll/inst/clk_in1
    K21                  IBUF (Prop_ibuf_I_O)         1.394     1.394 r  u_soc_top/pll_clk.u_clk_pll/inst/clkin1_ibufg/O
                         net (fo=1, routed)           1.080     2.474    u_soc_top/pll_clk.u_clk_pll/inst/clk_in1_clk_pll
    PLLE2_ADV_X0Y3       PLLE2_ADV (Prop_plle2_adv_CLKIN1_CLKOUT0)
                                                     -7.629    -5.155 r  u_soc_top/pll_clk.u_clk_pll/inst/plle2_adv_inst/CLKOUT0
                         net (fo=1, routed)           1.557    -3.598    u_soc_top/pll_clk.u_clk_pll/inst/cpu_clk_clk_pll
    BUFGCTRL_X0Y16       BUFG (Prop_bufg_I_O)         0.081    -3.517 r  u_soc_top/pll_clk.u_clk_pll/inst/clkout1_buf/O
                         net (fo=5309, routed)        1.558    -1.959    u_soc_top/u_cpu/u_core/cpu_clk
    SLICE_X56Y51         FDRE                                         r  u_soc_top/u_cpu/u_core/fq_instr_reg[0][15]/C
  -------------------------------------------------------------------    -------------------
    SLICE_X56Y51         FDRE (Prop_fdre_C_Q)         0.433    -1.526 f  u_soc_top/u_cpu/u_core/fq_instr_reg[0][15]/Q
                         net (fo=28, routed)          0.997    -0.529    u_soc_top/u_cpu/u_core/reg_id_ex0_data/data_out_reg[83]_0[15]
    SLICE_X50Y49         LUT6 (Prop_lut6_I1_O)        0.105    -0.424 r  u_soc_top/u_cpu/u_core/reg_id_ex0_data/data_out[3]_i_7/O
                         net (fo=1, routed)           0.237    -0.187    u_soc_top/u_cpu/u_core/reg_id_ex0_data/data_out[3]_i_7_n_0
    SLICE_X51Y47         LUT4 (Prop_lut4_I1_O)        0.105    -0.082 f  u_soc_top/u_cpu/u_core/reg_id_ex0_data/data_out[3]_i_6/O
                         net (fo=2, routed)           0.530     0.448    u_soc_top/u_cpu/u_core/reg_id_ex0_data/data_out[3]_i_6_n_0
    SLICE_X50Y49         LUT5 (Prop_lut5_I0_O)        0.105     0.553 f  u_soc_top/u_cpu/u_core/reg_id_ex0_data/data_out[3]_i_2__1/O
                         net (fo=2, routed)           0.360     0.913    u_soc_top/u_cpu/u_core/reg_id_ex0_data/data_out[3]_i_2__1_n_0
    SLICE_X50Y48         LUT6 (Prop_lut6_I2_O)        0.105     1.018 f  u_soc_top/u_cpu/u_core/reg_id_ex0_data/data_out[84]_i_2/O
                         net (fo=2, routed)           0.371     1.389    u_soc_top/u_cpu/u_core/reg_id_ex0_data/data_out[84]_i_2_n_0
    SLICE_X49Y48         LUT6 (Prop_lut6_I0_O)        0.105     1.494 f  u_soc_top/u_cpu/u_core/reg_id_ex0_data/data_out[84]_i_1/O
                         net (fo=3, routed)           0.266     1.760    u_soc_top/u_cpu/u_core/bp_unit/D[1]
    SLICE_X51Y49         LUT2 (Prop_lut2_I1_O)        0.105     1.865 r  u_soc_top/u_cpu/u_core/bp_unit/pc[0]_i_8/O
                         net (fo=1, routed)           0.000     1.865    u_soc_top/u_cpu/u_core/bp_unit/pc[0]_i_8_n_0
    SLICE_X51Y49         CARRY4 (Prop_carry4_S[1]_CO[3])
                                                      0.457     2.322 r  u_soc_top/u_cpu/u_core/bp_unit/pc_reg[0]_i_3/CO[3]
                         net (fo=1, routed)           0.001     2.323    u_soc_top/u_cpu/u_core/bp_unit/pc_reg[0]_i_3_n_0
    SLICE_X51Y50         CARRY4 (Prop_carry4_CI_CO[3])
                                                      0.098     2.421 r  u_soc_top/u_cpu/u_core/bp_unit/pc_reg[7]_i_4/CO[3]
                         net (fo=1, routed)           0.000     2.421    u_soc_top/u_cpu/u_core/bp_unit/pc_reg[7]_i_4_n_0
    SLICE_X51Y51         CARRY4 (Prop_carry4_CI_CO[3])
                                                      0.098     2.519 r  u_soc_top/u_cpu/u_core/bp_unit/pc_reg[11]_i_4/CO[3]
                         net (fo=1, routed)           0.000     2.519    u_soc_top/u_cpu/u_core/bp_unit/pc_reg[11]_i_4_n_0
    SLICE_X51Y52         CARRY4 (Prop_carry4_CI_CO[3])
                                                      0.098     2.617 r  u_soc_top/u_cpu/u_core/bp_unit/pc_reg[15]_i_4/CO[3]
                         net (fo=1, routed)           0.000     2.617    u_soc_top/u_cpu/u_core/bp_unit/pc_reg[15]_i_4_n_0
    SLICE_X51Y53         CARRY4 (Prop_carry4_CI_CO[3])
                                                      0.098     2.715 r  u_soc_top/u_cpu/u_core/bp_unit/pc_reg[19]_i_4/CO[3]
                         net (fo=1, routed)           0.000     2.715    u_soc_top/u_cpu/u_core/bp_unit/pc_reg[19]_i_4_n_0
    SLICE_X51Y54         CARRY4 (Prop_carry4_CI_CO[3])
                                                      0.098     2.813 r  u_soc_top/u_cpu/u_core/bp_unit/pc_reg[23]_i_4/CO[3]
                         net (fo=1, routed)           0.000     2.813    u_soc_top/u_cpu/u_core/bp_unit/pc_reg[23]_i_4_n_0
    SLICE_X51Y55         CARRY4 (Prop_carry4_CI_CO[3])
                                                      0.098     2.911 r  u_soc_top/u_cpu/u_core/bp_unit/pc_reg[27]_i_4/CO[3]
                         net (fo=1, routed)           0.000     2.911    u_soc_top/u_cpu/u_core/bp_unit/pc_reg[27]_i_4_n_0
    SLICE_X51Y56         CARRY4 (Prop_carry4_CI_O[1])
                                                      0.265     3.176 f  u_soc_top/u_cpu/u_core/bp_unit/pc_reg[31]_i_9/O[1]
                         net (fo=3, routed)           0.614     3.790    u_soc_top/u_cpu/u_core/bp_unit/bp_jump_pc[29]
    SLICE_X55Y57         LUT6 (Prop_lut6_I4_O)        0.250     4.040 f  u_soc_top/u_cpu/u_core/bp_unit/data_out[15]_i_36/O
                         net (fo=1, routed)           0.000     4.040    u_soc_top/u_cpu/u_core/hazard_ctrl/data_out[15]_i_6[1]
    SLICE_X55Y57         CARRY4 (Prop_carry4_S[1]_CO[2])
                                                      0.475     4.515 f  u_soc_top/u_cpu/u_core/hazard_ctrl/data_out_reg[15]_i_21/CO[2]
                         net (fo=1, routed)           0.367     4.882    u_soc_top/u_cpu/u_core/reg_id_ex0_ctrl/fq_pc_reg[1][9]_4[0]
    SLICE_X50Y57         LUT6 (Prop_lut6_I5_O)        0.261     5.143 f  u_soc_top/u_cpu/u_core/reg_id_ex0_ctrl/data_out[15]_i_6/O
                         net (fo=142, routed)         0.493     5.636    u_soc_top/u_cpu/u_core/reg_id_ex1_data/if_id_flush
    SLICE_X51Y57         LUT4 (Prop_lut4_I2_O)        0.105     5.741 f  u_soc_top/u_cpu/u_core/reg_id_ex1_data/pc[1]_i_6/O
                         net (fo=2, routed)           0.940     6.681    u_soc_top/u_cpu/u_core/if_stage/pc_reg[1]_0
    SLICE_X43Y58         LUT6 (Prop_lut6_I3_O)        0.105     6.786 r  u_soc_top/u_cpu/u_core/if_stage/pc[1]_i_3/O
                         net (fo=31, routed)          0.640     7.426    u_soc_top/u_cpu/u_core/if_stage/fq_valid_reg[2]
    SLICE_X42Y56         LUT6 (Prop_lut6_I0_O)        0.105     7.531 r  u_soc_top/u_cpu/u_core/if_stage/pc[10]_i_2/O
                         net (fo=1, routed)           0.000     7.531    u_soc_top/u_cpu/u_core/reg_id_ex0_data/pc_reg[10]_rep__4
    SLICE_X42Y56         MUXF7 (Prop_muxf7_I0_O)      0.173     7.704 r  u_soc_top/u_cpu/u_core/reg_id_ex0_data/pc_reg[10]_i_1/O
                         net (fo=7, routed)           0.516     8.220    u_soc_top/u_cpu/u_core/next_pc_reg[10]
    SLICE_X43Y56         FDRE                                         r  u_soc_top/u_cpu/u_core/pc_reg[10]_rep/D
  -------------------------------------------------------------------    -------------------

                         (clock cpu_clk rise edge)   10.000    10.000 r  
    K21                                               0.000    10.000 r  clk_50M (IN)
                         net (fo=0)                   0.000    10.000    u_soc_top/pll_clk.u_clk_pll/inst/clk_in1
    K21                  IBUF (Prop_ibuf_I_O)         1.328    11.328 r  u_soc_top/pll_clk.u_clk_pll/inst/clkin1_ibufg/O
                         net (fo=1, routed)           1.019    12.347    u_soc_top/pll_clk.u_clk_pll/inst/clk_in1_clk_pll
    PLLE2_ADV_X0Y3       PLLE2_ADV (Prop_plle2_adv_CLKIN1_CLKOUT0)
                                                     -6.890     5.457 r  u_soc_top/pll_clk.u_clk_pll/inst/plle2_adv_inst/CLKOUT0
                         net (fo=1, routed)           1.484     6.942    u_soc_top/pll_clk.u_clk_pll/inst/cpu_clk_clk_pll
    BUFGCTRL_X0Y16       BUFG (Prop_bufg_I_O)         0.077     7.019 r  u_soc_top/pll_clk.u_clk_pll/inst/clkout1_buf/O
                         net (fo=5309, routed)        1.441     8.460    u_soc_top/u_cpu/u_core/cpu_clk
    SLICE_X43Y56         FDRE                                         r  u_soc_top/u_cpu/u_core/pc_reg[10]_rep/C
                         clock pessimism             -0.462     7.998    
                         clock uncertainty           -0.094     7.903    
    SLICE_X43Y56         FDRE (Setup_fdre_C_D)       -0.181     7.722    u_soc_top/u_cpu/u_core/pc_reg[10]_rep
  -------------------------------------------------------------------
                         required time                          7.722    
                         arrival time                          -8.220    
  -------------------------------------------------------------------
                         slack                                 -0.498    

Slack (VIOLATED) :        -0.489ns  (required time - arrival time)
  Source:                 u_soc_top/u_cpu/u_core/fq_instr_reg[0][15]/C
                            (rising edge-triggered cell FDRE clocked by cpu_clk  {rise@0.000ns fall@5.000ns period=10.000ns})
  Destination:            u_soc_top/u_cpu/u_core/pc_reg[10]_rep__1/D
                            (rising edge-triggered cell FDRE clocked by cpu_clk  {rise@0.000ns fall@5.000ns period=10.000ns})
  Path Group:             cpu_clk
  Path Type:              Setup (Max at Slow Process Corner)
  Requirement:            10.000ns  (cpu_clk rise@10.000ns - cpu_clk rise@0.000ns)
  Data Path Delay:        10.180ns  (logic 3.847ns (37.791%)  route 6.333ns (62.209%))
  Logic Levels:           21  (CARRY4=9 LUT2=1 LUT4=2 LUT5=1 LUT6=7 MUXF7=1)
  Clock Path Skew:        -0.043ns (DCD - SCD + CPR)
    Destination Clock Delay (DCD):    -1.540ns = ( 8.460 - 10.000 ) 
    Source Clock Delay      (SCD):    -1.959ns
    Clock Pessimism Removal (CPR):    -0.462ns
  Clock Uncertainty:      0.094ns  ((TSJ^2 + DJ^2)^1/2) / 2 + PE
    Total System Jitter     (TSJ):    0.071ns
    Discrete Jitter          (DJ):    0.175ns
    Phase Error              (PE):    0.000ns

    Location             Delay type                Incr(ns)  Path(ns)    Netlist Resource(s)
  -------------------------------------------------------------------    -------------------
                         (clock cpu_clk rise edge)    0.000     0.000 r  
    K21                                               0.000     0.000 r  clk_50M (IN)
                         net (fo=0)                   0.000     0.000    u_soc_top/pll_clk.u_clk_pll/inst/clk_in1
    K21                  IBUF (Prop_ibuf_I_O)         1.394     1.394 r  u_soc_top/pll_clk.u_clk_pll/inst/clkin1_ibufg/O
                         net (fo=1, routed)           1.080     2.474    u_soc_top/pll_clk.u_clk_pll/inst/clk_in1_clk_pll
    PLLE2_ADV_X0Y3       PLLE2_ADV (Prop_plle2_adv_CLKIN1_CLKOUT0)
                                                     -7.629    -5.155 r  u_soc_top/pll_clk.u_clk_pll/inst/plle2_adv_inst/CLKOUT0
                         net (fo=1, routed)           1.557    -3.598    u_soc_top/pll_clk.u_clk_pll/inst/cpu_clk_clk_pll
    BUFGCTRL_X0Y16       BUFG (Prop_bufg_I_O)         0.081    -3.517 r  u_soc_top/pll_clk.u_clk_pll/inst/clkout1_buf/O
                         net (fo=5309, routed)        1.558    -1.959    u_soc_top/u_cpu/u_core/cpu_clk
    SLICE_X56Y51         FDRE                                         r  u_soc_top/u_cpu/u_core/fq_instr_reg[0][15]/C
  -------------------------------------------------------------------    -------------------
    SLICE_X56Y51         FDRE (Prop_fdre_C_Q)         0.433    -1.526 r  u_soc_top/u_cpu/u_core/fq_instr_reg[0][15]/Q
                         net (fo=28, routed)          0.997    -0.529    u_soc_top/u_cpu/u_core/reg_id_ex0_data/data_out_reg[83]_0[15]
    SLICE_X50Y49         LUT6 (Prop_lut6_I1_O)        0.105    -0.424 f  u_soc_top/u_cpu/u_core/reg_id_ex0_data/data_out[3]_i_7/O
                         net (fo=1, routed)           0.237    -0.187    u_soc_top/u_cpu/u_core/reg_id_ex0_data/data_out[3]_i_7_n_0
    SLICE_X51Y47         LUT4 (Prop_lut4_I1_O)        0.105    -0.082 r  u_soc_top/u_cpu/u_core/reg_id_ex0_data/data_out[3]_i_6/O
                         net (fo=2, routed)           0.530     0.448    u_soc_top/u_cpu/u_core/reg_id_ex0_data/data_out[3]_i_6_n_0
    SLICE_X50Y49         LUT5 (Prop_lut5_I0_O)        0.105     0.553 r  u_soc_top/u_cpu/u_core/reg_id_ex0_data/data_out[3]_i_2__1/O
                         net (fo=2, routed)           0.360     0.913    u_soc_top/u_cpu/u_core/reg_id_ex0_data/data_out[3]_i_2__1_n_0
    SLICE_X50Y48         LUT6 (Prop_lut6_I2_O)        0.105     1.018 r  u_soc_top/u_cpu/u_core/reg_id_ex0_data/data_out[84]_i_2/O
                         net (fo=2, routed)           0.371     1.389    u_soc_top/u_cpu/u_core/reg_id_ex0_data/data_out[84]_i_2_n_0
    SLICE_X49Y48         LUT6 (Prop_lut6_I0_O)        0.105     1.494 r  u_soc_top/u_cpu/u_core/reg_id_ex0_data/data_out[84]_i_1/O
                         net (fo=3, routed)           0.266     1.760    u_soc_top/u_cpu/u_core/bp_unit/D[1]
    SLICE_X51Y49         LUT2 (Prop_lut2_I1_O)        0.105     1.865 r  u_soc_top/u_cpu/u_core/bp_unit/pc[0]_i_8/O
                         net (fo=1, routed)           0.000     1.865    u_soc_top/u_cpu/u_core/bp_unit/pc[0]_i_8_n_0
    SLICE_X51Y49         CARRY4 (Prop_carry4_S[1]_CO[3])
                                                      0.457     2.322 r  u_soc_top/u_cpu/u_core/bp_unit/pc_reg[0]_i_3/CO[3]
                         net (fo=1, routed)           0.001     2.323    u_soc_top/u_cpu/u_core/bp_unit/pc_reg[0]_i_3_n_0
    SLICE_X51Y50         CARRY4 (Prop_carry4_CI_CO[3])
                                                      0.098     2.421 r  u_soc_top/u_cpu/u_core/bp_unit/pc_reg[7]_i_4/CO[3]
                         net (fo=1, routed)           0.000     2.421    u_soc_top/u_cpu/u_core/bp_unit/pc_reg[7]_i_4_n_0
    SLICE_X51Y51         CARRY4 (Prop_carry4_CI_CO[3])
                                                      0.098     2.519 r  u_soc_top/u_cpu/u_core/bp_unit/pc_reg[11]_i_4/CO[3]
                         net (fo=1, routed)           0.000     2.519    u_soc_top/u_cpu/u_core/bp_unit/pc_reg[11]_i_4_n_0
    SLICE_X51Y52         CARRY4 (Prop_carry4_CI_CO[3])
                                                      0.098     2.617 r  u_soc_top/u_cpu/u_core/bp_unit/pc_reg[15]_i_4/CO[3]
                         net (fo=1, routed)           0.000     2.617    u_soc_top/u_cpu/u_core/bp_unit/pc_reg[15]_i_4_n_0
    SLICE_X51Y53         CARRY4 (Prop_carry4_CI_CO[3])
                                                      0.098     2.715 r  u_soc_top/u_cpu/u_core/bp_unit/pc_reg[19]_i_4/CO[3]
                         net (fo=1, routed)           0.000     2.715    u_soc_top/u_cpu/u_core/bp_unit/pc_reg[19]_i_4_n_0
    SLICE_X51Y54         CARRY4 (Prop_carry4_CI_CO[3])
                                                      0.098     2.813 r  u_soc_top/u_cpu/u_core/bp_unit/pc_reg[23]_i_4/CO[3]
                         net (fo=1, routed)           0.000     2.813    u_soc_top/u_cpu/u_core/bp_unit/pc_reg[23]_i_4_n_0
    SLICE_X51Y55         CARRY4 (Prop_carry4_CI_CO[3])
                                                      0.098     2.911 r  u_soc_top/u_cpu/u_core/bp_unit/pc_reg[27]_i_4/CO[3]
                         net (fo=1, routed)           0.000     2.911    u_soc_top/u_cpu/u_core/bp_unit/pc_reg[27]_i_4_n_0
    SLICE_X51Y56         CARRY4 (Prop_carry4_CI_O[1])
                                                      0.265     3.176 r  u_soc_top/u_cpu/u_core/bp_unit/pc_reg[31]_i_9/O[1]
                         net (fo=3, routed)           0.614     3.790    u_soc_top/u_cpu/u_core/bp_unit/bp_jump_pc[29]
    SLICE_X55Y57         LUT6 (Prop_lut6_I4_O)        0.250     4.040 r  u_soc_top/u_cpu/u_core/bp_unit/data_out[15]_i_36/O
                         net (fo=1, routed)           0.000     4.040    u_soc_top/u_cpu/u_core/hazard_ctrl/data_out[15]_i_6[1]
    SLICE_X55Y57         CARRY4 (Prop_carry4_S[1]_CO[2])
                                                      0.475     4.515 r  u_soc_top/u_cpu/u_core/hazard_ctrl/data_out_reg[15]_i_21/CO[2]
                         net (fo=1, routed)           0.367     4.882    u_soc_top/u_cpu/u_core/reg_id_ex0_ctrl/fq_pc_reg[1][9]_4[0]
    SLICE_X50Y57         LUT6 (Prop_lut6_I5_O)        0.261     5.143 r  u_soc_top/u_cpu/u_core/reg_id_ex0_ctrl/data_out[15]_i_6/O
                         net (fo=142, routed)         0.493     5.636    u_soc_top/u_cpu/u_core/reg_id_ex1_data/if_id_flush
    SLICE_X51Y57         LUT4 (Prop_lut4_I2_O)        0.105     5.741 r  u_soc_top/u_cpu/u_core/reg_id_ex1_data/pc[1]_i_6/O
                         net (fo=2, routed)           0.940     6.681    u_soc_top/u_cpu/u_core/if_stage/pc_reg[1]_0
    SLICE_X43Y58         LUT6 (Prop_lut6_I3_O)        0.105     6.786 r  u_soc_top/u_cpu/u_core/if_stage/pc[1]_i_3/O
                         net (fo=31, routed)          0.640     7.426    u_soc_top/u_cpu/u_core/if_stage/fq_valid_reg[2]
    SLICE_X42Y56         LUT6 (Prop_lut6_I0_O)        0.105     7.531 r  u_soc_top/u_cpu/u_core/if_stage/pc[10]_i_2/O
                         net (fo=1, routed)           0.000     7.531    u_soc_top/u_cpu/u_core/reg_id_ex0_data/pc_reg[10]_rep__4
    SLICE_X42Y56         MUXF7 (Prop_muxf7_I0_O)      0.173     7.704 r  u_soc_top/u_cpu/u_core/reg_id_ex0_data/pc_reg[10]_i_1/O
                         net (fo=7, routed)           0.516     8.220    u_soc_top/u_cpu/u_core/next_pc_reg[10]
    SLICE_X43Y56         FDRE                                         r  u_soc_top/u_cpu/u_core/pc_reg[10]_rep__1/D
  -------------------------------------------------------------------    -------------------

                         (clock cpu_clk rise edge)   10.000    10.000 r  
    K21                                               0.000    10.000 r  clk_50M (IN)
                         net (fo=0)                   0.000    10.000    u_soc_top/pll_clk.u_clk_pll/inst/clk_in1
    K21                  IBUF (Prop_ibuf_I_O)         1.328    11.328 r  u_soc_top/pll_clk.u_clk_pll/inst/clkin1_ibufg/O
                         net (fo=1, routed)           1.019    12.347    u_soc_top/pll_clk.u_clk_pll/inst/clk_in1_clk_pll
    PLLE2_ADV_X0Y3       PLLE2_ADV (Prop_plle2_adv_CLKIN1_CLKOUT0)
                                                     -6.890     5.457 r  u_soc_top/pll_clk.u_clk_pll/inst/plle2_adv_inst/CLKOUT0
                         net (fo=1, routed)           1.484     6.942    u_soc_top/pll_clk.u_clk_pll/inst/cpu_clk_clk_pll
    BUFGCTRL_X0Y16       BUFG (Prop_bufg_I_O)         0.077     7.019 r  u_soc_top/pll_clk.u_clk_pll/inst/clkout1_buf/O
                         net (fo=5309, routed)        1.441     8.460    u_soc_top/u_cpu/u_core/cpu_clk
    SLICE_X43Y56         FDRE                                         r  u_soc_top/u_cpu/u_core/pc_reg[10]_rep__1/C
                         clock pessimism             -0.462     7.998    
                         clock uncertainty           -0.094     7.903    
    SLICE_X43Y56         FDRE (Setup_fdre_C_D)       -0.172     7.731    u_soc_top/u_cpu/u_core/pc_reg[10]_rep__1
  -------------------------------------------------------------------
                         required time                          7.731    
                         arrival time                          -8.220    
  -------------------------------------------------------------------
                         slack                                 -0.489    

Slack (VIOLATED) :        -0.489ns  (required time - arrival time)
  Source:                 u_soc_top/u_cpu/u_core/fq_instr_reg[0][15]/C
                            (rising edge-triggered cell FDRE clocked by cpu_clk  {rise@0.000ns fall@5.000ns period=10.000ns})
  Destination:            u_soc_top/u_cpu/u_core/pc_reg[10]_rep__1/D
                            (rising edge-triggered cell FDRE clocked by cpu_clk  {rise@0.000ns fall@5.000ns period=10.000ns})
  Path Group:             cpu_clk
  Path Type:              Setup (Max at Slow Process Corner)
  Requirement:            10.000ns  (cpu_clk rise@10.000ns - cpu_clk rise@0.000ns)
  Data Path Delay:        10.180ns  (logic 3.847ns (37.791%)  route 6.333ns (62.209%))
  Logic Levels:           21  (CARRY4=9 LUT2=1 LUT4=2 LUT5=1 LUT6=7 MUXF7=1)
  Clock Path Skew:        -0.043ns (DCD - SCD + CPR)
    Destination Clock Delay (DCD):    -1.540ns = ( 8.460 - 10.000 ) 
    Source Clock Delay      (SCD):    -1.959ns
    Clock Pessimism Removal (CPR):    -0.462ns
  Clock Uncertainty:      0.094ns  ((TSJ^2 + DJ^2)^1/2) / 2 + PE
    Total System Jitter     (TSJ):    0.071ns
    Discrete Jitter          (DJ):    0.175ns
    Phase Error              (PE):    0.000ns

    Location             Delay type                Incr(ns)  Path(ns)    Netlist Resource(s)
  -------------------------------------------------------------------    -------------------
                         (clock cpu_clk rise edge)    0.000     0.000 r  
    K21                                               0.000     0.000 r  clk_50M (IN)
                         net (fo=0)                   0.000     0.000    u_soc_top/pll_clk.u_clk_pll/inst/clk_in1
    K21                  IBUF (Prop_ibuf_I_O)         1.394     1.394 r  u_soc_top/pll_clk.u_clk_pll/inst/clkin1_ibufg/O
                         net (fo=1, routed)           1.080     2.474    u_soc_top/pll_clk.u_clk_pll/inst/clk_in1_clk_pll
    PLLE2_ADV_X0Y3       PLLE2_ADV (Prop_plle2_adv_CLKIN1_CLKOUT0)
                                                     -7.629    -5.155 r  u_soc_top/pll_clk.u_clk_pll/inst/plle2_adv_inst/CLKOUT0
                         net (fo=1, routed)           1.557    -3.598    u_soc_top/pll_clk.u_clk_pll/inst/cpu_clk_clk_pll
    BUFGCTRL_X0Y16       BUFG (Prop_bufg_I_O)         0.081    -3.517 r  u_soc_top/pll_clk.u_clk_pll/inst/clkout1_buf/O
                         net (fo=5309, routed)        1.558    -1.959    u_soc_top/u_cpu/u_core/cpu_clk
    SLICE_X56Y51         FDRE                                         r  u_soc_top/u_cpu/u_core/fq_instr_reg[0][15]/C
  -------------------------------------------------------------------    -------------------
    SLICE_X56Y51         FDRE (Prop_fdre_C_Q)         0.433    -1.526 r  u_soc_top/u_cpu/u_core/fq_instr_reg[0][15]/Q
                         net (fo=28, routed)          0.997    -0.529    u_soc_top/u_cpu/u_core/reg_id_ex0_data/data_out_reg[83]_0[15]
    SLICE_X50Y49         LUT6 (Prop_lut6_I1_O)        0.105    -0.424 f  u_soc_top/u_cpu/u_core/reg_id_ex0_data/data_out[3]_i_7/O
                         net (fo=1, routed)           0.237    -0.187    u_soc_top/u_cpu/u_core/reg_id_ex0_data/data_out[3]_i_7_n_0
    SLICE_X51Y47         LUT4 (Prop_lut4_I1_O)        0.105    -0.082 r  u_soc_top/u_cpu/u_core/reg_id_ex0_data/data_out[3]_i_6/O
                         net (fo=2, routed)           0.530     0.448    u_soc_top/u_cpu/u_core/reg_id_ex0_data/data_out[3]_i_6_n_0
    SLICE_X50Y49         LUT5 (Prop_lut5_I0_O)        0.105     0.553 r  u_soc_top/u_cpu/u_core/reg_id_ex0_data/data_out[3]_i_2__1/O
                         net (fo=2, routed)           0.360     0.913    u_soc_top/u_cpu/u_core/reg_id_ex0_data/data_out[3]_i_2__1_n_0
    SLICE_X50Y48         LUT6 (Prop_lut6_I2_O)        0.105     1.018 r  u_soc_top/u_cpu/u_core/reg_id_ex0_data/data_out[84]_i_2/O
                         net (fo=2, routed)           0.371     1.389    u_soc_top/u_cpu/u_core/reg_id_ex0_data/data_out[84]_i_2_n_0
    SLICE_X49Y48         LUT6 (Prop_lut6_I0_O)        0.105     1.494 r  u_soc_top/u_cpu/u_core/reg_id_ex0_data/data_out[84]_i_1/O
                         net (fo=3, routed)           0.266     1.760    u_soc_top/u_cpu/u_core/bp_unit/D[1]
    SLICE_X51Y49         LUT2 (Prop_lut2_I1_O)        0.105     1.865 r  u_soc_top/u_cpu/u_core/bp_unit/pc[0]_i_8/O
                         net (fo=1, routed)           0.000     1.865    u_soc_top/u_cpu/u_core/bp_unit/pc[0]_i_8_n_0
    SLICE_X51Y49         CARRY4 (Prop_carry4_S[1]_CO[3])
                                                      0.457     2.322 r  u_soc_top/u_cpu/u_core/bp_unit/pc_reg[0]_i_3/CO[3]
                         net (fo=1, routed)           0.001     2.323    u_soc_top/u_cpu/u_core/bp_unit/pc_reg[0]_i_3_n_0
    SLICE_X51Y50         CARRY4 (Prop_carry4_CI_CO[3])
                                                      0.098     2.421 r  u_soc_top/u_cpu/u_core/bp_unit/pc_reg[7]_i_4/CO[3]
                         net (fo=1, routed)           0.000     2.421    u_soc_top/u_cpu/u_core/bp_unit/pc_reg[7]_i_4_n_0
    SLICE_X51Y51         CARRY4 (Prop_carry4_CI_CO[3])
                                                      0.098     2.519 r  u_soc_top/u_cpu/u_core/bp_unit/pc_reg[11]_i_4/CO[3]
                         net (fo=1, routed)           0.000     2.519    u_soc_top/u_cpu/u_core/bp_unit/pc_reg[11]_i_4_n_0
    SLICE_X51Y52         CARRY4 (Prop_carry4_CI_CO[3])
                                                      0.098     2.617 r  u_soc_top/u_cpu/u_core/bp_unit/pc_reg[15]_i_4/CO[3]
                         net (fo=1, routed)           0.000     2.617    u_soc_top/u_cpu/u_core/bp_unit/pc_reg[15]_i_4_n_0
    SLICE_X51Y53         CARRY4 (Prop_carry4_CI_CO[3])
                                                      0.098     2.715 r  u_soc_top/u_cpu/u_core/bp_unit/pc_reg[19]_i_4/CO[3]
                         net (fo=1, routed)           0.000     2.715    u_soc_top/u_cpu/u_core/bp_unit/pc_reg[19]_i_4_n_0
    SLICE_X51Y54         CARRY4 (Prop_carry4_CI_CO[3])
                                                      0.098     2.813 r  u_soc_top/u_cpu/u_core/bp_unit/pc_reg[23]_i_4/CO[3]
                         net (fo=1, routed)           0.000     2.813    u_soc_top/u_cpu/u_core/bp_unit/pc_reg[23]_i_4_n_0
    SLICE_X51Y55         CARRY4 (Prop_carry4_CI_CO[3])
                                                      0.098     2.911 r  u_soc_top/u_cpu/u_core/bp_unit/pc_reg[27]_i_4/CO[3]
                         net (fo=1, routed)           0.000     2.911    u_soc_top/u_cpu/u_core/bp_unit/pc_reg[27]_i_4_n_0
    SLICE_X51Y56         CARRY4 (Prop_carry4_CI_O[1])
                                                      0.265     3.176 f  u_soc_top/u_cpu/u_core/bp_unit/pc_reg[31]_i_9/O[1]
                         net (fo=3, routed)           0.614     3.790    u_soc_top/u_cpu/u_core/bp_unit/bp_jump_pc[29]
    SLICE_X55Y57         LUT6 (Prop_lut6_I4_O)        0.250     4.040 r  u_soc_top/u_cpu/u_core/bp_unit/data_out[15]_i_36/O
                         net (fo=1, routed)           0.000     4.040    u_soc_top/u_cpu/u_core/hazard_ctrl/data_out[15]_i_6[1]
    SLICE_X55Y57         CARRY4 (Prop_carry4_S[1]_CO[2])
                                                      0.475     4.515 r  u_soc_top/u_cpu/u_core/hazard_ctrl/data_out_reg[15]_i_21/CO[2]
                         net (fo=1, routed)           0.367     4.882    u_soc_top/u_cpu/u_core/reg_id_ex0_ctrl/fq_pc_reg[1][9]_4[0]
    SLICE_X50Y57         LUT6 (Prop_lut6_I5_O)        0.261     5.143 r  u_soc_top/u_cpu/u_core/reg_id_ex0_ctrl/data_out[15]_i_6/O
                         net (fo=142, routed)         0.493     5.636    u_soc_top/u_cpu/u_core/reg_id_ex1_data/if_id_flush
    SLICE_X51Y57         LUT4 (Prop_lut4_I2_O)        0.105     5.741 r  u_soc_top/u_cpu/u_core/reg_id_ex1_data/pc[1]_i_6/O
                         net (fo=2, routed)           0.940     6.681    u_soc_top/u_cpu/u_core/if_stage/pc_reg[1]_0
    SLICE_X43Y58         LUT6 (Prop_lut6_I3_O)        0.105     6.786 r  u_soc_top/u_cpu/u_core/if_stage/pc[1]_i_3/O
                         net (fo=31, routed)          0.640     7.426    u_soc_top/u_cpu/u_core/if_stage/fq_valid_reg[2]
    SLICE_X42Y56         LUT6 (Prop_lut6_I0_O)        0.105     7.531 r  u_soc_top/u_cpu/u_core/if_stage/pc[10]_i_2/O
                         net (fo=1, routed)           0.000     7.531    u_soc_top/u_cpu/u_core/reg_id_ex0_data/pc_reg[10]_rep__4
    SLICE_X42Y56         MUXF7 (Prop_muxf7_I0_O)      0.173     7.704 r  u_soc_top/u_cpu/u_core/reg_id_ex0_data/pc_reg[10]_i_1/O
                         net (fo=7, routed)           0.516     8.220    u_soc_top/u_cpu/u_core/next_pc_reg[10]
    SLICE_X43Y56         FDRE                                         r  u_soc_top/u_cpu/u_core/pc_reg[10]_rep__1/D
  -------------------------------------------------------------------    -------------------

                         (clock cpu_clk rise edge)   10.000    10.000 r  
    K21                                               0.000    10.000 r  clk_50M (IN)
                         net (fo=0)                   0.000    10.000    u_soc_top/pll_clk.u_clk_pll/inst/clk_in1
    K21                  IBUF (Prop_ibuf_I_O)         1.328    11.328 r  u_soc_top/pll_clk.u_clk_pll/inst/clkin1_ibufg/O
                         net (fo=1, routed)           1.019    12.347    u_soc_top/pll_clk.u_clk_pll/inst/clk_in1_clk_pll
    PLLE2_ADV_X0Y3       PLLE2_ADV (Prop_plle2_adv_CLKIN1_CLKOUT0)
                                                     -6.890     5.457 r  u_soc_top/pll_clk.u_clk_pll/inst/plle2_adv_inst/CLKOUT0
                         net (fo=1, routed)           1.484     6.942    u_soc_top/pll_clk.u_clk_pll/inst/cpu_clk_clk_pll
    BUFGCTRL_X0Y16       BUFG (Prop_bufg_I_O)         0.077     7.019 r  u_soc_top/pll_clk.u_clk_pll/inst/clkout1_buf/O
                         net (fo=5309, routed)        1.441     8.460    u_soc_top/u_cpu/u_core/cpu_clk
    SLICE_X43Y56         FDRE                                         r  u_soc_top/u_cpu/u_core/pc_reg[10]_rep__1/C
                         clock pessimism             -0.462     7.998    
                         clock uncertainty           -0.094     7.903    
    SLICE_X43Y56         FDRE (Setup_fdre_C_D)       -0.172     7.731    u_soc_top/u_cpu/u_core/pc_reg[10]_rep__1
  -------------------------------------------------------------------
                         required time                          7.731    
                         arrival time                          -8.220    
  -------------------------------------------------------------------
                         slack                                 -0.489    

Slack (VIOLATED) :        -0.489ns  (required time - arrival time)
  Source:                 u_soc_top/u_cpu/u_core/fq_instr_reg[0][15]/C
                            (rising edge-triggered cell FDRE clocked by cpu_clk  {rise@0.000ns fall@5.000ns period=10.000ns})
  Destination:            u_soc_top/u_cpu/u_core/pc_reg[10]_rep__1/D
                            (rising edge-triggered cell FDRE clocked by cpu_clk  {rise@0.000ns fall@5.000ns period=10.000ns})
  Path Group:             cpu_clk
  Path Type:              Setup (Max at Slow Process Corner)
  Requirement:            10.000ns  (cpu_clk rise@10.000ns - cpu_clk rise@0.000ns)
  Data Path Delay:        10.180ns  (logic 3.847ns (37.791%)  route 6.333ns (62.209%))
  Logic Levels:           21  (CARRY4=9 LUT2=1 LUT4=2 LUT5=1 LUT6=7 MUXF7=1)
  Clock Path Skew:        -0.043ns (DCD - SCD + CPR)
    Destination Clock Delay (DCD):    -1.540ns = ( 8.460 - 10.000 ) 
    Source Clock Delay      (SCD):    -1.959ns
    Clock Pessimism Removal (CPR):    -0.462ns
  Clock Uncertainty:      0.094ns  ((TSJ^2 + DJ^2)^1/2) / 2 + PE
    Total System Jitter     (TSJ):    0.071ns
    Discrete Jitter          (DJ):    0.175ns
    Phase Error              (PE):    0.000ns

    Location             Delay type                Incr(ns)  Path(ns)    Netlist Resource(s)
  -------------------------------------------------------------------    -------------------
                         (clock cpu_clk rise edge)    0.000     0.000 r  
    K21                                               0.000     0.000 r  clk_50M (IN)
                         net (fo=0)                   0.000     0.000    u_soc_top/pll_clk.u_clk_pll/inst/clk_in1
    K21                  IBUF (Prop_ibuf_I_O)         1.394     1.394 r  u_soc_top/pll_clk.u_clk_pll/inst/clkin1_ibufg/O
                         net (fo=1, routed)           1.080     2.474    u_soc_top/pll_clk.u_clk_pll/inst/clk_in1_clk_pll
    PLLE2_ADV_X0Y3       PLLE2_ADV (Prop_plle2_adv_CLKIN1_CLKOUT0)
                                                     -7.629    -5.155 r  u_soc_top/pll_clk.u_clk_pll/inst/plle2_adv_inst/CLKOUT0
                         net (fo=1, routed)           1.557    -3.598    u_soc_top/pll_clk.u_clk_pll/inst/cpu_clk_clk_pll
    BUFGCTRL_X0Y16       BUFG (Prop_bufg_I_O)         0.081    -3.517 r  u_soc_top/pll_clk.u_clk_pll/inst/clkout1_buf/O
                         net (fo=5309, routed)        1.558    -1.959    u_soc_top/u_cpu/u_core/cpu_clk
    SLICE_X56Y51         FDRE                                         r  u_soc_top/u_cpu/u_core/fq_instr_reg[0][15]/C
  -------------------------------------------------------------------    -------------------
    SLICE_X56Y51         FDRE (Prop_fdre_C_Q)         0.433    -1.526 r  u_soc_top/u_cpu/u_core/fq_instr_reg[0][15]/Q
                         net (fo=28, routed)          0.997    -0.529    u_soc_top/u_cpu/u_core/reg_id_ex0_data/data_out_reg[83]_0[15]
    SLICE_X50Y49         LUT6 (Prop_lut6_I1_O)        0.105    -0.424 f  u_soc_top/u_cpu/u_core/reg_id_ex0_data/data_out[3]_i_7/O
                         net (fo=1, routed)           0.237    -0.187    u_soc_top/u_cpu/u_core/reg_id_ex0_data/data_out[3]_i_7_n_0
    SLICE_X51Y47         LUT4 (Prop_lut4_I1_O)        0.105    -0.082 r  u_soc_top/u_cpu/u_core/reg_id_ex0_data/data_out[3]_i_6/O
                         net (fo=2, routed)           0.530     0.448    u_soc_top/u_cpu/u_core/reg_id_ex0_data/data_out[3]_i_6_n_0
    SLICE_X50Y49         LUT5 (Prop_lut5_I0_O)        0.105     0.553 r  u_soc_top/u_cpu/u_core/reg_id_ex0_data/data_out[3]_i_2__1/O
                         net (fo=2, routed)           0.360     0.913    u_soc_top/u_cpu/u_core/reg_id_ex0_data/data_out[3]_i_2__1_n_0
    SLICE_X50Y48         LUT6 (Prop_lut6_I2_O)        0.105     1.018 r  u_soc_top/u_cpu/u_core/reg_id_ex0_data/data_out[84]_i_2/O
                         net (fo=2, routed)           0.371     1.389    u_soc_top/u_cpu/u_core/reg_id_ex0_data/data_out[84]_i_2_n_0
    SLICE_X49Y48         LUT6 (Prop_lut6_I0_O)        0.105     1.494 r  u_soc_top/u_cpu/u_core/reg_id_ex0_data/data_out[84]_i_1/O
                         net (fo=3, routed)           0.266     1.760    u_soc_top/u_cpu/u_core/bp_unit/D[1]
    SLICE_X51Y49         LUT2 (Prop_lut2_I1_O)        0.105     1.865 r  u_soc_top/u_cpu/u_core/bp_unit/pc[0]_i_8/O
                         net (fo=1, routed)           0.000     1.865    u_soc_top/u_cpu/u_core/bp_unit/pc[0]_i_8_n_0
    SLICE_X51Y49         CARRY4 (Prop_carry4_S[1]_CO[3])
                                                      0.457     2.322 r  u_soc_top/u_cpu/u_core/bp_unit/pc_reg[0]_i_3/CO[3]
                         net (fo=1, routed)           0.001     2.323    u_soc_top/u_cpu/u_core/bp_unit/pc_reg[0]_i_3_n_0
    SLICE_X51Y50         CARRY4 (Prop_carry4_CI_CO[3])
                                                      0.098     2.421 r  u_soc_top/u_cpu/u_core/bp_unit/pc_reg[7]_i_4/CO[3]
                         net (fo=1, routed)           0.000     2.421    u_soc_top/u_cpu/u_core/bp_unit/pc_reg[7]_i_4_n_0
    SLICE_X51Y51         CARRY4 (Prop_carry4_CI_CO[3])
                                                      0.098     2.519 r  u_soc_top/u_cpu/u_core/bp_unit/pc_reg[11]_i_4/CO[3]
                         net (fo=1, routed)           0.000     2.519    u_soc_top/u_cpu/u_core/bp_unit/pc_reg[11]_i_4_n_0
    SLICE_X51Y52         CARRY4 (Prop_carry4_CI_CO[3])
                                                      0.098     2.617 r  u_soc_top/u_cpu/u_core/bp_unit/pc_reg[15]_i_4/CO[3]
                         net (fo=1, routed)           0.000     2.617    u_soc_top/u_cpu/u_core/bp_unit/pc_reg[15]_i_4_n_0
    SLICE_X51Y53         CARRY4 (Prop_carry4_CI_CO[3])
                                                      0.098     2.715 r  u_soc_top/u_cpu/u_core/bp_unit/pc_reg[19]_i_4/CO[3]
                         net (fo=1, routed)           0.000     2.715    u_soc_top/u_cpu/u_core/bp_unit/pc_reg[19]_i_4_n_0
    SLICE_X51Y54         CARRY4 (Prop_carry4_CI_CO[3])
                                                      0.098     2.813 r  u_soc_top/u_cpu/u_core/bp_unit/pc_reg[23]_i_4/CO[3]
                         net (fo=1, routed)           0.000     2.813    u_soc_top/u_cpu/u_core/bp_unit/pc_reg[23]_i_4_n_0
    SLICE_X51Y55         CARRY4 (Prop_carry4_CI_CO[3])
                                                      0.098     2.911 r  u_soc_top/u_cpu/u_core/bp_unit/pc_reg[27]_i_4/CO[3]
                         net (fo=1, routed)           0.000     2.911    u_soc_top/u_cpu/u_core/bp_unit/pc_reg[27]_i_4_n_0
    SLICE_X51Y56         CARRY4 (Prop_carry4_CI_O[1])
                                                      0.265     3.176 r  u_soc_top/u_cpu/u_core/bp_unit/pc_reg[31]_i_9/O[1]
                         net (fo=3, routed)           0.614     3.790    u_soc_top/u_cpu/u_core/bp_unit/bp_jump_pc[29]
    SLICE_X55Y57         LUT6 (Prop_lut6_I4_O)        0.250     4.040 f  u_soc_top/u_cpu/u_core/bp_unit/data_out[15]_i_36/O
                         net (fo=1, routed)           0.000     4.040    u_soc_top/u_cpu/u_core/hazard_ctrl/data_out[15]_i_6[1]
    SLICE_X55Y57         CARRY4 (Prop_carry4_S[1]_CO[2])
                                                      0.475     4.515 r  u_soc_top/u_cpu/u_core/hazard_ctrl/data_out_reg[15]_i_21/CO[2]
                         net (fo=1, routed)           0.367     4.882    u_soc_top/u_cpu/u_core/reg_id_ex0_ctrl/fq_pc_reg[1][9]_4[0]
    SLICE_X50Y57         LUT6 (Prop_lut6_I5_O)        0.261     5.143 r  u_soc_top/u_cpu/u_core/reg_id_ex0_ctrl/data_out[15]_i_6/O
                         net (fo=142, routed)         0.493     5.636    u_soc_top/u_cpu/u_core/reg_id_ex1_data/if_id_flush
    SLICE_X51Y57         LUT4 (Prop_lut4_I2_O)        0.105     5.741 r  u_soc_top/u_cpu/u_core/reg_id_ex1_data/pc[1]_i_6/O
                         net (fo=2, routed)           0.940     6.681    u_soc_top/u_cpu/u_core/if_stage/pc_reg[1]_0
    SLICE_X43Y58         LUT6 (Prop_lut6_I3_O)        0.105     6.786 r  u_soc_top/u_cpu/u_core/if_stage/pc[1]_i_3/O
                         net (fo=31, routed)          0.640     7.426    u_soc_top/u_cpu/u_core/if_stage/fq_valid_reg[2]
    SLICE_X42Y56         LUT6 (Prop_lut6_I0_O)        0.105     7.531 r  u_soc_top/u_cpu/u_core/if_stage/pc[10]_i_2/O
                         net (fo=1, routed)           0.000     7.531    u_soc_top/u_cpu/u_core/reg_id_ex0_data/pc_reg[10]_rep__4
    SLICE_X42Y56         MUXF7 (Prop_muxf7_I0_O)      0.173     7.704 r  u_soc_top/u_cpu/u_core/reg_id_ex0_data/pc_reg[10]_i_1/O
                         net (fo=7, routed)           0.516     8.220    u_soc_top/u_cpu/u_core/next_pc_reg[10]
    SLICE_X43Y56         FDRE                                         r  u_soc_top/u_cpu/u_core/pc_reg[10]_rep__1/D
  -------------------------------------------------------------------    -------------------

                         (clock cpu_clk rise edge)   10.000    10.000 r  
    K21                                               0.000    10.000 r  clk_50M (IN)
                         net (fo=0)                   0.000    10.000    u_soc_top/pll_clk.u_clk_pll/inst/clk_in1
    K21                  IBUF (Prop_ibuf_I_O)         1.328    11.328 r  u_soc_top/pll_clk.u_clk_pll/inst/clkin1_ibufg/O
                         net (fo=1, routed)           1.019    12.347    u_soc_top/pll_clk.u_clk_pll/inst/clk_in1_clk_pll
    PLLE2_ADV_X0Y3       PLLE2_ADV (Prop_plle2_adv_CLKIN1_CLKOUT0)
                                                     -6.890     5.457 r  u_soc_top/pll_clk.u_clk_pll/inst/plle2_adv_inst/CLKOUT0
                         net (fo=1, routed)           1.484     6.942    u_soc_top/pll_clk.u_clk_pll/inst/cpu_clk_clk_pll
    BUFGCTRL_X0Y16       BUFG (Prop_bufg_I_O)         0.077     7.019 r  u_soc_top/pll_clk.u_clk_pll/inst/clkout1_buf/O
                         net (fo=5309, routed)        1.441     8.460    u_soc_top/u_cpu/u_core/cpu_clk
    SLICE_X43Y56         FDRE                                         r  u_soc_top/u_cpu/u_core/pc_reg[10]_rep__1/C
                         clock pessimism             -0.462     7.998    
                         clock uncertainty           -0.094     7.903    
    SLICE_X43Y56         FDRE (Setup_fdre_C_D)       -0.172     7.731    u_soc_top/u_cpu/u_core/pc_reg[10]_rep__1
  -------------------------------------------------------------------
                         required time                          7.731    
                         arrival time                          -8.220    
  -------------------------------------------------------------------
                         slack                                 -0.489    

Slack (VIOLATED) :        -0.489ns  (required time - arrival time)
  Source:                 u_soc_top/u_cpu/u_core/fq_instr_reg[0][15]/C
                            (rising edge-triggered cell FDRE clocked by cpu_clk  {rise@0.000ns fall@5.000ns period=10.000ns})
  Destination:            u_soc_top/u_cpu/u_core/pc_reg[10]_rep__1/D
                            (rising edge-triggered cell FDRE clocked by cpu_clk  {rise@0.000ns fall@5.000ns period=10.000ns})
  Path Group:             cpu_clk
  Path Type:              Setup (Max at Slow Process Corner)
  Requirement:            10.000ns  (cpu_clk rise@10.000ns - cpu_clk rise@0.000ns)
  Data Path Delay:        10.180ns  (logic 3.847ns (37.791%)  route 6.333ns (62.209%))
  Logic Levels:           21  (CARRY4=9 LUT2=1 LUT4=2 LUT5=1 LUT6=7 MUXF7=1)
  Clock Path Skew:        -0.043ns (DCD - SCD + CPR)
    Destination Clock Delay (DCD):    -1.540ns = ( 8.460 - 10.000 ) 
    Source Clock Delay      (SCD):    -1.959ns
    Clock Pessimism Removal (CPR):    -0.462ns
  Clock Uncertainty:      0.094ns  ((TSJ^2 + DJ^2)^1/2) / 2 + PE
    Total System Jitter     (TSJ):    0.071ns
    Discrete Jitter          (DJ):    0.175ns
    Phase Error              (PE):    0.000ns

    Location             Delay type                Incr(ns)  Path(ns)    Netlist Resource(s)
  -------------------------------------------------------------------    -------------------
                         (clock cpu_clk rise edge)    0.000     0.000 r  
    K21                                               0.000     0.000 r  clk_50M (IN)
                         net (fo=0)                   0.000     0.000    u_soc_top/pll_clk.u_clk_pll/inst/clk_in1
    K21                  IBUF (Prop_ibuf_I_O)         1.394     1.394 r  u_soc_top/pll_clk.u_clk_pll/inst/clkin1_ibufg/O
                         net (fo=1, routed)           1.080     2.474    u_soc_top/pll_clk.u_clk_pll/inst/clk_in1_clk_pll
    PLLE2_ADV_X0Y3       PLLE2_ADV (Prop_plle2_adv_CLKIN1_CLKOUT0)
                                                     -7.629    -5.155 r  u_soc_top/pll_clk.u_clk_pll/inst/plle2_adv_inst/CLKOUT0
                         net (fo=1, routed)           1.557    -3.598    u_soc_top/pll_clk.u_clk_pll/inst/cpu_clk_clk_pll
    BUFGCTRL_X0Y16       BUFG (Prop_bufg_I_O)         0.081    -3.517 r  u_soc_top/pll_clk.u_clk_pll/inst/clkout1_buf/O
                         net (fo=5309, routed)        1.558    -1.959    u_soc_top/u_cpu/u_core/cpu_clk
    SLICE_X56Y51         FDRE                                         r  u_soc_top/u_cpu/u_core/fq_instr_reg[0][15]/C
  -------------------------------------------------------------------    -------------------
    SLICE_X56Y51         FDRE (Prop_fdre_C_Q)         0.433    -1.526 r  u_soc_top/u_cpu/u_core/fq_instr_reg[0][15]/Q
                         net (fo=28, routed)          0.997    -0.529    u_soc_top/u_cpu/u_core/reg_id_ex0_data/data_out_reg[83]_0[15]
    SLICE_X50Y49         LUT6 (Prop_lut6_I1_O)        0.105    -0.424 f  u_soc_top/u_cpu/u_core/reg_id_ex0_data/data_out[3]_i_7/O
                         net (fo=1, routed)           0.237    -0.187    u_soc_top/u_cpu/u_core/reg_id_ex0_data/data_out[3]_i_7_n_0
    SLICE_X51Y47         LUT4 (Prop_lut4_I1_O)        0.105    -0.082 r  u_soc_top/u_cpu/u_core/reg_id_ex0_data/data_out[3]_i_6/O
                         net (fo=2, routed)           0.530     0.448    u_soc_top/u_cpu/u_core/reg_id_ex0_data/data_out[3]_i_6_n_0
    SLICE_X50Y49         LUT5 (Prop_lut5_I0_O)        0.105     0.553 r  u_soc_top/u_cpu/u_core/reg_id_ex0_data/data_out[3]_i_2__1/O
                         net (fo=2, routed)           0.360     0.913    u_soc_top/u_cpu/u_core/reg_id_ex0_data/data_out[3]_i_2__1_n_0
    SLICE_X50Y48         LUT6 (Prop_lut6_I2_O)        0.105     1.018 r  u_soc_top/u_cpu/u_core/reg_id_ex0_data/data_out[84]_i_2/O
                         net (fo=2, routed)           0.371     1.389    u_soc_top/u_cpu/u_core/reg_id_ex0_data/data_out[84]_i_2_n_0
    SLICE_X49Y48         LUT6 (Prop_lut6_I0_O)        0.105     1.494 r  u_soc_top/u_cpu/u_core/reg_id_ex0_data/data_out[84]_i_1/O
                         net (fo=3, routed)           0.266     1.760    u_soc_top/u_cpu/u_core/bp_unit/D[1]
    SLICE_X51Y49         LUT2 (Prop_lut2_I1_O)        0.105     1.865 r  u_soc_top/u_cpu/u_core/bp_unit/pc[0]_i_8/O
                         net (fo=1, routed)           0.000     1.865    u_soc_top/u_cpu/u_core/bp_unit/pc[0]_i_8_n_0
    SLICE_X51Y49         CARRY4 (Prop_carry4_S[1]_CO[3])
                                                      0.457     2.322 r  u_soc_top/u_cpu/u_core/bp_unit/pc_reg[0]_i_3/CO[3]
                         net (fo=1, routed)           0.001     2.323    u_soc_top/u_cpu/u_core/bp_unit/pc_reg[0]_i_3_n_0
    SLICE_X51Y50         CARRY4 (Prop_carry4_CI_CO[3])
                                                      0.098     2.421 r  u_soc_top/u_cpu/u_core/bp_unit/pc_reg[7]_i_4/CO[3]
                         net (fo=1, routed)           0.000     2.421    u_soc_top/u_cpu/u_core/bp_unit/pc_reg[7]_i_4_n_0
    SLICE_X51Y51         CARRY4 (Prop_carry4_CI_CO[3])
                                                      0.098     2.519 r  u_soc_top/u_cpu/u_core/bp_unit/pc_reg[11]_i_4/CO[3]
                         net (fo=1, routed)           0.000     2.519    u_soc_top/u_cpu/u_core/bp_unit/pc_reg[11]_i_4_n_0
    SLICE_X51Y52         CARRY4 (Prop_carry4_CI_CO[3])
                                                      0.098     2.617 r  u_soc_top/u_cpu/u_core/bp_unit/pc_reg[15]_i_4/CO[3]
                         net (fo=1, routed)           0.000     2.617    u_soc_top/u_cpu/u_core/bp_unit/pc_reg[15]_i_4_n_0
    SLICE_X51Y53         CARRY4 (Prop_carry4_CI_CO[3])
                                                      0.098     2.715 r  u_soc_top/u_cpu/u_core/bp_unit/pc_reg[19]_i_4/CO[3]
                         net (fo=1, routed)           0.000     2.715    u_soc_top/u_cpu/u_core/bp_unit/pc_reg[19]_i_4_n_0
    SLICE_X51Y54         CARRY4 (Prop_carry4_CI_CO[3])
                                                      0.098     2.813 r  u_soc_top/u_cpu/u_core/bp_unit/pc_reg[23]_i_4/CO[3]
                         net (fo=1, routed)           0.000     2.813    u_soc_top/u_cpu/u_core/bp_unit/pc_reg[23]_i_4_n_0
    SLICE_X51Y55         CARRY4 (Prop_carry4_CI_CO[3])
                                                      0.098     2.911 r  u_soc_top/u_cpu/u_core/bp_unit/pc_reg[27]_i_4/CO[3]
                         net (fo=1, routed)           0.000     2.911    u_soc_top/u_cpu/u_core/bp_unit/pc_reg[27]_i_4_n_0
    SLICE_X51Y56         CARRY4 (Prop_carry4_CI_O[1])
                                                      0.265     3.176 f  u_soc_top/u_cpu/u_core/bp_unit/pc_reg[31]_i_9/O[1]
                         net (fo=3, routed)           0.614     3.790    u_soc_top/u_cpu/u_core/bp_unit/bp_jump_pc[29]
    SLICE_X55Y57         LUT6 (Prop_lut6_I4_O)        0.250     4.040 f  u_soc_top/u_cpu/u_core/bp_unit/data_out[15]_i_36/O
                         net (fo=1, routed)           0.000     4.040    u_soc_top/u_cpu/u_core/hazard_ctrl/data_out[15]_i_6[1]
    SLICE_X55Y57         CARRY4 (Prop_carry4_S[1]_CO[2])
                                                      0.475     4.515 r  u_soc_top/u_cpu/u_core/hazard_ctrl/data_out_reg[15]_i_21/CO[2]
                         net (fo=1, routed)           0.367     4.882    u_soc_top/u_cpu/u_core/reg_id_ex0_ctrl/fq_pc_reg[1][9]_4[0]
    SLICE_X50Y57         LUT6 (Prop_lut6_I5_O)        0.261     5.143 r  u_soc_top/u_cpu/u_core/reg_id_ex0_ctrl/data_out[15]_i_6/O
                         net (fo=142, routed)         0.493     5.636    u_soc_top/u_cpu/u_core/reg_id_ex1_data/if_id_flush
    SLICE_X51Y57         LUT4 (Prop_lut4_I2_O)        0.105     5.741 r  u_soc_top/u_cpu/u_core/reg_id_ex1_data/pc[1]_i_6/O
                         net (fo=2, routed)           0.940     6.681    u_soc_top/u_cpu/u_core/if_stage/pc_reg[1]_0
    SLICE_X43Y58         LUT6 (Prop_lut6_I3_O)        0.105     6.786 r  u_soc_top/u_cpu/u_core/if_stage/pc[1]_i_3/O
                         net (fo=31, routed)          0.640     7.426    u_soc_top/u_cpu/u_core/if_stage/fq_valid_reg[2]
    SLICE_X42Y56         LUT6 (Prop_lut6_I0_O)        0.105     7.531 r  u_soc_top/u_cpu/u_core/if_stage/pc[10]_i_2/O
                         net (fo=1, routed)           0.000     7.531    u_soc_top/u_cpu/u_core/reg_id_ex0_data/pc_reg[10]_rep__4
    SLICE_X42Y56         MUXF7 (Prop_muxf7_I0_O)      0.173     7.704 r  u_soc_top/u_cpu/u_core/reg_id_ex0_data/pc_reg[10]_i_1/O
                         net (fo=7, routed)           0.516     8.220    u_soc_top/u_cpu/u_core/next_pc_reg[10]
    SLICE_X43Y56         FDRE                                         r  u_soc_top/u_cpu/u_core/pc_reg[10]_rep__1/D
  -------------------------------------------------------------------    -------------------

                         (clock cpu_clk rise edge)   10.000    10.000 r  
    K21                                               0.000    10.000 r  clk_50M (IN)
                         net (fo=0)                   0.000    10.000    u_soc_top/pll_clk.u_clk_pll/inst/clk_in1
    K21                  IBUF (Prop_ibuf_I_O)         1.328    11.328 r  u_soc_top/pll_clk.u_clk_pll/inst/clkin1_ibufg/O
                         net (fo=1, routed)           1.019    12.347    u_soc_top/pll_clk.u_clk_pll/inst/clk_in1_clk_pll
    PLLE2_ADV_X0Y3       PLLE2_ADV (Prop_plle2_adv_CLKIN1_CLKOUT0)
                                                     -6.890     5.457 r  u_soc_top/pll_clk.u_clk_pll/inst/plle2_adv_inst/CLKOUT0
                         net (fo=1, routed)           1.484     6.942    u_soc_top/pll_clk.u_clk_pll/inst/cpu_clk_clk_pll
    BUFGCTRL_X0Y16       BUFG (Prop_bufg_I_O)         0.077     7.019 r  u_soc_top/pll_clk.u_clk_pll/inst/clkout1_buf/O
                         net (fo=5309, routed)        1.441     8.460    u_soc_top/u_cpu/u_core/cpu_clk
    SLICE_X43Y56         FDRE                                         r  u_soc_top/u_cpu/u_core/pc_reg[10]_rep__1/C
                         clock pessimism             -0.462     7.998    
                         clock uncertainty           -0.094     7.903    
    SLICE_X43Y56         FDRE (Setup_fdre_C_D)       -0.172     7.731    u_soc_top/u_cpu/u_core/pc_reg[10]_rep__1
  -------------------------------------------------------------------
                         required time                          7.731    
                         arrival time                          -8.220    
  -------------------------------------------------------------------
                         slack                                 -0.489    

Slack (VIOLATED) :        -0.489ns  (required time - arrival time)
  Source:                 u_soc_top/u_cpu/u_core/fq_instr_reg[0][15]/C
                            (rising edge-triggered cell FDRE clocked by cpu_clk  {rise@0.000ns fall@5.000ns period=10.000ns})
  Destination:            u_soc_top/u_cpu/u_core/pc_reg[10]_rep__1/D
                            (rising edge-triggered cell FDRE clocked by cpu_clk  {rise@0.000ns fall@5.000ns period=10.000ns})
  Path Group:             cpu_clk
  Path Type:              Setup (Max at Slow Process Corner)
  Requirement:            10.000ns  (cpu_clk rise@10.000ns - cpu_clk rise@0.000ns)
  Data Path Delay:        10.180ns  (logic 3.847ns (37.791%)  route 6.333ns (62.209%))
  Logic Levels:           21  (CARRY4=9 LUT2=1 LUT4=2 LUT5=1 LUT6=7 MUXF7=1)
  Clock Path Skew:        -0.043ns (DCD - SCD + CPR)
    Destination Clock Delay (DCD):    -1.540ns = ( 8.460 - 10.000 ) 
    Source Clock Delay      (SCD):    -1.959ns
    Clock Pessimism Removal (CPR):    -0.462ns
  Clock Uncertainty:      0.094ns  ((TSJ^2 + DJ^2)^1/2) / 2 + PE
    Total System Jitter     (TSJ):    0.071ns
    Discrete Jitter          (DJ):    0.175ns
    Phase Error              (PE):    0.000ns

    Location             Delay type                Incr(ns)  Path(ns)    Netlist Resource(s)
  -------------------------------------------------------------------    -------------------
                         (clock cpu_clk rise edge)    0.000     0.000 r  
    K21                                               0.000     0.000 r  clk_50M (IN)
                         net (fo=0)                   0.000     0.000    u_soc_top/pll_clk.u_clk_pll/inst/clk_in1
    K21                  IBUF (Prop_ibuf_I_O)         1.394     1.394 r  u_soc_top/pll_clk.u_clk_pll/inst/clkin1_ibufg/O
                         net (fo=1, routed)           1.080     2.474    u_soc_top/pll_clk.u_clk_pll/inst/clk_in1_clk_pll
    PLLE2_ADV_X0Y3       PLLE2_ADV (Prop_plle2_adv_CLKIN1_CLKOUT0)
                                                     -7.629    -5.155 r  u_soc_top/pll_clk.u_clk_pll/inst/plle2_adv_inst/CLKOUT0
                         net (fo=1, routed)           1.557    -3.598    u_soc_top/pll_clk.u_clk_pll/inst/cpu_clk_clk_pll
    BUFGCTRL_X0Y16       BUFG (Prop_bufg_I_O)         0.081    -3.517 r  u_soc_top/pll_clk.u_clk_pll/inst/clkout1_buf/O
                         net (fo=5309, routed)        1.558    -1.959    u_soc_top/u_cpu/u_core/cpu_clk
    SLICE_X56Y51         FDRE                                         r  u_soc_top/u_cpu/u_core/fq_instr_reg[0][15]/C
  -------------------------------------------------------------------    -------------------
    SLICE_X56Y51         FDRE (Prop_fdre_C_Q)         0.433    -1.526 r  u_soc_top/u_cpu/u_core/fq_instr_reg[0][15]/Q
                         net (fo=28, routed)          0.997    -0.529    u_soc_top/u_cpu/u_core/reg_id_ex0_data/data_out_reg[83]_0[15]
    SLICE_X50Y49         LUT6 (Prop_lut6_I1_O)        0.105    -0.424 f  u_soc_top/u_cpu/u_core/reg_id_ex0_data/data_out[3]_i_7/O
                         net (fo=1, routed)           0.237    -0.187    u_soc_top/u_cpu/u_core/reg_id_ex0_data/data_out[3]_i_7_n_0
    SLICE_X51Y47         LUT4 (Prop_lut4_I1_O)        0.105    -0.082 r  u_soc_top/u_cpu/u_core/reg_id_ex0_data/data_out[3]_i_6/O
                         net (fo=2, routed)           0.530     0.448    u_soc_top/u_cpu/u_core/reg_id_ex0_data/data_out[3]_i_6_n_0
    SLICE_X50Y49         LUT5 (Prop_lut5_I0_O)        0.105     0.553 r  u_soc_top/u_cpu/u_core/reg_id_ex0_data/data_out[3]_i_2__1/O
                         net (fo=2, routed)           0.360     0.913    u_soc_top/u_cpu/u_core/reg_id_ex0_data/data_out[3]_i_2__1_n_0
    SLICE_X50Y48         LUT6 (Prop_lut6_I2_O)        0.105     1.018 r  u_soc_top/u_cpu/u_core/reg_id_ex0_data/data_out[84]_i_2/O
                         net (fo=2, routed)           0.371     1.389    u_soc_top/u_cpu/u_core/reg_id_ex0_data/data_out[84]_i_2_n_0
    SLICE_X49Y48         LUT6 (Prop_lut6_I0_O)        0.105     1.494 r  u_soc_top/u_cpu/u_core/reg_id_ex0_data/data_out[84]_i_1/O
                         net (fo=3, routed)           0.266     1.760    u_soc_top/u_cpu/u_core/bp_unit/D[1]
    SLICE_X51Y49         LUT2 (Prop_lut2_I1_O)        0.105     1.865 r  u_soc_top/u_cpu/u_core/bp_unit/pc[0]_i_8/O
                         net (fo=1, routed)           0.000     1.865    u_soc_top/u_cpu/u_core/bp_unit/pc[0]_i_8_n_0
    SLICE_X51Y49         CARRY4 (Prop_carry4_S[1]_CO[3])
                                                      0.457     2.322 r  u_soc_top/u_cpu/u_core/bp_unit/pc_reg[0]_i_3/CO[3]
                         net (fo=1, routed)           0.001     2.323    u_soc_top/u_cpu/u_core/bp_unit/pc_reg[0]_i_3_n_0
    SLICE_X51Y50         CARRY4 (Prop_carry4_CI_CO[3])
                                                      0.098     2.421 r  u_soc_top/u_cpu/u_core/bp_unit/pc_reg[7]_i_4/CO[3]
                         net (fo=1, routed)           0.000     2.421    u_soc_top/u_cpu/u_core/bp_unit/pc_reg[7]_i_4_n_0
    SLICE_X51Y51         CARRY4 (Prop_carry4_CI_CO[3])
                                                      0.098     2.519 r  u_soc_top/u_cpu/u_core/bp_unit/pc_reg[11]_i_4/CO[3]
                         net (fo=1, routed)           0.000     2.519    u_soc_top/u_cpu/u_core/bp_unit/pc_reg[11]_i_4_n_0
    SLICE_X51Y52         CARRY4 (Prop_carry4_CI_CO[3])
                                                      0.098     2.617 r  u_soc_top/u_cpu/u_core/bp_unit/pc_reg[15]_i_4/CO[3]
                         net (fo=1, routed)           0.000     2.617    u_soc_top/u_cpu/u_core/bp_unit/pc_reg[15]_i_4_n_0
    SLICE_X51Y53         CARRY4 (Prop_carry4_CI_CO[3])
                                                      0.098     2.715 r  u_soc_top/u_cpu/u_core/bp_unit/pc_reg[19]_i_4/CO[3]
                         net (fo=1, routed)           0.000     2.715    u_soc_top/u_cpu/u_core/bp_unit/pc_reg[19]_i_4_n_0
    SLICE_X51Y54         CARRY4 (Prop_carry4_CI_CO[3])
                                                      0.098     2.813 r  u_soc_top/u_cpu/u_core/bp_unit/pc_reg[23]_i_4/CO[3]
                         net (fo=1, routed)           0.000     2.813    u_soc_top/u_cpu/u_core/bp_unit/pc_reg[23]_i_4_n_0
    SLICE_X51Y55         CARRY4 (Prop_carry4_CI_CO[3])
                                                      0.098     2.911 r  u_soc_top/u_cpu/u_core/bp_unit/pc_reg[27]_i_4/CO[3]
                         net (fo=1, routed)           0.000     2.911    u_soc_top/u_cpu/u_core/bp_unit/pc_reg[27]_i_4_n_0
    SLICE_X51Y56         CARRY4 (Prop_carry4_CI_O[1])
                                                      0.265     3.176 r  u_soc_top/u_cpu/u_core/bp_unit/pc_reg[31]_i_9/O[1]
                         net (fo=3, routed)           0.614     3.790    u_soc_top/u_cpu/u_core/bp_unit/bp_jump_pc[29]
    SLICE_X55Y57         LUT6 (Prop_lut6_I4_O)        0.250     4.040 r  u_soc_top/u_cpu/u_core/bp_unit/data_out[15]_i_36/O
                         net (fo=1, routed)           0.000     4.040    u_soc_top/u_cpu/u_core/hazard_ctrl/data_out[15]_i_6[1]
    SLICE_X55Y57         CARRY4 (Prop_carry4_S[1]_CO[2])
                                                      0.475     4.515 f  u_soc_top/u_cpu/u_core/hazard_ctrl/data_out_reg[15]_i_21/CO[2]
                         net (fo=1, routed)           0.367     4.882    u_soc_top/u_cpu/u_core/reg_id_ex0_ctrl/fq_pc_reg[1][9]_4[0]
    SLICE_X50Y57         LUT6 (Prop_lut6_I5_O)        0.261     5.143 f  u_soc_top/u_cpu/u_core/reg_id_ex0_ctrl/data_out[15]_i_6/O
                         net (fo=142, routed)         0.493     5.636    u_soc_top/u_cpu/u_core/reg_id_ex1_data/if_id_flush
    SLICE_X51Y57         LUT4 (Prop_lut4_I2_O)        0.105     5.741 f  u_soc_top/u_cpu/u_core/reg_id_ex1_data/pc[1]_i_6/O
                         net (fo=2, routed)           0.940     6.681    u_soc_top/u_cpu/u_core/if_stage/pc_reg[1]_0
    SLICE_X43Y58         LUT6 (Prop_lut6_I3_O)        0.105     6.786 r  u_soc_top/u_cpu/u_core/if_stage/pc[1]_i_3/O
                         net (fo=31, routed)          0.640     7.426    u_soc_top/u_cpu/u_core/if_stage/fq_valid_reg[2]
    SLICE_X42Y56         LUT6 (Prop_lut6_I0_O)        0.105     7.531 r  u_soc_top/u_cpu/u_core/if_stage/pc[10]_i_2/O
                         net (fo=1, routed)           0.000     7.531    u_soc_top/u_cpu/u_core/reg_id_ex0_data/pc_reg[10]_rep__4
    SLICE_X42Y56         MUXF7 (Prop_muxf7_I0_O)      0.173     7.704 r  u_soc_top/u_cpu/u_core/reg_id_ex0_data/pc_reg[10]_i_1/O
                         net (fo=7, routed)           0.516     8.220    u_soc_top/u_cpu/u_core/next_pc_reg[10]
    SLICE_X43Y56         FDRE                                         r  u_soc_top/u_cpu/u_core/pc_reg[10]_rep__1/D
  -------------------------------------------------------------------    -------------------

                         (clock cpu_clk rise edge)   10.000    10.000 r  
    K21                                               0.000    10.000 r  clk_50M (IN)
                         net (fo=0)                   0.000    10.000    u_soc_top/pll_clk.u_clk_pll/inst/clk_in1
    K21                  IBUF (Prop_ibuf_I_O)         1.328    11.328 r  u_soc_top/pll_clk.u_clk_pll/inst/clkin1_ibufg/O
                         net (fo=1, routed)           1.019    12.347    u_soc_top/pll_clk.u_clk_pll/inst/clk_in1_clk_pll
    PLLE2_ADV_X0Y3       PLLE2_ADV (Prop_plle2_adv_CLKIN1_CLKOUT0)
                                                     -6.890     5.457 r  u_soc_top/pll_clk.u_clk_pll/inst/plle2_adv_inst/CLKOUT0
                         net (fo=1, routed)           1.484     6.942    u_soc_top/pll_clk.u_clk_pll/inst/cpu_clk_clk_pll
    BUFGCTRL_X0Y16       BUFG (Prop_bufg_I_O)         0.077     7.019 r  u_soc_top/pll_clk.u_clk_pll/inst/clkout1_buf/O
                         net (fo=5309, routed)        1.441     8.460    u_soc_top/u_cpu/u_core/cpu_clk
    SLICE_X43Y56         FDRE                                         r  u_soc_top/u_cpu/u_core/pc_reg[10]_rep__1/C
                         clock pessimism             -0.462     7.998    
                         clock uncertainty           -0.094     7.903    
    SLICE_X43Y56         FDRE (Setup_fdre_C_D)       -0.172     7.731    u_soc_top/u_cpu/u_core/pc_reg[10]_rep__1
  -------------------------------------------------------------------
                         required time                          7.731    
                         arrival time                          -8.220    
  -------------------------------------------------------------------
                         slack                                 -0.489    

Slack (VIOLATED) :        -0.489ns  (required time - arrival time)
  Source:                 u_soc_top/u_cpu/u_core/fq_instr_reg[0][15]/C
                            (rising edge-triggered cell FDRE clocked by cpu_clk  {rise@0.000ns fall@5.000ns period=10.000ns})
  Destination:            u_soc_top/u_cpu/u_core/pc_reg[10]_rep__1/D
                            (rising edge-triggered cell FDRE clocked by cpu_clk  {rise@0.000ns fall@5.000ns period=10.000ns})
  Path Group:             cpu_clk
  Path Type:              Setup (Max at Slow Process Corner)
  Requirement:            10.000ns  (cpu_clk rise@10.000ns - cpu_clk rise@0.000ns)
  Data Path Delay:        10.180ns  (logic 3.847ns (37.791%)  route 6.333ns (62.209%))
  Logic Levels:           21  (CARRY4=9 LUT2=1 LUT4=2 LUT5=1 LUT6=7 MUXF7=1)
  Clock Path Skew:        -0.043ns (DCD - SCD + CPR)
    Destination Clock Delay (DCD):    -1.540ns = ( 8.460 - 10.000 ) 
    Source Clock Delay      (SCD):    -1.959ns
    Clock Pessimism Removal (CPR):    -0.462ns
  Clock Uncertainty:      0.094ns  ((TSJ^2 + DJ^2)^1/2) / 2 + PE
    Total System Jitter     (TSJ):    0.071ns
    Discrete Jitter          (DJ):    0.175ns
    Phase Error              (PE):    0.000ns

    Location             Delay type                Incr(ns)  Path(ns)    Netlist Resource(s)
  -------------------------------------------------------------------    -------------------
                         (clock cpu_clk rise edge)    0.000     0.000 r  
    K21                                               0.000     0.000 r  clk_50M (IN)
                         net (fo=0)                   0.000     0.000    u_soc_top/pll_clk.u_clk_pll/inst/clk_in1
    K21                  IBUF (Prop_ibuf_I_O)         1.394     1.394 r  u_soc_top/pll_clk.u_clk_pll/inst/clkin1_ibufg/O
                         net (fo=1, routed)           1.080     2.474    u_soc_top/pll_clk.u_clk_pll/inst/clk_in1_clk_pll
    PLLE2_ADV_X0Y3       PLLE2_ADV (Prop_plle2_adv_CLKIN1_CLKOUT0)
                                                     -7.629    -5.155 r  u_soc_top/pll_clk.u_clk_pll/inst/plle2_adv_inst/CLKOUT0
                         net (fo=1, routed)           1.557    -3.598    u_soc_top/pll_clk.u_clk_pll/inst/cpu_clk_clk_pll
    BUFGCTRL_X0Y16       BUFG (Prop_bufg_I_O)         0.081    -3.517 r  u_soc_top/pll_clk.u_clk_pll/inst/clkout1_buf/O
                         net (fo=5309, routed)        1.558    -1.959    u_soc_top/u_cpu/u_core/cpu_clk
    SLICE_X56Y51         FDRE                                         r  u_soc_top/u_cpu/u_core/fq_instr_reg[0][15]/C
  -------------------------------------------------------------------    -------------------
    SLICE_X56Y51         FDRE (Prop_fdre_C_Q)         0.433    -1.526 f  u_soc_top/u_cpu/u_core/fq_instr_reg[0][15]/Q
                         net (fo=28, routed)          0.997    -0.529    u_soc_top/u_cpu/u_core/reg_id_ex0_data/data_out_reg[83]_0[15]
    SLICE_X50Y49         LUT6 (Prop_lut6_I1_O)        0.105    -0.424 r  u_soc_top/u_cpu/u_core/reg_id_ex0_data/data_out[3]_i_7/O
                         net (fo=1, routed)           0.237    -0.187    u_soc_top/u_cpu/u_core/reg_id_ex0_data/data_out[3]_i_7_n_0
    SLICE_X51Y47         LUT4 (Prop_lut4_I1_O)        0.105    -0.082 f  u_soc_top/u_cpu/u_core/reg_id_ex0_data/data_out[3]_i_6/O
                         net (fo=2, routed)           0.530     0.448    u_soc_top/u_cpu/u_core/reg_id_ex0_data/data_out[3]_i_6_n_0
    SLICE_X50Y49         LUT5 (Prop_lut5_I0_O)        0.105     0.553 f  u_soc_top/u_cpu/u_core/reg_id_ex0_data/data_out[3]_i_2__1/O
                         net (fo=2, routed)           0.360     0.913    u_soc_top/u_cpu/u_core/reg_id_ex0_data/data_out[3]_i_2__1_n_0
    SLICE_X50Y48         LUT6 (Prop_lut6_I2_O)        0.105     1.018 f  u_soc_top/u_cpu/u_core/reg_id_ex0_data/data_out[84]_i_2/O
                         net (fo=2, routed)           0.371     1.389    u_soc_top/u_cpu/u_core/reg_id_ex0_data/data_out[84]_i_2_n_0
    SLICE_X49Y48         LUT6 (Prop_lut6_I0_O)        0.105     1.494 f  u_soc_top/u_cpu/u_core/reg_id_ex0_data/data_out[84]_i_1/O
                         net (fo=3, routed)           0.266     1.760    u_soc_top/u_cpu/u_core/bp_unit/D[1]
    SLICE_X51Y49         LUT2 (Prop_lut2_I1_O)        0.105     1.865 r  u_soc_top/u_cpu/u_core/bp_unit/pc[0]_i_8/O
                         net (fo=1, routed)           0.000     1.865    u_soc_top/u_cpu/u_core/bp_unit/pc[0]_i_8_n_0
    SLICE_X51Y49         CARRY4 (Prop_carry4_S[1]_CO[3])
                                                      0.457     2.322 r  u_soc_top/u_cpu/u_core/bp_unit/pc_reg[0]_i_3/CO[3]
                         net (fo=1, routed)           0.001     2.323    u_soc_top/u_cpu/u_core/bp_unit/pc_reg[0]_i_3_n_0
    SLICE_X51Y50         CARRY4 (Prop_carry4_CI_CO[3])
                                                      0.098     2.421 r  u_soc_top/u_cpu/u_core/bp_unit/pc_reg[7]_i_4/CO[3]
                         net (fo=1, routed)           0.000     2.421    u_soc_top/u_cpu/u_core/bp_unit/pc_reg[7]_i_4_n_0
    SLICE_X51Y51         CARRY4 (Prop_carry4_CI_CO[3])
                                                      0.098     2.519 r  u_soc_top/u_cpu/u_core/bp_unit/pc_reg[11]_i_4/CO[3]
                         net (fo=1, routed)           0.000     2.519    u_soc_top/u_cpu/u_core/bp_unit/pc_reg[11]_i_4_n_0
    SLICE_X51Y52         CARRY4 (Prop_carry4_CI_CO[3])
                                                      0.098     2.617 r  u_soc_top/u_cpu/u_core/bp_unit/pc_reg[15]_i_4/CO[3]
                         net (fo=1, routed)           0.000     2.617    u_soc_top/u_cpu/u_core/bp_unit/pc_reg[15]_i_4_n_0
    SLICE_X51Y53         CARRY4 (Prop_carry4_CI_CO[3])
                                                      0.098     2.715 r  u_soc_top/u_cpu/u_core/bp_unit/pc_reg[19]_i_4/CO[3]
                         net (fo=1, routed)           0.000     2.715    u_soc_top/u_cpu/u_core/bp_unit/pc_reg[19]_i_4_n_0
    SLICE_X51Y54         CARRY4 (Prop_carry4_CI_CO[3])
                                                      0.098     2.813 r  u_soc_top/u_cpu/u_core/bp_unit/pc_reg[23]_i_4/CO[3]
                         net (fo=1, routed)           0.000     2.813    u_soc_top/u_cpu/u_core/bp_unit/pc_reg[23]_i_4_n_0
    SLICE_X51Y55         CARRY4 (Prop_carry4_CI_CO[3])
                                                      0.098     2.911 r  u_soc_top/u_cpu/u_core/bp_unit/pc_reg[27]_i_4/CO[3]
                         net (fo=1, routed)           0.000     2.911    u_soc_top/u_cpu/u_core/bp_unit/pc_reg[27]_i_4_n_0
    SLICE_X51Y56         CARRY4 (Prop_carry4_CI_O[1])
                                                      0.265     3.176 r  u_soc_top/u_cpu/u_core/bp_unit/pc_reg[31]_i_9/O[1]
                         net (fo=3, routed)           0.614     3.790    u_soc_top/u_cpu/u_core/bp_unit/bp_jump_pc[29]
    SLICE_X55Y57         LUT6 (Prop_lut6_I4_O)        0.250     4.040 r  u_soc_top/u_cpu/u_core/bp_unit/data_out[15]_i_36/O
                         net (fo=1, routed)           0.000     4.040    u_soc_top/u_cpu/u_core/hazard_ctrl/data_out[15]_i_6[1]
    SLICE_X55Y57         CARRY4 (Prop_carry4_S[1]_CO[2])
                                                      0.475     4.515 f  u_soc_top/u_cpu/u_core/hazard_ctrl/data_out_reg[15]_i_21/CO[2]
                         net (fo=1, routed)           0.367     4.882    u_soc_top/u_cpu/u_core/reg_id_ex0_ctrl/fq_pc_reg[1][9]_4[0]
    SLICE_X50Y57         LUT6 (Prop_lut6_I5_O)        0.261     5.143 f  u_soc_top/u_cpu/u_core/reg_id_ex0_ctrl/data_out[15]_i_6/O
                         net (fo=142, routed)         0.493     5.636    u_soc_top/u_cpu/u_core/reg_id_ex1_data/if_id_flush
    SLICE_X51Y57         LUT4 (Prop_lut4_I2_O)        0.105     5.741 f  u_soc_top/u_cpu/u_core/reg_id_ex1_data/pc[1]_i_6/O
                         net (fo=2, routed)           0.940     6.681    u_soc_top/u_cpu/u_core/if_stage/pc_reg[1]_0
    SLICE_X43Y58         LUT6 (Prop_lut6_I3_O)        0.105     6.786 r  u_soc_top/u_cpu/u_core/if_stage/pc[1]_i_3/O
                         net (fo=31, routed)          0.640     7.426    u_soc_top/u_cpu/u_core/if_stage/fq_valid_reg[2]
    SLICE_X42Y56         LUT6 (Prop_lut6_I0_O)        0.105     7.531 r  u_soc_top/u_cpu/u_core/if_stage/pc[10]_i_2/O
                         net (fo=1, routed)           0.000     7.531    u_soc_top/u_cpu/u_core/reg_id_ex0_data/pc_reg[10]_rep__4
    SLICE_X42Y56         MUXF7 (Prop_muxf7_I0_O)      0.173     7.704 r  u_soc_top/u_cpu/u_core/reg_id_ex0_data/pc_reg[10]_i_1/O
                         net (fo=7, routed)           0.516     8.220    u_soc_top/u_cpu/u_core/next_pc_reg[10]
    SLICE_X43Y56         FDRE                                         r  u_soc_top/u_cpu/u_core/pc_reg[10]_rep__1/D
  -------------------------------------------------------------------    -------------------

                         (clock cpu_clk rise edge)   10.000    10.000 r  
    K21                                               0.000    10.000 r  clk_50M (IN)
                         net (fo=0)                   0.000    10.000    u_soc_top/pll_clk.u_clk_pll/inst/clk_in1
    K21                  IBUF (Prop_ibuf_I_O)         1.328    11.328 r  u_soc_top/pll_clk.u_clk_pll/inst/clkin1_ibufg/O
                         net (fo=1, routed)           1.019    12.347    u_soc_top/pll_clk.u_clk_pll/inst/clk_in1_clk_pll
    PLLE2_ADV_X0Y3       PLLE2_ADV (Prop_plle2_adv_CLKIN1_CLKOUT0)
                                                     -6.890     5.457 r  u_soc_top/pll_clk.u_clk_pll/inst/plle2_adv_inst/CLKOUT0
                         net (fo=1, routed)           1.484     6.942    u_soc_top/pll_clk.u_clk_pll/inst/cpu_clk_clk_pll
    BUFGCTRL_X0Y16       BUFG (Prop_bufg_I_O)         0.077     7.019 r  u_soc_top/pll_clk.u_clk_pll/inst/clkout1_buf/O
                         net (fo=5309, routed)        1.441     8.460    u_soc_top/u_cpu/u_core/cpu_clk
    SLICE_X43Y56         FDRE                                         r  u_soc_top/u_cpu/u_core/pc_reg[10]_rep__1/C
                         clock pessimism             -0.462     7.998    
                         clock uncertainty           -0.094     7.903    
    SLICE_X43Y56         FDRE (Setup_fdre_C_D)       -0.172     7.731    u_soc_top/u_cpu/u_core/pc_reg[10]_rep__1
  -------------------------------------------------------------------
                         required time                          7.731    
                         arrival time                          -8.220    
  -------------------------------------------------------------------
                         slack                                 -0.489    

Slack (VIOLATED) :        -0.489ns  (required time - arrival time)
  Source:                 u_soc_top/u_cpu/u_core/fq_instr_reg[0][15]/C
                            (rising edge-triggered cell FDRE clocked by cpu_clk  {rise@0.000ns fall@5.000ns period=10.000ns})
  Destination:            u_soc_top/u_cpu/u_core/pc_reg[10]_rep__1/D
                            (rising edge-triggered cell FDRE clocked by cpu_clk  {rise@0.000ns fall@5.000ns period=10.000ns})
  Path Group:             cpu_clk
  Path Type:              Setup (Max at Slow Process Corner)
  Requirement:            10.000ns  (cpu_clk rise@10.000ns - cpu_clk rise@0.000ns)
  Data Path Delay:        10.180ns  (logic 3.847ns (37.791%)  route 6.333ns (62.209%))
  Logic Levels:           21  (CARRY4=9 LUT2=1 LUT4=2 LUT5=1 LUT6=7 MUXF7=1)
  Clock Path Skew:        -0.043ns (DCD - SCD + CPR)
    Destination Clock Delay (DCD):    -1.540ns = ( 8.460 - 10.000 ) 
    Source Clock Delay      (SCD):    -1.959ns
    Clock Pessimism Removal (CPR):    -0.462ns
  Clock Uncertainty:      0.094ns  ((TSJ^2 + DJ^2)^1/2) / 2 + PE
    Total System Jitter     (TSJ):    0.071ns
    Discrete Jitter          (DJ):    0.175ns
    Phase Error              (PE):    0.000ns

    Location             Delay type                Incr(ns)  Path(ns)    Netlist Resource(s)
  -------------------------------------------------------------------    -------------------
                         (clock cpu_clk rise edge)    0.000     0.000 r  
    K21                                               0.000     0.000 r  clk_50M (IN)
                         net (fo=0)                   0.000     0.000    u_soc_top/pll_clk.u_clk_pll/inst/clk_in1
    K21                  IBUF (Prop_ibuf_I_O)         1.394     1.394 r  u_soc_top/pll_clk.u_clk_pll/inst/clkin1_ibufg/O
                         net (fo=1, routed)           1.080     2.474    u_soc_top/pll_clk.u_clk_pll/inst/clk_in1_clk_pll
    PLLE2_ADV_X0Y3       PLLE2_ADV (Prop_plle2_adv_CLKIN1_CLKOUT0)
                                                     -7.629    -5.155 r  u_soc_top/pll_clk.u_clk_pll/inst/plle2_adv_inst/CLKOUT0
                         net (fo=1, routed)           1.557    -3.598    u_soc_top/pll_clk.u_clk_pll/inst/cpu_clk_clk_pll
    BUFGCTRL_X0Y16       BUFG (Prop_bufg_I_O)         0.081    -3.517 r  u_soc_top/pll_clk.u_clk_pll/inst/clkout1_buf/O
                         net (fo=5309, routed)        1.558    -1.959    u_soc_top/u_cpu/u_core/cpu_clk
    SLICE_X56Y51         FDRE                                         r  u_soc_top/u_cpu/u_core/fq_instr_reg[0][15]/C
  -------------------------------------------------------------------    -------------------
    SLICE_X56Y51         FDRE (Prop_fdre_C_Q)         0.433    -1.526 r  u_soc_top/u_cpu/u_core/fq_instr_reg[0][15]/Q
                         net (fo=28, routed)          0.997    -0.529    u_soc_top/u_cpu/u_core/reg_id_ex0_data/data_out_reg[83]_0[15]
    SLICE_X50Y49         LUT6 (Prop_lut6_I1_O)        0.105    -0.424 f  u_soc_top/u_cpu/u_core/reg_id_ex0_data/data_out[3]_i_7/O
                         net (fo=1, routed)           0.237    -0.187    u_soc_top/u_cpu/u_core/reg_id_ex0_data/data_out[3]_i_7_n_0
    SLICE_X51Y47         LUT4 (Prop_lut4_I1_O)        0.105    -0.082 r  u_soc_top/u_cpu/u_core/reg_id_ex0_data/data_out[3]_i_6/O
                         net (fo=2, routed)           0.530     0.448    u_soc_top/u_cpu/u_core/reg_id_ex0_data/data_out[3]_i_6_n_0
    SLICE_X50Y49         LUT5 (Prop_lut5_I0_O)        0.105     0.553 r  u_soc_top/u_cpu/u_core/reg_id_ex0_data/data_out[3]_i_2__1/O
                         net (fo=2, routed)           0.360     0.913    u_soc_top/u_cpu/u_core/reg_id_ex0_data/data_out[3]_i_2__1_n_0
    SLICE_X50Y48         LUT6 (Prop_lut6_I2_O)        0.105     1.018 r  u_soc_top/u_cpu/u_core/reg_id_ex0_data/data_out[84]_i_2/O
                         net (fo=2, routed)           0.371     1.389    u_soc_top/u_cpu/u_core/reg_id_ex0_data/data_out[84]_i_2_n_0
    SLICE_X49Y48         LUT6 (Prop_lut6_I0_O)        0.105     1.494 r  u_soc_top/u_cpu/u_core/reg_id_ex0_data/data_out[84]_i_1/O
                         net (fo=3, routed)           0.266     1.760    u_soc_top/u_cpu/u_core/bp_unit/D[1]
    SLICE_X51Y49         LUT2 (Prop_lut2_I1_O)        0.105     1.865 r  u_soc_top/u_cpu/u_core/bp_unit/pc[0]_i_8/O
                         net (fo=1, routed)           0.000     1.865    u_soc_top/u_cpu/u_core/bp_unit/pc[0]_i_8_n_0
    SLICE_X51Y49         CARRY4 (Prop_carry4_S[1]_CO[3])
                                                      0.457     2.322 r  u_soc_top/u_cpu/u_core/bp_unit/pc_reg[0]_i_3/CO[3]
                         net (fo=1, routed)           0.001     2.323    u_soc_top/u_cpu/u_core/bp_unit/pc_reg[0]_i_3_n_0
    SLICE_X51Y50         CARRY4 (Prop_carry4_CI_CO[3])
                                                      0.098     2.421 r  u_soc_top/u_cpu/u_core/bp_unit/pc_reg[7]_i_4/CO[3]
                         net (fo=1, routed)           0.000     2.421    u_soc_top/u_cpu/u_core/bp_unit/pc_reg[7]_i_4_n_0
    SLICE_X51Y51         CARRY4 (Prop_carry4_CI_CO[3])
                                                      0.098     2.519 r  u_soc_top/u_cpu/u_core/bp_unit/pc_reg[11]_i_4/CO[3]
                         net (fo=1, routed)           0.000     2.519    u_soc_top/u_cpu/u_core/bp_unit/pc_reg[11]_i_4_n_0
    SLICE_X51Y52         CARRY4 (Prop_carry4_CI_CO[3])
                                                      0.098     2.617 r  u_soc_top/u_cpu/u_core/bp_unit/pc_reg[15]_i_4/CO[3]
                         net (fo=1, routed)           0.000     2.617    u_soc_top/u_cpu/u_core/bp_unit/pc_reg[15]_i_4_n_0
    SLICE_X51Y53         CARRY4 (Prop_carry4_CI_CO[3])
                                                      0.098     2.715 r  u_soc_top/u_cpu/u_core/bp_unit/pc_reg[19]_i_4/CO[3]
                         net (fo=1, routed)           0.000     2.715    u_soc_top/u_cpu/u_core/bp_unit/pc_reg[19]_i_4_n_0
    SLICE_X51Y54         CARRY4 (Prop_carry4_CI_CO[3])
                                                      0.098     2.813 r  u_soc_top/u_cpu/u_core/bp_unit/pc_reg[23]_i_4/CO[3]
                         net (fo=1, routed)           0.000     2.813    u_soc_top/u_cpu/u_core/bp_unit/pc_reg[23]_i_4_n_0
    SLICE_X51Y55         CARRY4 (Prop_carry4_CI_CO[3])
                                                      0.098     2.911 r  u_soc_top/u_cpu/u_core/bp_unit/pc_reg[27]_i_4/CO[3]
                         net (fo=1, routed)           0.000     2.911    u_soc_top/u_cpu/u_core/bp_unit/pc_reg[27]_i_4_n_0
    SLICE_X51Y56         CARRY4 (Prop_carry4_CI_O[1])
                                                      0.265     3.176 f  u_soc_top/u_cpu/u_core/bp_unit/pc_reg[31]_i_9/O[1]
                         net (fo=3, routed)           0.614     3.790    u_soc_top/u_cpu/u_core/bp_unit/bp_jump_pc[29]
    SLICE_X55Y57         LUT6 (Prop_lut6_I4_O)        0.250     4.040 r  u_soc_top/u_cpu/u_core/bp_unit/data_out[15]_i_36/O
                         net (fo=1, routed)           0.000     4.040    u_soc_top/u_cpu/u_core/hazard_ctrl/data_out[15]_i_6[1]
    SLICE_X55Y57         CARRY4 (Prop_carry4_S[1]_CO[2])
                                                      0.475     4.515 f  u_soc_top/u_cpu/u_core/hazard_ctrl/data_out_reg[15]_i_21/CO[2]
                         net (fo=1, routed)           0.367     4.882    u_soc_top/u_cpu/u_core/reg_id_ex0_ctrl/fq_pc_reg[1][9]_4[0]
    SLICE_X50Y57         LUT6 (Prop_lut6_I5_O)        0.261     5.143 f  u_soc_top/u_cpu/u_core/reg_id_ex0_ctrl/data_out[15]_i_6/O
                         net (fo=142, routed)         0.493     5.636    u_soc_top/u_cpu/u_core/reg_id_ex1_data/if_id_flush
    SLICE_X51Y57         LUT4 (Prop_lut4_I2_O)        0.105     5.741 f  u_soc_top/u_cpu/u_core/reg_id_ex1_data/pc[1]_i_6/O
                         net (fo=2, routed)           0.940     6.681    u_soc_top/u_cpu/u_core/if_stage/pc_reg[1]_0
    SLICE_X43Y58         LUT6 (Prop_lut6_I3_O)        0.105     6.786 r  u_soc_top/u_cpu/u_core/if_stage/pc[1]_i_3/O
                         net (fo=31, routed)          0.640     7.426    u_soc_top/u_cpu/u_core/if_stage/fq_valid_reg[2]
    SLICE_X42Y56         LUT6 (Prop_lut6_I0_O)        0.105     7.531 r  u_soc_top/u_cpu/u_core/if_stage/pc[10]_i_2/O
                         net (fo=1, routed)           0.000     7.531    u_soc_top/u_cpu/u_core/reg_id_ex0_data/pc_reg[10]_rep__4
    SLICE_X42Y56         MUXF7 (Prop_muxf7_I0_O)      0.173     7.704 r  u_soc_top/u_cpu/u_core/reg_id_ex0_data/pc_reg[10]_i_1/O
                         net (fo=7, routed)           0.516     8.220    u_soc_top/u_cpu/u_core/next_pc_reg[10]
    SLICE_X43Y56         FDRE                                         r  u_soc_top/u_cpu/u_core/pc_reg[10]_rep__1/D
  -------------------------------------------------------------------    -------------------

                         (clock cpu_clk rise edge)   10.000    10.000 r  
    K21                                               0.000    10.000 r  clk_50M (IN)
                         net (fo=0)                   0.000    10.000    u_soc_top/pll_clk.u_clk_pll/inst/clk_in1
    K21                  IBUF (Prop_ibuf_I_O)         1.328    11.328 r  u_soc_top/pll_clk.u_clk_pll/inst/clkin1_ibufg/O
                         net (fo=1, routed)           1.019    12.347    u_soc_top/pll_clk.u_clk_pll/inst/clk_in1_clk_pll
    PLLE2_ADV_X0Y3       PLLE2_ADV (Prop_plle2_adv_CLKIN1_CLKOUT0)
                                                     -6.890     5.457 r  u_soc_top/pll_clk.u_clk_pll/inst/plle2_adv_inst/CLKOUT0
                         net (fo=1, routed)           1.484     6.942    u_soc_top/pll_clk.u_clk_pll/inst/cpu_clk_clk_pll
    BUFGCTRL_X0Y16       BUFG (Prop_bufg_I_O)         0.077     7.019 r  u_soc_top/pll_clk.u_clk_pll/inst/clkout1_buf/O
                         net (fo=5309, routed)        1.441     8.460    u_soc_top/u_cpu/u_core/cpu_clk
    SLICE_X43Y56         FDRE                                         r  u_soc_top/u_cpu/u_core/pc_reg[10]_rep__1/C
                         clock pessimism             -0.462     7.998    
                         clock uncertainty           -0.094     7.903    
    SLICE_X43Y56         FDRE (Setup_fdre_C_D)       -0.172     7.731    u_soc_top/u_cpu/u_core/pc_reg[10]_rep__1
  -------------------------------------------------------------------
                         required time                          7.731    
                         arrival time                          -8.220    
  -------------------------------------------------------------------
                         slack                                 -0.489    

Slack (VIOLATED) :        -0.489ns  (required time - arrival time)
  Source:                 u_soc_top/u_cpu/u_core/fq_instr_reg[0][15]/C
                            (rising edge-triggered cell FDRE clocked by cpu_clk  {rise@0.000ns fall@5.000ns period=10.000ns})
  Destination:            u_soc_top/u_cpu/u_core/pc_reg[10]_rep__1/D
                            (rising edge-triggered cell FDRE clocked by cpu_clk  {rise@0.000ns fall@5.000ns period=10.000ns})
  Path Group:             cpu_clk
  Path Type:              Setup (Max at Slow Process Corner)
  Requirement:            10.000ns  (cpu_clk rise@10.000ns - cpu_clk rise@0.000ns)
  Data Path Delay:        10.180ns  (logic 3.847ns (37.791%)  route 6.333ns (62.209%))
  Logic Levels:           21  (CARRY4=9 LUT2=1 LUT4=2 LUT5=1 LUT6=7 MUXF7=1)
  Clock Path Skew:        -0.043ns (DCD - SCD + CPR)
    Destination Clock Delay (DCD):    -1.540ns = ( 8.460 - 10.000 ) 
    Source Clock Delay      (SCD):    -1.959ns
    Clock Pessimism Removal (CPR):    -0.462ns
  Clock Uncertainty:      0.094ns  ((TSJ^2 + DJ^2)^1/2) / 2 + PE
    Total System Jitter     (TSJ):    0.071ns
    Discrete Jitter          (DJ):    0.175ns
    Phase Error              (PE):    0.000ns

    Location             Delay type                Incr(ns)  Path(ns)    Netlist Resource(s)
  -------------------------------------------------------------------    -------------------
                         (clock cpu_clk rise edge)    0.000     0.000 r  
    K21                                               0.000     0.000 r  clk_50M (IN)
                         net (fo=0)                   0.000     0.000    u_soc_top/pll_clk.u_clk_pll/inst/clk_in1
    K21                  IBUF (Prop_ibuf_I_O)         1.394     1.394 r  u_soc_top/pll_clk.u_clk_pll/inst/clkin1_ibufg/O
                         net (fo=1, routed)           1.080     2.474    u_soc_top/pll_clk.u_clk_pll/inst/clk_in1_clk_pll
    PLLE2_ADV_X0Y3       PLLE2_ADV (Prop_plle2_adv_CLKIN1_CLKOUT0)
                                                     -7.629    -5.155 r  u_soc_top/pll_clk.u_clk_pll/inst/plle2_adv_inst/CLKOUT0
                         net (fo=1, routed)           1.557    -3.598    u_soc_top/pll_clk.u_clk_pll/inst/cpu_clk_clk_pll
    BUFGCTRL_X0Y16       BUFG (Prop_bufg_I_O)         0.081    -3.517 r  u_soc_top/pll_clk.u_clk_pll/inst/clkout1_buf/O
                         net (fo=5309, routed)        1.558    -1.959    u_soc_top/u_cpu/u_core/cpu_clk
    SLICE_X56Y51         FDRE                                         r  u_soc_top/u_cpu/u_core/fq_instr_reg[0][15]/C
  -------------------------------------------------------------------    -------------------
    SLICE_X56Y51         FDRE (Prop_fdre_C_Q)         0.433    -1.526 f  u_soc_top/u_cpu/u_core/fq_instr_reg[0][15]/Q
                         net (fo=28, routed)          0.997    -0.529    u_soc_top/u_cpu/u_core/reg_id_ex0_data/data_out_reg[83]_0[15]
    SLICE_X50Y49         LUT6 (Prop_lut6_I1_O)        0.105    -0.424 r  u_soc_top/u_cpu/u_core/reg_id_ex0_data/data_out[3]_i_7/O
                         net (fo=1, routed)           0.237    -0.187    u_soc_top/u_cpu/u_core/reg_id_ex0_data/data_out[3]_i_7_n_0
    SLICE_X51Y47         LUT4 (Prop_lut4_I1_O)        0.105    -0.082 f  u_soc_top/u_cpu/u_core/reg_id_ex0_data/data_out[3]_i_6/O
                         net (fo=2, routed)           0.530     0.448    u_soc_top/u_cpu/u_core/reg_id_ex0_data/data_out[3]_i_6_n_0
    SLICE_X50Y49         LUT5 (Prop_lut5_I0_O)        0.105     0.553 f  u_soc_top/u_cpu/u_core/reg_id_ex0_data/data_out[3]_i_2__1/O
                         net (fo=2, routed)           0.360     0.913    u_soc_top/u_cpu/u_core/reg_id_ex0_data/data_out[3]_i_2__1_n_0
    SLICE_X50Y48         LUT6 (Prop_lut6_I2_O)        0.105     1.018 f  u_soc_top/u_cpu/u_core/reg_id_ex0_data/data_out[84]_i_2/O
                         net (fo=2, routed)           0.371     1.389    u_soc_top/u_cpu/u_core/reg_id_ex0_data/data_out[84]_i_2_n_0
    SLICE_X49Y48         LUT6 (Prop_lut6_I0_O)        0.105     1.494 f  u_soc_top/u_cpu/u_core/reg_id_ex0_data/data_out[84]_i_1/O
                         net (fo=3, routed)           0.266     1.760    u_soc_top/u_cpu/u_core/bp_unit/D[1]
    SLICE_X51Y49         LUT2 (Prop_lut2_I1_O)        0.105     1.865 r  u_soc_top/u_cpu/u_core/bp_unit/pc[0]_i_8/O
                         net (fo=1, routed)           0.000     1.865    u_soc_top/u_cpu/u_core/bp_unit/pc[0]_i_8_n_0
    SLICE_X51Y49         CARRY4 (Prop_carry4_S[1]_CO[3])
                                                      0.457     2.322 r  u_soc_top/u_cpu/u_core/bp_unit/pc_reg[0]_i_3/CO[3]
                         net (fo=1, routed)           0.001     2.323    u_soc_top/u_cpu/u_core/bp_unit/pc_reg[0]_i_3_n_0
    SLICE_X51Y50         CARRY4 (Prop_carry4_CI_CO[3])
                                                      0.098     2.421 r  u_soc_top/u_cpu/u_core/bp_unit/pc_reg[7]_i_4/CO[3]
                         net (fo=1, routed)           0.000     2.421    u_soc_top/u_cpu/u_core/bp_unit/pc_reg[7]_i_4_n_0
    SLICE_X51Y51         CARRY4 (Prop_carry4_CI_CO[3])
                                                      0.098     2.519 r  u_soc_top/u_cpu/u_core/bp_unit/pc_reg[11]_i_4/CO[3]
                         net (fo=1, routed)           0.000     2.519    u_soc_top/u_cpu/u_core/bp_unit/pc_reg[11]_i_4_n_0
    SLICE_X51Y52         CARRY4 (Prop_carry4_CI_CO[3])
                                                      0.098     2.617 r  u_soc_top/u_cpu/u_core/bp_unit/pc_reg[15]_i_4/CO[3]
                         net (fo=1, routed)           0.000     2.617    u_soc_top/u_cpu/u_core/bp_unit/pc_reg[15]_i_4_n_0
    SLICE_X51Y53         CARRY4 (Prop_carry4_CI_CO[3])
                                                      0.098     2.715 r  u_soc_top/u_cpu/u_core/bp_unit/pc_reg[19]_i_4/CO[3]
                         net (fo=1, routed)           0.000     2.715    u_soc_top/u_cpu/u_core/bp_unit/pc_reg[19]_i_4_n_0
    SLICE_X51Y54         CARRY4 (Prop_carry4_CI_CO[3])
                                                      0.098     2.813 r  u_soc_top/u_cpu/u_core/bp_unit/pc_reg[23]_i_4/CO[3]
                         net (fo=1, routed)           0.000     2.813    u_soc_top/u_cpu/u_core/bp_unit/pc_reg[23]_i_4_n_0
    SLICE_X51Y55         CARRY4 (Prop_carry4_CI_CO[3])
                                                      0.098     2.911 r  u_soc_top/u_cpu/u_core/bp_unit/pc_reg[27]_i_4/CO[3]
                         net (fo=1, routed)           0.000     2.911    u_soc_top/u_cpu/u_core/bp_unit/pc_reg[27]_i_4_n_0
    SLICE_X51Y56         CARRY4 (Prop_carry4_CI_O[1])
                                                      0.265     3.176 f  u_soc_top/u_cpu/u_core/bp_unit/pc_reg[31]_i_9/O[1]
                         net (fo=3, routed)           0.614     3.790    u_soc_top/u_cpu/u_core/bp_unit/bp_jump_pc[29]
    SLICE_X55Y57         LUT6 (Prop_lut6_I4_O)        0.250     4.040 r  u_soc_top/u_cpu/u_core/bp_unit/data_out[15]_i_36/O
                         net (fo=1, routed)           0.000     4.040    u_soc_top/u_cpu/u_core/hazard_ctrl/data_out[15]_i_6[1]
    SLICE_X55Y57         CARRY4 (Prop_carry4_S[1]_CO[2])
                                                      0.475     4.515 f  u_soc_top/u_cpu/u_core/hazard_ctrl/data_out_reg[15]_i_21/CO[2]
                         net (fo=1, routed)           0.367     4.882    u_soc_top/u_cpu/u_core/reg_id_ex0_ctrl/fq_pc_reg[1][9]_4[0]
    SLICE_X50Y57         LUT6 (Prop_lut6_I5_O)        0.261     5.143 f  u_soc_top/u_cpu/u_core/reg_id_ex0_ctrl/data_out[15]_i_6/O
                         net (fo=142, routed)         0.493     5.636    u_soc_top/u_cpu/u_core/reg_id_ex1_data/if_id_flush
    SLICE_X51Y57         LUT4 (Prop_lut4_I2_O)        0.105     5.741 f  u_soc_top/u_cpu/u_core/reg_id_ex1_data/pc[1]_i_6/O
                         net (fo=2, routed)           0.940     6.681    u_soc_top/u_cpu/u_core/if_stage/pc_reg[1]_0
    SLICE_X43Y58         LUT6 (Prop_lut6_I3_O)        0.105     6.786 r  u_soc_top/u_cpu/u_core/if_stage/pc[1]_i_3/O
                         net (fo=31, routed)          0.640     7.426    u_soc_top/u_cpu/u_core/if_stage/fq_valid_reg[2]
    SLICE_X42Y56         LUT6 (Prop_lut6_I0_O)        0.105     7.531 r  u_soc_top/u_cpu/u_core/if_stage/pc[10]_i_2/O
                         net (fo=1, routed)           0.000     7.531    u_soc_top/u_cpu/u_core/reg_id_ex0_data/pc_reg[10]_rep__4
    SLICE_X42Y56         MUXF7 (Prop_muxf7_I0_O)      0.173     7.704 r  u_soc_top/u_cpu/u_core/reg_id_ex0_data/pc_reg[10]_i_1/O
                         net (fo=7, routed)           0.516     8.220    u_soc_top/u_cpu/u_core/next_pc_reg[10]
    SLICE_X43Y56         FDRE                                         r  u_soc_top/u_cpu/u_core/pc_reg[10]_rep__1/D
  -------------------------------------------------------------------    -------------------

                         (clock cpu_clk rise edge)   10.000    10.000 r  
    K21                                               0.000    10.000 r  clk_50M (IN)
                         net (fo=0)                   0.000    10.000    u_soc_top/pll_clk.u_clk_pll/inst/clk_in1
    K21                  IBUF (Prop_ibuf_I_O)         1.328    11.328 r  u_soc_top/pll_clk.u_clk_pll/inst/clkin1_ibufg/O
                         net (fo=1, routed)           1.019    12.347    u_soc_top/pll_clk.u_clk_pll/inst/clk_in1_clk_pll
    PLLE2_ADV_X0Y3       PLLE2_ADV (Prop_plle2_adv_CLKIN1_CLKOUT0)
                                                     -6.890     5.457 r  u_soc_top/pll_clk.u_clk_pll/inst/plle2_adv_inst/CLKOUT0
                         net (fo=1, routed)           1.484     6.942    u_soc_top/pll_clk.u_clk_pll/inst/cpu_clk_clk_pll
    BUFGCTRL_X0Y16       BUFG (Prop_bufg_I_O)         0.077     7.019 r  u_soc_top/pll_clk.u_clk_pll/inst/clkout1_buf/O
                         net (fo=5309, routed)        1.441     8.460    u_soc_top/u_cpu/u_core/cpu_clk
    SLICE_X43Y56         FDRE                                         r  u_soc_top/u_cpu/u_core/pc_reg[10]_rep__1/C
                         clock pessimism             -0.462     7.998    
                         clock uncertainty           -0.094     7.903    
    SLICE_X43Y56         FDRE (Setup_fdre_C_D)       -0.172     7.731    u_soc_top/u_cpu/u_core/pc_reg[10]_rep__1
  -------------------------------------------------------------------
                         required time                          7.731    
                         arrival time                          -8.220    
  -------------------------------------------------------------------
                         slack                                 -0.489    

Slack (VIOLATED) :        -0.489ns  (required time - arrival time)
  Source:                 u_soc_top/u_cpu/u_core/fq_instr_reg[0][15]/C
                            (rising edge-triggered cell FDRE clocked by cpu_clk  {rise@0.000ns fall@5.000ns period=10.000ns})
  Destination:            u_soc_top/u_cpu/u_core/pc_reg[10]_rep__1/D
                            (rising edge-triggered cell FDRE clocked by cpu_clk  {rise@0.000ns fall@5.000ns period=10.000ns})
  Path Group:             cpu_clk
  Path Type:              Setup (Max at Slow Process Corner)
  Requirement:            10.000ns  (cpu_clk rise@10.000ns - cpu_clk rise@0.000ns)
  Data Path Delay:        10.180ns  (logic 3.847ns (37.791%)  route 6.333ns (62.209%))
  Logic Levels:           21  (CARRY4=9 LUT2=1 LUT4=2 LUT5=1 LUT6=7 MUXF7=1)
  Clock Path Skew:        -0.043ns (DCD - SCD + CPR)
    Destination Clock Delay (DCD):    -1.540ns = ( 8.460 - 10.000 ) 
    Source Clock Delay      (SCD):    -1.959ns
    Clock Pessimism Removal (CPR):    -0.462ns
  Clock Uncertainty:      0.094ns  ((TSJ^2 + DJ^2)^1/2) / 2 + PE
    Total System Jitter     (TSJ):    0.071ns
    Discrete Jitter          (DJ):    0.175ns
    Phase Error              (PE):    0.000ns

    Location             Delay type                Incr(ns)  Path(ns)    Netlist Resource(s)
  -------------------------------------------------------------------    -------------------
                         (clock cpu_clk rise edge)    0.000     0.000 r  
    K21                                               0.000     0.000 r  clk_50M (IN)
                         net (fo=0)                   0.000     0.000    u_soc_top/pll_clk.u_clk_pll/inst/clk_in1
    K21                  IBUF (Prop_ibuf_I_O)         1.394     1.394 r  u_soc_top/pll_clk.u_clk_pll/inst/clkin1_ibufg/O
                         net (fo=1, routed)           1.080     2.474    u_soc_top/pll_clk.u_clk_pll/inst/clk_in1_clk_pll
    PLLE2_ADV_X0Y3       PLLE2_ADV (Prop_plle2_adv_CLKIN1_CLKOUT0)
                                                     -7.629    -5.155 r  u_soc_top/pll_clk.u_clk_pll/inst/plle2_adv_inst/CLKOUT0
                         net (fo=1, routed)           1.557    -3.598    u_soc_top/pll_clk.u_clk_pll/inst/cpu_clk_clk_pll
    BUFGCTRL_X0Y16       BUFG (Prop_bufg_I_O)         0.081    -3.517 r  u_soc_top/pll_clk.u_clk_pll/inst/clkout1_buf/O
                         net (fo=5309, routed)        1.558    -1.959    u_soc_top/u_cpu/u_core/cpu_clk
    SLICE_X56Y51         FDRE                                         r  u_soc_top/u_cpu/u_core/fq_instr_reg[0][15]/C
  -------------------------------------------------------------------    -------------------
    SLICE_X56Y51         FDRE (Prop_fdre_C_Q)         0.433    -1.526 r  u_soc_top/u_cpu/u_core/fq_instr_reg[0][15]/Q
                         net (fo=28, routed)          0.997    -0.529    u_soc_top/u_cpu/u_core/reg_id_ex0_data/data_out_reg[83]_0[15]
    SLICE_X50Y49         LUT6 (Prop_lut6_I1_O)        0.105    -0.424 f  u_soc_top/u_cpu/u_core/reg_id_ex0_data/data_out[3]_i_7/O
                         net (fo=1, routed)           0.237    -0.187    u_soc_top/u_cpu/u_core/reg_id_ex0_data/data_out[3]_i_7_n_0
    SLICE_X51Y47         LUT4 (Prop_lut4_I1_O)        0.105    -0.082 r  u_soc_top/u_cpu/u_core/reg_id_ex0_data/data_out[3]_i_6/O
                         net (fo=2, routed)           0.530     0.448    u_soc_top/u_cpu/u_core/reg_id_ex0_data/data_out[3]_i_6_n_0
    SLICE_X50Y49         LUT5 (Prop_lut5_I0_O)        0.105     0.553 r  u_soc_top/u_cpu/u_core/reg_id_ex0_data/data_out[3]_i_2__1/O
                         net (fo=2, routed)           0.360     0.913    u_soc_top/u_cpu/u_core/reg_id_ex0_data/data_out[3]_i_2__1_n_0
    SLICE_X50Y48         LUT6 (Prop_lut6_I2_O)        0.105     1.018 r  u_soc_top/u_cpu/u_core/reg_id_ex0_data/data_out[84]_i_2/O
                         net (fo=2, routed)           0.371     1.389    u_soc_top/u_cpu/u_core/reg_id_ex0_data/data_out[84]_i_2_n_0
    SLICE_X49Y48         LUT6 (Prop_lut6_I0_O)        0.105     1.494 r  u_soc_top/u_cpu/u_core/reg_id_ex0_data/data_out[84]_i_1/O
                         net (fo=3, routed)           0.266     1.760    u_soc_top/u_cpu/u_core/bp_unit/D[1]
    SLICE_X51Y49         LUT2 (Prop_lut2_I1_O)        0.105     1.865 r  u_soc_top/u_cpu/u_core/bp_unit/pc[0]_i_8/O
                         net (fo=1, routed)           0.000     1.865    u_soc_top/u_cpu/u_core/bp_unit/pc[0]_i_8_n_0
    SLICE_X51Y49         CARRY4 (Prop_carry4_S[1]_CO[3])
                                                      0.457     2.322 r  u_soc_top/u_cpu/u_core/bp_unit/pc_reg[0]_i_3/CO[3]
                         net (fo=1, routed)           0.001     2.323    u_soc_top/u_cpu/u_core/bp_unit/pc_reg[0]_i_3_n_0
    SLICE_X51Y50         CARRY4 (Prop_carry4_CI_CO[3])
                                                      0.098     2.421 r  u_soc_top/u_cpu/u_core/bp_unit/pc_reg[7]_i_4/CO[3]
                         net (fo=1, routed)           0.000     2.421    u_soc_top/u_cpu/u_core/bp_unit/pc_reg[7]_i_4_n_0
    SLICE_X51Y51         CARRY4 (Prop_carry4_CI_CO[3])
                                                      0.098     2.519 r  u_soc_top/u_cpu/u_core/bp_unit/pc_reg[11]_i_4/CO[3]
                         net (fo=1, routed)           0.000     2.519    u_soc_top/u_cpu/u_core/bp_unit/pc_reg[11]_i_4_n_0
    SLICE_X51Y52         CARRY4 (Prop_carry4_CI_CO[3])
                                                      0.098     2.617 r  u_soc_top/u_cpu/u_core/bp_unit/pc_reg[15]_i_4/CO[3]
                         net (fo=1, routed)           0.000     2.617    u_soc_top/u_cpu/u_core/bp_unit/pc_reg[15]_i_4_n_0
    SLICE_X51Y53         CARRY4 (Prop_carry4_CI_CO[3])
                                                      0.098     2.715 r  u_soc_top/u_cpu/u_core/bp_unit/pc_reg[19]_i_4/CO[3]
                         net (fo=1, routed)           0.000     2.715    u_soc_top/u_cpu/u_core/bp_unit/pc_reg[19]_i_4_n_0
    SLICE_X51Y54         CARRY4 (Prop_carry4_CI_CO[3])
                                                      0.098     2.813 r  u_soc_top/u_cpu/u_core/bp_unit/pc_reg[23]_i_4/CO[3]
                         net (fo=1, routed)           0.000     2.813    u_soc_top/u_cpu/u_core/bp_unit/pc_reg[23]_i_4_n_0
    SLICE_X51Y55         CARRY4 (Prop_carry4_CI_CO[3])
                                                      0.098     2.911 r  u_soc_top/u_cpu/u_core/bp_unit/pc_reg[27]_i_4/CO[3]
                         net (fo=1, routed)           0.000     2.911    u_soc_top/u_cpu/u_core/bp_unit/pc_reg[27]_i_4_n_0
    SLICE_X51Y56         CARRY4 (Prop_carry4_CI_O[1])
                                                      0.265     3.176 r  u_soc_top/u_cpu/u_core/bp_unit/pc_reg[31]_i_9/O[1]
                         net (fo=3, routed)           0.614     3.790    u_soc_top/u_cpu/u_core/bp_unit/bp_jump_pc[29]
    SLICE_X55Y57         LUT6 (Prop_lut6_I4_O)        0.250     4.040 f  u_soc_top/u_cpu/u_core/bp_unit/data_out[15]_i_36/O
                         net (fo=1, routed)           0.000     4.040    u_soc_top/u_cpu/u_core/hazard_ctrl/data_out[15]_i_6[1]
    SLICE_X55Y57         CARRY4 (Prop_carry4_S[1]_CO[2])
                                                      0.475     4.515 f  u_soc_top/u_cpu/u_core/hazard_ctrl/data_out_reg[15]_i_21/CO[2]
                         net (fo=1, routed)           0.367     4.882    u_soc_top/u_cpu/u_core/reg_id_ex0_ctrl/fq_pc_reg[1][9]_4[0]
    SLICE_X50Y57         LUT6 (Prop_lut6_I5_O)        0.261     5.143 f  u_soc_top/u_cpu/u_core/reg_id_ex0_ctrl/data_out[15]_i_6/O
                         net (fo=142, routed)         0.493     5.636    u_soc_top/u_cpu/u_core/reg_id_ex1_data/if_id_flush
    SLICE_X51Y57         LUT4 (Prop_lut4_I2_O)        0.105     5.741 f  u_soc_top/u_cpu/u_core/reg_id_ex1_data/pc[1]_i_6/O
                         net (fo=2, routed)           0.940     6.681    u_soc_top/u_cpu/u_core/if_stage/pc_reg[1]_0
    SLICE_X43Y58         LUT6 (Prop_lut6_I3_O)        0.105     6.786 r  u_soc_top/u_cpu/u_core/if_stage/pc[1]_i_3/O
                         net (fo=31, routed)          0.640     7.426    u_soc_top/u_cpu/u_core/if_stage/fq_valid_reg[2]
    SLICE_X42Y56         LUT6 (Prop_lut6_I0_O)        0.105     7.531 r  u_soc_top/u_cpu/u_core/if_stage/pc[10]_i_2/O
                         net (fo=1, routed)           0.000     7.531    u_soc_top/u_cpu/u_core/reg_id_ex0_data/pc_reg[10]_rep__4
    SLICE_X42Y56         MUXF7 (Prop_muxf7_I0_O)      0.173     7.704 r  u_soc_top/u_cpu/u_core/reg_id_ex0_data/pc_reg[10]_i_1/O
                         net (fo=7, routed)           0.516     8.220    u_soc_top/u_cpu/u_core/next_pc_reg[10]
    SLICE_X43Y56         FDRE                                         r  u_soc_top/u_cpu/u_core/pc_reg[10]_rep__1/D
  -------------------------------------------------------------------    -------------------

                         (clock cpu_clk rise edge)   10.000    10.000 r  
    K21                                               0.000    10.000 r  clk_50M (IN)
                         net (fo=0)                   0.000    10.000    u_soc_top/pll_clk.u_clk_pll/inst/clk_in1
    K21                  IBUF (Prop_ibuf_I_O)         1.328    11.328 r  u_soc_top/pll_clk.u_clk_pll/inst/clkin1_ibufg/O
                         net (fo=1, routed)           1.019    12.347    u_soc_top/pll_clk.u_clk_pll/inst/clk_in1_clk_pll
    PLLE2_ADV_X0Y3       PLLE2_ADV (Prop_plle2_adv_CLKIN1_CLKOUT0)
                                                     -6.890     5.457 r  u_soc_top/pll_clk.u_clk_pll/inst/plle2_adv_inst/CLKOUT0
                         net (fo=1, routed)           1.484     6.942    u_soc_top/pll_clk.u_clk_pll/inst/cpu_clk_clk_pll
    BUFGCTRL_X0Y16       BUFG (Prop_bufg_I_O)         0.077     7.019 r  u_soc_top/pll_clk.u_clk_pll/inst/clkout1_buf/O
                         net (fo=5309, routed)        1.441     8.460    u_soc_top/u_cpu/u_core/cpu_clk
    SLICE_X43Y56         FDRE                                         r  u_soc_top/u_cpu/u_core/pc_reg[10]_rep__1/C
                         clock pessimism             -0.462     7.998    
                         clock uncertainty           -0.094     7.903    
    SLICE_X43Y56         FDRE (Setup_fdre_C_D)       -0.172     7.731    u_soc_top/u_cpu/u_core/pc_reg[10]_rep__1
  -------------------------------------------------------------------
                         required time                          7.731    
                         arrival time                          -8.220    
  -------------------------------------------------------------------
                         slack                                 -0.489    

Slack (VIOLATED) :        -0.489ns  (required time - arrival time)
  Source:                 u_soc_top/u_cpu/u_core/fq_instr_reg[0][15]/C
                            (rising edge-triggered cell FDRE clocked by cpu_clk  {rise@0.000ns fall@5.000ns period=10.000ns})
  Destination:            u_soc_top/u_cpu/u_core/pc_reg[10]_rep__1/D
                            (rising edge-triggered cell FDRE clocked by cpu_clk  {rise@0.000ns fall@5.000ns period=10.000ns})
  Path Group:             cpu_clk
  Path Type:              Setup (Max at Slow Process Corner)
  Requirement:            10.000ns  (cpu_clk rise@10.000ns - cpu_clk rise@0.000ns)
  Data Path Delay:        10.180ns  (logic 3.847ns (37.791%)  route 6.333ns (62.209%))
  Logic Levels:           21  (CARRY4=9 LUT2=1 LUT4=2 LUT5=1 LUT6=7 MUXF7=1)
  Clock Path Skew:        -0.043ns (DCD - SCD + CPR)
    Destination Clock Delay (DCD):    -1.540ns = ( 8.460 - 10.000 ) 
    Source Clock Delay      (SCD):    -1.959ns
    Clock Pessimism Removal (CPR):    -0.462ns
  Clock Uncertainty:      0.094ns  ((TSJ^2 + DJ^2)^1/2) / 2 + PE
    Total System Jitter     (TSJ):    0.071ns
    Discrete Jitter          (DJ):    0.175ns
    Phase Error              (PE):    0.000ns

    Location             Delay type                Incr(ns)  Path(ns)    Netlist Resource(s)
  -------------------------------------------------------------------    -------------------
                         (clock cpu_clk rise edge)    0.000     0.000 r  
    K21                                               0.000     0.000 r  clk_50M (IN)
                         net (fo=0)                   0.000     0.000    u_soc_top/pll_clk.u_clk_pll/inst/clk_in1
    K21                  IBUF (Prop_ibuf_I_O)         1.394     1.394 r  u_soc_top/pll_clk.u_clk_pll/inst/clkin1_ibufg/O
                         net (fo=1, routed)           1.080     2.474    u_soc_top/pll_clk.u_clk_pll/inst/clk_in1_clk_pll
    PLLE2_ADV_X0Y3       PLLE2_ADV (Prop_plle2_adv_CLKIN1_CLKOUT0)
                                                     -7.629    -5.155 r  u_soc_top/pll_clk.u_clk_pll/inst/plle2_adv_inst/CLKOUT0
                         net (fo=1, routed)           1.557    -3.598    u_soc_top/pll_clk.u_clk_pll/inst/cpu_clk_clk_pll
    BUFGCTRL_X0Y16       BUFG (Prop_bufg_I_O)         0.081    -3.517 r  u_soc_top/pll_clk.u_clk_pll/inst/clkout1_buf/O
                         net (fo=5309, routed)        1.558    -1.959    u_soc_top/u_cpu/u_core/cpu_clk
    SLICE_X56Y51         FDRE                                         r  u_soc_top/u_cpu/u_core/fq_instr_reg[0][15]/C
  -------------------------------------------------------------------    -------------------
    SLICE_X56Y51         FDRE (Prop_fdre_C_Q)         0.433    -1.526 r  u_soc_top/u_cpu/u_core/fq_instr_reg[0][15]/Q
                         net (fo=28, routed)          0.997    -0.529    u_soc_top/u_cpu/u_core/reg_id_ex0_data/data_out_reg[83]_0[15]
    SLICE_X50Y49         LUT6 (Prop_lut6_I1_O)        0.105    -0.424 f  u_soc_top/u_cpu/u_core/reg_id_ex0_data/data_out[3]_i_7/O
                         net (fo=1, routed)           0.237    -0.187    u_soc_top/u_cpu/u_core/reg_id_ex0_data/data_out[3]_i_7_n_0
    SLICE_X51Y47         LUT4 (Prop_lut4_I1_O)        0.105    -0.082 r  u_soc_top/u_cpu/u_core/reg_id_ex0_data/data_out[3]_i_6/O
                         net (fo=2, routed)           0.530     0.448    u_soc_top/u_cpu/u_core/reg_id_ex0_data/data_out[3]_i_6_n_0
    SLICE_X50Y49         LUT5 (Prop_lut5_I0_O)        0.105     0.553 r  u_soc_top/u_cpu/u_core/reg_id_ex0_data/data_out[3]_i_2__1/O
                         net (fo=2, routed)           0.360     0.913    u_soc_top/u_cpu/u_core/reg_id_ex0_data/data_out[3]_i_2__1_n_0
    SLICE_X50Y48         LUT6 (Prop_lut6_I2_O)        0.105     1.018 r  u_soc_top/u_cpu/u_core/reg_id_ex0_data/data_out[84]_i_2/O
                         net (fo=2, routed)           0.371     1.389    u_soc_top/u_cpu/u_core/reg_id_ex0_data/data_out[84]_i_2_n_0
    SLICE_X49Y48         LUT6 (Prop_lut6_I0_O)        0.105     1.494 r  u_soc_top/u_cpu/u_core/reg_id_ex0_data/data_out[84]_i_1/O
                         net (fo=3, routed)           0.266     1.760    u_soc_top/u_cpu/u_core/bp_unit/D[1]
    SLICE_X51Y49         LUT2 (Prop_lut2_I1_O)        0.105     1.865 r  u_soc_top/u_cpu/u_core/bp_unit/pc[0]_i_8/O
                         net (fo=1, routed)           0.000     1.865    u_soc_top/u_cpu/u_core/bp_unit/pc[0]_i_8_n_0
    SLICE_X51Y49         CARRY4 (Prop_carry4_S[1]_CO[3])
                                                      0.457     2.322 r  u_soc_top/u_cpu/u_core/bp_unit/pc_reg[0]_i_3/CO[3]
                         net (fo=1, routed)           0.001     2.323    u_soc_top/u_cpu/u_core/bp_unit/pc_reg[0]_i_3_n_0
    SLICE_X51Y50         CARRY4 (Prop_carry4_CI_CO[3])
                                                      0.098     2.421 r  u_soc_top/u_cpu/u_core/bp_unit/pc_reg[7]_i_4/CO[3]
                         net (fo=1, routed)           0.000     2.421    u_soc_top/u_cpu/u_core/bp_unit/pc_reg[7]_i_4_n_0
    SLICE_X51Y51         CARRY4 (Prop_carry4_CI_CO[3])
                                                      0.098     2.519 r  u_soc_top/u_cpu/u_core/bp_unit/pc_reg[11]_i_4/CO[3]
                         net (fo=1, routed)           0.000     2.519    u_soc_top/u_cpu/u_core/bp_unit/pc_reg[11]_i_4_n_0
    SLICE_X51Y52         CARRY4 (Prop_carry4_CI_CO[3])
                                                      0.098     2.617 r  u_soc_top/u_cpu/u_core/bp_unit/pc_reg[15]_i_4/CO[3]
                         net (fo=1, routed)           0.000     2.617    u_soc_top/u_cpu/u_core/bp_unit/pc_reg[15]_i_4_n_0
    SLICE_X51Y53         CARRY4 (Prop_carry4_CI_CO[3])
                                                      0.098     2.715 r  u_soc_top/u_cpu/u_core/bp_unit/pc_reg[19]_i_4/CO[3]
                         net (fo=1, routed)           0.000     2.715    u_soc_top/u_cpu/u_core/bp_unit/pc_reg[19]_i_4_n_0
    SLICE_X51Y54         CARRY4 (Prop_carry4_CI_CO[3])
                                                      0.098     2.813 r  u_soc_top/u_cpu/u_core/bp_unit/pc_reg[23]_i_4/CO[3]
                         net (fo=1, routed)           0.000     2.813    u_soc_top/u_cpu/u_core/bp_unit/pc_reg[23]_i_4_n_0
    SLICE_X51Y55         CARRY4 (Prop_carry4_CI_CO[3])
                                                      0.098     2.911 r  u_soc_top/u_cpu/u_core/bp_unit/pc_reg[27]_i_4/CO[3]
                         net (fo=1, routed)           0.000     2.911    u_soc_top/u_cpu/u_core/bp_unit/pc_reg[27]_i_4_n_0
    SLICE_X51Y56         CARRY4 (Prop_carry4_CI_O[1])
                                                      0.265     3.176 f  u_soc_top/u_cpu/u_core/bp_unit/pc_reg[31]_i_9/O[1]
                         net (fo=3, routed)           0.614     3.790    u_soc_top/u_cpu/u_core/bp_unit/bp_jump_pc[29]
    SLICE_X55Y57         LUT6 (Prop_lut6_I4_O)        0.250     4.040 f  u_soc_top/u_cpu/u_core/bp_unit/data_out[15]_i_36/O
                         net (fo=1, routed)           0.000     4.040    u_soc_top/u_cpu/u_core/hazard_ctrl/data_out[15]_i_6[1]
    SLICE_X55Y57         CARRY4 (Prop_carry4_S[1]_CO[2])
                                                      0.475     4.515 f  u_soc_top/u_cpu/u_core/hazard_ctrl/data_out_reg[15]_i_21/CO[2]
                         net (fo=1, routed)           0.367     4.882    u_soc_top/u_cpu/u_core/reg_id_ex0_ctrl/fq_pc_reg[1][9]_4[0]
    SLICE_X50Y57         LUT6 (Prop_lut6_I5_O)        0.261     5.143 f  u_soc_top/u_cpu/u_core/reg_id_ex0_ctrl/data_out[15]_i_6/O
                         net (fo=142, routed)         0.493     5.636    u_soc_top/u_cpu/u_core/reg_id_ex1_data/if_id_flush
    SLICE_X51Y57         LUT4 (Prop_lut4_I2_O)        0.105     5.741 f  u_soc_top/u_cpu/u_core/reg_id_ex1_data/pc[1]_i_6/O
                         net (fo=2, routed)           0.940     6.681    u_soc_top/u_cpu/u_core/if_stage/pc_reg[1]_0
    SLICE_X43Y58         LUT6 (Prop_lut6_I3_O)        0.105     6.786 r  u_soc_top/u_cpu/u_core/if_stage/pc[1]_i_3/O
                         net (fo=31, routed)          0.640     7.426    u_soc_top/u_cpu/u_core/if_stage/fq_valid_reg[2]
    SLICE_X42Y56         LUT6 (Prop_lut6_I0_O)        0.105     7.531 r  u_soc_top/u_cpu/u_core/if_stage/pc[10]_i_2/O
                         net (fo=1, routed)           0.000     7.531    u_soc_top/u_cpu/u_core/reg_id_ex0_data/pc_reg[10]_rep__4
    SLICE_X42Y56         MUXF7 (Prop_muxf7_I0_O)      0.173     7.704 r  u_soc_top/u_cpu/u_core/reg_id_ex0_data/pc_reg[10]_i_1/O
                         net (fo=7, routed)           0.516     8.220    u_soc_top/u_cpu/u_core/next_pc_reg[10]
    SLICE_X43Y56         FDRE                                         r  u_soc_top/u_cpu/u_core/pc_reg[10]_rep__1/D
  -------------------------------------------------------------------    -------------------

                         (clock cpu_clk rise edge)   10.000    10.000 r  
    K21                                               0.000    10.000 r  clk_50M (IN)
                         net (fo=0)                   0.000    10.000    u_soc_top/pll_clk.u_clk_pll/inst/clk_in1
    K21                  IBUF (Prop_ibuf_I_O)         1.328    11.328 r  u_soc_top/pll_clk.u_clk_pll/inst/clkin1_ibufg/O
                         net (fo=1, routed)           1.019    12.347    u_soc_top/pll_clk.u_clk_pll/inst/clk_in1_clk_pll
    PLLE2_ADV_X0Y3       PLLE2_ADV (Prop_plle2_adv_CLKIN1_CLKOUT0)
                                                     -6.890     5.457 r  u_soc_top/pll_clk.u_clk_pll/inst/plle2_adv_inst/CLKOUT0
                         net (fo=1, routed)           1.484     6.942    u_soc_top/pll_clk.u_clk_pll/inst/cpu_clk_clk_pll
    BUFGCTRL_X0Y16       BUFG (Prop_bufg_I_O)         0.077     7.019 r  u_soc_top/pll_clk.u_clk_pll/inst/clkout1_buf/O
                         net (fo=5309, routed)        1.441     8.460    u_soc_top/u_cpu/u_core/cpu_clk
    SLICE_X43Y56         FDRE                                         r  u_soc_top/u_cpu/u_core/pc_reg[10]_rep__1/C
                         clock pessimism             -0.462     7.998    
                         clock uncertainty           -0.094     7.903    
    SLICE_X43Y56         FDRE (Setup_fdre_C_D)       -0.172     7.731    u_soc_top/u_cpu/u_core/pc_reg[10]_rep__1
  -------------------------------------------------------------------
                         required time                          7.731    
                         arrival time                          -8.220    
  -------------------------------------------------------------------
                         slack                                 -0.489    




