Copyright 1986-2019 Xilinx, Inc. All Rights Reserved.
--------------------------------------------------------------------------------------------------------------------
| Tool Version : Vivado v.2019.2 (lin64) Build 2708876 Wed Nov  6 21:39:14 MST 2019
| Date         : Tue Aug  4 14:40:28 2026
| Host         : c3c9990ebad6 running 64-bit Ubuntu 18.04.6 LTS
| Command      : report_timing -max_paths 20 -nworst 10 -file /workspace/run_vivado/project/impl_critical_paths.rpt
| Design       : thinpad_top
| Device       : 7a200t-fbg676
| Speed File   : -2  PRODUCTION 1.23 2018-06-13
--------------------------------------------------------------------------------------------------------------------

Timing Report

Slack (VIOLATED) :        -0.376ns  (required time - arrival time)
  Source:                 u_soc_top/u_axi_sram_direct/ram_ce_out_r_reg/C
                            (rising edge-triggered cell FDSE clocked by cpu_clk  {rise@0.000ns fall@5.000ns period=10.000ns})
  Destination:            ext_ram_ce_n
                            (output port clocked by cpu_clk  {rise@0.000ns fall@5.000ns period=10.000ns})
  Path Group:             cpu_clk
  Path Type:              Max at Slow Process Corner
  Requirement:            10.000ns  (cpu_clk rise@10.000ns - cpu_clk rise@0.000ns)
  Data Path Delay:        6.710ns  (logic 3.858ns (57.491%)  route 2.852ns (42.509%))
  Logic Levels:           2  (LUT2=1 OBUF=1)
  Output Delay:           0.300ns
  Clock Path Skew:        -3.272ns (DCD - SCD + CPR)
    Destination Clock Delay (DCD):    -4.543ns = ( 5.457 - 10.000 ) 
    Source Clock Delay      (SCD):    -1.883ns
    Clock Pessimism Removal (CPR):    -0.612ns
  Clock Uncertainty:      0.094ns  ((TSJ^2 + DJ^2)^1/2) / 2 + PE
    Total System Jitter     (TSJ):    0.071ns
    Discrete Jitter          (DJ):    0.175ns
    Phase Error              (PE):    0.000ns

    Location             Delay type                Incr(ns)  Path(ns)    Netlist Resource(s)
  -------------------------------------------------------------------    -------------------
                         (clock cpu_clk rise edge)    0.000     0.000 r  
    K21                                               0.000     0.000 r  clk_50M (IN)
                         net (fo=0)                   0.000     0.000    u_soc_top/pll_clk.u_clk_pll/inst/clk_in1
    K21                  IBUF (Prop_ibuf_I_O)         1.394     1.394 r  u_soc_top/pll_clk.u_clk_pll/inst/clkin1_ibufg/O
                         net (fo=1, routed)           1.080     2.474    u_soc_top/pll_clk.u_clk_pll/inst/clk_in1_clk_pll
    PLLE2_ADV_X0Y3       PLLE2_ADV (Prop_plle2_adv_CLKIN1_CLKOUT0)
                                                     -7.629    -5.155 r  u_soc_top/pll_clk.u_clk_pll/inst/plle2_adv_inst/CLKOUT0
                         net (fo=1, routed)           1.557    -3.598    u_soc_top/pll_clk.u_clk_pll/inst/cpu_clk_clk_pll
    BUFGCTRL_X0Y16       BUFG (Prop_bufg_I_O)         0.081    -3.517 r  u_soc_top/pll_clk.u_clk_pll/inst/clkout1_buf/O
                         net (fo=5419, routed)        1.634    -1.883    u_soc_top/u_axi_sram_direct/cpu_clk
    SLICE_X22Y69         FDSE                                         r  u_soc_top/u_axi_sram_direct/ram_ce_out_r_reg/C
  -------------------------------------------------------------------    -------------------
    SLICE_X22Y69         FDSE (Prop_fdse_C_Q)         0.433    -1.450 r  u_soc_top/u_axi_sram_direct/ram_ce_out_r_reg/Q
                         net (fo=2, routed)           0.700    -0.751    u_soc_top/u_axi_sram_direct/Q
    SLICE_X14Y61         LUT2 (Prop_lut2_I0_O)        0.105    -0.646 r  u_soc_top/u_axi_sram_direct/ext_ram_ce_n_OBUF_inst_i_1/O
                         net (fo=1, routed)           2.153     1.507    ext_ram_ce_n_OBUF
    AD23                 OBUF (Prop_obuf_I_O)         3.320     4.827 r  ext_ram_ce_n_OBUF_inst/O
                         net (fo=0)                   0.000     4.827    ext_ram_ce_n
    AD23                                                              r  ext_ram_ce_n (OUT)
  -------------------------------------------------------------------    -------------------

                         (clock cpu_clk rise edge)   10.000    10.000 r  
    K21                                               0.000    10.000 r  clk_50M (IN)
                         net (fo=0)                   0.000    10.000    u_soc_top/pll_clk.u_clk_pll/inst/clk_in1
    K21                  IBUF (Prop_ibuf_I_O)         1.328    11.328 r  u_soc_top/pll_clk.u_clk_pll/inst/clkin1_ibufg/O
                         net (fo=1, routed)           1.019    12.347    u_soc_top/pll_clk.u_clk_pll/inst/clk_in1_clk_pll
    PLLE2_ADV_X0Y3       PLLE2_ADV (Prop_plle2_adv_CLKIN1_CLKOUT0)
                                                     -6.890     5.457 r  u_soc_top/pll_clk.u_clk_pll/inst/plle2_adv_inst/CLKOUT0
                         clock pessimism             -0.612     4.845    
                         clock uncertainty           -0.094     4.751    
                         output delay                -0.300     4.451    
  -------------------------------------------------------------------
                         required time                          4.451    
                         arrival time                          -4.827    
  -------------------------------------------------------------------
                         slack                                 -0.376    

Slack (VIOLATED) :        -0.376ns  (required time - arrival time)
  Source:                 u_soc_top/u_axi_sram_direct/ram_ce_out_r_reg/C
                            (rising edge-triggered cell FDSE clocked by cpu_clk  {rise@0.000ns fall@5.000ns period=10.000ns})
  Destination:            ext_ram_ce_n
                            (output port clocked by cpu_clk  {rise@0.000ns fall@5.000ns period=10.000ns})
  Path Group:             cpu_clk
  Path Type:              Max at Slow Process Corner
  Requirement:            10.000ns  (cpu_clk rise@10.000ns - cpu_clk rise@0.000ns)
  Data Path Delay:        6.710ns  (logic 3.858ns (57.491%)  route 2.852ns (42.509%))
  Logic Levels:           2  (LUT2=1 OBUF=1)
  Output Delay:           0.300ns
  Clock Path Skew:        -3.272ns (DCD - SCD + CPR)
    Destination Clock Delay (DCD):    -4.543ns = ( 5.457 - 10.000 ) 
    Source Clock Delay      (SCD):    -1.883ns
    Clock Pessimism Removal (CPR):    -0.612ns
  Clock Uncertainty:      0.094ns  ((TSJ^2 + DJ^2)^1/2) / 2 + PE
    Total System Jitter     (TSJ):    0.071ns
    Discrete Jitter          (DJ):    0.175ns
    Phase Error              (PE):    0.000ns

    Location             Delay type                Incr(ns)  Path(ns)    Netlist Resource(s)
  -------------------------------------------------------------------    -------------------
                         (clock cpu_clk rise edge)    0.000     0.000 r  
    K21                                               0.000     0.000 r  clk_50M (IN)
                         net (fo=0)                   0.000     0.000    u_soc_top/pll_clk.u_clk_pll/inst/clk_in1
    K21                  IBUF (Prop_ibuf_I_O)         1.394     1.394 r  u_soc_top/pll_clk.u_clk_pll/inst/clkin1_ibufg/O
                         net (fo=1, routed)           1.080     2.474    u_soc_top/pll_clk.u_clk_pll/inst/clk_in1_clk_pll
    PLLE2_ADV_X0Y3       PLLE2_ADV (Prop_plle2_adv_CLKIN1_CLKOUT0)
                                                     -7.629    -5.155 r  u_soc_top/pll_clk.u_clk_pll/inst/plle2_adv_inst/CLKOUT0
                         net (fo=1, routed)           1.557    -3.598    u_soc_top/pll_clk.u_clk_pll/inst/cpu_clk_clk_pll
    BUFGCTRL_X0Y16       BUFG (Prop_bufg_I_O)         0.081    -3.517 r  u_soc_top/pll_clk.u_clk_pll/inst/clkout1_buf/O
                         net (fo=5419, routed)        1.634    -1.883    u_soc_top/u_axi_sram_direct/cpu_clk
    SLICE_X22Y69         FDSE                                         r  u_soc_top/u_axi_sram_direct/ram_ce_out_r_reg/C
  -------------------------------------------------------------------    -------------------
    SLICE_X22Y69         FDSE (Prop_fdse_C_Q)         0.433    -1.450 f  u_soc_top/u_axi_sram_direct/ram_ce_out_r_reg/Q
                         net (fo=2, routed)           0.700    -0.751    u_soc_top/u_axi_sram_direct/Q
    SLICE_X14Y61         LUT2 (Prop_lut2_I0_O)        0.105    -0.646 f  u_soc_top/u_axi_sram_direct/ext_ram_ce_n_OBUF_inst_i_1/O
                         net (fo=1, routed)           2.153     1.507    ext_ram_ce_n_OBUF
    AD23                 OBUF (Prop_obuf_I_O)         3.320     4.827 f  ext_ram_ce_n_OBUF_inst/O
                         net (fo=0)                   0.000     4.827    ext_ram_ce_n
    AD23                                                              f  ext_ram_ce_n (OUT)
  -------------------------------------------------------------------    -------------------

                         (clock cpu_clk rise edge)   10.000    10.000 r  
    K21                                               0.000    10.000 r  clk_50M (IN)
                         net (fo=0)                   0.000    10.000    u_soc_top/pll_clk.u_clk_pll/inst/clk_in1
    K21                  IBUF (Prop_ibuf_I_O)         1.328    11.328 r  u_soc_top/pll_clk.u_clk_pll/inst/clkin1_ibufg/O
                         net (fo=1, routed)           1.019    12.347    u_soc_top/pll_clk.u_clk_pll/inst/clk_in1_clk_pll
    PLLE2_ADV_X0Y3       PLLE2_ADV (Prop_plle2_adv_CLKIN1_CLKOUT0)
                                                     -6.890     5.457 r  u_soc_top/pll_clk.u_clk_pll/inst/plle2_adv_inst/CLKOUT0
                         clock pessimism             -0.612     4.845    
                         clock uncertainty           -0.094     4.751    
                         output delay                -0.300     4.451    
  -------------------------------------------------------------------
                         required time                          4.451    
                         arrival time                          -4.827    
  -------------------------------------------------------------------
                         slack                                 -0.376    

Slack (VIOLATED) :        -0.175ns  (required time - arrival time)
  Source:                 u_soc_top/u_axi_sram_direct/bank_out_r_reg/C
                            (rising edge-triggered cell FDRE clocked by cpu_clk  {rise@0.000ns fall@5.000ns period=10.000ns})
  Destination:            ext_ram_ce_n
                            (output port clocked by cpu_clk  {rise@0.000ns fall@5.000ns period=10.000ns})
  Path Group:             cpu_clk
  Path Type:              Max at Slow Process Corner
  Requirement:            10.000ns  (cpu_clk rise@10.000ns - cpu_clk rise@0.000ns)
  Data Path Delay:        6.503ns  (logic 3.858ns (59.323%)  route 2.645ns (40.677%))
  Logic Levels:           2  (LUT2=1 OBUF=1)
  Output Delay:           0.300ns
  Clock Path Skew:        -3.278ns (DCD - SCD + CPR)
    Destination Clock Delay (DCD):    -4.543ns = ( 5.457 - 10.000 ) 
    Source Clock Delay      (SCD):    -1.877ns
    Clock Pessimism Removal (CPR):    -0.612ns
  Clock Uncertainty:      0.094ns  ((TSJ^2 + DJ^2)^1/2) / 2 + PE
    Total System Jitter     (TSJ):    0.071ns
    Discrete Jitter          (DJ):    0.175ns
    Phase Error              (PE):    0.000ns

    Location             Delay type                Incr(ns)  Path(ns)    Netlist Resource(s)
  -------------------------------------------------------------------    -------------------
                         (clock cpu_clk rise edge)    0.000     0.000 r  
    K21                                               0.000     0.000 r  clk_50M (IN)
                         net (fo=0)                   0.000     0.000    u_soc_top/pll_clk.u_clk_pll/inst/clk_in1
    K21                  IBUF (Prop_ibuf_I_O)         1.394     1.394 r  u_soc_top/pll_clk.u_clk_pll/inst/clkin1_ibufg/O
                         net (fo=1, routed)           1.080     2.474    u_soc_top/pll_clk.u_clk_pll/inst/clk_in1_clk_pll
    PLLE2_ADV_X0Y3       PLLE2_ADV (Prop_plle2_adv_CLKIN1_CLKOUT0)
                                                     -7.629    -5.155 r  u_soc_top/pll_clk.u_clk_pll/inst/plle2_adv_inst/CLKOUT0
                         net (fo=1, routed)           1.557    -3.598    u_soc_top/pll_clk.u_clk_pll/inst/cpu_clk_clk_pll
    BUFGCTRL_X0Y16       BUFG (Prop_bufg_I_O)         0.081    -3.517 r  u_soc_top/pll_clk.u_clk_pll/inst/clkout1_buf/O
                         net (fo=5419, routed)        1.640    -1.877    u_soc_top/u_axi_sram_direct/cpu_clk
    SLICE_X12Y65         FDRE                                         r  u_soc_top/u_axi_sram_direct/bank_out_r_reg/C
  -------------------------------------------------------------------    -------------------
    SLICE_X12Y65         FDRE (Prop_fdre_C_Q)         0.433    -1.444 f  u_soc_top/u_axi_sram_direct/bank_out_r_reg/Q
                         net (fo=2, routed)           0.493    -0.952    u_soc_top/u_axi_sram_direct/bank_out_r
    SLICE_X14Y61         LUT2 (Prop_lut2_I1_O)        0.105    -0.847 r  u_soc_top/u_axi_sram_direct/ext_ram_ce_n_OBUF_inst_i_1/O
                         net (fo=1, routed)           2.153     1.306    ext_ram_ce_n_OBUF
    AD23                 OBUF (Prop_obuf_I_O)         3.320     4.625 r  ext_ram_ce_n_OBUF_inst/O
                         net (fo=0)                   0.000     4.625    ext_ram_ce_n
    AD23                                                              r  ext_ram_ce_n (OUT)
  -------------------------------------------------------------------    -------------------

                         (clock cpu_clk rise edge)   10.000    10.000 r  
    K21                                               0.000    10.000 r  clk_50M (IN)
                         net (fo=0)                   0.000    10.000    u_soc_top/pll_clk.u_clk_pll/inst/clk_in1
    K21                  IBUF (Prop_ibuf_I_O)         1.328    11.328 r  u_soc_top/pll_clk.u_clk_pll/inst/clkin1_ibufg/O
                         net (fo=1, routed)           1.019    12.347    u_soc_top/pll_clk.u_clk_pll/inst/clk_in1_clk_pll
    PLLE2_ADV_X0Y3       PLLE2_ADV (Prop_plle2_adv_CLKIN1_CLKOUT0)
                                                     -6.890     5.457 r  u_soc_top/pll_clk.u_clk_pll/inst/plle2_adv_inst/CLKOUT0
                         clock pessimism             -0.612     4.845    
                         clock uncertainty           -0.094     4.751    
                         output delay                -0.300     4.451    
  -------------------------------------------------------------------
                         required time                          4.451    
                         arrival time                          -4.625    
  -------------------------------------------------------------------
                         slack                                 -0.175    

Slack (VIOLATED) :        -0.175ns  (required time - arrival time)
  Source:                 u_soc_top/u_axi_sram_direct/bank_out_r_reg/C
                            (rising edge-triggered cell FDRE clocked by cpu_clk  {rise@0.000ns fall@5.000ns period=10.000ns})
  Destination:            ext_ram_ce_n
                            (output port clocked by cpu_clk  {rise@0.000ns fall@5.000ns period=10.000ns})
  Path Group:             cpu_clk
  Path Type:              Max at Slow Process Corner
  Requirement:            10.000ns  (cpu_clk rise@10.000ns - cpu_clk rise@0.000ns)
  Data Path Delay:        6.503ns  (logic 3.858ns (59.323%)  route 2.645ns (40.677%))
  Logic Levels:           2  (LUT2=1 OBUF=1)
  Output Delay:           0.300ns
  Clock Path Skew:        -3.278ns (DCD - SCD + CPR)
    Destination Clock Delay (DCD):    -4.543ns = ( 5.457 - 10.000 ) 
    Source Clock Delay      (SCD):    -1.877ns
    Clock Pessimism Removal (CPR):    -0.612ns
  Clock Uncertainty:      0.094ns  ((TSJ^2 + DJ^2)^1/2) / 2 + PE
    Total System Jitter     (TSJ):    0.071ns
    Discrete Jitter          (DJ):    0.175ns
    Phase Error              (PE):    0.000ns

    Location             Delay type                Incr(ns)  Path(ns)    Netlist Resource(s)
  -------------------------------------------------------------------    -------------------
                         (clock cpu_clk rise edge)    0.000     0.000 r  
    K21                                               0.000     0.000 r  clk_50M (IN)
                         net (fo=0)                   0.000     0.000    u_soc_top/pll_clk.u_clk_pll/inst/clk_in1
    K21                  IBUF (Prop_ibuf_I_O)         1.394     1.394 r  u_soc_top/pll_clk.u_clk_pll/inst/clkin1_ibufg/O
                         net (fo=1, routed)           1.080     2.474    u_soc_top/pll_clk.u_clk_pll/inst/clk_in1_clk_pll
    PLLE2_ADV_X0Y3       PLLE2_ADV (Prop_plle2_adv_CLKIN1_CLKOUT0)
                                                     -7.629    -5.155 r  u_soc_top/pll_clk.u_clk_pll/inst/plle2_adv_inst/CLKOUT0
                         net (fo=1, routed)           1.557    -3.598    u_soc_top/pll_clk.u_clk_pll/inst/cpu_clk_clk_pll
    BUFGCTRL_X0Y16       BUFG (Prop_bufg_I_O)         0.081    -3.517 r  u_soc_top/pll_clk.u_clk_pll/inst/clkout1_buf/O
                         net (fo=5419, routed)        1.640    -1.877    u_soc_top/u_axi_sram_direct/cpu_clk
    SLICE_X12Y65         FDRE                                         r  u_soc_top/u_axi_sram_direct/bank_out_r_reg/C
  -------------------------------------------------------------------    -------------------
    SLICE_X12Y65         FDRE (Prop_fdre_C_Q)         0.433    -1.444 r  u_soc_top/u_axi_sram_direct/bank_out_r_reg/Q
                         net (fo=2, routed)           0.493    -0.952    u_soc_top/u_axi_sram_direct/bank_out_r
    SLICE_X14Y61         LUT2 (Prop_lut2_I1_O)        0.105    -0.847 f  u_soc_top/u_axi_sram_direct/ext_ram_ce_n_OBUF_inst_i_1/O
                         net (fo=1, routed)           2.153     1.306    ext_ram_ce_n_OBUF
    AD23                 OBUF (Prop_obuf_I_O)         3.320     4.625 f  ext_ram_ce_n_OBUF_inst/O
                         net (fo=0)                   0.000     4.625    ext_ram_ce_n
    AD23                                                              f  ext_ram_ce_n (OUT)
  -------------------------------------------------------------------    -------------------

                         (clock cpu_clk rise edge)   10.000    10.000 r  
    K21                                               0.000    10.000 r  clk_50M (IN)
                         net (fo=0)                   0.000    10.000    u_soc_top/pll_clk.u_clk_pll/inst/clk_in1
    K21                  IBUF (Prop_ibuf_I_O)         1.328    11.328 r  u_soc_top/pll_clk.u_clk_pll/inst/clkin1_ibufg/O
                         net (fo=1, routed)           1.019    12.347    u_soc_top/pll_clk.u_clk_pll/inst/clk_in1_clk_pll
    PLLE2_ADV_X0Y3       PLLE2_ADV (Prop_plle2_adv_CLKIN1_CLKOUT0)
                                                     -6.890     5.457 r  u_soc_top/pll_clk.u_clk_pll/inst/plle2_adv_inst/CLKOUT0
                         clock pessimism             -0.612     4.845    
                         clock uncertainty           -0.094     4.751    
                         output delay                -0.300     4.451    
  -------------------------------------------------------------------
                         required time                          4.451    
                         arrival time                          -4.625    
  -------------------------------------------------------------------
                         slack                                 -0.175    

Slack (VIOLATED) :        -0.094ns  (required time - arrival time)
  Source:                 u_soc_top/u_axi_sram_direct/ram_addr_out_r_reg[6]_lopt_replica/C
                            (rising edge-triggered cell FDRE clocked by cpu_clk  {rise@0.000ns fall@5.000ns period=10.000ns})
  Destination:            base_ram_addr[6]
                            (output port clocked by cpu_clk  {rise@0.000ns fall@5.000ns period=10.000ns})
  Path Group:             cpu_clk
  Path Type:              Max at Slow Process Corner
  Requirement:            10.000ns  (cpu_clk rise@10.000ns - cpu_clk rise@0.000ns)
  Data Path Delay:        6.419ns  (logic 3.807ns (59.308%)  route 2.612ns (40.692%))
  Logic Levels:           1  (OBUF=1)
  Output Delay:           0.300ns
  Clock Path Skew:        -3.281ns (DCD - SCD + CPR)
    Destination Clock Delay (DCD):    -4.543ns = ( 5.457 - 10.000 ) 
    Source Clock Delay      (SCD):    -1.874ns
    Clock Pessimism Removal (CPR):    -0.612ns
  Clock Uncertainty:      0.094ns  ((TSJ^2 + DJ^2)^1/2) / 2 + PE
    Total System Jitter     (TSJ):    0.071ns
    Discrete Jitter          (DJ):    0.175ns
    Phase Error              (PE):    0.000ns

    Location             Delay type                Incr(ns)  Path(ns)    Netlist Resource(s)
  -------------------------------------------------------------------    -------------------
                         (clock cpu_clk rise edge)    0.000     0.000 r  
    K21                                               0.000     0.000 r  clk_50M (IN)
                         net (fo=0)                   0.000     0.000    u_soc_top/pll_clk.u_clk_pll/inst/clk_in1
    K21                  IBUF (Prop_ibuf_I_O)         1.394     1.394 r  u_soc_top/pll_clk.u_clk_pll/inst/clkin1_ibufg/O
                         net (fo=1, routed)           1.080     2.474    u_soc_top/pll_clk.u_clk_pll/inst/clk_in1_clk_pll
    PLLE2_ADV_X0Y3       PLLE2_ADV (Prop_plle2_adv_CLKIN1_CLKOUT0)
                                                     -7.629    -5.155 r  u_soc_top/pll_clk.u_clk_pll/inst/plle2_adv_inst/CLKOUT0
                         net (fo=1, routed)           1.557    -3.598    u_soc_top/pll_clk.u_clk_pll/inst/cpu_clk_clk_pll
    BUFGCTRL_X0Y16       BUFG (Prop_bufg_I_O)         0.081    -3.517 r  u_soc_top/pll_clk.u_clk_pll/inst/clkout1_buf/O
                         net (fo=5419, routed)        1.643    -1.874    u_soc_top/u_axi_sram_direct/cpu_clk
    SLICE_X20Y61         FDRE                                         r  u_soc_top/u_axi_sram_direct/ram_addr_out_r_reg[6]_lopt_replica/C
  -------------------------------------------------------------------    -------------------
    SLICE_X20Y61         FDRE (Prop_fdre_C_Q)         0.398    -1.476 r  u_soc_top/u_axi_sram_direct/ram_addr_out_r_reg[6]_lopt_replica/Q
                         net (fo=1, routed)           2.612     1.136    lopt_32
    R23                  OBUF (Prop_obuf_I_O)         3.409     4.544 r  base_ram_addr_OBUF[6]_inst/O
                         net (fo=0)                   0.000     4.544    base_ram_addr[6]
    R23                                                               r  base_ram_addr[6] (OUT)
  -------------------------------------------------------------------    -------------------

                         (clock cpu_clk rise edge)   10.000    10.000 r  
    K21                                               0.000    10.000 r  clk_50M (IN)
                         net (fo=0)                   0.000    10.000    u_soc_top/pll_clk.u_clk_pll/inst/clk_in1
    K21                  IBUF (Prop_ibuf_I_O)         1.328    11.328 r  u_soc_top/pll_clk.u_clk_pll/inst/clkin1_ibufg/O
                         net (fo=1, routed)           1.019    12.347    u_soc_top/pll_clk.u_clk_pll/inst/clk_in1_clk_pll
    PLLE2_ADV_X0Y3       PLLE2_ADV (Prop_plle2_adv_CLKIN1_CLKOUT0)
                                                     -6.890     5.457 r  u_soc_top/pll_clk.u_clk_pll/inst/plle2_adv_inst/CLKOUT0
                         clock pessimism             -0.612     4.845    
                         clock uncertainty           -0.094     4.751    
                         output delay                -0.300     4.451    
  -------------------------------------------------------------------
                         required time                          4.451    
                         arrival time                          -4.544    
  -------------------------------------------------------------------
                         slack                                 -0.094    

Slack (VIOLATED) :        -0.094ns  (required time - arrival time)
  Source:                 u_soc_top/u_axi_sram_direct/ram_addr_out_r_reg[6]_lopt_replica/C
                            (rising edge-triggered cell FDRE clocked by cpu_clk  {rise@0.000ns fall@5.000ns period=10.000ns})
  Destination:            base_ram_addr[6]
                            (output port clocked by cpu_clk  {rise@0.000ns fall@5.000ns period=10.000ns})
  Path Group:             cpu_clk
  Path Type:              Max at Slow Process Corner
  Requirement:            10.000ns  (cpu_clk rise@10.000ns - cpu_clk rise@0.000ns)
  Data Path Delay:        6.419ns  (logic 3.807ns (59.308%)  route 2.612ns (40.692%))
  Logic Levels:           1  (OBUF=1)
  Output Delay:           0.300ns
  Clock Path Skew:        -3.281ns (DCD - SCD + CPR)
    Destination Clock Delay (DCD):    -4.543ns = ( 5.457 - 10.000 ) 
    Source Clock Delay      (SCD):    -1.874ns
    Clock Pessimism Removal (CPR):    -0.612ns
  Clock Uncertainty:      0.094ns  ((TSJ^2 + DJ^2)^1/2) / 2 + PE
    Total System Jitter     (TSJ):    0.071ns
    Discrete Jitter          (DJ):    0.175ns
    Phase Error              (PE):    0.000ns

    Location             Delay type                Incr(ns)  Path(ns)    Netlist Resource(s)
  -------------------------------------------------------------------    -------------------
                         (clock cpu_clk rise edge)    0.000     0.000 r  
    K21                                               0.000     0.000 r  clk_50M (IN)
                         net (fo=0)                   0.000     0.000    u_soc_top/pll_clk.u_clk_pll/inst/clk_in1
    K21                  IBUF (Prop_ibuf_I_O)         1.394     1.394 r  u_soc_top/pll_clk.u_clk_pll/inst/clkin1_ibufg/O
                         net (fo=1, routed)           1.080     2.474    u_soc_top/pll_clk.u_clk_pll/inst/clk_in1_clk_pll
    PLLE2_ADV_X0Y3       PLLE2_ADV (Prop_plle2_adv_CLKIN1_CLKOUT0)
                                                     -7.629    -5.155 r  u_soc_top/pll_clk.u_clk_pll/inst/plle2_adv_inst/CLKOUT0
                         net (fo=1, routed)           1.557    -3.598    u_soc_top/pll_clk.u_clk_pll/inst/cpu_clk_clk_pll
    BUFGCTRL_X0Y16       BUFG (Prop_bufg_I_O)         0.081    -3.517 r  u_soc_top/pll_clk.u_clk_pll/inst/clkout1_buf/O
                         net (fo=5419, routed)        1.643    -1.874    u_soc_top/u_axi_sram_direct/cpu_clk
    SLICE_X20Y61         FDRE                                         r  u_soc_top/u_axi_sram_direct/ram_addr_out_r_reg[6]_lopt_replica/C
  -------------------------------------------------------------------    -------------------
    SLICE_X20Y61         FDRE (Prop_fdre_C_Q)         0.398    -1.476 f  u_soc_top/u_axi_sram_direct/ram_addr_out_r_reg[6]_lopt_replica/Q
                         net (fo=1, routed)           2.612     1.136    lopt_32
    R23                  OBUF (Prop_obuf_I_O)         3.409     4.544 f  base_ram_addr_OBUF[6]_inst/O
                         net (fo=0)                   0.000     4.544    base_ram_addr[6]
    R23                                                               f  base_ram_addr[6] (OUT)
  -------------------------------------------------------------------    -------------------

                         (clock cpu_clk rise edge)   10.000    10.000 r  
    K21                                               0.000    10.000 r  clk_50M (IN)
                         net (fo=0)                   0.000    10.000    u_soc_top/pll_clk.u_clk_pll/inst/clk_in1
    K21                  IBUF (Prop_ibuf_I_O)         1.328    11.328 r  u_soc_top/pll_clk.u_clk_pll/inst/clkin1_ibufg/O
                         net (fo=1, routed)           1.019    12.347    u_soc_top/pll_clk.u_clk_pll/inst/clk_in1_clk_pll
    PLLE2_ADV_X0Y3       PLLE2_ADV (Prop_plle2_adv_CLKIN1_CLKOUT0)
                                                     -6.890     5.457 r  u_soc_top/pll_clk.u_clk_pll/inst/plle2_adv_inst/CLKOUT0
                         clock pessimism             -0.612     4.845    
                         clock uncertainty           -0.094     4.751    
                         output delay                -0.300     4.451    
  -------------------------------------------------------------------
                         required time                          4.451    
                         arrival time                          -4.544    
  -------------------------------------------------------------------
                         slack                                 -0.094    

Slack (VIOLATED) :        -0.062ns  (required time - arrival time)
  Source:                 u_soc_top/u_axi_sram_direct/ram_wdata_out_r_reg[30]/C
                            (rising edge-triggered cell FDRE clocked by cpu_clk  {rise@0.000ns fall@5.000ns period=10.000ns})
  Destination:            ext_ram_data[30]
                            (output port clocked by cpu_clk  {rise@0.000ns fall@5.000ns period=10.000ns})
  Path Group:             cpu_clk
  Path Type:              Max at Slow Process Corner
  Requirement:            10.000ns  (cpu_clk rise@10.000ns - cpu_clk rise@0.000ns)
  Data Path Delay:        6.321ns  (logic 3.653ns (57.796%)  route 2.668ns (42.204%))
  Logic Levels:           1  (OBUFT=1)
  Output Delay:           0.300ns
  Clock Path Skew:        -3.346ns (DCD - SCD + CPR)
    Destination Clock Delay (DCD):    -4.543ns = ( 5.457 - 10.000 ) 
    Source Clock Delay      (SCD):    -1.809ns
    Clock Pessimism Removal (CPR):    -0.612ns
  Clock Uncertainty:      0.094ns  ((TSJ^2 + DJ^2)^1/2) / 2 + PE
    Total System Jitter     (TSJ):    0.071ns
    Discrete Jitter          (DJ):    0.175ns
    Phase Error              (PE):    0.000ns

    Location             Delay type                Incr(ns)  Path(ns)    Netlist Resource(s)
  -------------------------------------------------------------------    -------------------
                         (clock cpu_clk rise edge)    0.000     0.000 r  
    K21                                               0.000     0.000 r  clk_50M (IN)
                         net (fo=0)                   0.000     0.000    u_soc_top/pll_clk.u_clk_pll/inst/clk_in1
    K21                  IBUF (Prop_ibuf_I_O)         1.394     1.394 r  u_soc_top/pll_clk.u_clk_pll/inst/clkin1_ibufg/O
                         net (fo=1, routed)           1.080     2.474    u_soc_top/pll_clk.u_clk_pll/inst/clk_in1_clk_pll
    PLLE2_ADV_X0Y3       PLLE2_ADV (Prop_plle2_adv_CLKIN1_CLKOUT0)
                                                     -7.629    -5.155 r  u_soc_top/pll_clk.u_clk_pll/inst/plle2_adv_inst/CLKOUT0
                         net (fo=1, routed)           1.557    -3.598    u_soc_top/pll_clk.u_clk_pll/inst/cpu_clk_clk_pll
    BUFGCTRL_X0Y16       BUFG (Prop_bufg_I_O)         0.081    -3.517 r  u_soc_top/pll_clk.u_clk_pll/inst/clkout1_buf/O
                         net (fo=5419, routed)        1.708    -1.809    u_soc_top/u_axi_sram_direct/cpu_clk
    SLICE_X1Y84          FDRE                                         r  u_soc_top/u_axi_sram_direct/ram_wdata_out_r_reg[30]/C
  -------------------------------------------------------------------    -------------------
    SLICE_X1Y84          FDRE (Prop_fdre_C_Q)         0.379    -1.430 r  u_soc_top/u_axi_sram_direct/ram_wdata_out_r_reg[30]/Q
                         net (fo=2, routed)           2.668     1.238    ext_ram_data_IOBUF[30]_inst/I
    AA19                 OBUFT (Prop_obuft_I_O)       3.274     4.512 r  ext_ram_data_IOBUF[30]_inst/OBUFT/O
                         net (fo=1, unset)            0.000     4.512    ext_ram_data[30]
    AA19                                                              r  ext_ram_data[30] (INOUT)
  -------------------------------------------------------------------    -------------------

                         (clock cpu_clk rise edge)   10.000    10.000 r  
    K21                                               0.000    10.000 r  clk_50M (IN)
                         net (fo=0)                   0.000    10.000    u_soc_top/pll_clk.u_clk_pll/inst/clk_in1
    K21                  IBUF (Prop_ibuf_I_O)         1.328    11.328 r  u_soc_top/pll_clk.u_clk_pll/inst/clkin1_ibufg/O
                         net (fo=1, routed)           1.019    12.347    u_soc_top/pll_clk.u_clk_pll/inst/clk_in1_clk_pll
    PLLE2_ADV_X0Y3       PLLE2_ADV (Prop_plle2_adv_CLKIN1_CLKOUT0)
                                                     -6.890     5.457 r  u_soc_top/pll_clk.u_clk_pll/inst/plle2_adv_inst/CLKOUT0
                         clock pessimism             -0.612     4.845    
                         clock uncertainty           -0.094     4.751    
                         output delay                -0.300     4.451    
  -------------------------------------------------------------------
                         required time                          4.451    
                         arrival time                          -4.512    
  -------------------------------------------------------------------
                         slack                                 -0.062    

Slack (VIOLATED) :        -0.062ns  (required time - arrival time)
  Source:                 u_soc_top/u_axi_sram_direct/ram_wdata_out_r_reg[30]/C
                            (rising edge-triggered cell FDRE clocked by cpu_clk  {rise@0.000ns fall@5.000ns period=10.000ns})
  Destination:            ext_ram_data[30]
                            (output port clocked by cpu_clk  {rise@0.000ns fall@5.000ns period=10.000ns})
  Path Group:             cpu_clk
  Path Type:              Max at Slow Process Corner
  Requirement:            10.000ns  (cpu_clk rise@10.000ns - cpu_clk rise@0.000ns)
  Data Path Delay:        6.321ns  (logic 3.653ns (57.796%)  route 2.668ns (42.204%))
  Logic Levels:           1  (OBUFT=1)
  Output Delay:           0.300ns
  Clock Path Skew:        -3.346ns (DCD - SCD + CPR)
    Destination Clock Delay (DCD):    -4.543ns = ( 5.457 - 10.000 ) 
    Source Clock Delay      (SCD):    -1.809ns
    Clock Pessimism Removal (CPR):    -0.612ns
  Clock Uncertainty:      0.094ns  ((TSJ^2 + DJ^2)^1/2) / 2 + PE
    Total System Jitter     (TSJ):    0.071ns
    Discrete Jitter          (DJ):    0.175ns
    Phase Error              (PE):    0.000ns

    Location             Delay type                Incr(ns)  Path(ns)    Netlist Resource(s)
  -------------------------------------------------------------------    -------------------
                         (clock cpu_clk rise edge)    0.000     0.000 r  
    K21                                               0.000     0.000 r  clk_50M (IN)
                         net (fo=0)                   0.000     0.000    u_soc_top/pll_clk.u_clk_pll/inst/clk_in1
    K21                  IBUF (Prop_ibuf_I_O)         1.394     1.394 r  u_soc_top/pll_clk.u_clk_pll/inst/clkin1_ibufg/O
                         net (fo=1, routed)           1.080     2.474    u_soc_top/pll_clk.u_clk_pll/inst/clk_in1_clk_pll
    PLLE2_ADV_X0Y3       PLLE2_ADV (Prop_plle2_adv_CLKIN1_CLKOUT0)
                                                     -7.629    -5.155 r  u_soc_top/pll_clk.u_clk_pll/inst/plle2_adv_inst/CLKOUT0
                         net (fo=1, routed)           1.557    -3.598    u_soc_top/pll_clk.u_clk_pll/inst/cpu_clk_clk_pll
    BUFGCTRL_X0Y16       BUFG (Prop_bufg_I_O)         0.081    -3.517 r  u_soc_top/pll_clk.u_clk_pll/inst/clkout1_buf/O
                         net (fo=5419, routed)        1.708    -1.809    u_soc_top/u_axi_sram_direct/cpu_clk
    SLICE_X1Y84          FDRE                                         r  u_soc_top/u_axi_sram_direct/ram_wdata_out_r_reg[30]/C
  -------------------------------------------------------------------    -------------------
    SLICE_X1Y84          FDRE (Prop_fdre_C_Q)         0.379    -1.430 f  u_soc_top/u_axi_sram_direct/ram_wdata_out_r_reg[30]/Q
                         net (fo=2, routed)           2.668     1.238    ext_ram_data_IOBUF[30]_inst/I
    AA19                 OBUFT (Prop_obuft_I_O)       3.274     4.512 f  ext_ram_data_IOBUF[30]_inst/OBUFT/O
                         net (fo=1, unset)            0.000     4.512    ext_ram_data[30]
    AA19                                                              f  ext_ram_data[30] (INOUT)
  -------------------------------------------------------------------    -------------------

                         (clock cpu_clk rise edge)   10.000    10.000 r  
    K21                                               0.000    10.000 r  clk_50M (IN)
                         net (fo=0)                   0.000    10.000    u_soc_top/pll_clk.u_clk_pll/inst/clk_in1
    K21                  IBUF (Prop_ibuf_I_O)         1.328    11.328 r  u_soc_top/pll_clk.u_clk_pll/inst/clkin1_ibufg/O
                         net (fo=1, routed)           1.019    12.347    u_soc_top/pll_clk.u_clk_pll/inst/clk_in1_clk_pll
    PLLE2_ADV_X0Y3       PLLE2_ADV (Prop_plle2_adv_CLKIN1_CLKOUT0)
                                                     -6.890     5.457 r  u_soc_top/pll_clk.u_clk_pll/inst/plle2_adv_inst/CLKOUT0
                         clock pessimism             -0.612     4.845    
                         clock uncertainty           -0.094     4.751    
                         output delay                -0.300     4.451    
  -------------------------------------------------------------------
                         required time                          4.451    
                         arrival time                          -4.512    
  -------------------------------------------------------------------
                         slack                                 -0.062    

Slack (VIOLATED) :        -0.043ns  (required time - arrival time)
  Source:                 u_soc_top/u_axi_sram_direct/ram_wdata_out_r_reg[22]/C
                            (rising edge-triggered cell FDRE clocked by cpu_clk  {rise@0.000ns fall@5.000ns period=10.000ns})
  Destination:            base_ram_data[22]
                            (output port clocked by cpu_clk  {rise@0.000ns fall@5.000ns period=10.000ns})
  Path Group:             cpu_clk
  Path Type:              Max at Slow Process Corner
  Requirement:            10.000ns  (cpu_clk rise@10.000ns - cpu_clk rise@0.000ns)
  Data Path Delay:        6.299ns  (logic 3.661ns (58.129%)  route 2.637ns (41.871%))
  Logic Levels:           1  (OBUFT=1)
  Output Delay:           0.300ns
  Clock Path Skew:        -3.350ns (DCD - SCD + CPR)
    Destination Clock Delay (DCD):    -4.543ns = ( 5.457 - 10.000 ) 
    Source Clock Delay      (SCD):    -1.805ns
    Clock Pessimism Removal (CPR):    -0.612ns
  Clock Uncertainty:      0.094ns  ((TSJ^2 + DJ^2)^1/2) / 2 + PE
    Total System Jitter     (TSJ):    0.071ns
    Discrete Jitter          (DJ):    0.175ns
    Phase Error              (PE):    0.000ns

    Location             Delay type                Incr(ns)  Path(ns)    Netlist Resource(s)
  -------------------------------------------------------------------    -------------------
                         (clock cpu_clk rise edge)    0.000     0.000 r  
    K21                                               0.000     0.000 r  clk_50M (IN)
                         net (fo=0)                   0.000     0.000    u_soc_top/pll_clk.u_clk_pll/inst/clk_in1
    K21                  IBUF (Prop_ibuf_I_O)         1.394     1.394 r  u_soc_top/pll_clk.u_clk_pll/inst/clkin1_ibufg/O
                         net (fo=1, routed)           1.080     2.474    u_soc_top/pll_clk.u_clk_pll/inst/clk_in1_clk_pll
    PLLE2_ADV_X0Y3       PLLE2_ADV (Prop_plle2_adv_CLKIN1_CLKOUT0)
                                                     -7.629    -5.155 r  u_soc_top/pll_clk.u_clk_pll/inst/plle2_adv_inst/CLKOUT0
                         net (fo=1, routed)           1.557    -3.598    u_soc_top/pll_clk.u_clk_pll/inst/cpu_clk_clk_pll
    BUFGCTRL_X0Y16       BUFG (Prop_bufg_I_O)         0.081    -3.517 r  u_soc_top/pll_clk.u_clk_pll/inst/clkout1_buf/O
                         net (fo=5419, routed)        1.712    -1.805    u_soc_top/u_axi_sram_direct/cpu_clk
    SLICE_X3Y61          FDRE                                         r  u_soc_top/u_axi_sram_direct/ram_wdata_out_r_reg[22]/C
  -------------------------------------------------------------------    -------------------
    SLICE_X3Y61          FDRE (Prop_fdre_C_Q)         0.379    -1.426 r  u_soc_top/u_axi_sram_direct/ram_wdata_out_r_reg[22]/Q
                         net (fo=2, routed)           2.637     1.211    base_ram_data_IOBUF[22]_inst/I
    N24                  OBUFT (Prop_obuft_I_O)       3.282     4.494 r  base_ram_data_IOBUF[22]_inst/OBUFT/O
                         net (fo=1, unset)            0.000     4.494    base_ram_data[22]
    N24                                                               r  base_ram_data[22] (INOUT)
  -------------------------------------------------------------------    -------------------

                         (clock cpu_clk rise edge)   10.000    10.000 r  
    K21                                               0.000    10.000 r  clk_50M (IN)
                         net (fo=0)                   0.000    10.000    u_soc_top/pll_clk.u_clk_pll/inst/clk_in1
    K21                  IBUF (Prop_ibuf_I_O)         1.328    11.328 r  u_soc_top/pll_clk.u_clk_pll/inst/clkin1_ibufg/O
                         net (fo=1, routed)           1.019    12.347    u_soc_top/pll_clk.u_clk_pll/inst/clk_in1_clk_pll
    PLLE2_ADV_X0Y3       PLLE2_ADV (Prop_plle2_adv_CLKIN1_CLKOUT0)
                                                     -6.890     5.457 r  u_soc_top/pll_clk.u_clk_pll/inst/plle2_adv_inst/CLKOUT0
                         clock pessimism             -0.612     4.845    
                         clock uncertainty           -0.094     4.751    
                         output delay                -0.300     4.451    
  -------------------------------------------------------------------
                         required time                          4.451    
                         arrival time                          -4.494    
  -------------------------------------------------------------------
                         slack                                 -0.043    

Slack (VIOLATED) :        -0.043ns  (required time - arrival time)
  Source:                 u_soc_top/u_axi_sram_direct/ram_wdata_out_r_reg[22]/C
                            (rising edge-triggered cell FDRE clocked by cpu_clk  {rise@0.000ns fall@5.000ns period=10.000ns})
  Destination:            base_ram_data[22]
                            (output port clocked by cpu_clk  {rise@0.000ns fall@5.000ns period=10.000ns})
  Path Group:             cpu_clk
  Path Type:              Max at Slow Process Corner
  Requirement:            10.000ns  (cpu_clk rise@10.000ns - cpu_clk rise@0.000ns)
  Data Path Delay:        6.299ns  (logic 3.661ns (58.129%)  route 2.637ns (41.871%))
  Logic Levels:           1  (OBUFT=1)
  Output Delay:           0.300ns
  Clock Path Skew:        -3.350ns (DCD - SCD + CPR)
    Destination Clock Delay (DCD):    -4.543ns = ( 5.457 - 10.000 ) 
    Source Clock Delay      (SCD):    -1.805ns
    Clock Pessimism Removal (CPR):    -0.612ns
  Clock Uncertainty:      0.094ns  ((TSJ^2 + DJ^2)^1/2) / 2 + PE
    Total System Jitter     (TSJ):    0.071ns
    Discrete Jitter          (DJ):    0.175ns
    Phase Error              (PE):    0.000ns

    Location             Delay type                Incr(ns)  Path(ns)    Netlist Resource(s)
  -------------------------------------------------------------------    -------------------
                         (clock cpu_clk rise edge)    0.000     0.000 r  
    K21                                               0.000     0.000 r  clk_50M (IN)
                         net (fo=0)                   0.000     0.000    u_soc_top/pll_clk.u_clk_pll/inst/clk_in1
    K21                  IBUF (Prop_ibuf_I_O)         1.394     1.394 r  u_soc_top/pll_clk.u_clk_pll/inst/clkin1_ibufg/O
                         net (fo=1, routed)           1.080     2.474    u_soc_top/pll_clk.u_clk_pll/inst/clk_in1_clk_pll
    PLLE2_ADV_X0Y3       PLLE2_ADV (Prop_plle2_adv_CLKIN1_CLKOUT0)
                                                     -7.629    -5.155 r  u_soc_top/pll_clk.u_clk_pll/inst/plle2_adv_inst/CLKOUT0
                         net (fo=1, routed)           1.557    -3.598    u_soc_top/pll_clk.u_clk_pll/inst/cpu_clk_clk_pll
    BUFGCTRL_X0Y16       BUFG (Prop_bufg_I_O)         0.081    -3.517 r  u_soc_top/pll_clk.u_clk_pll/inst/clkout1_buf/O
                         net (fo=5419, routed)        1.712    -1.805    u_soc_top/u_axi_sram_direct/cpu_clk
    SLICE_X3Y61          FDRE                                         r  u_soc_top/u_axi_sram_direct/ram_wdata_out_r_reg[22]/C
  -------------------------------------------------------------------    -------------------
    SLICE_X3Y61          FDRE (Prop_fdre_C_Q)         0.379    -1.426 f  u_soc_top/u_axi_sram_direct/ram_wdata_out_r_reg[22]/Q
                         net (fo=2, routed)           2.637     1.211    base_ram_data_IOBUF[22]_inst/I
    N24                  OBUFT (Prop_obuft_I_O)       3.282     4.494 f  base_ram_data_IOBUF[22]_inst/OBUFT/O
                         net (fo=1, unset)            0.000     4.494    base_ram_data[22]
    N24                                                               f  base_ram_data[22] (INOUT)
  -------------------------------------------------------------------    -------------------

                         (clock cpu_clk rise edge)   10.000    10.000 r  
    K21                                               0.000    10.000 r  clk_50M (IN)
                         net (fo=0)                   0.000    10.000    u_soc_top/pll_clk.u_clk_pll/inst/clk_in1
    K21                  IBUF (Prop_ibuf_I_O)         1.328    11.328 r  u_soc_top/pll_clk.u_clk_pll/inst/clkin1_ibufg/O
                         net (fo=1, routed)           1.019    12.347    u_soc_top/pll_clk.u_clk_pll/inst/clk_in1_clk_pll
    PLLE2_ADV_X0Y3       PLLE2_ADV (Prop_plle2_adv_CLKIN1_CLKOUT0)
                                                     -6.890     5.457 r  u_soc_top/pll_clk.u_clk_pll/inst/plle2_adv_inst/CLKOUT0
                         clock pessimism             -0.612     4.845    
                         clock uncertainty           -0.094     4.751    
                         output delay                -0.300     4.451    
  -------------------------------------------------------------------
                         required time                          4.451    
                         arrival time                          -4.494    
  -------------------------------------------------------------------
                         slack                                 -0.043    

Slack (VIOLATED) :        -0.038ns  (required time - arrival time)
  Source:                 u_soc_top/u_axi_sram_direct/ram_wdata_out_r_reg[23]/C
                            (rising edge-triggered cell FDRE clocked by cpu_clk  {rise@0.000ns fall@5.000ns period=10.000ns})
  Destination:            ext_ram_data[23]
                            (output port clocked by cpu_clk  {rise@0.000ns fall@5.000ns period=10.000ns})
  Path Group:             cpu_clk
  Path Type:              Max at Slow Process Corner
  Requirement:            10.000ns  (cpu_clk rise@10.000ns - cpu_clk rise@0.000ns)
  Data Path Delay:        6.298ns  (logic 3.652ns (57.982%)  route 2.646ns (42.018%))
  Logic Levels:           1  (OBUFT=1)
  Output Delay:           0.300ns
  Clock Path Skew:        -3.346ns (DCD - SCD + CPR)
    Destination Clock Delay (DCD):    -4.543ns = ( 5.457 - 10.000 ) 
    Source Clock Delay      (SCD):    -1.809ns
    Clock Pessimism Removal (CPR):    -0.612ns
  Clock Uncertainty:      0.094ns  ((TSJ^2 + DJ^2)^1/2) / 2 + PE
    Total System Jitter     (TSJ):    0.071ns
    Discrete Jitter          (DJ):    0.175ns
    Phase Error              (PE):    0.000ns

    Location             Delay type                Incr(ns)  Path(ns)    Netlist Resource(s)
  -------------------------------------------------------------------    -------------------
                         (clock cpu_clk rise edge)    0.000     0.000 r  
    K21                                               0.000     0.000 r  clk_50M (IN)
                         net (fo=0)                   0.000     0.000    u_soc_top/pll_clk.u_clk_pll/inst/clk_in1
    K21                  IBUF (Prop_ibuf_I_O)         1.394     1.394 r  u_soc_top/pll_clk.u_clk_pll/inst/clkin1_ibufg/O
                         net (fo=1, routed)           1.080     2.474    u_soc_top/pll_clk.u_clk_pll/inst/clk_in1_clk_pll
    PLLE2_ADV_X0Y3       PLLE2_ADV (Prop_plle2_adv_CLKIN1_CLKOUT0)
                                                     -7.629    -5.155 r  u_soc_top/pll_clk.u_clk_pll/inst/plle2_adv_inst/CLKOUT0
                         net (fo=1, routed)           1.557    -3.598    u_soc_top/pll_clk.u_clk_pll/inst/cpu_clk_clk_pll
    BUFGCTRL_X0Y16       BUFG (Prop_bufg_I_O)         0.081    -3.517 r  u_soc_top/pll_clk.u_clk_pll/inst/clkout1_buf/O
                         net (fo=5419, routed)        1.708    -1.809    u_soc_top/u_axi_sram_direct/cpu_clk
    SLICE_X5Y64          FDRE                                         r  u_soc_top/u_axi_sram_direct/ram_wdata_out_r_reg[23]/C
  -------------------------------------------------------------------    -------------------
    SLICE_X5Y64          FDRE (Prop_fdre_C_Q)         0.379    -1.430 r  u_soc_top/u_axi_sram_direct/ram_wdata_out_r_reg[23]/Q
                         net (fo=2, routed)           2.646     1.216    ext_ram_data_IOBUF[23]_inst/I
    AA15                 OBUFT (Prop_obuft_I_O)       3.273     4.489 r  ext_ram_data_IOBUF[23]_inst/OBUFT/O
                         net (fo=1, unset)            0.000     4.489    ext_ram_data[23]
    AA15                                                              r  ext_ram_data[23] (INOUT)
  -------------------------------------------------------------------    -------------------

                         (clock cpu_clk rise edge)   10.000    10.000 r  
    K21                                               0.000    10.000 r  clk_50M (IN)
                         net (fo=0)                   0.000    10.000    u_soc_top/pll_clk.u_clk_pll/inst/clk_in1
    K21                  IBUF (Prop_ibuf_I_O)         1.328    11.328 r  u_soc_top/pll_clk.u_clk_pll/inst/clkin1_ibufg/O
                         net (fo=1, routed)           1.019    12.347    u_soc_top/pll_clk.u_clk_pll/inst/clk_in1_clk_pll
    PLLE2_ADV_X0Y3       PLLE2_ADV (Prop_plle2_adv_CLKIN1_CLKOUT0)
                                                     -6.890     5.457 r  u_soc_top/pll_clk.u_clk_pll/inst/plle2_adv_inst/CLKOUT0
                         clock pessimism             -0.612     4.845    
                         clock uncertainty           -0.094     4.751    
                         output delay                -0.300     4.451    
  -------------------------------------------------------------------
                         required time                          4.451    
                         arrival time                          -4.489    
  -------------------------------------------------------------------
                         slack                                 -0.038    

Slack (VIOLATED) :        -0.038ns  (required time - arrival time)
  Source:                 u_soc_top/u_axi_sram_direct/ram_wdata_out_r_reg[23]/C
                            (rising edge-triggered cell FDRE clocked by cpu_clk  {rise@0.000ns fall@5.000ns period=10.000ns})
  Destination:            ext_ram_data[23]
                            (output port clocked by cpu_clk  {rise@0.000ns fall@5.000ns period=10.000ns})
  Path Group:             cpu_clk
  Path Type:              Max at Slow Process Corner
  Requirement:            10.000ns  (cpu_clk rise@10.000ns - cpu_clk rise@0.000ns)
  Data Path Delay:        6.298ns  (logic 3.652ns (57.982%)  route 2.646ns (42.018%))
  Logic Levels:           1  (OBUFT=1)
  Output Delay:           0.300ns
  Clock Path Skew:        -3.346ns (DCD - SCD + CPR)
    Destination Clock Delay (DCD):    -4.543ns = ( 5.457 - 10.000 ) 
    Source Clock Delay      (SCD):    -1.809ns
    Clock Pessimism Removal (CPR):    -0.612ns
  Clock Uncertainty:      0.094ns  ((TSJ^2 + DJ^2)^1/2) / 2 + PE
    Total System Jitter     (TSJ):    0.071ns
    Discrete Jitter          (DJ):    0.175ns
    Phase Error              (PE):    0.000ns

    Location             Delay type                Incr(ns)  Path(ns)    Netlist Resource(s)
  -------------------------------------------------------------------    -------------------
                         (clock cpu_clk rise edge)    0.000     0.000 r  
    K21                                               0.000     0.000 r  clk_50M (IN)
                         net (fo=0)                   0.000     0.000    u_soc_top/pll_clk.u_clk_pll/inst/clk_in1
    K21                  IBUF (Prop_ibuf_I_O)         1.394     1.394 r  u_soc_top/pll_clk.u_clk_pll/inst/clkin1_ibufg/O
                         net (fo=1, routed)           1.080     2.474    u_soc_top/pll_clk.u_clk_pll/inst/clk_in1_clk_pll
    PLLE2_ADV_X0Y3       PLLE2_ADV (Prop_plle2_adv_CLKIN1_CLKOUT0)
                                                     -7.629    -5.155 r  u_soc_top/pll_clk.u_clk_pll/inst/plle2_adv_inst/CLKOUT0
                         net (fo=1, routed)           1.557    -3.598    u_soc_top/pll_clk.u_clk_pll/inst/cpu_clk_clk_pll
    BUFGCTRL_X0Y16       BUFG (Prop_bufg_I_O)         0.081    -3.517 r  u_soc_top/pll_clk.u_clk_pll/inst/clkout1_buf/O
                         net (fo=5419, routed)        1.708    -1.809    u_soc_top/u_axi_sram_direct/cpu_clk
    SLICE_X5Y64          FDRE                                         r  u_soc_top/u_axi_sram_direct/ram_wdata_out_r_reg[23]/C
  -------------------------------------------------------------------    -------------------
    SLICE_X5Y64          FDRE (Prop_fdre_C_Q)         0.379    -1.430 f  u_soc_top/u_axi_sram_direct/ram_wdata_out_r_reg[23]/Q
                         net (fo=2, routed)           2.646     1.216    ext_ram_data_IOBUF[23]_inst/I
    AA15                 OBUFT (Prop_obuft_I_O)       3.273     4.489 f  ext_ram_data_IOBUF[23]_inst/OBUFT/O
                         net (fo=1, unset)            0.000     4.489    ext_ram_data[23]
    AA15                                                              f  ext_ram_data[23] (INOUT)
  -------------------------------------------------------------------    -------------------

                         (clock cpu_clk rise edge)   10.000    10.000 r  
    K21                                               0.000    10.000 r  clk_50M (IN)
                         net (fo=0)                   0.000    10.000    u_soc_top/pll_clk.u_clk_pll/inst/clk_in1
    K21                  IBUF (Prop_ibuf_I_O)         1.328    11.328 r  u_soc_top/pll_clk.u_clk_pll/inst/clkin1_ibufg/O
                         net (fo=1, routed)           1.019    12.347    u_soc_top/pll_clk.u_clk_pll/inst/clk_in1_clk_pll
    PLLE2_ADV_X0Y3       PLLE2_ADV (Prop_plle2_adv_CLKIN1_CLKOUT0)
                                                     -6.890     5.457 r  u_soc_top/pll_clk.u_clk_pll/inst/plle2_adv_inst/CLKOUT0
                         clock pessimism             -0.612     4.845    
                         clock uncertainty           -0.094     4.751    
                         output delay                -0.300     4.451    
  -------------------------------------------------------------------
                         required time                          4.451    
                         arrival time                          -4.489    
  -------------------------------------------------------------------
                         slack                                 -0.038    

Slack (VIOLATED) :        -0.031ns  (required time - arrival time)
  Source:                 u_soc_top/u_axi_sram_direct/ram_wdata_out_r_reg[23]/C
                            (rising edge-triggered cell FDRE clocked by cpu_clk  {rise@0.000ns fall@5.000ns period=10.000ns})
  Destination:            base_ram_data[23]
                            (output port clocked by cpu_clk  {rise@0.000ns fall@5.000ns period=10.000ns})
  Path Group:             cpu_clk
  Path Type:              Max at Slow Process Corner
  Requirement:            10.000ns  (cpu_clk rise@10.000ns - cpu_clk rise@0.000ns)
  Data Path Delay:        6.291ns  (logic 3.645ns (57.936%)  route 2.646ns (42.064%))
  Logic Levels:           1  (OBUFT=1)
  Output Delay:           0.300ns
  Clock Path Skew:        -3.346ns (DCD - SCD + CPR)
    Destination Clock Delay (DCD):    -4.543ns = ( 5.457 - 10.000 ) 
    Source Clock Delay      (SCD):    -1.809ns
    Clock Pessimism Removal (CPR):    -0.612ns
  Clock Uncertainty:      0.094ns  ((TSJ^2 + DJ^2)^1/2) / 2 + PE
    Total System Jitter     (TSJ):    0.071ns
    Discrete Jitter          (DJ):    0.175ns
    Phase Error              (PE):    0.000ns

    Location             Delay type                Incr(ns)  Path(ns)    Netlist Resource(s)
  -------------------------------------------------------------------    -------------------
                         (clock cpu_clk rise edge)    0.000     0.000 r  
    K21                                               0.000     0.000 r  clk_50M (IN)
                         net (fo=0)                   0.000     0.000    u_soc_top/pll_clk.u_clk_pll/inst/clk_in1
    K21                  IBUF (Prop_ibuf_I_O)         1.394     1.394 r  u_soc_top/pll_clk.u_clk_pll/inst/clkin1_ibufg/O
                         net (fo=1, routed)           1.080     2.474    u_soc_top/pll_clk.u_clk_pll/inst/clk_in1_clk_pll
    PLLE2_ADV_X0Y3       PLLE2_ADV (Prop_plle2_adv_CLKIN1_CLKOUT0)
                                                     -7.629    -5.155 r  u_soc_top/pll_clk.u_clk_pll/inst/plle2_adv_inst/CLKOUT0
                         net (fo=1, routed)           1.557    -3.598    u_soc_top/pll_clk.u_clk_pll/inst/cpu_clk_clk_pll
    BUFGCTRL_X0Y16       BUFG (Prop_bufg_I_O)         0.081    -3.517 r  u_soc_top/pll_clk.u_clk_pll/inst/clkout1_buf/O
                         net (fo=5419, routed)        1.708    -1.809    u_soc_top/u_axi_sram_direct/cpu_clk
    SLICE_X5Y64          FDRE                                         r  u_soc_top/u_axi_sram_direct/ram_wdata_out_r_reg[23]/C
  -------------------------------------------------------------------    -------------------
    SLICE_X5Y64          FDRE (Prop_fdre_C_Q)         0.379    -1.430 r  u_soc_top/u_axi_sram_direct/ram_wdata_out_r_reg[23]/Q
                         net (fo=2, routed)           2.646     1.216    base_ram_data_IOBUF[23]_inst/I
    N21                  OBUFT (Prop_obuft_I_O)       3.266     4.481 r  base_ram_data_IOBUF[23]_inst/OBUFT/O
                         net (fo=1, unset)            0.000     4.481    base_ram_data[23]
    N21                                                               r  base_ram_data[23] (INOUT)
  -------------------------------------------------------------------    -------------------

                         (clock cpu_clk rise edge)   10.000    10.000 r  
    K21                                               0.000    10.000 r  clk_50M (IN)
                         net (fo=0)                   0.000    10.000    u_soc_top/pll_clk.u_clk_pll/inst/clk_in1
    K21                  IBUF (Prop_ibuf_I_O)         1.328    11.328 r  u_soc_top/pll_clk.u_clk_pll/inst/clkin1_ibufg/O
                         net (fo=1, routed)           1.019    12.347    u_soc_top/pll_clk.u_clk_pll/inst/clk_in1_clk_pll
    PLLE2_ADV_X0Y3       PLLE2_ADV (Prop_plle2_adv_CLKIN1_CLKOUT0)
                                                     -6.890     5.457 r  u_soc_top/pll_clk.u_clk_pll/inst/plle2_adv_inst/CLKOUT0
                         clock pessimism             -0.612     4.845    
                         clock uncertainty           -0.094     4.751    
                         output delay                -0.300     4.451    
  -------------------------------------------------------------------
                         required time                          4.451    
                         arrival time                          -4.481    
  -------------------------------------------------------------------
                         slack                                 -0.031    

Slack (VIOLATED) :        -0.031ns  (required time - arrival time)
  Source:                 u_soc_top/u_axi_sram_direct/ram_wdata_out_r_reg[23]/C
                            (rising edge-triggered cell FDRE clocked by cpu_clk  {rise@0.000ns fall@5.000ns period=10.000ns})
  Destination:            base_ram_data[23]
                            (output port clocked by cpu_clk  {rise@0.000ns fall@5.000ns period=10.000ns})
  Path Group:             cpu_clk
  Path Type:              Max at Slow Process Corner
  Requirement:            10.000ns  (cpu_clk rise@10.000ns - cpu_clk rise@0.000ns)
  Data Path Delay:        6.291ns  (logic 3.645ns (57.936%)  route 2.646ns (42.064%))
  Logic Levels:           1  (OBUFT=1)
  Output Delay:           0.300ns
  Clock Path Skew:        -3.346ns (DCD - SCD + CPR)
    Destination Clock Delay (DCD):    -4.543ns = ( 5.457 - 10.000 ) 
    Source Clock Delay      (SCD):    -1.809ns
    Clock Pessimism Removal (CPR):    -0.612ns
  Clock Uncertainty:      0.094ns  ((TSJ^2 + DJ^2)^1/2) / 2 + PE
    Total System Jitter     (TSJ):    0.071ns
    Discrete Jitter          (DJ):    0.175ns
    Phase Error              (PE):    0.000ns

    Location             Delay type                Incr(ns)  Path(ns)    Netlist Resource(s)
  -------------------------------------------------------------------    -------------------
                         (clock cpu_clk rise edge)    0.000     0.000 r  
    K21                                               0.000     0.000 r  clk_50M (IN)
                         net (fo=0)                   0.000     0.000    u_soc_top/pll_clk.u_clk_pll/inst/clk_in1
    K21                  IBUF (Prop_ibuf_I_O)         1.394     1.394 r  u_soc_top/pll_clk.u_clk_pll/inst/clkin1_ibufg/O
                         net (fo=1, routed)           1.080     2.474    u_soc_top/pll_clk.u_clk_pll/inst/clk_in1_clk_pll
    PLLE2_ADV_X0Y3       PLLE2_ADV (Prop_plle2_adv_CLKIN1_CLKOUT0)
                                                     -7.629    -5.155 r  u_soc_top/pll_clk.u_clk_pll/inst/plle2_adv_inst/CLKOUT0
                         net (fo=1, routed)           1.557    -3.598    u_soc_top/pll_clk.u_clk_pll/inst/cpu_clk_clk_pll
    BUFGCTRL_X0Y16       BUFG (Prop_bufg_I_O)         0.081    -3.517 r  u_soc_top/pll_clk.u_clk_pll/inst/clkout1_buf/O
                         net (fo=5419, routed)        1.708    -1.809    u_soc_top/u_axi_sram_direct/cpu_clk
    SLICE_X5Y64          FDRE                                         r  u_soc_top/u_axi_sram_direct/ram_wdata_out_r_reg[23]/C
  -------------------------------------------------------------------    -------------------
    SLICE_X5Y64          FDRE (Prop_fdre_C_Q)         0.379    -1.430 f  u_soc_top/u_axi_sram_direct/ram_wdata_out_r_reg[23]/Q
                         net (fo=2, routed)           2.646     1.216    base_ram_data_IOBUF[23]_inst/I
    N21                  OBUFT (Prop_obuft_I_O)       3.266     4.481 f  base_ram_data_IOBUF[23]_inst/OBUFT/O
                         net (fo=1, unset)            0.000     4.481    base_ram_data[23]
    N21                                                               f  base_ram_data[23] (INOUT)
  -------------------------------------------------------------------    -------------------

                         (clock cpu_clk rise edge)   10.000    10.000 r  
    K21                                               0.000    10.000 r  clk_50M (IN)
                         net (fo=0)                   0.000    10.000    u_soc_top/pll_clk.u_clk_pll/inst/clk_in1
    K21                  IBUF (Prop_ibuf_I_O)         1.328    11.328 r  u_soc_top/pll_clk.u_clk_pll/inst/clkin1_ibufg/O
                         net (fo=1, routed)           1.019    12.347    u_soc_top/pll_clk.u_clk_pll/inst/clk_in1_clk_pll
    PLLE2_ADV_X0Y3       PLLE2_ADV (Prop_plle2_adv_CLKIN1_CLKOUT0)
                                                     -6.890     5.457 r  u_soc_top/pll_clk.u_clk_pll/inst/plle2_adv_inst/CLKOUT0
                         clock pessimism             -0.612     4.845    
                         clock uncertainty           -0.094     4.751    
                         output delay                -0.300     4.451    
  -------------------------------------------------------------------
                         required time                          4.451    
                         arrival time                          -4.481    
  -------------------------------------------------------------------
                         slack                                 -0.031    

Slack (VIOLATED) :        -0.025ns  (required time - arrival time)
  Source:                 u_soc_top/u_cpu/u_core/reg_id_ex0_data/data_out_reg[118]/C
                            (rising edge-triggered cell FDRE clocked by cpu_clk  {rise@0.000ns fall@5.000ns period=10.000ns})
  Destination:            u_soc_top/u_cpu/u_core/reg_ex_mem1_data/data_out_reg[36]/D
                            (rising edge-triggered cell FDRE clocked by cpu_clk  {rise@0.000ns fall@5.000ns period=10.000ns})
  Path Group:             cpu_clk
  Path Type:              Setup (Max at Slow Process Corner)
  Requirement:            10.000ns  (cpu_clk rise@10.000ns - cpu_clk rise@0.000ns)
  Data Path Delay:        9.786ns  (logic 2.435ns (24.883%)  route 7.351ns (75.117%))
  Logic Levels:           14  (CARRY4=3 LUT3=1 LUT4=2 LUT5=2 LUT6=5 MUXF7=1)
  Clock Path Skew:        -0.177ns (DCD - SCD + CPR)
    Destination Clock Delay (DCD):    -1.461ns = ( 8.539 - 10.000 ) 
    Source Clock Delay      (SCD):    -1.806ns
    Clock Pessimism Removal (CPR):    -0.522ns
  Clock Uncertainty:      0.094ns  ((TSJ^2 + DJ^2)^1/2) / 2 + PE
    Total System Jitter     (TSJ):    0.071ns
    Discrete Jitter          (DJ):    0.175ns
    Phase Error              (PE):    0.000ns

    Location             Delay type                Incr(ns)  Path(ns)    Netlist Resource(s)
  -------------------------------------------------------------------    -------------------
                         (clock cpu_clk rise edge)    0.000     0.000 r  
    K21                                               0.000     0.000 r  clk_50M (IN)
                         net (fo=0)                   0.000     0.000    u_soc_top/pll_clk.u_clk_pll/inst/clk_in1
    K21                  IBUF (Prop_ibuf_I_O)         1.394     1.394 r  u_soc_top/pll_clk.u_clk_pll/inst/clkin1_ibufg/O
                         net (fo=1, routed)           1.080     2.474    u_soc_top/pll_clk.u_clk_pll/inst/clk_in1_clk_pll
    PLLE2_ADV_X0Y3       PLLE2_ADV (Prop_plle2_adv_CLKIN1_CLKOUT0)
                                                     -7.629    -5.155 r  u_soc_top/pll_clk.u_clk_pll/inst/plle2_adv_inst/CLKOUT0
                         net (fo=1, routed)           1.557    -3.598    u_soc_top/pll_clk.u_clk_pll/inst/cpu_clk_clk_pll
    BUFGCTRL_X0Y16       BUFG (Prop_bufg_I_O)         0.081    -3.517 r  u_soc_top/pll_clk.u_clk_pll/inst/clkout1_buf/O
                         net (fo=5419, routed)        1.711    -1.806    u_soc_top/u_cpu/u_core/reg_id_ex0_data/cpu_clk
    SLICE_X47Y40         FDRE                                         r  u_soc_top/u_cpu/u_core/reg_id_ex0_data/data_out_reg[118]/C
  -------------------------------------------------------------------    -------------------
    SLICE_X47Y40         FDRE (Prop_fdre_C_Q)         0.379    -1.427 r  u_soc_top/u_cpu/u_core/reg_id_ex0_data/data_out_reg[118]/Q
                         net (fo=15, routed)          0.860    -0.567    u_soc_top/u_cpu/u_core/reg_id_ex0_data/Q[110]
    SLICE_X46Y41         LUT6 (Prop_lut6_I0_O)        0.105    -0.462 r  u_soc_top/u_cpu/u_core/reg_id_ex0_data/data_out[98]_i_6/O
                         net (fo=1, routed)           0.548     0.086    u_soc_top/u_cpu/u_core/reg_id_ex0_data/data_out[98]_i_6_n_0
    SLICE_X44Y41         LUT4 (Prop_lut4_I1_O)        0.105     0.191 f  u_soc_top/u_cpu/u_core/reg_id_ex0_data/data_out[98]_i_2/O
                         net (fo=41, routed)          0.850     1.041    u_soc_top/u_cpu/u_core/reg_ex_mem1_ctrl/data_out_reg[99]
    SLICE_X41Y43         LUT5 (Prop_lut5_I4_O)        0.105     1.146 r  u_soc_top/u_cpu/u_core/reg_ex_mem1_ctrl/data_out[99]_i_5/O
                         net (fo=24, routed)          0.595     1.740    u_soc_top/u_cpu/u_core/reg_ex_mem0_ctrl/data_out_reg[69]_4
    SLICE_X38Y43         LUT5 (Prop_lut5_I0_O)        0.105     1.845 r  u_soc_top/u_cpu/u_core/reg_ex_mem0_ctrl/data_out[99]_i_2/O
                         net (fo=49, routed)          0.638     2.484    u_soc_top/u_cpu/u_core/reg_ex_mem0_ctrl/data_out_reg[4]_21
    SLICE_X39Y41         MUXF7 (Prop_muxf7_S_O)       0.227     2.711 r  u_soc_top/u_cpu/u_core/reg_ex_mem0_ctrl/data_out_reg[76]_i_1/O
                         net (fo=2, routed)           0.927     3.638    u_soc_top/u_cpu/u_core/reg_id_ex1_data/data_out[131]_i_16_0[4]
    SLICE_X38Y52         LUT3 (Prop_lut3_I2_O)        0.252     3.890 r  u_soc_top/u_cpu/u_core/reg_id_ex1_data/data_out[108]_i_13/O
                         net (fo=5, routed)           0.545     4.434    u_soc_top/u_cpu/u_core/reg_id_ex1_data/data_out_reg[113]_0[8]
    SLICE_X27Y52         LUT4 (Prop_lut4_I3_O)        0.105     4.539 r  u_soc_top/u_cpu/u_core/reg_id_ex1_data/data_out[100]_i_68/O
                         net (fo=2, routed)           0.513     5.052    u_soc_top/u_cpu/u_core/alu_unit1/data_out_reg[100]_i_23_0[0]
    SLICE_X28Y50         CARRY4 (Prop_carry4_DI[0]_CO[3])
                                                      0.436     5.488 r  u_soc_top/u_cpu/u_core/alu_unit1/data_out_reg[100]_i_58/CO[3]
                         net (fo=1, routed)           0.000     5.488    u_soc_top/u_cpu/u_core/alu_unit1/data_out_reg[100]_i_58_n_0
    SLICE_X28Y51         CARRY4 (Prop_carry4_CI_CO[3])
                                                      0.098     5.586 r  u_soc_top/u_cpu/u_core/alu_unit1/data_out_reg[100]_i_32/CO[3]
                         net (fo=1, routed)           0.000     5.586    u_soc_top/u_cpu/u_core/alu_unit1/data_out_reg[100]_i_32_n_0
    SLICE_X28Y52         CARRY4 (Prop_carry4_CI_CO[3])
                                                      0.098     5.684 r  u_soc_top/u_cpu/u_core/alu_unit1/data_out_reg[100]_i_18/CO[3]
                         net (fo=1, routed)           0.704     6.388    u_soc_top/u_cpu/u_core/reg_id_ex1_data/data_out[100]_i_11_1[0]
    SLICE_X30Y53         LUT6 (Prop_lut6_I2_O)        0.105     6.493 r  u_soc_top/u_cpu/u_core/reg_id_ex1_data/data_out[100]_i_15/O
                         net (fo=1, routed)           0.240     6.733    u_soc_top/u_cpu/u_core/reg_id_ex1_data/data_out[100]_i_15_n_0
    SLICE_X33Y53         LUT6 (Prop_lut6_I5_O)        0.105     6.838 r  u_soc_top/u_cpu/u_core/reg_id_ex1_data/data_out[100]_i_11/O
                         net (fo=1, routed)           0.344     7.182    u_soc_top/u_cpu/u_core/reg_id_ex1_data/data_out[100]_i_11_n_0
    SLICE_X33Y56         LUT6 (Prop_lut6_I5_O)        0.105     7.287 r  u_soc_top/u_cpu/u_core/reg_id_ex1_data/data_out[100]_i_4__0/O
                         net (fo=2, routed)           0.587     7.875    u_soc_top/u_cpu/u_core/reg_id_ex1_data/data_out[100]_i_4__0_n_0
    SLICE_X34Y54         LUT6 (Prop_lut6_I0_O)        0.105     7.980 r  u_soc_top/u_cpu/u_core/reg_id_ex1_data/data_out[36]_i_1__0/O
                         net (fo=1, routed)           0.000     7.980    u_soc_top/u_cpu/u_core/reg_ex_mem1_data/data_out_reg[131]_0[0]
    SLICE_X34Y54         FDRE                                         r  u_soc_top/u_cpu/u_core/reg_ex_mem1_data/data_out_reg[36]/D
  -------------------------------------------------------------------    -------------------

                         (clock cpu_clk rise edge)   10.000    10.000 r  
    K21                                               0.000    10.000 r  clk_50M (IN)
                         net (fo=0)                   0.000    10.000    u_soc_top/pll_clk.u_clk_pll/inst/clk_in1
    K21                  IBUF (Prop_ibuf_I_O)         1.328    11.328 r  u_soc_top/pll_clk.u_clk_pll/inst/clkin1_ibufg/O
                         net (fo=1, routed)           1.019    12.347    u_soc_top/pll_clk.u_clk_pll/inst/clk_in1_clk_pll
    PLLE2_ADV_X0Y3       PLLE2_ADV (Prop_plle2_adv_CLKIN1_CLKOUT0)
                                                     -6.890     5.457 r  u_soc_top/pll_clk.u_clk_pll/inst/plle2_adv_inst/CLKOUT0
                         net (fo=1, routed)           1.484     6.942    u_soc_top/pll_clk.u_clk_pll/inst/cpu_clk_clk_pll
    BUFGCTRL_X0Y16       BUFG (Prop_bufg_I_O)         0.077     7.019 r  u_soc_top/pll_clk.u_clk_pll/inst/clkout1_buf/O
                         net (fo=5419, routed)        1.520     8.539    u_soc_top/u_cpu/u_core/reg_ex_mem1_data/cpu_clk
    SLICE_X34Y54         FDRE                                         r  u_soc_top/u_cpu/u_core/reg_ex_mem1_data/data_out_reg[36]/C
                         clock pessimism             -0.522     8.017    
                         clock uncertainty           -0.094     7.922    
    SLICE_X34Y54         FDRE (Setup_fdre_C_D)        0.032     7.954    u_soc_top/u_cpu/u_core/reg_ex_mem1_data/data_out_reg[36]
  -------------------------------------------------------------------
                         required time                          7.954    
                         arrival time                          -7.980    
  -------------------------------------------------------------------
                         slack                                 -0.025    

Slack (VIOLATED) :        -0.025ns  (required time - arrival time)
  Source:                 u_soc_top/u_cpu/u_core/reg_id_ex0_data/data_out_reg[118]/C
                            (rising edge-triggered cell FDRE clocked by cpu_clk  {rise@0.000ns fall@5.000ns period=10.000ns})
  Destination:            u_soc_top/u_cpu/u_core/reg_ex_mem1_data/data_out_reg[36]/D
                            (rising edge-triggered cell FDRE clocked by cpu_clk  {rise@0.000ns fall@5.000ns period=10.000ns})
  Path Group:             cpu_clk
  Path Type:              Setup (Max at Slow Process Corner)
  Requirement:            10.000ns  (cpu_clk rise@10.000ns - cpu_clk rise@0.000ns)
  Data Path Delay:        9.786ns  (logic 2.435ns (24.883%)  route 7.351ns (75.117%))
  Logic Levels:           14  (CARRY4=3 LUT3=1 LUT4=2 LUT5=2 LUT6=5 MUXF7=1)
  Clock Path Skew:        -0.177ns (DCD - SCD + CPR)
    Destination Clock Delay (DCD):    -1.461ns = ( 8.539 - 10.000 ) 
    Source Clock Delay      (SCD):    -1.806ns
    Clock Pessimism Removal (CPR):    -0.522ns
  Clock Uncertainty:      0.094ns  ((TSJ^2 + DJ^2)^1/2) / 2 + PE
    Total System Jitter     (TSJ):    0.071ns
    Discrete Jitter          (DJ):    0.175ns
    Phase Error              (PE):    0.000ns

    Location             Delay type                Incr(ns)  Path(ns)    Netlist Resource(s)
  -------------------------------------------------------------------    -------------------
                         (clock cpu_clk rise edge)    0.000     0.000 r  
    K21                                               0.000     0.000 r  clk_50M (IN)
                         net (fo=0)                   0.000     0.000    u_soc_top/pll_clk.u_clk_pll/inst/clk_in1
    K21                  IBUF (Prop_ibuf_I_O)         1.394     1.394 r  u_soc_top/pll_clk.u_clk_pll/inst/clkin1_ibufg/O
                         net (fo=1, routed)           1.080     2.474    u_soc_top/pll_clk.u_clk_pll/inst/clk_in1_clk_pll
    PLLE2_ADV_X0Y3       PLLE2_ADV (Prop_plle2_adv_CLKIN1_CLKOUT0)
                                                     -7.629    -5.155 r  u_soc_top/pll_clk.u_clk_pll/inst/plle2_adv_inst/CLKOUT0
                         net (fo=1, routed)           1.557    -3.598    u_soc_top/pll_clk.u_clk_pll/inst/cpu_clk_clk_pll
    BUFGCTRL_X0Y16       BUFG (Prop_bufg_I_O)         0.081    -3.517 r  u_soc_top/pll_clk.u_clk_pll/inst/clkout1_buf/O
                         net (fo=5419, routed)        1.711    -1.806    u_soc_top/u_cpu/u_core/reg_id_ex0_data/cpu_clk
    SLICE_X47Y40         FDRE                                         r  u_soc_top/u_cpu/u_core/reg_id_ex0_data/data_out_reg[118]/C
  -------------------------------------------------------------------    -------------------
    SLICE_X47Y40         FDRE (Prop_fdre_C_Q)         0.379    -1.427 f  u_soc_top/u_cpu/u_core/reg_id_ex0_data/data_out_reg[118]/Q
                         net (fo=15, routed)          0.860    -0.567    u_soc_top/u_cpu/u_core/reg_id_ex0_data/Q[110]
    SLICE_X46Y41         LUT6 (Prop_lut6_I0_O)        0.105    -0.462 r  u_soc_top/u_cpu/u_core/reg_id_ex0_data/data_out[98]_i_6/O
                         net (fo=1, routed)           0.548     0.086    u_soc_top/u_cpu/u_core/reg_id_ex0_data/data_out[98]_i_6_n_0
    SLICE_X44Y41         LUT4 (Prop_lut4_I1_O)        0.105     0.191 f  u_soc_top/u_cpu/u_core/reg_id_ex0_data/data_out[98]_i_2/O
                         net (fo=41, routed)          0.850     1.041    u_soc_top/u_cpu/u_core/reg_ex_mem1_ctrl/data_out_reg[99]
    SLICE_X41Y43         LUT5 (Prop_lut5_I4_O)        0.105     1.146 r  u_soc_top/u_cpu/u_core/reg_ex_mem1_ctrl/data_out[99]_i_5/O
                         net (fo=24, routed)          0.595     1.740    u_soc_top/u_cpu/u_core/reg_ex_mem0_ctrl/data_out_reg[69]_4
    SLICE_X38Y43         LUT5 (Prop_lut5_I0_O)        0.105     1.845 r  u_soc_top/u_cpu/u_core/reg_ex_mem0_ctrl/data_out[99]_i_2/O
                         net (fo=49, routed)          0.638     2.484    u_soc_top/u_cpu/u_core/reg_ex_mem0_ctrl/data_out_reg[4]_21
    SLICE_X39Y41         MUXF7 (Prop_muxf7_S_O)       0.227     2.711 r  u_soc_top/u_cpu/u_core/reg_ex_mem0_ctrl/data_out_reg[76]_i_1/O
                         net (fo=2, routed)           0.927     3.638    u_soc_top/u_cpu/u_core/reg_id_ex1_data/data_out[131]_i_16_0[4]
    SLICE_X38Y52         LUT3 (Prop_lut3_I2_O)        0.252     3.890 r  u_soc_top/u_cpu/u_core/reg_id_ex1_data/data_out[108]_i_13/O
                         net (fo=5, routed)           0.545     4.434    u_soc_top/u_cpu/u_core/reg_id_ex1_data/data_out_reg[113]_0[8]
    SLICE_X27Y52         LUT4 (Prop_lut4_I3_O)        0.105     4.539 r  u_soc_top/u_cpu/u_core/reg_id_ex1_data/data_out[100]_i_68/O
                         net (fo=2, routed)           0.513     5.052    u_soc_top/u_cpu/u_core/alu_unit1/data_out_reg[100]_i_23_0[0]
    SLICE_X28Y50         CARRY4 (Prop_carry4_DI[0]_CO[3])
                                                      0.436     5.488 r  u_soc_top/u_cpu/u_core/alu_unit1/data_out_reg[100]_i_58/CO[3]
                         net (fo=1, routed)           0.000     5.488    u_soc_top/u_cpu/u_core/alu_unit1/data_out_reg[100]_i_58_n_0
    SLICE_X28Y51         CARRY4 (Prop_carry4_CI_CO[3])
                                                      0.098     5.586 r  u_soc_top/u_cpu/u_core/alu_unit1/data_out_reg[100]_i_32/CO[3]
                         net (fo=1, routed)           0.000     5.586    u_soc_top/u_cpu/u_core/alu_unit1/data_out_reg[100]_i_32_n_0
    SLICE_X28Y52         CARRY4 (Prop_carry4_CI_CO[3])
                                                      0.098     5.684 r  u_soc_top/u_cpu/u_core/alu_unit1/data_out_reg[100]_i_18/CO[3]
                         net (fo=1, routed)           0.704     6.388    u_soc_top/u_cpu/u_core/reg_id_ex1_data/data_out[100]_i_11_1[0]
    SLICE_X30Y53         LUT6 (Prop_lut6_I2_O)        0.105     6.493 r  u_soc_top/u_cpu/u_core/reg_id_ex1_data/data_out[100]_i_15/O
                         net (fo=1, routed)           0.240     6.733    u_soc_top/u_cpu/u_core/reg_id_ex1_data/data_out[100]_i_15_n_0
    SLICE_X33Y53         LUT6 (Prop_lut6_I5_O)        0.105     6.838 r  u_soc_top/u_cpu/u_core/reg_id_ex1_data/data_out[100]_i_11/O
                         net (fo=1, routed)           0.344     7.182    u_soc_top/u_cpu/u_core/reg_id_ex1_data/data_out[100]_i_11_n_0
    SLICE_X33Y56         LUT6 (Prop_lut6_I5_O)        0.105     7.287 r  u_soc_top/u_cpu/u_core/reg_id_ex1_data/data_out[100]_i_4__0/O
                         net (fo=2, routed)           0.587     7.875    u_soc_top/u_cpu/u_core/reg_id_ex1_data/data_out[100]_i_4__0_n_0
    SLICE_X34Y54         LUT6 (Prop_lut6_I0_O)        0.105     7.980 r  u_soc_top/u_cpu/u_core/reg_id_ex1_data/data_out[36]_i_1__0/O
                         net (fo=1, routed)           0.000     7.980    u_soc_top/u_cpu/u_core/reg_ex_mem1_data/data_out_reg[131]_0[0]
    SLICE_X34Y54         FDRE                                         r  u_soc_top/u_cpu/u_core/reg_ex_mem1_data/data_out_reg[36]/D
  -------------------------------------------------------------------    -------------------

                         (clock cpu_clk rise edge)   10.000    10.000 r  
    K21                                               0.000    10.000 r  clk_50M (IN)
                         net (fo=0)                   0.000    10.000    u_soc_top/pll_clk.u_clk_pll/inst/clk_in1
    K21                  IBUF (Prop_ibuf_I_O)         1.328    11.328 r  u_soc_top/pll_clk.u_clk_pll/inst/clkin1_ibufg/O
                         net (fo=1, routed)           1.019    12.347    u_soc_top/pll_clk.u_clk_pll/inst/clk_in1_clk_pll
    PLLE2_ADV_X0Y3       PLLE2_ADV (Prop_plle2_adv_CLKIN1_CLKOUT0)
                                                     -6.890     5.457 r  u_soc_top/pll_clk.u_clk_pll/inst/plle2_adv_inst/CLKOUT0
                         net (fo=1, routed)           1.484     6.942    u_soc_top/pll_clk.u_clk_pll/inst/cpu_clk_clk_pll
    BUFGCTRL_X0Y16       BUFG (Prop_bufg_I_O)         0.077     7.019 r  u_soc_top/pll_clk.u_clk_pll/inst/clkout1_buf/O
                         net (fo=5419, routed)        1.520     8.539    u_soc_top/u_cpu/u_core/reg_ex_mem1_data/cpu_clk
    SLICE_X34Y54         FDRE                                         r  u_soc_top/u_cpu/u_core/reg_ex_mem1_data/data_out_reg[36]/C
                         clock pessimism             -0.522     8.017    
                         clock uncertainty           -0.094     7.922    
    SLICE_X34Y54         FDRE (Setup_fdre_C_D)        0.032     7.954    u_soc_top/u_cpu/u_core/reg_ex_mem1_data/data_out_reg[36]
  -------------------------------------------------------------------
                         required time                          7.954    
                         arrival time                          -7.980    
  -------------------------------------------------------------------
                         slack                                 -0.025    

Slack (VIOLATED) :        -0.025ns  (required time - arrival time)
  Source:                 u_soc_top/u_cpu/u_core/reg_id_ex0_data/data_out_reg[118]/C
                            (rising edge-triggered cell FDRE clocked by cpu_clk  {rise@0.000ns fall@5.000ns period=10.000ns})
  Destination:            u_soc_top/u_cpu/u_core/reg_ex_mem1_data/data_out_reg[36]/D
                            (rising edge-triggered cell FDRE clocked by cpu_clk  {rise@0.000ns fall@5.000ns period=10.000ns})
  Path Group:             cpu_clk
  Path Type:              Setup (Max at Slow Process Corner)
  Requirement:            10.000ns  (cpu_clk rise@10.000ns - cpu_clk rise@0.000ns)
  Data Path Delay:        9.786ns  (logic 2.435ns (24.883%)  route 7.351ns (75.117%))
  Logic Levels:           14  (CARRY4=3 LUT3=1 LUT4=2 LUT5=2 LUT6=5 MUXF7=1)
  Clock Path Skew:        -0.177ns (DCD - SCD + CPR)
    Destination Clock Delay (DCD):    -1.461ns = ( 8.539 - 10.000 ) 
    Source Clock Delay      (SCD):    -1.806ns
    Clock Pessimism Removal (CPR):    -0.522ns
  Clock Uncertainty:      0.094ns  ((TSJ^2 + DJ^2)^1/2) / 2 + PE
    Total System Jitter     (TSJ):    0.071ns
    Discrete Jitter          (DJ):    0.175ns
    Phase Error              (PE):    0.000ns

    Location             Delay type                Incr(ns)  Path(ns)    Netlist Resource(s)
  -------------------------------------------------------------------    -------------------
                         (clock cpu_clk rise edge)    0.000     0.000 r  
    K21                                               0.000     0.000 r  clk_50M (IN)
                         net (fo=0)                   0.000     0.000    u_soc_top/pll_clk.u_clk_pll/inst/clk_in1
    K21                  IBUF (Prop_ibuf_I_O)         1.394     1.394 r  u_soc_top/pll_clk.u_clk_pll/inst/clkin1_ibufg/O
                         net (fo=1, routed)           1.080     2.474    u_soc_top/pll_clk.u_clk_pll/inst/clk_in1_clk_pll
    PLLE2_ADV_X0Y3       PLLE2_ADV (Prop_plle2_adv_CLKIN1_CLKOUT0)
                                                     -7.629    -5.155 r  u_soc_top/pll_clk.u_clk_pll/inst/plle2_adv_inst/CLKOUT0
                         net (fo=1, routed)           1.557    -3.598    u_soc_top/pll_clk.u_clk_pll/inst/cpu_clk_clk_pll
    BUFGCTRL_X0Y16       BUFG (Prop_bufg_I_O)         0.081    -3.517 r  u_soc_top/pll_clk.u_clk_pll/inst/clkout1_buf/O
                         net (fo=5419, routed)        1.711    -1.806    u_soc_top/u_cpu/u_core/reg_id_ex0_data/cpu_clk
    SLICE_X47Y40         FDRE                                         r  u_soc_top/u_cpu/u_core/reg_id_ex0_data/data_out_reg[118]/C
  -------------------------------------------------------------------    -------------------
    SLICE_X47Y40         FDRE (Prop_fdre_C_Q)         0.379    -1.427 r  u_soc_top/u_cpu/u_core/reg_id_ex0_data/data_out_reg[118]/Q
                         net (fo=15, routed)          0.860    -0.567    u_soc_top/u_cpu/u_core/reg_id_ex0_data/Q[110]
    SLICE_X46Y41         LUT6 (Prop_lut6_I0_O)        0.105    -0.462 f  u_soc_top/u_cpu/u_core/reg_id_ex0_data/data_out[98]_i_6/O
                         net (fo=1, routed)           0.548     0.086    u_soc_top/u_cpu/u_core/reg_id_ex0_data/data_out[98]_i_6_n_0
    SLICE_X44Y41         LUT4 (Prop_lut4_I1_O)        0.105     0.191 r  u_soc_top/u_cpu/u_core/reg_id_ex0_data/data_out[98]_i_2/O
                         net (fo=41, routed)          0.850     1.041    u_soc_top/u_cpu/u_core/reg_ex_mem1_ctrl/data_out_reg[99]
    SLICE_X41Y43         LUT5 (Prop_lut5_I4_O)        0.105     1.146 f  u_soc_top/u_cpu/u_core/reg_ex_mem1_ctrl/data_out[99]_i_5/O
                         net (fo=24, routed)          0.595     1.740    u_soc_top/u_cpu/u_core/reg_ex_mem0_ctrl/data_out_reg[69]_4
    SLICE_X38Y43         LUT5 (Prop_lut5_I0_O)        0.105     1.845 f  u_soc_top/u_cpu/u_core/reg_ex_mem0_ctrl/data_out[99]_i_2/O
                         net (fo=49, routed)          0.638     2.484    u_soc_top/u_cpu/u_core/reg_ex_mem0_ctrl/data_out_reg[4]_21
    SLICE_X39Y41         MUXF7 (Prop_muxf7_S_O)       0.227     2.711 r  u_soc_top/u_cpu/u_core/reg_ex_mem0_ctrl/data_out_reg[76]_i_1/O
                         net (fo=2, routed)           0.927     3.638    u_soc_top/u_cpu/u_core/reg_id_ex1_data/data_out[131]_i_16_0[4]
    SLICE_X38Y52         LUT3 (Prop_lut3_I2_O)        0.252     3.890 r  u_soc_top/u_cpu/u_core/reg_id_ex1_data/data_out[108]_i_13/O
                         net (fo=5, routed)           0.545     4.434    u_soc_top/u_cpu/u_core/reg_id_ex1_data/data_out_reg[113]_0[8]
    SLICE_X27Y52         LUT4 (Prop_lut4_I3_O)        0.105     4.539 r  u_soc_top/u_cpu/u_core/reg_id_ex1_data/data_out[100]_i_68/O
                         net (fo=2, routed)           0.513     5.052    u_soc_top/u_cpu/u_core/alu_unit1/data_out_reg[100]_i_23_0[0]
    SLICE_X28Y50         CARRY4 (Prop_carry4_DI[0]_CO[3])
                                                      0.436     5.488 r  u_soc_top/u_cpu/u_core/alu_unit1/data_out_reg[100]_i_58/CO[3]
                         net (fo=1, routed)           0.000     5.488    u_soc_top/u_cpu/u_core/alu_unit1/data_out_reg[100]_i_58_n_0
    SLICE_X28Y51         CARRY4 (Prop_carry4_CI_CO[3])
                                                      0.098     5.586 r  u_soc_top/u_cpu/u_core/alu_unit1/data_out_reg[100]_i_32/CO[3]
                         net (fo=1, routed)           0.000     5.586    u_soc_top/u_cpu/u_core/alu_unit1/data_out_reg[100]_i_32_n_0
    SLICE_X28Y52         CARRY4 (Prop_carry4_CI_CO[3])
                                                      0.098     5.684 r  u_soc_top/u_cpu/u_core/alu_unit1/data_out_reg[100]_i_18/CO[3]
                         net (fo=1, routed)           0.704     6.388    u_soc_top/u_cpu/u_core/reg_id_ex1_data/data_out[100]_i_11_1[0]
    SLICE_X30Y53         LUT6 (Prop_lut6_I2_O)        0.105     6.493 r  u_soc_top/u_cpu/u_core/reg_id_ex1_data/data_out[100]_i_15/O
                         net (fo=1, routed)           0.240     6.733    u_soc_top/u_cpu/u_core/reg_id_ex1_data/data_out[100]_i_15_n_0
    SLICE_X33Y53         LUT6 (Prop_lut6_I5_O)        0.105     6.838 r  u_soc_top/u_cpu/u_core/reg_id_ex1_data/data_out[100]_i_11/O
                         net (fo=1, routed)           0.344     7.182    u_soc_top/u_cpu/u_core/reg_id_ex1_data/data_out[100]_i_11_n_0
    SLICE_X33Y56         LUT6 (Prop_lut6_I5_O)        0.105     7.287 r  u_soc_top/u_cpu/u_core/reg_id_ex1_data/data_out[100]_i_4__0/O
                         net (fo=2, routed)           0.587     7.875    u_soc_top/u_cpu/u_core/reg_id_ex1_data/data_out[100]_i_4__0_n_0
    SLICE_X34Y54         LUT6 (Prop_lut6_I0_O)        0.105     7.980 r  u_soc_top/u_cpu/u_core/reg_id_ex1_data/data_out[36]_i_1__0/O
                         net (fo=1, routed)           0.000     7.980    u_soc_top/u_cpu/u_core/reg_ex_mem1_data/data_out_reg[131]_0[0]
    SLICE_X34Y54         FDRE                                         r  u_soc_top/u_cpu/u_core/reg_ex_mem1_data/data_out_reg[36]/D
  -------------------------------------------------------------------    -------------------

                         (clock cpu_clk rise edge)   10.000    10.000 r  
    K21                                               0.000    10.000 r  clk_50M (IN)
                         net (fo=0)                   0.000    10.000    u_soc_top/pll_clk.u_clk_pll/inst/clk_in1
    K21                  IBUF (Prop_ibuf_I_O)         1.328    11.328 r  u_soc_top/pll_clk.u_clk_pll/inst/clkin1_ibufg/O
                         net (fo=1, routed)           1.019    12.347    u_soc_top/pll_clk.u_clk_pll/inst/clk_in1_clk_pll
    PLLE2_ADV_X0Y3       PLLE2_ADV (Prop_plle2_adv_CLKIN1_CLKOUT0)
                                                     -6.890     5.457 r  u_soc_top/pll_clk.u_clk_pll/inst/plle2_adv_inst/CLKOUT0
                         net (fo=1, routed)           1.484     6.942    u_soc_top/pll_clk.u_clk_pll/inst/cpu_clk_clk_pll
    BUFGCTRL_X0Y16       BUFG (Prop_bufg_I_O)         0.077     7.019 r  u_soc_top/pll_clk.u_clk_pll/inst/clkout1_buf/O
                         net (fo=5419, routed)        1.520     8.539    u_soc_top/u_cpu/u_core/reg_ex_mem1_data/cpu_clk
    SLICE_X34Y54         FDRE                                         r  u_soc_top/u_cpu/u_core/reg_ex_mem1_data/data_out_reg[36]/C
                         clock pessimism             -0.522     8.017    
                         clock uncertainty           -0.094     7.922    
    SLICE_X34Y54         FDRE (Setup_fdre_C_D)        0.032     7.954    u_soc_top/u_cpu/u_core/reg_ex_mem1_data/data_out_reg[36]
  -------------------------------------------------------------------
                         required time                          7.954    
                         arrival time                          -7.980    
  -------------------------------------------------------------------
                         slack                                 -0.025    

Slack (VIOLATED) :        -0.025ns  (required time - arrival time)
  Source:                 u_soc_top/u_cpu/u_core/reg_id_ex0_data/data_out_reg[118]/C
                            (rising edge-triggered cell FDRE clocked by cpu_clk  {rise@0.000ns fall@5.000ns period=10.000ns})
  Destination:            u_soc_top/u_cpu/u_core/reg_ex_mem1_data/data_out_reg[36]/D
                            (rising edge-triggered cell FDRE clocked by cpu_clk  {rise@0.000ns fall@5.000ns period=10.000ns})
  Path Group:             cpu_clk
  Path Type:              Setup (Max at Slow Process Corner)
  Requirement:            10.000ns  (cpu_clk rise@10.000ns - cpu_clk rise@0.000ns)
  Data Path Delay:        9.786ns  (logic 2.435ns (24.883%)  route 7.351ns (75.117%))
  Logic Levels:           14  (CARRY4=3 LUT3=1 LUT4=2 LUT5=2 LUT6=5 MUXF7=1)
  Clock Path Skew:        -0.177ns (DCD - SCD + CPR)
    Destination Clock Delay (DCD):    -1.461ns = ( 8.539 - 10.000 ) 
    Source Clock Delay      (SCD):    -1.806ns
    Clock Pessimism Removal (CPR):    -0.522ns
  Clock Uncertainty:      0.094ns  ((TSJ^2 + DJ^2)^1/2) / 2 + PE
    Total System Jitter     (TSJ):    0.071ns
    Discrete Jitter          (DJ):    0.175ns
    Phase Error              (PE):    0.000ns

    Location             Delay type                Incr(ns)  Path(ns)    Netlist Resource(s)
  -------------------------------------------------------------------    -------------------
                         (clock cpu_clk rise edge)    0.000     0.000 r  
    K21                                               0.000     0.000 r  clk_50M (IN)
                         net (fo=0)                   0.000     0.000    u_soc_top/pll_clk.u_clk_pll/inst/clk_in1
    K21                  IBUF (Prop_ibuf_I_O)         1.394     1.394 r  u_soc_top/pll_clk.u_clk_pll/inst/clkin1_ibufg/O
                         net (fo=1, routed)           1.080     2.474    u_soc_top/pll_clk.u_clk_pll/inst/clk_in1_clk_pll
    PLLE2_ADV_X0Y3       PLLE2_ADV (Prop_plle2_adv_CLKIN1_CLKOUT0)
                                                     -7.629    -5.155 r  u_soc_top/pll_clk.u_clk_pll/inst/plle2_adv_inst/CLKOUT0
                         net (fo=1, routed)           1.557    -3.598    u_soc_top/pll_clk.u_clk_pll/inst/cpu_clk_clk_pll
    BUFGCTRL_X0Y16       BUFG (Prop_bufg_I_O)         0.081    -3.517 r  u_soc_top/pll_clk.u_clk_pll/inst/clkout1_buf/O
                         net (fo=5419, routed)        1.711    -1.806    u_soc_top/u_cpu/u_core/reg_id_ex0_data/cpu_clk
    SLICE_X47Y40         FDRE                                         r  u_soc_top/u_cpu/u_core/reg_id_ex0_data/data_out_reg[118]/C
  -------------------------------------------------------------------    -------------------
    SLICE_X47Y40         FDRE (Prop_fdre_C_Q)         0.379    -1.427 f  u_soc_top/u_cpu/u_core/reg_id_ex0_data/data_out_reg[118]/Q
                         net (fo=15, routed)          0.860    -0.567    u_soc_top/u_cpu/u_core/reg_id_ex0_data/Q[110]
    SLICE_X46Y41         LUT6 (Prop_lut6_I0_O)        0.105    -0.462 f  u_soc_top/u_cpu/u_core/reg_id_ex0_data/data_out[98]_i_6/O
                         net (fo=1, routed)           0.548     0.086    u_soc_top/u_cpu/u_core/reg_id_ex0_data/data_out[98]_i_6_n_0
    SLICE_X44Y41         LUT4 (Prop_lut4_I1_O)        0.105     0.191 r  u_soc_top/u_cpu/u_core/reg_id_ex0_data/data_out[98]_i_2/O
                         net (fo=41, routed)          0.850     1.041    u_soc_top/u_cpu/u_core/reg_ex_mem1_ctrl/data_out_reg[99]
    SLICE_X41Y43         LUT5 (Prop_lut5_I4_O)        0.105     1.146 f  u_soc_top/u_cpu/u_core/reg_ex_mem1_ctrl/data_out[99]_i_5/O
                         net (fo=24, routed)          0.595     1.740    u_soc_top/u_cpu/u_core/reg_ex_mem0_ctrl/data_out_reg[69]_4
    SLICE_X38Y43         LUT5 (Prop_lut5_I0_O)        0.105     1.845 f  u_soc_top/u_cpu/u_core/reg_ex_mem0_ctrl/data_out[99]_i_2/O
                         net (fo=49, routed)          0.638     2.484    u_soc_top/u_cpu/u_core/reg_ex_mem0_ctrl/data_out_reg[4]_21
    SLICE_X39Y41         MUXF7 (Prop_muxf7_S_O)       0.227     2.711 r  u_soc_top/u_cpu/u_core/reg_ex_mem0_ctrl/data_out_reg[76]_i_1/O
                         net (fo=2, routed)           0.927     3.638    u_soc_top/u_cpu/u_core/reg_id_ex1_data/data_out[131]_i_16_0[4]
    SLICE_X38Y52         LUT3 (Prop_lut3_I2_O)        0.252     3.890 r  u_soc_top/u_cpu/u_core/reg_id_ex1_data/data_out[108]_i_13/O
                         net (fo=5, routed)           0.545     4.434    u_soc_top/u_cpu/u_core/reg_id_ex1_data/data_out_reg[113]_0[8]
    SLICE_X27Y52         LUT4 (Prop_lut4_I3_O)        0.105     4.539 r  u_soc_top/u_cpu/u_core/reg_id_ex1_data/data_out[100]_i_68/O
                         net (fo=2, routed)           0.513     5.052    u_soc_top/u_cpu/u_core/alu_unit1/data_out_reg[100]_i_23_0[0]
    SLICE_X28Y50         CARRY4 (Prop_carry4_DI[0]_CO[3])
                                                      0.436     5.488 r  u_soc_top/u_cpu/u_core/alu_unit1/data_out_reg[100]_i_58/CO[3]
                         net (fo=1, routed)           0.000     5.488    u_soc_top/u_cpu/u_core/alu_unit1/data_out_reg[100]_i_58_n_0
    SLICE_X28Y51         CARRY4 (Prop_carry4_CI_CO[3])
                                                      0.098     5.586 r  u_soc_top/u_cpu/u_core/alu_unit1/data_out_reg[100]_i_32/CO[3]
                         net (fo=1, routed)           0.000     5.586    u_soc_top/u_cpu/u_core/alu_unit1/data_out_reg[100]_i_32_n_0
    SLICE_X28Y52         CARRY4 (Prop_carry4_CI_CO[3])
                                                      0.098     5.684 r  u_soc_top/u_cpu/u_core/alu_unit1/data_out_reg[100]_i_18/CO[3]
                         net (fo=1, routed)           0.704     6.388    u_soc_top/u_cpu/u_core/reg_id_ex1_data/data_out[100]_i_11_1[0]
    SLICE_X30Y53         LUT6 (Prop_lut6_I2_O)        0.105     6.493 r  u_soc_top/u_cpu/u_core/reg_id_ex1_data/data_out[100]_i_15/O
                         net (fo=1, routed)           0.240     6.733    u_soc_top/u_cpu/u_core/reg_id_ex1_data/data_out[100]_i_15_n_0
    SLICE_X33Y53         LUT6 (Prop_lut6_I5_O)        0.105     6.838 r  u_soc_top/u_cpu/u_core/reg_id_ex1_data/data_out[100]_i_11/O
                         net (fo=1, routed)           0.344     7.182    u_soc_top/u_cpu/u_core/reg_id_ex1_data/data_out[100]_i_11_n_0
    SLICE_X33Y56         LUT6 (Prop_lut6_I5_O)        0.105     7.287 r  u_soc_top/u_cpu/u_core/reg_id_ex1_data/data_out[100]_i_4__0/O
                         net (fo=2, routed)           0.587     7.875    u_soc_top/u_cpu/u_core/reg_id_ex1_data/data_out[100]_i_4__0_n_0
    SLICE_X34Y54         LUT6 (Prop_lut6_I0_O)        0.105     7.980 r  u_soc_top/u_cpu/u_core/reg_id_ex1_data/data_out[36]_i_1__0/O
                         net (fo=1, routed)           0.000     7.980    u_soc_top/u_cpu/u_core/reg_ex_mem1_data/data_out_reg[131]_0[0]
    SLICE_X34Y54         FDRE                                         r  u_soc_top/u_cpu/u_core/reg_ex_mem1_data/data_out_reg[36]/D
  -------------------------------------------------------------------    -------------------

                         (clock cpu_clk rise edge)   10.000    10.000 r  
    K21                                               0.000    10.000 r  clk_50M (IN)
                         net (fo=0)                   0.000    10.000    u_soc_top/pll_clk.u_clk_pll/inst/clk_in1
    K21                  IBUF (Prop_ibuf_I_O)         1.328    11.328 r  u_soc_top/pll_clk.u_clk_pll/inst/clkin1_ibufg/O
                         net (fo=1, routed)           1.019    12.347    u_soc_top/pll_clk.u_clk_pll/inst/clk_in1_clk_pll
    PLLE2_ADV_X0Y3       PLLE2_ADV (Prop_plle2_adv_CLKIN1_CLKOUT0)
                                                     -6.890     5.457 r  u_soc_top/pll_clk.u_clk_pll/inst/plle2_adv_inst/CLKOUT0
                         net (fo=1, routed)           1.484     6.942    u_soc_top/pll_clk.u_clk_pll/inst/cpu_clk_clk_pll
    BUFGCTRL_X0Y16       BUFG (Prop_bufg_I_O)         0.077     7.019 r  u_soc_top/pll_clk.u_clk_pll/inst/clkout1_buf/O
                         net (fo=5419, routed)        1.520     8.539    u_soc_top/u_cpu/u_core/reg_ex_mem1_data/cpu_clk
    SLICE_X34Y54         FDRE                                         r  u_soc_top/u_cpu/u_core/reg_ex_mem1_data/data_out_reg[36]/C
                         clock pessimism             -0.522     8.017    
                         clock uncertainty           -0.094     7.922    
    SLICE_X34Y54         FDRE (Setup_fdre_C_D)        0.032     7.954    u_soc_top/u_cpu/u_core/reg_ex_mem1_data/data_out_reg[36]
  -------------------------------------------------------------------
                         required time                          7.954    
                         arrival time                          -7.980    
  -------------------------------------------------------------------
                         slack                                 -0.025    

Slack (VIOLATED) :        -0.025ns  (required time - arrival time)
  Source:                 u_soc_top/u_cpu/u_core/reg_id_ex0_data/data_out_reg[118]/C
                            (rising edge-triggered cell FDRE clocked by cpu_clk  {rise@0.000ns fall@5.000ns period=10.000ns})
  Destination:            u_soc_top/u_cpu/u_core/reg_ex_mem1_data/data_out_reg[36]/D
                            (rising edge-triggered cell FDRE clocked by cpu_clk  {rise@0.000ns fall@5.000ns period=10.000ns})
  Path Group:             cpu_clk
  Path Type:              Setup (Max at Slow Process Corner)
  Requirement:            10.000ns  (cpu_clk rise@10.000ns - cpu_clk rise@0.000ns)
  Data Path Delay:        9.786ns  (logic 2.435ns (24.883%)  route 7.351ns (75.117%))
  Logic Levels:           14  (CARRY4=3 LUT3=1 LUT4=2 LUT5=2 LUT6=5 MUXF7=1)
  Clock Path Skew:        -0.177ns (DCD - SCD + CPR)
    Destination Clock Delay (DCD):    -1.461ns = ( 8.539 - 10.000 ) 
    Source Clock Delay      (SCD):    -1.806ns
    Clock Pessimism Removal (CPR):    -0.522ns
  Clock Uncertainty:      0.094ns  ((TSJ^2 + DJ^2)^1/2) / 2 + PE
    Total System Jitter     (TSJ):    0.071ns
    Discrete Jitter          (DJ):    0.175ns
    Phase Error              (PE):    0.000ns

    Location             Delay type                Incr(ns)  Path(ns)    Netlist Resource(s)
  -------------------------------------------------------------------    -------------------
                         (clock cpu_clk rise edge)    0.000     0.000 r  
    K21                                               0.000     0.000 r  clk_50M (IN)
                         net (fo=0)                   0.000     0.000    u_soc_top/pll_clk.u_clk_pll/inst/clk_in1
    K21                  IBUF (Prop_ibuf_I_O)         1.394     1.394 r  u_soc_top/pll_clk.u_clk_pll/inst/clkin1_ibufg/O
                         net (fo=1, routed)           1.080     2.474    u_soc_top/pll_clk.u_clk_pll/inst/clk_in1_clk_pll
    PLLE2_ADV_X0Y3       PLLE2_ADV (Prop_plle2_adv_CLKIN1_CLKOUT0)
                                                     -7.629    -5.155 r  u_soc_top/pll_clk.u_clk_pll/inst/plle2_adv_inst/CLKOUT0
                         net (fo=1, routed)           1.557    -3.598    u_soc_top/pll_clk.u_clk_pll/inst/cpu_clk_clk_pll
    BUFGCTRL_X0Y16       BUFG (Prop_bufg_I_O)         0.081    -3.517 r  u_soc_top/pll_clk.u_clk_pll/inst/clkout1_buf/O
                         net (fo=5419, routed)        1.711    -1.806    u_soc_top/u_cpu/u_core/reg_id_ex0_data/cpu_clk
    SLICE_X47Y40         FDRE                                         r  u_soc_top/u_cpu/u_core/reg_id_ex0_data/data_out_reg[118]/C
  -------------------------------------------------------------------    -------------------
    SLICE_X47Y40         FDRE (Prop_fdre_C_Q)         0.379    -1.427 r  u_soc_top/u_cpu/u_core/reg_id_ex0_data/data_out_reg[118]/Q
                         net (fo=15, routed)          0.860    -0.567    u_soc_top/u_cpu/u_core/reg_id_ex0_data/Q[110]
    SLICE_X46Y41         LUT6 (Prop_lut6_I0_O)        0.105    -0.462 r  u_soc_top/u_cpu/u_core/reg_id_ex0_data/data_out[98]_i_6/O
                         net (fo=1, routed)           0.548     0.086    u_soc_top/u_cpu/u_core/reg_id_ex0_data/data_out[98]_i_6_n_0
    SLICE_X44Y41         LUT4 (Prop_lut4_I1_O)        0.105     0.191 f  u_soc_top/u_cpu/u_core/reg_id_ex0_data/data_out[98]_i_2/O
                         net (fo=41, routed)          0.850     1.041    u_soc_top/u_cpu/u_core/reg_ex_mem1_ctrl/data_out_reg[99]
    SLICE_X41Y43         LUT5 (Prop_lut5_I4_O)        0.105     1.146 r  u_soc_top/u_cpu/u_core/reg_ex_mem1_ctrl/data_out[99]_i_5/O
                         net (fo=24, routed)          0.595     1.740    u_soc_top/u_cpu/u_core/reg_ex_mem0_ctrl/data_out_reg[69]_4
    SLICE_X38Y43         LUT5 (Prop_lut5_I0_O)        0.105     1.845 r  u_soc_top/u_cpu/u_core/reg_ex_mem0_ctrl/data_out[99]_i_2/O
                         net (fo=49, routed)          0.638     2.484    u_soc_top/u_cpu/u_core/reg_ex_mem0_ctrl/data_out_reg[4]_21
    SLICE_X39Y41         MUXF7 (Prop_muxf7_S_O)       0.227     2.711 r  u_soc_top/u_cpu/u_core/reg_ex_mem0_ctrl/data_out_reg[76]_i_1/O
                         net (fo=2, routed)           0.927     3.638    u_soc_top/u_cpu/u_core/reg_id_ex1_data/data_out[131]_i_16_0[4]
    SLICE_X38Y52         LUT3 (Prop_lut3_I2_O)        0.252     3.890 r  u_soc_top/u_cpu/u_core/reg_id_ex1_data/data_out[108]_i_13/O
                         net (fo=5, routed)           0.545     4.434    u_soc_top/u_cpu/u_core/reg_id_ex1_data/data_out_reg[113]_0[8]
    SLICE_X27Y52         LUT4 (Prop_lut4_I3_O)        0.105     4.539 r  u_soc_top/u_cpu/u_core/reg_id_ex1_data/data_out[100]_i_68/O
                         net (fo=2, routed)           0.513     5.052    u_soc_top/u_cpu/u_core/alu_unit1/data_out_reg[100]_i_23_0[0]
    SLICE_X28Y50         CARRY4 (Prop_carry4_DI[0]_CO[3])
                                                      0.436     5.488 r  u_soc_top/u_cpu/u_core/alu_unit1/data_out_reg[100]_i_58/CO[3]
                         net (fo=1, routed)           0.000     5.488    u_soc_top/u_cpu/u_core/alu_unit1/data_out_reg[100]_i_58_n_0
    SLICE_X28Y51         CARRY4 (Prop_carry4_CI_CO[3])
                                                      0.098     5.586 f  u_soc_top/u_cpu/u_core/alu_unit1/data_out_reg[100]_i_32/CO[3]
                         net (fo=1, routed)           0.000     5.586    u_soc_top/u_cpu/u_core/alu_unit1/data_out_reg[100]_i_32_n_0
    SLICE_X28Y52         CARRY4 (Prop_carry4_CI_CO[3])
                                                      0.098     5.684 r  u_soc_top/u_cpu/u_core/alu_unit1/data_out_reg[100]_i_18/CO[3]
                         net (fo=1, routed)           0.704     6.388    u_soc_top/u_cpu/u_core/reg_id_ex1_data/data_out[100]_i_11_1[0]
    SLICE_X30Y53         LUT6 (Prop_lut6_I2_O)        0.105     6.493 r  u_soc_top/u_cpu/u_core/reg_id_ex1_data/data_out[100]_i_15/O
                         net (fo=1, routed)           0.240     6.733    u_soc_top/u_cpu/u_core/reg_id_ex1_data/data_out[100]_i_15_n_0
    SLICE_X33Y53         LUT6 (Prop_lut6_I5_O)        0.105     6.838 r  u_soc_top/u_cpu/u_core/reg_id_ex1_data/data_out[100]_i_11/O
                         net (fo=1, routed)           0.344     7.182    u_soc_top/u_cpu/u_core/reg_id_ex1_data/data_out[100]_i_11_n_0
    SLICE_X33Y56         LUT6 (Prop_lut6_I5_O)        0.105     7.287 r  u_soc_top/u_cpu/u_core/reg_id_ex1_data/data_out[100]_i_4__0/O
                         net (fo=2, routed)           0.587     7.875    u_soc_top/u_cpu/u_core/reg_id_ex1_data/data_out[100]_i_4__0_n_0
    SLICE_X34Y54         LUT6 (Prop_lut6_I0_O)        0.105     7.980 r  u_soc_top/u_cpu/u_core/reg_id_ex1_data/data_out[36]_i_1__0/O
                         net (fo=1, routed)           0.000     7.980    u_soc_top/u_cpu/u_core/reg_ex_mem1_data/data_out_reg[131]_0[0]
    SLICE_X34Y54         FDRE                                         r  u_soc_top/u_cpu/u_core/reg_ex_mem1_data/data_out_reg[36]/D
  -------------------------------------------------------------------    -------------------

                         (clock cpu_clk rise edge)   10.000    10.000 r  
    K21                                               0.000    10.000 r  clk_50M (IN)
                         net (fo=0)                   0.000    10.000    u_soc_top/pll_clk.u_clk_pll/inst/clk_in1
    K21                  IBUF (Prop_ibuf_I_O)         1.328    11.328 r  u_soc_top/pll_clk.u_clk_pll/inst/clkin1_ibufg/O
                         net (fo=1, routed)           1.019    12.347    u_soc_top/pll_clk.u_clk_pll/inst/clk_in1_clk_pll
    PLLE2_ADV_X0Y3       PLLE2_ADV (Prop_plle2_adv_CLKIN1_CLKOUT0)
                                                     -6.890     5.457 r  u_soc_top/pll_clk.u_clk_pll/inst/plle2_adv_inst/CLKOUT0
                         net (fo=1, routed)           1.484     6.942    u_soc_top/pll_clk.u_clk_pll/inst/cpu_clk_clk_pll
    BUFGCTRL_X0Y16       BUFG (Prop_bufg_I_O)         0.077     7.019 r  u_soc_top/pll_clk.u_clk_pll/inst/clkout1_buf/O
                         net (fo=5419, routed)        1.520     8.539    u_soc_top/u_cpu/u_core/reg_ex_mem1_data/cpu_clk
    SLICE_X34Y54         FDRE                                         r  u_soc_top/u_cpu/u_core/reg_ex_mem1_data/data_out_reg[36]/C
                         clock pessimism             -0.522     8.017    
                         clock uncertainty           -0.094     7.922    
    SLICE_X34Y54         FDRE (Setup_fdre_C_D)        0.032     7.954    u_soc_top/u_cpu/u_core/reg_ex_mem1_data/data_out_reg[36]
  -------------------------------------------------------------------
                         required time                          7.954    
                         arrival time                          -7.980    
  -------------------------------------------------------------------
                         slack                                 -0.025    

Slack (VIOLATED) :        -0.025ns  (required time - arrival time)
  Source:                 u_soc_top/u_cpu/u_core/reg_id_ex0_data/data_out_reg[118]/C
                            (rising edge-triggered cell FDRE clocked by cpu_clk  {rise@0.000ns fall@5.000ns period=10.000ns})
  Destination:            u_soc_top/u_cpu/u_core/reg_ex_mem1_data/data_out_reg[36]/D
                            (rising edge-triggered cell FDRE clocked by cpu_clk  {rise@0.000ns fall@5.000ns period=10.000ns})
  Path Group:             cpu_clk
  Path Type:              Setup (Max at Slow Process Corner)
  Requirement:            10.000ns  (cpu_clk rise@10.000ns - cpu_clk rise@0.000ns)
  Data Path Delay:        9.786ns  (logic 2.435ns (24.883%)  route 7.351ns (75.117%))
  Logic Levels:           14  (CARRY4=3 LUT3=1 LUT4=2 LUT5=2 LUT6=5 MUXF7=1)
  Clock Path Skew:        -0.177ns (DCD - SCD + CPR)
    Destination Clock Delay (DCD):    -1.461ns = ( 8.539 - 10.000 ) 
    Source Clock Delay      (SCD):    -1.806ns
    Clock Pessimism Removal (CPR):    -0.522ns
  Clock Uncertainty:      0.094ns  ((TSJ^2 + DJ^2)^1/2) / 2 + PE
    Total System Jitter     (TSJ):    0.071ns
    Discrete Jitter          (DJ):    0.175ns
    Phase Error              (PE):    0.000ns

    Location             Delay type                Incr(ns)  Path(ns)    Netlist Resource(s)
  -------------------------------------------------------------------    -------------------
                         (clock cpu_clk rise edge)    0.000     0.000 r  
    K21                                               0.000     0.000 r  clk_50M (IN)
                         net (fo=0)                   0.000     0.000    u_soc_top/pll_clk.u_clk_pll/inst/clk_in1
    K21                  IBUF (Prop_ibuf_I_O)         1.394     1.394 r  u_soc_top/pll_clk.u_clk_pll/inst/clkin1_ibufg/O
                         net (fo=1, routed)           1.080     2.474    u_soc_top/pll_clk.u_clk_pll/inst/clk_in1_clk_pll
    PLLE2_ADV_X0Y3       PLLE2_ADV (Prop_plle2_adv_CLKIN1_CLKOUT0)
                                                     -7.629    -5.155 r  u_soc_top/pll_clk.u_clk_pll/inst/plle2_adv_inst/CLKOUT0
                         net (fo=1, routed)           1.557    -3.598    u_soc_top/pll_clk.u_clk_pll/inst/cpu_clk_clk_pll
    BUFGCTRL_X0Y16       BUFG (Prop_bufg_I_O)         0.081    -3.517 r  u_soc_top/pll_clk.u_clk_pll/inst/clkout1_buf/O
                         net (fo=5419, routed)        1.711    -1.806    u_soc_top/u_cpu/u_core/reg_id_ex0_data/cpu_clk
    SLICE_X47Y40         FDRE                                         r  u_soc_top/u_cpu/u_core/reg_id_ex0_data/data_out_reg[118]/C
  -------------------------------------------------------------------    -------------------
    SLICE_X47Y40         FDRE (Prop_fdre_C_Q)         0.379    -1.427 r  u_soc_top/u_cpu/u_core/reg_id_ex0_data/data_out_reg[118]/Q
                         net (fo=15, routed)          0.860    -0.567    u_soc_top/u_cpu/u_core/reg_id_ex0_data/Q[110]
    SLICE_X46Y41         LUT6 (Prop_lut6_I0_O)        0.105    -0.462 f  u_soc_top/u_cpu/u_core/reg_id_ex0_data/data_out[98]_i_6/O
                         net (fo=1, routed)           0.548     0.086    u_soc_top/u_cpu/u_core/reg_id_ex0_data/data_out[98]_i_6_n_0
    SLICE_X44Y41         LUT4 (Prop_lut4_I1_O)        0.105     0.191 r  u_soc_top/u_cpu/u_core/reg_id_ex0_data/data_out[98]_i_2/O
                         net (fo=41, routed)          0.850     1.041    u_soc_top/u_cpu/u_core/reg_ex_mem1_ctrl/data_out_reg[99]
    SLICE_X41Y43         LUT5 (Prop_lut5_I4_O)        0.105     1.146 f  u_soc_top/u_cpu/u_core/reg_ex_mem1_ctrl/data_out[99]_i_5/O
                         net (fo=24, routed)          0.595     1.740    u_soc_top/u_cpu/u_core/reg_ex_mem0_ctrl/data_out_reg[69]_4
    SLICE_X38Y43         LUT5 (Prop_lut5_I0_O)        0.105     1.845 f  u_soc_top/u_cpu/u_core/reg_ex_mem0_ctrl/data_out[99]_i_2/O
                         net (fo=49, routed)          0.638     2.484    u_soc_top/u_cpu/u_core/reg_ex_mem0_ctrl/data_out_reg[4]_21
    SLICE_X39Y41         MUXF7 (Prop_muxf7_S_O)       0.227     2.711 r  u_soc_top/u_cpu/u_core/reg_ex_mem0_ctrl/data_out_reg[76]_i_1/O
                         net (fo=2, routed)           0.927     3.638    u_soc_top/u_cpu/u_core/reg_id_ex1_data/data_out[131]_i_16_0[4]
    SLICE_X38Y52         LUT3 (Prop_lut3_I2_O)        0.252     3.890 r  u_soc_top/u_cpu/u_core/reg_id_ex1_data/data_out[108]_i_13/O
                         net (fo=5, routed)           0.545     4.434    u_soc_top/u_cpu/u_core/reg_id_ex1_data/data_out_reg[113]_0[8]
    SLICE_X27Y52         LUT4 (Prop_lut4_I3_O)        0.105     4.539 r  u_soc_top/u_cpu/u_core/reg_id_ex1_data/data_out[100]_i_68/O
                         net (fo=2, routed)           0.513     5.052    u_soc_top/u_cpu/u_core/alu_unit1/data_out_reg[100]_i_23_0[0]
    SLICE_X28Y50         CARRY4 (Prop_carry4_DI[0]_CO[3])
                                                      0.436     5.488 r  u_soc_top/u_cpu/u_core/alu_unit1/data_out_reg[100]_i_58/CO[3]
                         net (fo=1, routed)           0.000     5.488    u_soc_top/u_cpu/u_core/alu_unit1/data_out_reg[100]_i_58_n_0
    SLICE_X28Y51         CARRY4 (Prop_carry4_CI_CO[3])
                                                      0.098     5.586 f  u_soc_top/u_cpu/u_core/alu_unit1/data_out_reg[100]_i_32/CO[3]
                         net (fo=1, routed)           0.000     5.586    u_soc_top/u_cpu/u_core/alu_unit1/data_out_reg[100]_i_32_n_0
    SLICE_X28Y52         CARRY4 (Prop_carry4_CI_CO[3])
                                                      0.098     5.684 r  u_soc_top/u_cpu/u_core/alu_unit1/data_out_reg[100]_i_18/CO[3]
                         net (fo=1, routed)           0.704     6.388    u_soc_top/u_cpu/u_core/reg_id_ex1_data/data_out[100]_i_11_1[0]
    SLICE_X30Y53         LUT6 (Prop_lut6_I2_O)        0.105     6.493 r  u_soc_top/u_cpu/u_core/reg_id_ex1_data/data_out[100]_i_15/O
                         net (fo=1, routed)           0.240     6.733    u_soc_top/u_cpu/u_core/reg_id_ex1_data/data_out[100]_i_15_n_0
    SLICE_X33Y53         LUT6 (Prop_lut6_I5_O)        0.105     6.838 r  u_soc_top/u_cpu/u_core/reg_id_ex1_data/data_out[100]_i_11/O
                         net (fo=1, routed)           0.344     7.182    u_soc_top/u_cpu/u_core/reg_id_ex1_data/data_out[100]_i_11_n_0
    SLICE_X33Y56         LUT6 (Prop_lut6_I5_O)        0.105     7.287 r  u_soc_top/u_cpu/u_core/reg_id_ex1_data/data_out[100]_i_4__0/O
                         net (fo=2, routed)           0.587     7.875    u_soc_top/u_cpu/u_core/reg_id_ex1_data/data_out[100]_i_4__0_n_0
    SLICE_X34Y54         LUT6 (Prop_lut6_I0_O)        0.105     7.980 r  u_soc_top/u_cpu/u_core/reg_id_ex1_data/data_out[36]_i_1__0/O
                         net (fo=1, routed)           0.000     7.980    u_soc_top/u_cpu/u_core/reg_ex_mem1_data/data_out_reg[131]_0[0]
    SLICE_X34Y54         FDRE                                         r  u_soc_top/u_cpu/u_core/reg_ex_mem1_data/data_out_reg[36]/D
  -------------------------------------------------------------------    -------------------

                         (clock cpu_clk rise edge)   10.000    10.000 r  
    K21                                               0.000    10.000 r  clk_50M (IN)
                         net (fo=0)                   0.000    10.000    u_soc_top/pll_clk.u_clk_pll/inst/clk_in1
    K21                  IBUF (Prop_ibuf_I_O)         1.328    11.328 r  u_soc_top/pll_clk.u_clk_pll/inst/clkin1_ibufg/O
                         net (fo=1, routed)           1.019    12.347    u_soc_top/pll_clk.u_clk_pll/inst/clk_in1_clk_pll
    PLLE2_ADV_X0Y3       PLLE2_ADV (Prop_plle2_adv_CLKIN1_CLKOUT0)
                                                     -6.890     5.457 r  u_soc_top/pll_clk.u_clk_pll/inst/plle2_adv_inst/CLKOUT0
                         net (fo=1, routed)           1.484     6.942    u_soc_top/pll_clk.u_clk_pll/inst/cpu_clk_clk_pll
    BUFGCTRL_X0Y16       BUFG (Prop_bufg_I_O)         0.077     7.019 r  u_soc_top/pll_clk.u_clk_pll/inst/clkout1_buf/O
                         net (fo=5419, routed)        1.520     8.539    u_soc_top/u_cpu/u_core/reg_ex_mem1_data/cpu_clk
    SLICE_X34Y54         FDRE                                         r  u_soc_top/u_cpu/u_core/reg_ex_mem1_data/data_out_reg[36]/C
                         clock pessimism             -0.522     8.017    
                         clock uncertainty           -0.094     7.922    
    SLICE_X34Y54         FDRE (Setup_fdre_C_D)        0.032     7.954    u_soc_top/u_cpu/u_core/reg_ex_mem1_data/data_out_reg[36]
  -------------------------------------------------------------------
                         required time                          7.954    
                         arrival time                          -7.980    
  -------------------------------------------------------------------
                         slack                                 -0.025    




