Copyright 1986-2019 Xilinx, Inc. All Rights Reserved.
---------------------------------------------------------------------------------------------------------------------
| Tool Version : Vivado v.2019.2 (lin64) Build 2708876 Wed Nov  6 21:39:14 MST 2019
| Date         : Tue Aug  4 06:27:50 2026
| Host         : e88575c63e81 running 64-bit Ubuntu 18.04.6 LTS
| Command      : report_timing -max_paths 20 -nworst 10 -file /workspace/run_vivado/project/synth_critical_paths.rpt
| Design       : thinpad_top
| Device       : 7a200t-fbg676
| Speed File   : -2  PRODUCTION 1.23 2018-06-13
---------------------------------------------------------------------------------------------------------------------

Timing Report

Slack (MET) :             0.002ns  (required time - arrival time)
  Source:                 u_soc_top/u_cpu/u_core/fq_instr_reg[0][24]/C
                            (rising edge-triggered cell FDRE clocked by cpu_clk  {rise@0.000ns fall@5.000ns period=10.000ns})
  Destination:            u_soc_top/u_cpu/u_core/pc_reg[6]/D
                            (rising edge-triggered cell FDRE clocked by cpu_clk  {rise@0.000ns fall@5.000ns period=10.000ns})
  Path Group:             cpu_clk
  Path Type:              Setup (Max at Slow Process Corner)
  Requirement:            10.000ns  (cpu_clk rise@10.000ns - cpu_clk rise@0.000ns)
  Data Path Delay:        9.577ns  (logic 3.614ns (37.736%)  route 5.963ns (62.264%))
  Logic Levels:           18  (CARRY4=5 LUT2=2 LUT3=1 LUT5=1 LUT6=8 MUXF7=1)
  Clock Path Skew:        -0.145ns (DCD - SCD + CPR)
    Destination Clock Delay (DCD):    -2.143ns = ( 7.857 - 10.000 ) 
    Source Clock Delay      (SCD):    -2.494ns
    Clock Pessimism Removal (CPR):    -0.496ns
  Clock Uncertainty:      0.094ns  ((TSJ^2 + DJ^2)^1/2) / 2 + PE
    Total System Jitter     (TSJ):    0.071ns
    Discrete Jitter          (DJ):    0.175ns
    Phase Error              (PE):    0.000ns

    Location             Delay type                Incr(ns)  Path(ns)    Netlist Resource(s)
  -------------------------------------------------------------------    -------------------
                         (clock cpu_clk rise edge)    0.000     0.000 r  
    K21                                               0.000     0.000 r  clk_50M (IN)
                         net (fo=0)                   0.000     0.000    u_soc_top/pll_clk.u_clk_pll/inst/clk_in1
    K21                  IBUF (Prop_ibuf_I_O)         1.394     1.394 r  u_soc_top/pll_clk.u_clk_pll/inst/clkin1_ibufg/O
                         net (fo=1, unplaced)         0.584     1.978    u_soc_top/pll_clk.u_clk_pll/inst/clk_in1_clk_pll
                         PLLE2_ADV (Prop_plle2_adv_CLKIN1_CLKOUT0)
                                                     -5.783    -3.805 r  u_soc_top/pll_clk.u_clk_pll/inst/plle2_adv_inst/CLKOUT0
                         net (fo=1, unplaced)         0.646    -3.159    u_soc_top/pll_clk.u_clk_pll/inst/cpu_clk_clk_pll
                         BUFG (Prop_bufg_I_O)         0.081    -3.078 r  u_soc_top/pll_clk.u_clk_pll/inst/clkout1_buf/O
                         net (fo=6694, unplaced)      0.584    -2.494    u_soc_top/u_cpu/u_core/cpu_clk
                         FDRE                                         r  u_soc_top/u_cpu/u_core/fq_instr_reg[0][24]/C
  -------------------------------------------------------------------    -------------------
                         FDRE (Prop_fdre_C_Q)         0.379    -2.115 f  u_soc_top/u_cpu/u_core/fq_instr_reg[0][24]/Q
                         net (fo=47, unplaced)        0.860    -1.255    u_soc_top/u_cpu/u_core/reg_id_ex0_data/data_out_reg[9]_0[24]
                         LUT6 (Prop_lut6_I0_O)        0.232    -1.023 f  u_soc_top/u_cpu/u_core/reg_id_ex0_data/data_out[111]_i_4__0/O
                         net (fo=2, unplaced)         0.358    -0.665    u_soc_top/u_cpu/u_core/reg_id_ex0_data/data_out[111]_i_4__0_n_0
                         LUT2 (Prop_lut2_I1_O)        0.105    -0.560 r  u_soc_top/u_cpu/u_core/reg_id_ex0_data/data_out[111]_i_3__0/O
                         net (fo=5, unplaced)         0.356    -0.204    u_soc_top/u_cpu/u_core/reg_id_ex0_data/data_out[111]_i_3__0_n_0
                         LUT5 (Prop_lut5_I2_O)        0.105    -0.099 f  u_soc_top/u_cpu/u_core/reg_id_ex0_data/data_out[114]_i_4__0/O
                         net (fo=7, unplaced)         0.382     0.283    u_soc_top/u_cpu/u_core/reg_id_ex0_data/data_out[114]_i_4__0_n_0
                         LUT3 (Prop_lut3_I0_O)        0.108     0.391 r  u_soc_top/u_cpu/u_core/reg_id_ex0_data/data_out[97]_i_3__0/O
                         net (fo=4, unplaced)         0.371     0.762    u_soc_top/u_cpu/u_core/reg_id_ex0_data/data_out[97]_i_3__0_n_0
                         LUT6 (Prop_lut6_I0_O)        0.105     0.867 r  u_soc_top/u_cpu/u_core/reg_id_ex0_data/data_out[95]_i_2__1/O
                         net (fo=1, unplaced)         0.347     1.214    u_soc_top/u_cpu/u_core/reg_id_ex0_data/data_out[95]_i_2__1_n_0
                         LUT6 (Prop_lut6_I0_O)        0.105     1.319 r  u_soc_top/u_cpu/u_core/reg_id_ex0_data/data_out[95]_i_1__1/O
                         net (fo=3, unplaced)         0.365     1.684    u_soc_top/u_cpu/u_core/bp_unit/D[7]
                         LUT2 (Prop_lut2_I1_O)        0.105     1.789 r  u_soc_top/u_cpu/u_core/bp_unit/pc[15]_i_8/O
                         net (fo=1, unplaced)         0.000     1.789    u_soc_top/u_cpu/u_core/bp_unit/pc[15]_i_8_n_0
                         CARRY4 (Prop_carry4_S[0]_CO[3])
                                                      0.440     2.229 r  u_soc_top/u_cpu/u_core/bp_unit/pc_reg[15]_i_4/CO[3]
                         net (fo=1, unplaced)         0.000     2.229    u_soc_top/u_cpu/u_core/bp_unit/pc_reg[15]_i_4_n_0
                         CARRY4 (Prop_carry4_CI_CO[3])
                                                      0.098     2.327 r  u_soc_top/u_cpu/u_core/bp_unit/pc_reg[19]_i_4/CO[3]
                         net (fo=1, unplaced)         0.000     2.327    u_soc_top/u_cpu/u_core/bp_unit/pc_reg[19]_i_4_n_0
                         CARRY4 (Prop_carry4_CI_O[3])
                                                      0.275     2.602 r  u_soc_top/u_cpu/u_core/bp_unit/pc_reg[23]_i_4/O[3]
                         net (fo=3, unplaced)         0.537     3.139    u_soc_top/u_cpu/u_core/bp_unit/bp_jump_pc[23]
                         LUT6 (Prop_lut6_I4_O)        0.250     3.389 r  u_soc_top/u_cpu/u_core/bp_unit/data_out[15]_i_43/O
                         net (fo=1, unplaced)         0.000     3.389    u_soc_top/u_cpu/u_core/hazard_ctrl/data_out_reg[15]_i_18_0[3]
                         CARRY4 (Prop_carry4_S[3]_CO[3])
                                                      0.332     3.721 r  u_soc_top/u_cpu/u_core/hazard_ctrl/data_out_reg[15]_i_36/CO[3]
                         net (fo=1, unplaced)         0.000     3.721    u_soc_top/u_cpu/u_core/hazard_ctrl/data_out_reg[15]_i_36_n_0
                         CARRY4 (Prop_carry4_CI_CO[2])
                                                      0.209     3.930 f  u_soc_top/u_cpu/u_core/hazard_ctrl/data_out_reg[15]_i_18/CO[2]
                         net (fo=1, unplaced)         0.349     4.279    u_soc_top/u_cpu/u_core/reg_id_ex0_ctrl/fq_valid_reg[1]_0[0]
                         LUT6 (Prop_lut6_I5_O)        0.252     4.531 f  u_soc_top/u_cpu/u_core/reg_id_ex0_ctrl/data_out[15]_i_7/O
                         net (fo=84, unplaced)        0.442     4.973    u_soc_top/u_cpu/u_core/reg_id_ex0_ctrl/if_id_flush
                         LUT6 (Prop_lut6_I1_O)        0.105     5.078 r  u_soc_top/u_cpu/u_core/reg_id_ex0_ctrl/fq_instr[1][31]_i_11/O
                         net (fo=10, unplaced)        0.625     5.703    u_soc_top/u_cpu/u_core/reg_id_ex0_ctrl/fq_valid_reg[1]
                         LUT6 (Prop_lut6_I2_O)        0.105     5.808 r  u_soc_top/u_cpu/u_core/reg_id_ex0_ctrl/pc[1]_i_3/O
                         net (fo=31, unplaced)        0.652     6.460    u_soc_top/u_cpu/u_core/reg_id_ex0_ctrl/FSM_onehot_state_reg[0]
                         LUT6 (Prop_lut6_I0_O)        0.105     6.565 r  u_soc_top/u_cpu/u_core/reg_id_ex0_ctrl/pc[6]_i_2/O
                         net (fo=1, unplaced)         0.000     6.565    u_soc_top/u_cpu/u_core/reg_id_ex1_data/pc_reg[6]_rep__16
                         MUXF7 (Prop_muxf7_I0_O)      0.199     6.764 r  u_soc_top/u_cpu/u_core/reg_id_ex1_data/pc_reg[6]_i_1/O
                         net (fo=19, unplaced)        0.319     7.083    u_soc_top/u_cpu/u_core/next_pc_reg[6]
                         FDRE                                         r  u_soc_top/u_cpu/u_core/pc_reg[6]/D
  -------------------------------------------------------------------    -------------------

                         (clock cpu_clk rise edge)   10.000    10.000 r  
    K21                                               0.000    10.000 r  clk_50M (IN)
                         net (fo=0)                   0.000    10.000    u_soc_top/pll_clk.u_clk_pll/inst/clk_in1
    K21                  IBUF (Prop_ibuf_I_O)         1.328    11.328 r  u_soc_top/pll_clk.u_clk_pll/inst/clkin1_ibufg/O
                         net (fo=1, unplaced)         0.439    11.767    u_soc_top/pll_clk.u_clk_pll/inst/clk_in1_clk_pll
                         PLLE2_ADV (Prop_plle2_adv_CLKIN1_CLKOUT0)
                                                     -5.039     6.728 r  u_soc_top/pll_clk.u_clk_pll/inst/plle2_adv_inst/CLKOUT0
                         net (fo=1, unplaced)         0.613     7.341    u_soc_top/pll_clk.u_clk_pll/inst/cpu_clk_clk_pll
                         BUFG (Prop_bufg_I_O)         0.077     7.418 r  u_soc_top/pll_clk.u_clk_pll/inst/clkout1_buf/O
                         net (fo=6694, unplaced)      0.439     7.857    u_soc_top/u_cpu/u_core/cpu_clk
                         FDRE                                         r  u_soc_top/u_cpu/u_core/pc_reg[6]/C
                         clock pessimism             -0.496     7.361    
                         clock uncertainty           -0.094     7.266    
                         FDRE (Setup_fdre_C_D)       -0.182     7.084    u_soc_top/u_cpu/u_core/pc_reg[6]
  -------------------------------------------------------------------
                         required time                          7.084    
                         arrival time                          -7.083    
  -------------------------------------------------------------------
                         slack                                  0.002    

Slack (MET) :             0.002ns  (required time - arrival time)
  Source:                 u_soc_top/u_cpu/u_core/fq_instr_reg[0][24]/C
                            (rising edge-triggered cell FDRE clocked by cpu_clk  {rise@0.000ns fall@5.000ns period=10.000ns})
  Destination:            u_soc_top/u_cpu/u_core/pc_reg[6]/D
                            (rising edge-triggered cell FDRE clocked by cpu_clk  {rise@0.000ns fall@5.000ns period=10.000ns})
  Path Group:             cpu_clk
  Path Type:              Setup (Max at Slow Process Corner)
  Requirement:            10.000ns  (cpu_clk rise@10.000ns - cpu_clk rise@0.000ns)
  Data Path Delay:        9.577ns  (logic 3.614ns (37.736%)  route 5.963ns (62.264%))
  Logic Levels:           18  (CARRY4=5 LUT2=2 LUT3=1 LUT5=1 LUT6=8 MUXF7=1)
  Clock Path Skew:        -0.145ns (DCD - SCD + CPR)
    Destination Clock Delay (DCD):    -2.143ns = ( 7.857 - 10.000 ) 
    Source Clock Delay      (SCD):    -2.494ns
    Clock Pessimism Removal (CPR):    -0.496ns
  Clock Uncertainty:      0.094ns  ((TSJ^2 + DJ^2)^1/2) / 2 + PE
    Total System Jitter     (TSJ):    0.071ns
    Discrete Jitter          (DJ):    0.175ns
    Phase Error              (PE):    0.000ns

    Location             Delay type                Incr(ns)  Path(ns)    Netlist Resource(s)
  -------------------------------------------------------------------    -------------------
                         (clock cpu_clk rise edge)    0.000     0.000 r  
    K21                                               0.000     0.000 r  clk_50M (IN)
                         net (fo=0)                   0.000     0.000    u_soc_top/pll_clk.u_clk_pll/inst/clk_in1
    K21                  IBUF (Prop_ibuf_I_O)         1.394     1.394 r  u_soc_top/pll_clk.u_clk_pll/inst/clkin1_ibufg/O
                         net (fo=1, unplaced)         0.584     1.978    u_soc_top/pll_clk.u_clk_pll/inst/clk_in1_clk_pll
                         PLLE2_ADV (Prop_plle2_adv_CLKIN1_CLKOUT0)
                                                     -5.783    -3.805 r  u_soc_top/pll_clk.u_clk_pll/inst/plle2_adv_inst/CLKOUT0
                         net (fo=1, unplaced)         0.646    -3.159    u_soc_top/pll_clk.u_clk_pll/inst/cpu_clk_clk_pll
                         BUFG (Prop_bufg_I_O)         0.081    -3.078 r  u_soc_top/pll_clk.u_clk_pll/inst/clkout1_buf/O
                         net (fo=6694, unplaced)      0.584    -2.494    u_soc_top/u_cpu/u_core/cpu_clk
                         FDRE                                         r  u_soc_top/u_cpu/u_core/fq_instr_reg[0][24]/C
  -------------------------------------------------------------------    -------------------
                         FDRE (Prop_fdre_C_Q)         0.379    -2.115 r  u_soc_top/u_cpu/u_core/fq_instr_reg[0][24]/Q
                         net (fo=47, unplaced)        0.860    -1.255    u_soc_top/u_cpu/u_core/reg_id_ex0_data/data_out_reg[9]_0[24]
                         LUT6 (Prop_lut6_I0_O)        0.232    -1.023 r  u_soc_top/u_cpu/u_core/reg_id_ex0_data/data_out[111]_i_4__0/O
                         net (fo=2, unplaced)         0.358    -0.665    u_soc_top/u_cpu/u_core/reg_id_ex0_data/data_out[111]_i_4__0_n_0
                         LUT2 (Prop_lut2_I1_O)        0.105    -0.560 f  u_soc_top/u_cpu/u_core/reg_id_ex0_data/data_out[111]_i_3__0/O
                         net (fo=5, unplaced)         0.356    -0.204    u_soc_top/u_cpu/u_core/reg_id_ex0_data/data_out[111]_i_3__0_n_0
                         LUT5 (Prop_lut5_I2_O)        0.105    -0.099 r  u_soc_top/u_cpu/u_core/reg_id_ex0_data/data_out[114]_i_4__0/O
                         net (fo=7, unplaced)         0.382     0.283    u_soc_top/u_cpu/u_core/reg_id_ex0_data/data_out[114]_i_4__0_n_0
                         LUT3 (Prop_lut3_I0_O)        0.108     0.391 f  u_soc_top/u_cpu/u_core/reg_id_ex0_data/data_out[97]_i_3__0/O
                         net (fo=4, unplaced)         0.371     0.762    u_soc_top/u_cpu/u_core/reg_id_ex0_data/data_out[97]_i_3__0_n_0
                         LUT6 (Prop_lut6_I0_O)        0.105     0.867 f  u_soc_top/u_cpu/u_core/reg_id_ex0_data/data_out[95]_i_2__1/O
                         net (fo=1, unplaced)         0.347     1.214    u_soc_top/u_cpu/u_core/reg_id_ex0_data/data_out[95]_i_2__1_n_0
                         LUT6 (Prop_lut6_I0_O)        0.105     1.319 f  u_soc_top/u_cpu/u_core/reg_id_ex0_data/data_out[95]_i_1__1/O
                         net (fo=3, unplaced)         0.365     1.684    u_soc_top/u_cpu/u_core/bp_unit/D[7]
                         LUT2 (Prop_lut2_I1_O)        0.105     1.789 r  u_soc_top/u_cpu/u_core/bp_unit/pc[15]_i_8/O
                         net (fo=1, unplaced)         0.000     1.789    u_soc_top/u_cpu/u_core/bp_unit/pc[15]_i_8_n_0
                         CARRY4 (Prop_carry4_S[0]_CO[3])
                                                      0.440     2.229 r  u_soc_top/u_cpu/u_core/bp_unit/pc_reg[15]_i_4/CO[3]
                         net (fo=1, unplaced)         0.000     2.229    u_soc_top/u_cpu/u_core/bp_unit/pc_reg[15]_i_4_n_0
                         CARRY4 (Prop_carry4_CI_CO[3])
                                                      0.098     2.327 r  u_soc_top/u_cpu/u_core/bp_unit/pc_reg[19]_i_4/CO[3]
                         net (fo=1, unplaced)         0.000     2.327    u_soc_top/u_cpu/u_core/bp_unit/pc_reg[19]_i_4_n_0
                         CARRY4 (Prop_carry4_CI_O[3])
                                                      0.275     2.602 r  u_soc_top/u_cpu/u_core/bp_unit/pc_reg[23]_i_4/O[3]
                         net (fo=3, unplaced)         0.537     3.139    u_soc_top/u_cpu/u_core/bp_unit/bp_jump_pc[23]
                         LUT6 (Prop_lut6_I4_O)        0.250     3.389 r  u_soc_top/u_cpu/u_core/bp_unit/data_out[15]_i_43/O
                         net (fo=1, unplaced)         0.000     3.389    u_soc_top/u_cpu/u_core/hazard_ctrl/data_out_reg[15]_i_18_0[3]
                         CARRY4 (Prop_carry4_S[3]_CO[3])
                                                      0.332     3.721 r  u_soc_top/u_cpu/u_core/hazard_ctrl/data_out_reg[15]_i_36/CO[3]
                         net (fo=1, unplaced)         0.000     3.721    u_soc_top/u_cpu/u_core/hazard_ctrl/data_out_reg[15]_i_36_n_0
                         CARRY4 (Prop_carry4_CI_CO[2])
                                                      0.209     3.930 f  u_soc_top/u_cpu/u_core/hazard_ctrl/data_out_reg[15]_i_18/CO[2]
                         net (fo=1, unplaced)         0.349     4.279    u_soc_top/u_cpu/u_core/reg_id_ex0_ctrl/fq_valid_reg[1]_0[0]
                         LUT6 (Prop_lut6_I5_O)        0.252     4.531 f  u_soc_top/u_cpu/u_core/reg_id_ex0_ctrl/data_out[15]_i_7/O
                         net (fo=84, unplaced)        0.442     4.973    u_soc_top/u_cpu/u_core/reg_id_ex0_ctrl/if_id_flush
                         LUT6 (Prop_lut6_I1_O)        0.105     5.078 r  u_soc_top/u_cpu/u_core/reg_id_ex0_ctrl/fq_instr[1][31]_i_11/O
                         net (fo=10, unplaced)        0.625     5.703    u_soc_top/u_cpu/u_core/reg_id_ex0_ctrl/fq_valid_reg[1]
                         LUT6 (Prop_lut6_I2_O)        0.105     5.808 r  u_soc_top/u_cpu/u_core/reg_id_ex0_ctrl/pc[1]_i_3/O
                         net (fo=31, unplaced)        0.652     6.460    u_soc_top/u_cpu/u_core/reg_id_ex0_ctrl/FSM_onehot_state_reg[0]
                         LUT6 (Prop_lut6_I0_O)        0.105     6.565 r  u_soc_top/u_cpu/u_core/reg_id_ex0_ctrl/pc[6]_i_2/O
                         net (fo=1, unplaced)         0.000     6.565    u_soc_top/u_cpu/u_core/reg_id_ex1_data/pc_reg[6]_rep__16
                         MUXF7 (Prop_muxf7_I0_O)      0.199     6.764 r  u_soc_top/u_cpu/u_core/reg_id_ex1_data/pc_reg[6]_i_1/O
                         net (fo=19, unplaced)        0.319     7.083    u_soc_top/u_cpu/u_core/next_pc_reg[6]
                         FDRE                                         r  u_soc_top/u_cpu/u_core/pc_reg[6]/D
  -------------------------------------------------------------------    -------------------

                         (clock cpu_clk rise edge)   10.000    10.000 r  
    K21                                               0.000    10.000 r  clk_50M (IN)
                         net (fo=0)                   0.000    10.000    u_soc_top/pll_clk.u_clk_pll/inst/clk_in1
    K21                  IBUF (Prop_ibuf_I_O)         1.328    11.328 r  u_soc_top/pll_clk.u_clk_pll/inst/clkin1_ibufg/O
                         net (fo=1, unplaced)         0.439    11.767    u_soc_top/pll_clk.u_clk_pll/inst/clk_in1_clk_pll
                         PLLE2_ADV (Prop_plle2_adv_CLKIN1_CLKOUT0)
                                                     -5.039     6.728 r  u_soc_top/pll_clk.u_clk_pll/inst/plle2_adv_inst/CLKOUT0
                         net (fo=1, unplaced)         0.613     7.341    u_soc_top/pll_clk.u_clk_pll/inst/cpu_clk_clk_pll
                         BUFG (Prop_bufg_I_O)         0.077     7.418 r  u_soc_top/pll_clk.u_clk_pll/inst/clkout1_buf/O
                         net (fo=6694, unplaced)      0.439     7.857    u_soc_top/u_cpu/u_core/cpu_clk
                         FDRE                                         r  u_soc_top/u_cpu/u_core/pc_reg[6]/C
                         clock pessimism             -0.496     7.361    
                         clock uncertainty           -0.094     7.266    
                         FDRE (Setup_fdre_C_D)       -0.182     7.084    u_soc_top/u_cpu/u_core/pc_reg[6]
  -------------------------------------------------------------------
                         required time                          7.084    
                         arrival time                          -7.083    
  -------------------------------------------------------------------
                         slack                                  0.002    

Slack (MET) :             0.002ns  (required time - arrival time)
  Source:                 u_soc_top/u_cpu/u_core/fq_instr_reg[0][24]/C
                            (rising edge-triggered cell FDRE clocked by cpu_clk  {rise@0.000ns fall@5.000ns period=10.000ns})
  Destination:            u_soc_top/u_cpu/u_core/pc_reg[6]/D
                            (rising edge-triggered cell FDRE clocked by cpu_clk  {rise@0.000ns fall@5.000ns period=10.000ns})
  Path Group:             cpu_clk
  Path Type:              Setup (Max at Slow Process Corner)
  Requirement:            10.000ns  (cpu_clk rise@10.000ns - cpu_clk rise@0.000ns)
  Data Path Delay:        9.577ns  (logic 3.614ns (37.736%)  route 5.963ns (62.264%))
  Logic Levels:           18  (CARRY4=5 LUT2=2 LUT3=1 LUT5=1 LUT6=8 MUXF7=1)
  Clock Path Skew:        -0.145ns (DCD - SCD + CPR)
    Destination Clock Delay (DCD):    -2.143ns = ( 7.857 - 10.000 ) 
    Source Clock Delay      (SCD):    -2.494ns
    Clock Pessimism Removal (CPR):    -0.496ns
  Clock Uncertainty:      0.094ns  ((TSJ^2 + DJ^2)^1/2) / 2 + PE
    Total System Jitter     (TSJ):    0.071ns
    Discrete Jitter          (DJ):    0.175ns
    Phase Error              (PE):    0.000ns

    Location             Delay type                Incr(ns)  Path(ns)    Netlist Resource(s)
  -------------------------------------------------------------------    -------------------
                         (clock cpu_clk rise edge)    0.000     0.000 r  
    K21                                               0.000     0.000 r  clk_50M (IN)
                         net (fo=0)                   0.000     0.000    u_soc_top/pll_clk.u_clk_pll/inst/clk_in1
    K21                  IBUF (Prop_ibuf_I_O)         1.394     1.394 r  u_soc_top/pll_clk.u_clk_pll/inst/clkin1_ibufg/O
                         net (fo=1, unplaced)         0.584     1.978    u_soc_top/pll_clk.u_clk_pll/inst/clk_in1_clk_pll
                         PLLE2_ADV (Prop_plle2_adv_CLKIN1_CLKOUT0)
                                                     -5.783    -3.805 r  u_soc_top/pll_clk.u_clk_pll/inst/plle2_adv_inst/CLKOUT0
                         net (fo=1, unplaced)         0.646    -3.159    u_soc_top/pll_clk.u_clk_pll/inst/cpu_clk_clk_pll
                         BUFG (Prop_bufg_I_O)         0.081    -3.078 r  u_soc_top/pll_clk.u_clk_pll/inst/clkout1_buf/O
                         net (fo=6694, unplaced)      0.584    -2.494    u_soc_top/u_cpu/u_core/cpu_clk
                         FDRE                                         r  u_soc_top/u_cpu/u_core/fq_instr_reg[0][24]/C
  -------------------------------------------------------------------    -------------------
                         FDRE (Prop_fdre_C_Q)         0.379    -2.115 f  u_soc_top/u_cpu/u_core/fq_instr_reg[0][24]/Q
                         net (fo=47, unplaced)        0.860    -1.255    u_soc_top/u_cpu/u_core/reg_id_ex0_data/data_out_reg[9]_0[24]
                         LUT6 (Prop_lut6_I0_O)        0.232    -1.023 f  u_soc_top/u_cpu/u_core/reg_id_ex0_data/data_out[111]_i_4__0/O
                         net (fo=2, unplaced)         0.358    -0.665    u_soc_top/u_cpu/u_core/reg_id_ex0_data/data_out[111]_i_4__0_n_0
                         LUT2 (Prop_lut2_I1_O)        0.105    -0.560 r  u_soc_top/u_cpu/u_core/reg_id_ex0_data/data_out[111]_i_3__0/O
                         net (fo=5, unplaced)         0.356    -0.204    u_soc_top/u_cpu/u_core/reg_id_ex0_data/data_out[111]_i_3__0_n_0
                         LUT5 (Prop_lut5_I2_O)        0.105    -0.099 f  u_soc_top/u_cpu/u_core/reg_id_ex0_data/data_out[114]_i_4__0/O
                         net (fo=7, unplaced)         0.382     0.283    u_soc_top/u_cpu/u_core/reg_id_ex0_data/data_out[114]_i_4__0_n_0
                         LUT3 (Prop_lut3_I0_O)        0.108     0.391 r  u_soc_top/u_cpu/u_core/reg_id_ex0_data/data_out[97]_i_3__0/O
                         net (fo=4, unplaced)         0.371     0.762    u_soc_top/u_cpu/u_core/reg_id_ex0_data/data_out[97]_i_3__0_n_0
                         LUT6 (Prop_lut6_I0_O)        0.105     0.867 r  u_soc_top/u_cpu/u_core/reg_id_ex0_data/data_out[95]_i_2__1/O
                         net (fo=1, unplaced)         0.347     1.214    u_soc_top/u_cpu/u_core/reg_id_ex0_data/data_out[95]_i_2__1_n_0
                         LUT6 (Prop_lut6_I0_O)        0.105     1.319 r  u_soc_top/u_cpu/u_core/reg_id_ex0_data/data_out[95]_i_1__1/O
                         net (fo=3, unplaced)         0.365     1.684    u_soc_top/u_cpu/u_core/bp_unit/D[7]
                         LUT2 (Prop_lut2_I1_O)        0.105     1.789 f  u_soc_top/u_cpu/u_core/bp_unit/pc[15]_i_8/O
                         net (fo=1, unplaced)         0.000     1.789    u_soc_top/u_cpu/u_core/bp_unit/pc[15]_i_8_n_0
                         CARRY4 (Prop_carry4_S[0]_CO[3])
                                                      0.440     2.229 r  u_soc_top/u_cpu/u_core/bp_unit/pc_reg[15]_i_4/CO[3]
                         net (fo=1, unplaced)         0.000     2.229    u_soc_top/u_cpu/u_core/bp_unit/pc_reg[15]_i_4_n_0
                         CARRY4 (Prop_carry4_CI_CO[3])
                                                      0.098     2.327 r  u_soc_top/u_cpu/u_core/bp_unit/pc_reg[19]_i_4/CO[3]
                         net (fo=1, unplaced)         0.000     2.327    u_soc_top/u_cpu/u_core/bp_unit/pc_reg[19]_i_4_n_0
                         CARRY4 (Prop_carry4_CI_O[3])
                                                      0.275     2.602 r  u_soc_top/u_cpu/u_core/bp_unit/pc_reg[23]_i_4/O[3]
                         net (fo=3, unplaced)         0.537     3.139    u_soc_top/u_cpu/u_core/bp_unit/bp_jump_pc[23]
                         LUT6 (Prop_lut6_I4_O)        0.250     3.389 r  u_soc_top/u_cpu/u_core/bp_unit/data_out[15]_i_43/O
                         net (fo=1, unplaced)         0.000     3.389    u_soc_top/u_cpu/u_core/hazard_ctrl/data_out_reg[15]_i_18_0[3]
                         CARRY4 (Prop_carry4_S[3]_CO[3])
                                                      0.332     3.721 r  u_soc_top/u_cpu/u_core/hazard_ctrl/data_out_reg[15]_i_36/CO[3]
                         net (fo=1, unplaced)         0.000     3.721    u_soc_top/u_cpu/u_core/hazard_ctrl/data_out_reg[15]_i_36_n_0
                         CARRY4 (Prop_carry4_CI_CO[2])
                                                      0.209     3.930 f  u_soc_top/u_cpu/u_core/hazard_ctrl/data_out_reg[15]_i_18/CO[2]
                         net (fo=1, unplaced)         0.349     4.279    u_soc_top/u_cpu/u_core/reg_id_ex0_ctrl/fq_valid_reg[1]_0[0]
                         LUT6 (Prop_lut6_I5_O)        0.252     4.531 f  u_soc_top/u_cpu/u_core/reg_id_ex0_ctrl/data_out[15]_i_7/O
                         net (fo=84, unplaced)        0.442     4.973    u_soc_top/u_cpu/u_core/reg_id_ex0_ctrl/if_id_flush
                         LUT6 (Prop_lut6_I1_O)        0.105     5.078 r  u_soc_top/u_cpu/u_core/reg_id_ex0_ctrl/fq_instr[1][31]_i_11/O
                         net (fo=10, unplaced)        0.625     5.703    u_soc_top/u_cpu/u_core/reg_id_ex0_ctrl/fq_valid_reg[1]
                         LUT6 (Prop_lut6_I2_O)        0.105     5.808 r  u_soc_top/u_cpu/u_core/reg_id_ex0_ctrl/pc[1]_i_3/O
                         net (fo=31, unplaced)        0.652     6.460    u_soc_top/u_cpu/u_core/reg_id_ex0_ctrl/FSM_onehot_state_reg[0]
                         LUT6 (Prop_lut6_I0_O)        0.105     6.565 r  u_soc_top/u_cpu/u_core/reg_id_ex0_ctrl/pc[6]_i_2/O
                         net (fo=1, unplaced)         0.000     6.565    u_soc_top/u_cpu/u_core/reg_id_ex1_data/pc_reg[6]_rep__16
                         MUXF7 (Prop_muxf7_I0_O)      0.199     6.764 r  u_soc_top/u_cpu/u_core/reg_id_ex1_data/pc_reg[6]_i_1/O
                         net (fo=19, unplaced)        0.319     7.083    u_soc_top/u_cpu/u_core/next_pc_reg[6]
                         FDRE                                         r  u_soc_top/u_cpu/u_core/pc_reg[6]/D
  -------------------------------------------------------------------    -------------------

                         (clock cpu_clk rise edge)   10.000    10.000 r  
    K21                                               0.000    10.000 r  clk_50M (IN)
                         net (fo=0)                   0.000    10.000    u_soc_top/pll_clk.u_clk_pll/inst/clk_in1
    K21                  IBUF (Prop_ibuf_I_O)         1.328    11.328 r  u_soc_top/pll_clk.u_clk_pll/inst/clkin1_ibufg/O
                         net (fo=1, unplaced)         0.439    11.767    u_soc_top/pll_clk.u_clk_pll/inst/clk_in1_clk_pll
                         PLLE2_ADV (Prop_plle2_adv_CLKIN1_CLKOUT0)
                                                     -5.039     6.728 r  u_soc_top/pll_clk.u_clk_pll/inst/plle2_adv_inst/CLKOUT0
                         net (fo=1, unplaced)         0.613     7.341    u_soc_top/pll_clk.u_clk_pll/inst/cpu_clk_clk_pll
                         BUFG (Prop_bufg_I_O)         0.077     7.418 r  u_soc_top/pll_clk.u_clk_pll/inst/clkout1_buf/O
                         net (fo=6694, unplaced)      0.439     7.857    u_soc_top/u_cpu/u_core/cpu_clk
                         FDRE                                         r  u_soc_top/u_cpu/u_core/pc_reg[6]/C
                         clock pessimism             -0.496     7.361    
                         clock uncertainty           -0.094     7.266    
                         FDRE (Setup_fdre_C_D)       -0.182     7.084    u_soc_top/u_cpu/u_core/pc_reg[6]
  -------------------------------------------------------------------
                         required time                          7.084    
                         arrival time                          -7.083    
  -------------------------------------------------------------------
                         slack                                  0.002    

Slack (MET) :             0.002ns  (required time - arrival time)
  Source:                 u_soc_top/u_cpu/u_core/fq_instr_reg[0][24]/C
                            (rising edge-triggered cell FDRE clocked by cpu_clk  {rise@0.000ns fall@5.000ns period=10.000ns})
  Destination:            u_soc_top/u_cpu/u_core/pc_reg[6]/D
                            (rising edge-triggered cell FDRE clocked by cpu_clk  {rise@0.000ns fall@5.000ns period=10.000ns})
  Path Group:             cpu_clk
  Path Type:              Setup (Max at Slow Process Corner)
  Requirement:            10.000ns  (cpu_clk rise@10.000ns - cpu_clk rise@0.000ns)
  Data Path Delay:        9.577ns  (logic 3.614ns (37.736%)  route 5.963ns (62.264%))
  Logic Levels:           18  (CARRY4=5 LUT2=2 LUT3=1 LUT5=1 LUT6=8 MUXF7=1)
  Clock Path Skew:        -0.145ns (DCD - SCD + CPR)
    Destination Clock Delay (DCD):    -2.143ns = ( 7.857 - 10.000 ) 
    Source Clock Delay      (SCD):    -2.494ns
    Clock Pessimism Removal (CPR):    -0.496ns
  Clock Uncertainty:      0.094ns  ((TSJ^2 + DJ^2)^1/2) / 2 + PE
    Total System Jitter     (TSJ):    0.071ns
    Discrete Jitter          (DJ):    0.175ns
    Phase Error              (PE):    0.000ns

    Location             Delay type                Incr(ns)  Path(ns)    Netlist Resource(s)
  -------------------------------------------------------------------    -------------------
                         (clock cpu_clk rise edge)    0.000     0.000 r  
    K21                                               0.000     0.000 r  clk_50M (IN)
                         net (fo=0)                   0.000     0.000    u_soc_top/pll_clk.u_clk_pll/inst/clk_in1
    K21                  IBUF (Prop_ibuf_I_O)         1.394     1.394 r  u_soc_top/pll_clk.u_clk_pll/inst/clkin1_ibufg/O
                         net (fo=1, unplaced)         0.584     1.978    u_soc_top/pll_clk.u_clk_pll/inst/clk_in1_clk_pll
                         PLLE2_ADV (Prop_plle2_adv_CLKIN1_CLKOUT0)
                                                     -5.783    -3.805 r  u_soc_top/pll_clk.u_clk_pll/inst/plle2_adv_inst/CLKOUT0
                         net (fo=1, unplaced)         0.646    -3.159    u_soc_top/pll_clk.u_clk_pll/inst/cpu_clk_clk_pll
                         BUFG (Prop_bufg_I_O)         0.081    -3.078 r  u_soc_top/pll_clk.u_clk_pll/inst/clkout1_buf/O
                         net (fo=6694, unplaced)      0.584    -2.494    u_soc_top/u_cpu/u_core/cpu_clk
                         FDRE                                         r  u_soc_top/u_cpu/u_core/fq_instr_reg[0][24]/C
  -------------------------------------------------------------------    -------------------
                         FDRE (Prop_fdre_C_Q)         0.379    -2.115 r  u_soc_top/u_cpu/u_core/fq_instr_reg[0][24]/Q
                         net (fo=47, unplaced)        0.860    -1.255    u_soc_top/u_cpu/u_core/reg_id_ex0_data/data_out_reg[9]_0[24]
                         LUT6 (Prop_lut6_I0_O)        0.232    -1.023 r  u_soc_top/u_cpu/u_core/reg_id_ex0_data/data_out[111]_i_4__0/O
                         net (fo=2, unplaced)         0.358    -0.665    u_soc_top/u_cpu/u_core/reg_id_ex0_data/data_out[111]_i_4__0_n_0
                         LUT2 (Prop_lut2_I1_O)        0.105    -0.560 f  u_soc_top/u_cpu/u_core/reg_id_ex0_data/data_out[111]_i_3__0/O
                         net (fo=5, unplaced)         0.356    -0.204    u_soc_top/u_cpu/u_core/reg_id_ex0_data/data_out[111]_i_3__0_n_0
                         LUT5 (Prop_lut5_I2_O)        0.105    -0.099 r  u_soc_top/u_cpu/u_core/reg_id_ex0_data/data_out[114]_i_4__0/O
                         net (fo=7, unplaced)         0.382     0.283    u_soc_top/u_cpu/u_core/reg_id_ex0_data/data_out[114]_i_4__0_n_0
                         LUT3 (Prop_lut3_I0_O)        0.108     0.391 f  u_soc_top/u_cpu/u_core/reg_id_ex0_data/data_out[97]_i_3__0/O
                         net (fo=4, unplaced)         0.371     0.762    u_soc_top/u_cpu/u_core/reg_id_ex0_data/data_out[97]_i_3__0_n_0
                         LUT6 (Prop_lut6_I0_O)        0.105     0.867 f  u_soc_top/u_cpu/u_core/reg_id_ex0_data/data_out[95]_i_2__1/O
                         net (fo=1, unplaced)         0.347     1.214    u_soc_top/u_cpu/u_core/reg_id_ex0_data/data_out[95]_i_2__1_n_0
                         LUT6 (Prop_lut6_I0_O)        0.105     1.319 f  u_soc_top/u_cpu/u_core/reg_id_ex0_data/data_out[95]_i_1__1/O
                         net (fo=3, unplaced)         0.365     1.684    u_soc_top/u_cpu/u_core/bp_unit/D[7]
                         LUT2 (Prop_lut2_I1_O)        0.105     1.789 f  u_soc_top/u_cpu/u_core/bp_unit/pc[15]_i_8/O
                         net (fo=1, unplaced)         0.000     1.789    u_soc_top/u_cpu/u_core/bp_unit/pc[15]_i_8_n_0
                         CARRY4 (Prop_carry4_S[0]_CO[3])
                                                      0.440     2.229 r  u_soc_top/u_cpu/u_core/bp_unit/pc_reg[15]_i_4/CO[3]
                         net (fo=1, unplaced)         0.000     2.229    u_soc_top/u_cpu/u_core/bp_unit/pc_reg[15]_i_4_n_0
                         CARRY4 (Prop_carry4_CI_CO[3])
                                                      0.098     2.327 r  u_soc_top/u_cpu/u_core/bp_unit/pc_reg[19]_i_4/CO[3]
                         net (fo=1, unplaced)         0.000     2.327    u_soc_top/u_cpu/u_core/bp_unit/pc_reg[19]_i_4_n_0
                         CARRY4 (Prop_carry4_CI_O[3])
                                                      0.275     2.602 r  u_soc_top/u_cpu/u_core/bp_unit/pc_reg[23]_i_4/O[3]
                         net (fo=3, unplaced)         0.537     3.139    u_soc_top/u_cpu/u_core/bp_unit/bp_jump_pc[23]
                         LUT6 (Prop_lut6_I4_O)        0.250     3.389 r  u_soc_top/u_cpu/u_core/bp_unit/data_out[15]_i_43/O
                         net (fo=1, unplaced)         0.000     3.389    u_soc_top/u_cpu/u_core/hazard_ctrl/data_out_reg[15]_i_18_0[3]
                         CARRY4 (Prop_carry4_S[3]_CO[3])
                                                      0.332     3.721 r  u_soc_top/u_cpu/u_core/hazard_ctrl/data_out_reg[15]_i_36/CO[3]
                         net (fo=1, unplaced)         0.000     3.721    u_soc_top/u_cpu/u_core/hazard_ctrl/data_out_reg[15]_i_36_n_0
                         CARRY4 (Prop_carry4_CI_CO[2])
                                                      0.209     3.930 f  u_soc_top/u_cpu/u_core/hazard_ctrl/data_out_reg[15]_i_18/CO[2]
                         net (fo=1, unplaced)         0.349     4.279    u_soc_top/u_cpu/u_core/reg_id_ex0_ctrl/fq_valid_reg[1]_0[0]
                         LUT6 (Prop_lut6_I5_O)        0.252     4.531 f  u_soc_top/u_cpu/u_core/reg_id_ex0_ctrl/data_out[15]_i_7/O
                         net (fo=84, unplaced)        0.442     4.973    u_soc_top/u_cpu/u_core/reg_id_ex0_ctrl/if_id_flush
                         LUT6 (Prop_lut6_I1_O)        0.105     5.078 r  u_soc_top/u_cpu/u_core/reg_id_ex0_ctrl/fq_instr[1][31]_i_11/O
                         net (fo=10, unplaced)        0.625     5.703    u_soc_top/u_cpu/u_core/reg_id_ex0_ctrl/fq_valid_reg[1]
                         LUT6 (Prop_lut6_I2_O)        0.105     5.808 r  u_soc_top/u_cpu/u_core/reg_id_ex0_ctrl/pc[1]_i_3/O
                         net (fo=31, unplaced)        0.652     6.460    u_soc_top/u_cpu/u_core/reg_id_ex0_ctrl/FSM_onehot_state_reg[0]
                         LUT6 (Prop_lut6_I0_O)        0.105     6.565 r  u_soc_top/u_cpu/u_core/reg_id_ex0_ctrl/pc[6]_i_2/O
                         net (fo=1, unplaced)         0.000     6.565    u_soc_top/u_cpu/u_core/reg_id_ex1_data/pc_reg[6]_rep__16
                         MUXF7 (Prop_muxf7_I0_O)      0.199     6.764 r  u_soc_top/u_cpu/u_core/reg_id_ex1_data/pc_reg[6]_i_1/O
                         net (fo=19, unplaced)        0.319     7.083    u_soc_top/u_cpu/u_core/next_pc_reg[6]
                         FDRE                                         r  u_soc_top/u_cpu/u_core/pc_reg[6]/D
  -------------------------------------------------------------------    -------------------

                         (clock cpu_clk rise edge)   10.000    10.000 r  
    K21                                               0.000    10.000 r  clk_50M (IN)
                         net (fo=0)                   0.000    10.000    u_soc_top/pll_clk.u_clk_pll/inst/clk_in1
    K21                  IBUF (Prop_ibuf_I_O)         1.328    11.328 r  u_soc_top/pll_clk.u_clk_pll/inst/clkin1_ibufg/O
                         net (fo=1, unplaced)         0.439    11.767    u_soc_top/pll_clk.u_clk_pll/inst/clk_in1_clk_pll
                         PLLE2_ADV (Prop_plle2_adv_CLKIN1_CLKOUT0)
                                                     -5.039     6.728 r  u_soc_top/pll_clk.u_clk_pll/inst/plle2_adv_inst/CLKOUT0
                         net (fo=1, unplaced)         0.613     7.341    u_soc_top/pll_clk.u_clk_pll/inst/cpu_clk_clk_pll
                         BUFG (Prop_bufg_I_O)         0.077     7.418 r  u_soc_top/pll_clk.u_clk_pll/inst/clkout1_buf/O
                         net (fo=6694, unplaced)      0.439     7.857    u_soc_top/u_cpu/u_core/cpu_clk
                         FDRE                                         r  u_soc_top/u_cpu/u_core/pc_reg[6]/C
                         clock pessimism             -0.496     7.361    
                         clock uncertainty           -0.094     7.266    
                         FDRE (Setup_fdre_C_D)       -0.182     7.084    u_soc_top/u_cpu/u_core/pc_reg[6]
  -------------------------------------------------------------------
                         required time                          7.084    
                         arrival time                          -7.083    
  -------------------------------------------------------------------
                         slack                                  0.002    

Slack (MET) :             0.002ns  (required time - arrival time)
  Source:                 u_soc_top/u_cpu/u_core/fq_instr_reg[0][24]/C
                            (rising edge-triggered cell FDRE clocked by cpu_clk  {rise@0.000ns fall@5.000ns period=10.000ns})
  Destination:            u_soc_top/u_cpu/u_core/pc_reg[6]/D
                            (rising edge-triggered cell FDRE clocked by cpu_clk  {rise@0.000ns fall@5.000ns period=10.000ns})
  Path Group:             cpu_clk
  Path Type:              Setup (Max at Slow Process Corner)
  Requirement:            10.000ns  (cpu_clk rise@10.000ns - cpu_clk rise@0.000ns)
  Data Path Delay:        9.577ns  (logic 3.614ns (37.736%)  route 5.963ns (62.264%))
  Logic Levels:           18  (CARRY4=5 LUT2=2 LUT3=1 LUT5=1 LUT6=8 MUXF7=1)
  Clock Path Skew:        -0.145ns (DCD - SCD + CPR)
    Destination Clock Delay (DCD):    -2.143ns = ( 7.857 - 10.000 ) 
    Source Clock Delay      (SCD):    -2.494ns
    Clock Pessimism Removal (CPR):    -0.496ns
  Clock Uncertainty:      0.094ns  ((TSJ^2 + DJ^2)^1/2) / 2 + PE
    Total System Jitter     (TSJ):    0.071ns
    Discrete Jitter          (DJ):    0.175ns
    Phase Error              (PE):    0.000ns

    Location             Delay type                Incr(ns)  Path(ns)    Netlist Resource(s)
  -------------------------------------------------------------------    -------------------
                         (clock cpu_clk rise edge)    0.000     0.000 r  
    K21                                               0.000     0.000 r  clk_50M (IN)
                         net (fo=0)                   0.000     0.000    u_soc_top/pll_clk.u_clk_pll/inst/clk_in1
    K21                  IBUF (Prop_ibuf_I_O)         1.394     1.394 r  u_soc_top/pll_clk.u_clk_pll/inst/clkin1_ibufg/O
                         net (fo=1, unplaced)         0.584     1.978    u_soc_top/pll_clk.u_clk_pll/inst/clk_in1_clk_pll
                         PLLE2_ADV (Prop_plle2_adv_CLKIN1_CLKOUT0)
                                                     -5.783    -3.805 r  u_soc_top/pll_clk.u_clk_pll/inst/plle2_adv_inst/CLKOUT0
                         net (fo=1, unplaced)         0.646    -3.159    u_soc_top/pll_clk.u_clk_pll/inst/cpu_clk_clk_pll
                         BUFG (Prop_bufg_I_O)         0.081    -3.078 r  u_soc_top/pll_clk.u_clk_pll/inst/clkout1_buf/O
                         net (fo=6694, unplaced)      0.584    -2.494    u_soc_top/u_cpu/u_core/cpu_clk
                         FDRE                                         r  u_soc_top/u_cpu/u_core/fq_instr_reg[0][24]/C
  -------------------------------------------------------------------    -------------------
                         FDRE (Prop_fdre_C_Q)         0.379    -2.115 f  u_soc_top/u_cpu/u_core/fq_instr_reg[0][24]/Q
                         net (fo=47, unplaced)        0.860    -1.255    u_soc_top/u_cpu/u_core/reg_id_ex0_data/data_out_reg[9]_0[24]
                         LUT6 (Prop_lut6_I0_O)        0.232    -1.023 f  u_soc_top/u_cpu/u_core/reg_id_ex0_data/data_out[111]_i_4__0/O
                         net (fo=2, unplaced)         0.358    -0.665    u_soc_top/u_cpu/u_core/reg_id_ex0_data/data_out[111]_i_4__0_n_0
                         LUT2 (Prop_lut2_I1_O)        0.105    -0.560 r  u_soc_top/u_cpu/u_core/reg_id_ex0_data/data_out[111]_i_3__0/O
                         net (fo=5, unplaced)         0.356    -0.204    u_soc_top/u_cpu/u_core/reg_id_ex0_data/data_out[111]_i_3__0_n_0
                         LUT5 (Prop_lut5_I2_O)        0.105    -0.099 f  u_soc_top/u_cpu/u_core/reg_id_ex0_data/data_out[114]_i_4__0/O
                         net (fo=7, unplaced)         0.382     0.283    u_soc_top/u_cpu/u_core/reg_id_ex0_data/data_out[114]_i_4__0_n_0
                         LUT3 (Prop_lut3_I0_O)        0.108     0.391 r  u_soc_top/u_cpu/u_core/reg_id_ex0_data/data_out[97]_i_3__0/O
                         net (fo=4, unplaced)         0.371     0.762    u_soc_top/u_cpu/u_core/reg_id_ex0_data/data_out[97]_i_3__0_n_0
                         LUT6 (Prop_lut6_I0_O)        0.105     0.867 r  u_soc_top/u_cpu/u_core/reg_id_ex0_data/data_out[95]_i_2__1/O
                         net (fo=1, unplaced)         0.347     1.214    u_soc_top/u_cpu/u_core/reg_id_ex0_data/data_out[95]_i_2__1_n_0
                         LUT6 (Prop_lut6_I0_O)        0.105     1.319 r  u_soc_top/u_cpu/u_core/reg_id_ex0_data/data_out[95]_i_1__1/O
                         net (fo=3, unplaced)         0.365     1.684    u_soc_top/u_cpu/u_core/bp_unit/D[7]
                         LUT2 (Prop_lut2_I1_O)        0.105     1.789 r  u_soc_top/u_cpu/u_core/bp_unit/pc[15]_i_8/O
                         net (fo=1, unplaced)         0.000     1.789    u_soc_top/u_cpu/u_core/bp_unit/pc[15]_i_8_n_0
                         CARRY4 (Prop_carry4_S[0]_CO[3])
                                                      0.440     2.229 f  u_soc_top/u_cpu/u_core/bp_unit/pc_reg[15]_i_4/CO[3]
                         net (fo=1, unplaced)         0.000     2.229    u_soc_top/u_cpu/u_core/bp_unit/pc_reg[15]_i_4_n_0
                         CARRY4 (Prop_carry4_CI_CO[3])
                                                      0.098     2.327 r  u_soc_top/u_cpu/u_core/bp_unit/pc_reg[19]_i_4/CO[3]
                         net (fo=1, unplaced)         0.000     2.327    u_soc_top/u_cpu/u_core/bp_unit/pc_reg[19]_i_4_n_0
                         CARRY4 (Prop_carry4_CI_O[3])
                                                      0.275     2.602 r  u_soc_top/u_cpu/u_core/bp_unit/pc_reg[23]_i_4/O[3]
                         net (fo=3, unplaced)         0.537     3.139    u_soc_top/u_cpu/u_core/bp_unit/bp_jump_pc[23]
                         LUT6 (Prop_lut6_I4_O)        0.250     3.389 r  u_soc_top/u_cpu/u_core/bp_unit/data_out[15]_i_43/O
                         net (fo=1, unplaced)         0.000     3.389    u_soc_top/u_cpu/u_core/hazard_ctrl/data_out_reg[15]_i_18_0[3]
                         CARRY4 (Prop_carry4_S[3]_CO[3])
                                                      0.332     3.721 r  u_soc_top/u_cpu/u_core/hazard_ctrl/data_out_reg[15]_i_36/CO[3]
                         net (fo=1, unplaced)         0.000     3.721    u_soc_top/u_cpu/u_core/hazard_ctrl/data_out_reg[15]_i_36_n_0
                         CARRY4 (Prop_carry4_CI_CO[2])
                                                      0.209     3.930 f  u_soc_top/u_cpu/u_core/hazard_ctrl/data_out_reg[15]_i_18/CO[2]
                         net (fo=1, unplaced)         0.349     4.279    u_soc_top/u_cpu/u_core/reg_id_ex0_ctrl/fq_valid_reg[1]_0[0]
                         LUT6 (Prop_lut6_I5_O)        0.252     4.531 f  u_soc_top/u_cpu/u_core/reg_id_ex0_ctrl/data_out[15]_i_7/O
                         net (fo=84, unplaced)        0.442     4.973    u_soc_top/u_cpu/u_core/reg_id_ex0_ctrl/if_id_flush
                         LUT6 (Prop_lut6_I1_O)        0.105     5.078 r  u_soc_top/u_cpu/u_core/reg_id_ex0_ctrl/fq_instr[1][31]_i_11/O
                         net (fo=10, unplaced)        0.625     5.703    u_soc_top/u_cpu/u_core/reg_id_ex0_ctrl/fq_valid_reg[1]
                         LUT6 (Prop_lut6_I2_O)        0.105     5.808 r  u_soc_top/u_cpu/u_core/reg_id_ex0_ctrl/pc[1]_i_3/O
                         net (fo=31, unplaced)        0.652     6.460    u_soc_top/u_cpu/u_core/reg_id_ex0_ctrl/FSM_onehot_state_reg[0]
                         LUT6 (Prop_lut6_I0_O)        0.105     6.565 r  u_soc_top/u_cpu/u_core/reg_id_ex0_ctrl/pc[6]_i_2/O
                         net (fo=1, unplaced)         0.000     6.565    u_soc_top/u_cpu/u_core/reg_id_ex1_data/pc_reg[6]_rep__16
                         MUXF7 (Prop_muxf7_I0_O)      0.199     6.764 r  u_soc_top/u_cpu/u_core/reg_id_ex1_data/pc_reg[6]_i_1/O
                         net (fo=19, unplaced)        0.319     7.083    u_soc_top/u_cpu/u_core/next_pc_reg[6]
                         FDRE                                         r  u_soc_top/u_cpu/u_core/pc_reg[6]/D
  -------------------------------------------------------------------    -------------------

                         (clock cpu_clk rise edge)   10.000    10.000 r  
    K21                                               0.000    10.000 r  clk_50M (IN)
                         net (fo=0)                   0.000    10.000    u_soc_top/pll_clk.u_clk_pll/inst/clk_in1
    K21                  IBUF (Prop_ibuf_I_O)         1.328    11.328 r  u_soc_top/pll_clk.u_clk_pll/inst/clkin1_ibufg/O
                         net (fo=1, unplaced)         0.439    11.767    u_soc_top/pll_clk.u_clk_pll/inst/clk_in1_clk_pll
                         PLLE2_ADV (Prop_plle2_adv_CLKIN1_CLKOUT0)
                                                     -5.039     6.728 r  u_soc_top/pll_clk.u_clk_pll/inst/plle2_adv_inst/CLKOUT0
                         net (fo=1, unplaced)         0.613     7.341    u_soc_top/pll_clk.u_clk_pll/inst/cpu_clk_clk_pll
                         BUFG (Prop_bufg_I_O)         0.077     7.418 r  u_soc_top/pll_clk.u_clk_pll/inst/clkout1_buf/O
                         net (fo=6694, unplaced)      0.439     7.857    u_soc_top/u_cpu/u_core/cpu_clk
                         FDRE                                         r  u_soc_top/u_cpu/u_core/pc_reg[6]/C
                         clock pessimism             -0.496     7.361    
                         clock uncertainty           -0.094     7.266    
                         FDRE (Setup_fdre_C_D)       -0.182     7.084    u_soc_top/u_cpu/u_core/pc_reg[6]
  -------------------------------------------------------------------
                         required time                          7.084    
                         arrival time                          -7.083    
  -------------------------------------------------------------------
                         slack                                  0.002    

Slack (MET) :             0.002ns  (required time - arrival time)
  Source:                 u_soc_top/u_cpu/u_core/fq_instr_reg[0][24]/C
                            (rising edge-triggered cell FDRE clocked by cpu_clk  {rise@0.000ns fall@5.000ns period=10.000ns})
  Destination:            u_soc_top/u_cpu/u_core/pc_reg[6]/D
                            (rising edge-triggered cell FDRE clocked by cpu_clk  {rise@0.000ns fall@5.000ns period=10.000ns})
  Path Group:             cpu_clk
  Path Type:              Setup (Max at Slow Process Corner)
  Requirement:            10.000ns  (cpu_clk rise@10.000ns - cpu_clk rise@0.000ns)
  Data Path Delay:        9.577ns  (logic 3.614ns (37.736%)  route 5.963ns (62.264%))
  Logic Levels:           18  (CARRY4=5 LUT2=2 LUT3=1 LUT5=1 LUT6=8 MUXF7=1)
  Clock Path Skew:        -0.145ns (DCD - SCD + CPR)
    Destination Clock Delay (DCD):    -2.143ns = ( 7.857 - 10.000 ) 
    Source Clock Delay      (SCD):    -2.494ns
    Clock Pessimism Removal (CPR):    -0.496ns
  Clock Uncertainty:      0.094ns  ((TSJ^2 + DJ^2)^1/2) / 2 + PE
    Total System Jitter     (TSJ):    0.071ns
    Discrete Jitter          (DJ):    0.175ns
    Phase Error              (PE):    0.000ns

    Location             Delay type                Incr(ns)  Path(ns)    Netlist Resource(s)
  -------------------------------------------------------------------    -------------------
                         (clock cpu_clk rise edge)    0.000     0.000 r  
    K21                                               0.000     0.000 r  clk_50M (IN)
                         net (fo=0)                   0.000     0.000    u_soc_top/pll_clk.u_clk_pll/inst/clk_in1
    K21                  IBUF (Prop_ibuf_I_O)         1.394     1.394 r  u_soc_top/pll_clk.u_clk_pll/inst/clkin1_ibufg/O
                         net (fo=1, unplaced)         0.584     1.978    u_soc_top/pll_clk.u_clk_pll/inst/clk_in1_clk_pll
                         PLLE2_ADV (Prop_plle2_adv_CLKIN1_CLKOUT0)
                                                     -5.783    -3.805 r  u_soc_top/pll_clk.u_clk_pll/inst/plle2_adv_inst/CLKOUT0
                         net (fo=1, unplaced)         0.646    -3.159    u_soc_top/pll_clk.u_clk_pll/inst/cpu_clk_clk_pll
                         BUFG (Prop_bufg_I_O)         0.081    -3.078 r  u_soc_top/pll_clk.u_clk_pll/inst/clkout1_buf/O
                         net (fo=6694, unplaced)      0.584    -2.494    u_soc_top/u_cpu/u_core/cpu_clk
                         FDRE                                         r  u_soc_top/u_cpu/u_core/fq_instr_reg[0][24]/C
  -------------------------------------------------------------------    -------------------
                         FDRE (Prop_fdre_C_Q)         0.379    -2.115 r  u_soc_top/u_cpu/u_core/fq_instr_reg[0][24]/Q
                         net (fo=47, unplaced)        0.860    -1.255    u_soc_top/u_cpu/u_core/reg_id_ex0_data/data_out_reg[9]_0[24]
                         LUT6 (Prop_lut6_I0_O)        0.232    -1.023 r  u_soc_top/u_cpu/u_core/reg_id_ex0_data/data_out[111]_i_4__0/O
                         net (fo=2, unplaced)         0.358    -0.665    u_soc_top/u_cpu/u_core/reg_id_ex0_data/data_out[111]_i_4__0_n_0
                         LUT2 (Prop_lut2_I1_O)        0.105    -0.560 f  u_soc_top/u_cpu/u_core/reg_id_ex0_data/data_out[111]_i_3__0/O
                         net (fo=5, unplaced)         0.356    -0.204    u_soc_top/u_cpu/u_core/reg_id_ex0_data/data_out[111]_i_3__0_n_0
                         LUT5 (Prop_lut5_I2_O)        0.105    -0.099 r  u_soc_top/u_cpu/u_core/reg_id_ex0_data/data_out[114]_i_4__0/O
                         net (fo=7, unplaced)         0.382     0.283    u_soc_top/u_cpu/u_core/reg_id_ex0_data/data_out[114]_i_4__0_n_0
                         LUT3 (Prop_lut3_I0_O)        0.108     0.391 f  u_soc_top/u_cpu/u_core/reg_id_ex0_data/data_out[97]_i_3__0/O
                         net (fo=4, unplaced)         0.371     0.762    u_soc_top/u_cpu/u_core/reg_id_ex0_data/data_out[97]_i_3__0_n_0
                         LUT6 (Prop_lut6_I0_O)        0.105     0.867 f  u_soc_top/u_cpu/u_core/reg_id_ex0_data/data_out[95]_i_2__1/O
                         net (fo=1, unplaced)         0.347     1.214    u_soc_top/u_cpu/u_core/reg_id_ex0_data/data_out[95]_i_2__1_n_0
                         LUT6 (Prop_lut6_I0_O)        0.105     1.319 f  u_soc_top/u_cpu/u_core/reg_id_ex0_data/data_out[95]_i_1__1/O
                         net (fo=3, unplaced)         0.365     1.684    u_soc_top/u_cpu/u_core/bp_unit/D[7]
                         LUT2 (Prop_lut2_I1_O)        0.105     1.789 r  u_soc_top/u_cpu/u_core/bp_unit/pc[15]_i_8/O
                         net (fo=1, unplaced)         0.000     1.789    u_soc_top/u_cpu/u_core/bp_unit/pc[15]_i_8_n_0
                         CARRY4 (Prop_carry4_S[0]_CO[3])
                                                      0.440     2.229 f  u_soc_top/u_cpu/u_core/bp_unit/pc_reg[15]_i_4/CO[3]
                         net (fo=1, unplaced)         0.000     2.229    u_soc_top/u_cpu/u_core/bp_unit/pc_reg[15]_i_4_n_0
                         CARRY4 (Prop_carry4_CI_CO[3])
                                                      0.098     2.327 r  u_soc_top/u_cpu/u_core/bp_unit/pc_reg[19]_i_4/CO[3]
                         net (fo=1, unplaced)         0.000     2.327    u_soc_top/u_cpu/u_core/bp_unit/pc_reg[19]_i_4_n_0
                         CARRY4 (Prop_carry4_CI_O[3])
                                                      0.275     2.602 r  u_soc_top/u_cpu/u_core/bp_unit/pc_reg[23]_i_4/O[3]
                         net (fo=3, unplaced)         0.537     3.139    u_soc_top/u_cpu/u_core/bp_unit/bp_jump_pc[23]
                         LUT6 (Prop_lut6_I4_O)        0.250     3.389 r  u_soc_top/u_cpu/u_core/bp_unit/data_out[15]_i_43/O
                         net (fo=1, unplaced)         0.000     3.389    u_soc_top/u_cpu/u_core/hazard_ctrl/data_out_reg[15]_i_18_0[3]
                         CARRY4 (Prop_carry4_S[3]_CO[3])
                                                      0.332     3.721 r  u_soc_top/u_cpu/u_core/hazard_ctrl/data_out_reg[15]_i_36/CO[3]
                         net (fo=1, unplaced)         0.000     3.721    u_soc_top/u_cpu/u_core/hazard_ctrl/data_out_reg[15]_i_36_n_0
                         CARRY4 (Prop_carry4_CI_CO[2])
                                                      0.209     3.930 f  u_soc_top/u_cpu/u_core/hazard_ctrl/data_out_reg[15]_i_18/CO[2]
                         net (fo=1, unplaced)         0.349     4.279    u_soc_top/u_cpu/u_core/reg_id_ex0_ctrl/fq_valid_reg[1]_0[0]
                         LUT6 (Prop_lut6_I5_O)        0.252     4.531 f  u_soc_top/u_cpu/u_core/reg_id_ex0_ctrl/data_out[15]_i_7/O
                         net (fo=84, unplaced)        0.442     4.973    u_soc_top/u_cpu/u_core/reg_id_ex0_ctrl/if_id_flush
                         LUT6 (Prop_lut6_I1_O)        0.105     5.078 r  u_soc_top/u_cpu/u_core/reg_id_ex0_ctrl/fq_instr[1][31]_i_11/O
                         net (fo=10, unplaced)        0.625     5.703    u_soc_top/u_cpu/u_core/reg_id_ex0_ctrl/fq_valid_reg[1]
                         LUT6 (Prop_lut6_I2_O)        0.105     5.808 r  u_soc_top/u_cpu/u_core/reg_id_ex0_ctrl/pc[1]_i_3/O
                         net (fo=31, unplaced)        0.652     6.460    u_soc_top/u_cpu/u_core/reg_id_ex0_ctrl/FSM_onehot_state_reg[0]
                         LUT6 (Prop_lut6_I0_O)        0.105     6.565 r  u_soc_top/u_cpu/u_core/reg_id_ex0_ctrl/pc[6]_i_2/O
                         net (fo=1, unplaced)         0.000     6.565    u_soc_top/u_cpu/u_core/reg_id_ex1_data/pc_reg[6]_rep__16
                         MUXF7 (Prop_muxf7_I0_O)      0.199     6.764 r  u_soc_top/u_cpu/u_core/reg_id_ex1_data/pc_reg[6]_i_1/O
                         net (fo=19, unplaced)        0.319     7.083    u_soc_top/u_cpu/u_core/next_pc_reg[6]
                         FDRE                                         r  u_soc_top/u_cpu/u_core/pc_reg[6]/D
  -------------------------------------------------------------------    -------------------

                         (clock cpu_clk rise edge)   10.000    10.000 r  
    K21                                               0.000    10.000 r  clk_50M (IN)
                         net (fo=0)                   0.000    10.000    u_soc_top/pll_clk.u_clk_pll/inst/clk_in1
    K21                  IBUF (Prop_ibuf_I_O)         1.328    11.328 r  u_soc_top/pll_clk.u_clk_pll/inst/clkin1_ibufg/O
                         net (fo=1, unplaced)         0.439    11.767    u_soc_top/pll_clk.u_clk_pll/inst/clk_in1_clk_pll
                         PLLE2_ADV (Prop_plle2_adv_CLKIN1_CLKOUT0)
                                                     -5.039     6.728 r  u_soc_top/pll_clk.u_clk_pll/inst/plle2_adv_inst/CLKOUT0
                         net (fo=1, unplaced)         0.613     7.341    u_soc_top/pll_clk.u_clk_pll/inst/cpu_clk_clk_pll
                         BUFG (Prop_bufg_I_O)         0.077     7.418 r  u_soc_top/pll_clk.u_clk_pll/inst/clkout1_buf/O
                         net (fo=6694, unplaced)      0.439     7.857    u_soc_top/u_cpu/u_core/cpu_clk
                         FDRE                                         r  u_soc_top/u_cpu/u_core/pc_reg[6]/C
                         clock pessimism             -0.496     7.361    
                         clock uncertainty           -0.094     7.266    
                         FDRE (Setup_fdre_C_D)       -0.182     7.084    u_soc_top/u_cpu/u_core/pc_reg[6]
  -------------------------------------------------------------------
                         required time                          7.084    
                         arrival time                          -7.083    
  -------------------------------------------------------------------
                         slack                                  0.002    

Slack (MET) :             0.002ns  (required time - arrival time)
  Source:                 u_soc_top/u_cpu/u_core/fq_instr_reg[0][24]/C
                            (rising edge-triggered cell FDRE clocked by cpu_clk  {rise@0.000ns fall@5.000ns period=10.000ns})
  Destination:            u_soc_top/u_cpu/u_core/pc_reg[6]/D
                            (rising edge-triggered cell FDRE clocked by cpu_clk  {rise@0.000ns fall@5.000ns period=10.000ns})
  Path Group:             cpu_clk
  Path Type:              Setup (Max at Slow Process Corner)
  Requirement:            10.000ns  (cpu_clk rise@10.000ns - cpu_clk rise@0.000ns)
  Data Path Delay:        9.577ns  (logic 3.614ns (37.736%)  route 5.963ns (62.264%))
  Logic Levels:           18  (CARRY4=5 LUT2=2 LUT3=1 LUT5=1 LUT6=8 MUXF7=1)
  Clock Path Skew:        -0.145ns (DCD - SCD + CPR)
    Destination Clock Delay (DCD):    -2.143ns = ( 7.857 - 10.000 ) 
    Source Clock Delay      (SCD):    -2.494ns
    Clock Pessimism Removal (CPR):    -0.496ns
  Clock Uncertainty:      0.094ns  ((TSJ^2 + DJ^2)^1/2) / 2 + PE
    Total System Jitter     (TSJ):    0.071ns
    Discrete Jitter          (DJ):    0.175ns
    Phase Error              (PE):    0.000ns

    Location             Delay type                Incr(ns)  Path(ns)    Netlist Resource(s)
  -------------------------------------------------------------------    -------------------
                         (clock cpu_clk rise edge)    0.000     0.000 r  
    K21                                               0.000     0.000 r  clk_50M (IN)
                         net (fo=0)                   0.000     0.000    u_soc_top/pll_clk.u_clk_pll/inst/clk_in1
    K21                  IBUF (Prop_ibuf_I_O)         1.394     1.394 r  u_soc_top/pll_clk.u_clk_pll/inst/clkin1_ibufg/O
                         net (fo=1, unplaced)         0.584     1.978    u_soc_top/pll_clk.u_clk_pll/inst/clk_in1_clk_pll
                         PLLE2_ADV (Prop_plle2_adv_CLKIN1_CLKOUT0)
                                                     -5.783    -3.805 r  u_soc_top/pll_clk.u_clk_pll/inst/plle2_adv_inst/CLKOUT0
                         net (fo=1, unplaced)         0.646    -3.159    u_soc_top/pll_clk.u_clk_pll/inst/cpu_clk_clk_pll
                         BUFG (Prop_bufg_I_O)         0.081    -3.078 r  u_soc_top/pll_clk.u_clk_pll/inst/clkout1_buf/O
                         net (fo=6694, unplaced)      0.584    -2.494    u_soc_top/u_cpu/u_core/cpu_clk
                         FDRE                                         r  u_soc_top/u_cpu/u_core/fq_instr_reg[0][24]/C
  -------------------------------------------------------------------    -------------------
                         FDRE (Prop_fdre_C_Q)         0.379    -2.115 f  u_soc_top/u_cpu/u_core/fq_instr_reg[0][24]/Q
                         net (fo=47, unplaced)        0.860    -1.255    u_soc_top/u_cpu/u_core/reg_id_ex0_data/data_out_reg[9]_0[24]
                         LUT6 (Prop_lut6_I0_O)        0.232    -1.023 f  u_soc_top/u_cpu/u_core/reg_id_ex0_data/data_out[111]_i_4__0/O
                         net (fo=2, unplaced)         0.358    -0.665    u_soc_top/u_cpu/u_core/reg_id_ex0_data/data_out[111]_i_4__0_n_0
                         LUT2 (Prop_lut2_I1_O)        0.105    -0.560 r  u_soc_top/u_cpu/u_core/reg_id_ex0_data/data_out[111]_i_3__0/O
                         net (fo=5, unplaced)         0.356    -0.204    u_soc_top/u_cpu/u_core/reg_id_ex0_data/data_out[111]_i_3__0_n_0
                         LUT5 (Prop_lut5_I2_O)        0.105    -0.099 f  u_soc_top/u_cpu/u_core/reg_id_ex0_data/data_out[114]_i_4__0/O
                         net (fo=7, unplaced)         0.382     0.283    u_soc_top/u_cpu/u_core/reg_id_ex0_data/data_out[114]_i_4__0_n_0
                         LUT3 (Prop_lut3_I0_O)        0.108     0.391 r  u_soc_top/u_cpu/u_core/reg_id_ex0_data/data_out[97]_i_3__0/O
                         net (fo=4, unplaced)         0.371     0.762    u_soc_top/u_cpu/u_core/reg_id_ex0_data/data_out[97]_i_3__0_n_0
                         LUT6 (Prop_lut6_I0_O)        0.105     0.867 r  u_soc_top/u_cpu/u_core/reg_id_ex0_data/data_out[95]_i_2__1/O
                         net (fo=1, unplaced)         0.347     1.214    u_soc_top/u_cpu/u_core/reg_id_ex0_data/data_out[95]_i_2__1_n_0
                         LUT6 (Prop_lut6_I0_O)        0.105     1.319 r  u_soc_top/u_cpu/u_core/reg_id_ex0_data/data_out[95]_i_1__1/O
                         net (fo=3, unplaced)         0.365     1.684    u_soc_top/u_cpu/u_core/bp_unit/D[7]
                         LUT2 (Prop_lut2_I1_O)        0.105     1.789 r  u_soc_top/u_cpu/u_core/bp_unit/pc[15]_i_8/O
                         net (fo=1, unplaced)         0.000     1.789    u_soc_top/u_cpu/u_core/bp_unit/pc[15]_i_8_n_0
                         CARRY4 (Prop_carry4_S[0]_CO[3])
                                                      0.440     2.229 r  u_soc_top/u_cpu/u_core/bp_unit/pc_reg[15]_i_4/CO[3]
                         net (fo=1, unplaced)         0.000     2.229    u_soc_top/u_cpu/u_core/bp_unit/pc_reg[15]_i_4_n_0
                         CARRY4 (Prop_carry4_CI_CO[3])
                                                      0.098     2.327 r  u_soc_top/u_cpu/u_core/bp_unit/pc_reg[19]_i_4/CO[3]
                         net (fo=1, unplaced)         0.000     2.327    u_soc_top/u_cpu/u_core/bp_unit/pc_reg[19]_i_4_n_0
                         CARRY4 (Prop_carry4_CI_O[3])
                                                      0.275     2.602 f  u_soc_top/u_cpu/u_core/bp_unit/pc_reg[23]_i_4/O[3]
                         net (fo=3, unplaced)         0.537     3.139    u_soc_top/u_cpu/u_core/bp_unit/bp_jump_pc[23]
                         LUT6 (Prop_lut6_I4_O)        0.250     3.389 r  u_soc_top/u_cpu/u_core/bp_unit/data_out[15]_i_43/O
                         net (fo=1, unplaced)         0.000     3.389    u_soc_top/u_cpu/u_core/hazard_ctrl/data_out_reg[15]_i_18_0[3]
                         CARRY4 (Prop_carry4_S[3]_CO[3])
                                                      0.332     3.721 r  u_soc_top/u_cpu/u_core/hazard_ctrl/data_out_reg[15]_i_36/CO[3]
                         net (fo=1, unplaced)         0.000     3.721    u_soc_top/u_cpu/u_core/hazard_ctrl/data_out_reg[15]_i_36_n_0
                         CARRY4 (Prop_carry4_CI_CO[2])
                                                      0.209     3.930 f  u_soc_top/u_cpu/u_core/hazard_ctrl/data_out_reg[15]_i_18/CO[2]
                         net (fo=1, unplaced)         0.349     4.279    u_soc_top/u_cpu/u_core/reg_id_ex0_ctrl/fq_valid_reg[1]_0[0]
                         LUT6 (Prop_lut6_I5_O)        0.252     4.531 f  u_soc_top/u_cpu/u_core/reg_id_ex0_ctrl/data_out[15]_i_7/O
                         net (fo=84, unplaced)        0.442     4.973    u_soc_top/u_cpu/u_core/reg_id_ex0_ctrl/if_id_flush
                         LUT6 (Prop_lut6_I1_O)        0.105     5.078 r  u_soc_top/u_cpu/u_core/reg_id_ex0_ctrl/fq_instr[1][31]_i_11/O
                         net (fo=10, unplaced)        0.625     5.703    u_soc_top/u_cpu/u_core/reg_id_ex0_ctrl/fq_valid_reg[1]
                         LUT6 (Prop_lut6_I2_O)        0.105     5.808 r  u_soc_top/u_cpu/u_core/reg_id_ex0_ctrl/pc[1]_i_3/O
                         net (fo=31, unplaced)        0.652     6.460    u_soc_top/u_cpu/u_core/reg_id_ex0_ctrl/FSM_onehot_state_reg[0]
                         LUT6 (Prop_lut6_I0_O)        0.105     6.565 r  u_soc_top/u_cpu/u_core/reg_id_ex0_ctrl/pc[6]_i_2/O
                         net (fo=1, unplaced)         0.000     6.565    u_soc_top/u_cpu/u_core/reg_id_ex1_data/pc_reg[6]_rep__16
                         MUXF7 (Prop_muxf7_I0_O)      0.199     6.764 r  u_soc_top/u_cpu/u_core/reg_id_ex1_data/pc_reg[6]_i_1/O
                         net (fo=19, unplaced)        0.319     7.083    u_soc_top/u_cpu/u_core/next_pc_reg[6]
                         FDRE                                         r  u_soc_top/u_cpu/u_core/pc_reg[6]/D
  -------------------------------------------------------------------    -------------------

                         (clock cpu_clk rise edge)   10.000    10.000 r  
    K21                                               0.000    10.000 r  clk_50M (IN)
                         net (fo=0)                   0.000    10.000    u_soc_top/pll_clk.u_clk_pll/inst/clk_in1
    K21                  IBUF (Prop_ibuf_I_O)         1.328    11.328 r  u_soc_top/pll_clk.u_clk_pll/inst/clkin1_ibufg/O
                         net (fo=1, unplaced)         0.439    11.767    u_soc_top/pll_clk.u_clk_pll/inst/clk_in1_clk_pll
                         PLLE2_ADV (Prop_plle2_adv_CLKIN1_CLKOUT0)
                                                     -5.039     6.728 r  u_soc_top/pll_clk.u_clk_pll/inst/plle2_adv_inst/CLKOUT0
                         net (fo=1, unplaced)         0.613     7.341    u_soc_top/pll_clk.u_clk_pll/inst/cpu_clk_clk_pll
                         BUFG (Prop_bufg_I_O)         0.077     7.418 r  u_soc_top/pll_clk.u_clk_pll/inst/clkout1_buf/O
                         net (fo=6694, unplaced)      0.439     7.857    u_soc_top/u_cpu/u_core/cpu_clk
                         FDRE                                         r  u_soc_top/u_cpu/u_core/pc_reg[6]/C
                         clock pessimism             -0.496     7.361    
                         clock uncertainty           -0.094     7.266    
                         FDRE (Setup_fdre_C_D)       -0.182     7.084    u_soc_top/u_cpu/u_core/pc_reg[6]
  -------------------------------------------------------------------
                         required time                          7.084    
                         arrival time                          -7.083    
  -------------------------------------------------------------------
                         slack                                  0.002    

Slack (MET) :             0.002ns  (required time - arrival time)
  Source:                 u_soc_top/u_cpu/u_core/fq_instr_reg[0][24]/C
                            (rising edge-triggered cell FDRE clocked by cpu_clk  {rise@0.000ns fall@5.000ns period=10.000ns})
  Destination:            u_soc_top/u_cpu/u_core/pc_reg[6]/D
                            (rising edge-triggered cell FDRE clocked by cpu_clk  {rise@0.000ns fall@5.000ns period=10.000ns})
  Path Group:             cpu_clk
  Path Type:              Setup (Max at Slow Process Corner)
  Requirement:            10.000ns  (cpu_clk rise@10.000ns - cpu_clk rise@0.000ns)
  Data Path Delay:        9.577ns  (logic 3.614ns (37.736%)  route 5.963ns (62.264%))
  Logic Levels:           18  (CARRY4=5 LUT2=2 LUT3=1 LUT5=1 LUT6=8 MUXF7=1)
  Clock Path Skew:        -0.145ns (DCD - SCD + CPR)
    Destination Clock Delay (DCD):    -2.143ns = ( 7.857 - 10.000 ) 
    Source Clock Delay      (SCD):    -2.494ns
    Clock Pessimism Removal (CPR):    -0.496ns
  Clock Uncertainty:      0.094ns  ((TSJ^2 + DJ^2)^1/2) / 2 + PE
    Total System Jitter     (TSJ):    0.071ns
    Discrete Jitter          (DJ):    0.175ns
    Phase Error              (PE):    0.000ns

    Location             Delay type                Incr(ns)  Path(ns)    Netlist Resource(s)
  -------------------------------------------------------------------    -------------------
                         (clock cpu_clk rise edge)    0.000     0.000 r  
    K21                                               0.000     0.000 r  clk_50M (IN)
                         net (fo=0)                   0.000     0.000    u_soc_top/pll_clk.u_clk_pll/inst/clk_in1
    K21                  IBUF (Prop_ibuf_I_O)         1.394     1.394 r  u_soc_top/pll_clk.u_clk_pll/inst/clkin1_ibufg/O
                         net (fo=1, unplaced)         0.584     1.978    u_soc_top/pll_clk.u_clk_pll/inst/clk_in1_clk_pll
                         PLLE2_ADV (Prop_plle2_adv_CLKIN1_CLKOUT0)
                                                     -5.783    -3.805 r  u_soc_top/pll_clk.u_clk_pll/inst/plle2_adv_inst/CLKOUT0
                         net (fo=1, unplaced)         0.646    -3.159    u_soc_top/pll_clk.u_clk_pll/inst/cpu_clk_clk_pll
                         BUFG (Prop_bufg_I_O)         0.081    -3.078 r  u_soc_top/pll_clk.u_clk_pll/inst/clkout1_buf/O
                         net (fo=6694, unplaced)      0.584    -2.494    u_soc_top/u_cpu/u_core/cpu_clk
                         FDRE                                         r  u_soc_top/u_cpu/u_core/fq_instr_reg[0][24]/C
  -------------------------------------------------------------------    -------------------
                         FDRE (Prop_fdre_C_Q)         0.379    -2.115 r  u_soc_top/u_cpu/u_core/fq_instr_reg[0][24]/Q
                         net (fo=47, unplaced)        0.860    -1.255    u_soc_top/u_cpu/u_core/reg_id_ex0_data/data_out_reg[9]_0[24]
                         LUT6 (Prop_lut6_I0_O)        0.232    -1.023 r  u_soc_top/u_cpu/u_core/reg_id_ex0_data/data_out[111]_i_4__0/O
                         net (fo=2, unplaced)         0.358    -0.665    u_soc_top/u_cpu/u_core/reg_id_ex0_data/data_out[111]_i_4__0_n_0
                         LUT2 (Prop_lut2_I1_O)        0.105    -0.560 f  u_soc_top/u_cpu/u_core/reg_id_ex0_data/data_out[111]_i_3__0/O
                         net (fo=5, unplaced)         0.356    -0.204    u_soc_top/u_cpu/u_core/reg_id_ex0_data/data_out[111]_i_3__0_n_0
                         LUT5 (Prop_lut5_I2_O)        0.105    -0.099 r  u_soc_top/u_cpu/u_core/reg_id_ex0_data/data_out[114]_i_4__0/O
                         net (fo=7, unplaced)         0.382     0.283    u_soc_top/u_cpu/u_core/reg_id_ex0_data/data_out[114]_i_4__0_n_0
                         LUT3 (Prop_lut3_I0_O)        0.108     0.391 f  u_soc_top/u_cpu/u_core/reg_id_ex0_data/data_out[97]_i_3__0/O
                         net (fo=4, unplaced)         0.371     0.762    u_soc_top/u_cpu/u_core/reg_id_ex0_data/data_out[97]_i_3__0_n_0
                         LUT6 (Prop_lut6_I0_O)        0.105     0.867 f  u_soc_top/u_cpu/u_core/reg_id_ex0_data/data_out[95]_i_2__1/O
                         net (fo=1, unplaced)         0.347     1.214    u_soc_top/u_cpu/u_core/reg_id_ex0_data/data_out[95]_i_2__1_n_0
                         LUT6 (Prop_lut6_I0_O)        0.105     1.319 f  u_soc_top/u_cpu/u_core/reg_id_ex0_data/data_out[95]_i_1__1/O
                         net (fo=3, unplaced)         0.365     1.684    u_soc_top/u_cpu/u_core/bp_unit/D[7]
                         LUT2 (Prop_lut2_I1_O)        0.105     1.789 r  u_soc_top/u_cpu/u_core/bp_unit/pc[15]_i_8/O
                         net (fo=1, unplaced)         0.000     1.789    u_soc_top/u_cpu/u_core/bp_unit/pc[15]_i_8_n_0
                         CARRY4 (Prop_carry4_S[0]_CO[3])
                                                      0.440     2.229 r  u_soc_top/u_cpu/u_core/bp_unit/pc_reg[15]_i_4/CO[3]
                         net (fo=1, unplaced)         0.000     2.229    u_soc_top/u_cpu/u_core/bp_unit/pc_reg[15]_i_4_n_0
                         CARRY4 (Prop_carry4_CI_CO[3])
                                                      0.098     2.327 r  u_soc_top/u_cpu/u_core/bp_unit/pc_reg[19]_i_4/CO[3]
                         net (fo=1, unplaced)         0.000     2.327    u_soc_top/u_cpu/u_core/bp_unit/pc_reg[19]_i_4_n_0
                         CARRY4 (Prop_carry4_CI_O[3])
                                                      0.275     2.602 f  u_soc_top/u_cpu/u_core/bp_unit/pc_reg[23]_i_4/O[3]
                         net (fo=3, unplaced)         0.537     3.139    u_soc_top/u_cpu/u_core/bp_unit/bp_jump_pc[23]
                         LUT6 (Prop_lut6_I4_O)        0.250     3.389 r  u_soc_top/u_cpu/u_core/bp_unit/data_out[15]_i_43/O
                         net (fo=1, unplaced)         0.000     3.389    u_soc_top/u_cpu/u_core/hazard_ctrl/data_out_reg[15]_i_18_0[3]
                         CARRY4 (Prop_carry4_S[3]_CO[3])
                                                      0.332     3.721 r  u_soc_top/u_cpu/u_core/hazard_ctrl/data_out_reg[15]_i_36/CO[3]
                         net (fo=1, unplaced)         0.000     3.721    u_soc_top/u_cpu/u_core/hazard_ctrl/data_out_reg[15]_i_36_n_0
                         CARRY4 (Prop_carry4_CI_CO[2])
                                                      0.209     3.930 f  u_soc_top/u_cpu/u_core/hazard_ctrl/data_out_reg[15]_i_18/CO[2]
                         net (fo=1, unplaced)         0.349     4.279    u_soc_top/u_cpu/u_core/reg_id_ex0_ctrl/fq_valid_reg[1]_0[0]
                         LUT6 (Prop_lut6_I5_O)        0.252     4.531 f  u_soc_top/u_cpu/u_core/reg_id_ex0_ctrl/data_out[15]_i_7/O
                         net (fo=84, unplaced)        0.442     4.973    u_soc_top/u_cpu/u_core/reg_id_ex0_ctrl/if_id_flush
                         LUT6 (Prop_lut6_I1_O)        0.105     5.078 r  u_soc_top/u_cpu/u_core/reg_id_ex0_ctrl/fq_instr[1][31]_i_11/O
                         net (fo=10, unplaced)        0.625     5.703    u_soc_top/u_cpu/u_core/reg_id_ex0_ctrl/fq_valid_reg[1]
                         LUT6 (Prop_lut6_I2_O)        0.105     5.808 r  u_soc_top/u_cpu/u_core/reg_id_ex0_ctrl/pc[1]_i_3/O
                         net (fo=31, unplaced)        0.652     6.460    u_soc_top/u_cpu/u_core/reg_id_ex0_ctrl/FSM_onehot_state_reg[0]
                         LUT6 (Prop_lut6_I0_O)        0.105     6.565 r  u_soc_top/u_cpu/u_core/reg_id_ex0_ctrl/pc[6]_i_2/O
                         net (fo=1, unplaced)         0.000     6.565    u_soc_top/u_cpu/u_core/reg_id_ex1_data/pc_reg[6]_rep__16
                         MUXF7 (Prop_muxf7_I0_O)      0.199     6.764 r  u_soc_top/u_cpu/u_core/reg_id_ex1_data/pc_reg[6]_i_1/O
                         net (fo=19, unplaced)        0.319     7.083    u_soc_top/u_cpu/u_core/next_pc_reg[6]
                         FDRE                                         r  u_soc_top/u_cpu/u_core/pc_reg[6]/D
  -------------------------------------------------------------------    -------------------

                         (clock cpu_clk rise edge)   10.000    10.000 r  
    K21                                               0.000    10.000 r  clk_50M (IN)
                         net (fo=0)                   0.000    10.000    u_soc_top/pll_clk.u_clk_pll/inst/clk_in1
    K21                  IBUF (Prop_ibuf_I_O)         1.328    11.328 r  u_soc_top/pll_clk.u_clk_pll/inst/clkin1_ibufg/O
                         net (fo=1, unplaced)         0.439    11.767    u_soc_top/pll_clk.u_clk_pll/inst/clk_in1_clk_pll
                         PLLE2_ADV (Prop_plle2_adv_CLKIN1_CLKOUT0)
                                                     -5.039     6.728 r  u_soc_top/pll_clk.u_clk_pll/inst/plle2_adv_inst/CLKOUT0
                         net (fo=1, unplaced)         0.613     7.341    u_soc_top/pll_clk.u_clk_pll/inst/cpu_clk_clk_pll
                         BUFG (Prop_bufg_I_O)         0.077     7.418 r  u_soc_top/pll_clk.u_clk_pll/inst/clkout1_buf/O
                         net (fo=6694, unplaced)      0.439     7.857    u_soc_top/u_cpu/u_core/cpu_clk
                         FDRE                                         r  u_soc_top/u_cpu/u_core/pc_reg[6]/C
                         clock pessimism             -0.496     7.361    
                         clock uncertainty           -0.094     7.266    
                         FDRE (Setup_fdre_C_D)       -0.182     7.084    u_soc_top/u_cpu/u_core/pc_reg[6]
  -------------------------------------------------------------------
                         required time                          7.084    
                         arrival time                          -7.083    
  -------------------------------------------------------------------
                         slack                                  0.002    

Slack (MET) :             0.002ns  (required time - arrival time)
  Source:                 u_soc_top/u_cpu/u_core/fq_instr_reg[0][24]/C
                            (rising edge-triggered cell FDRE clocked by cpu_clk  {rise@0.000ns fall@5.000ns period=10.000ns})
  Destination:            u_soc_top/u_cpu/u_core/pc_reg[6]/D
                            (rising edge-triggered cell FDRE clocked by cpu_clk  {rise@0.000ns fall@5.000ns period=10.000ns})
  Path Group:             cpu_clk
  Path Type:              Setup (Max at Slow Process Corner)
  Requirement:            10.000ns  (cpu_clk rise@10.000ns - cpu_clk rise@0.000ns)
  Data Path Delay:        9.577ns  (logic 3.614ns (37.736%)  route 5.963ns (62.264%))
  Logic Levels:           18  (CARRY4=5 LUT2=2 LUT3=1 LUT5=1 LUT6=8 MUXF7=1)
  Clock Path Skew:        -0.145ns (DCD - SCD + CPR)
    Destination Clock Delay (DCD):    -2.143ns = ( 7.857 - 10.000 ) 
    Source Clock Delay      (SCD):    -2.494ns
    Clock Pessimism Removal (CPR):    -0.496ns
  Clock Uncertainty:      0.094ns  ((TSJ^2 + DJ^2)^1/2) / 2 + PE
    Total System Jitter     (TSJ):    0.071ns
    Discrete Jitter          (DJ):    0.175ns
    Phase Error              (PE):    0.000ns

    Location             Delay type                Incr(ns)  Path(ns)    Netlist Resource(s)
  -------------------------------------------------------------------    -------------------
                         (clock cpu_clk rise edge)    0.000     0.000 r  
    K21                                               0.000     0.000 r  clk_50M (IN)
                         net (fo=0)                   0.000     0.000    u_soc_top/pll_clk.u_clk_pll/inst/clk_in1
    K21                  IBUF (Prop_ibuf_I_O)         1.394     1.394 r  u_soc_top/pll_clk.u_clk_pll/inst/clkin1_ibufg/O
                         net (fo=1, unplaced)         0.584     1.978    u_soc_top/pll_clk.u_clk_pll/inst/clk_in1_clk_pll
                         PLLE2_ADV (Prop_plle2_adv_CLKIN1_CLKOUT0)
                                                     -5.783    -3.805 r  u_soc_top/pll_clk.u_clk_pll/inst/plle2_adv_inst/CLKOUT0
                         net (fo=1, unplaced)         0.646    -3.159    u_soc_top/pll_clk.u_clk_pll/inst/cpu_clk_clk_pll
                         BUFG (Prop_bufg_I_O)         0.081    -3.078 r  u_soc_top/pll_clk.u_clk_pll/inst/clkout1_buf/O
                         net (fo=6694, unplaced)      0.584    -2.494    u_soc_top/u_cpu/u_core/cpu_clk
                         FDRE                                         r  u_soc_top/u_cpu/u_core/fq_instr_reg[0][24]/C
  -------------------------------------------------------------------    -------------------
                         FDRE (Prop_fdre_C_Q)         0.379    -2.115 f  u_soc_top/u_cpu/u_core/fq_instr_reg[0][24]/Q
                         net (fo=47, unplaced)        0.860    -1.255    u_soc_top/u_cpu/u_core/reg_id_ex0_data/data_out_reg[9]_0[24]
                         LUT6 (Prop_lut6_I0_O)        0.232    -1.023 f  u_soc_top/u_cpu/u_core/reg_id_ex0_data/data_out[111]_i_4__0/O
                         net (fo=2, unplaced)         0.358    -0.665    u_soc_top/u_cpu/u_core/reg_id_ex0_data/data_out[111]_i_4__0_n_0
                         LUT2 (Prop_lut2_I1_O)        0.105    -0.560 r  u_soc_top/u_cpu/u_core/reg_id_ex0_data/data_out[111]_i_3__0/O
                         net (fo=5, unplaced)         0.356    -0.204    u_soc_top/u_cpu/u_core/reg_id_ex0_data/data_out[111]_i_3__0_n_0
                         LUT5 (Prop_lut5_I2_O)        0.105    -0.099 f  u_soc_top/u_cpu/u_core/reg_id_ex0_data/data_out[114]_i_4__0/O
                         net (fo=7, unplaced)         0.382     0.283    u_soc_top/u_cpu/u_core/reg_id_ex0_data/data_out[114]_i_4__0_n_0
                         LUT3 (Prop_lut3_I0_O)        0.108     0.391 r  u_soc_top/u_cpu/u_core/reg_id_ex0_data/data_out[97]_i_3__0/O
                         net (fo=4, unplaced)         0.371     0.762    u_soc_top/u_cpu/u_core/reg_id_ex0_data/data_out[97]_i_3__0_n_0
                         LUT6 (Prop_lut6_I0_O)        0.105     0.867 r  u_soc_top/u_cpu/u_core/reg_id_ex0_data/data_out[95]_i_2__1/O
                         net (fo=1, unplaced)         0.347     1.214    u_soc_top/u_cpu/u_core/reg_id_ex0_data/data_out[95]_i_2__1_n_0
                         LUT6 (Prop_lut6_I0_O)        0.105     1.319 r  u_soc_top/u_cpu/u_core/reg_id_ex0_data/data_out[95]_i_1__1/O
                         net (fo=3, unplaced)         0.365     1.684    u_soc_top/u_cpu/u_core/bp_unit/D[7]
                         LUT2 (Prop_lut2_I1_O)        0.105     1.789 f  u_soc_top/u_cpu/u_core/bp_unit/pc[15]_i_8/O
                         net (fo=1, unplaced)         0.000     1.789    u_soc_top/u_cpu/u_core/bp_unit/pc[15]_i_8_n_0
                         CARRY4 (Prop_carry4_S[0]_CO[3])
                                                      0.440     2.229 r  u_soc_top/u_cpu/u_core/bp_unit/pc_reg[15]_i_4/CO[3]
                         net (fo=1, unplaced)         0.000     2.229    u_soc_top/u_cpu/u_core/bp_unit/pc_reg[15]_i_4_n_0
                         CARRY4 (Prop_carry4_CI_CO[3])
                                                      0.098     2.327 r  u_soc_top/u_cpu/u_core/bp_unit/pc_reg[19]_i_4/CO[3]
                         net (fo=1, unplaced)         0.000     2.327    u_soc_top/u_cpu/u_core/bp_unit/pc_reg[19]_i_4_n_0
                         CARRY4 (Prop_carry4_CI_O[3])
                                                      0.275     2.602 f  u_soc_top/u_cpu/u_core/bp_unit/pc_reg[23]_i_4/O[3]
                         net (fo=3, unplaced)         0.537     3.139    u_soc_top/u_cpu/u_core/bp_unit/bp_jump_pc[23]
                         LUT6 (Prop_lut6_I4_O)        0.250     3.389 r  u_soc_top/u_cpu/u_core/bp_unit/data_out[15]_i_43/O
                         net (fo=1, unplaced)         0.000     3.389    u_soc_top/u_cpu/u_core/hazard_ctrl/data_out_reg[15]_i_18_0[3]
                         CARRY4 (Prop_carry4_S[3]_CO[3])
                                                      0.332     3.721 r  u_soc_top/u_cpu/u_core/hazard_ctrl/data_out_reg[15]_i_36/CO[3]
                         net (fo=1, unplaced)         0.000     3.721    u_soc_top/u_cpu/u_core/hazard_ctrl/data_out_reg[15]_i_36_n_0
                         CARRY4 (Prop_carry4_CI_CO[2])
                                                      0.209     3.930 f  u_soc_top/u_cpu/u_core/hazard_ctrl/data_out_reg[15]_i_18/CO[2]
                         net (fo=1, unplaced)         0.349     4.279    u_soc_top/u_cpu/u_core/reg_id_ex0_ctrl/fq_valid_reg[1]_0[0]
                         LUT6 (Prop_lut6_I5_O)        0.252     4.531 f  u_soc_top/u_cpu/u_core/reg_id_ex0_ctrl/data_out[15]_i_7/O
                         net (fo=84, unplaced)        0.442     4.973    u_soc_top/u_cpu/u_core/reg_id_ex0_ctrl/if_id_flush
                         LUT6 (Prop_lut6_I1_O)        0.105     5.078 r  u_soc_top/u_cpu/u_core/reg_id_ex0_ctrl/fq_instr[1][31]_i_11/O
                         net (fo=10, unplaced)        0.625     5.703    u_soc_top/u_cpu/u_core/reg_id_ex0_ctrl/fq_valid_reg[1]
                         LUT6 (Prop_lut6_I2_O)        0.105     5.808 r  u_soc_top/u_cpu/u_core/reg_id_ex0_ctrl/pc[1]_i_3/O
                         net (fo=31, unplaced)        0.652     6.460    u_soc_top/u_cpu/u_core/reg_id_ex0_ctrl/FSM_onehot_state_reg[0]
                         LUT6 (Prop_lut6_I0_O)        0.105     6.565 r  u_soc_top/u_cpu/u_core/reg_id_ex0_ctrl/pc[6]_i_2/O
                         net (fo=1, unplaced)         0.000     6.565    u_soc_top/u_cpu/u_core/reg_id_ex1_data/pc_reg[6]_rep__16
                         MUXF7 (Prop_muxf7_I0_O)      0.199     6.764 r  u_soc_top/u_cpu/u_core/reg_id_ex1_data/pc_reg[6]_i_1/O
                         net (fo=19, unplaced)        0.319     7.083    u_soc_top/u_cpu/u_core/next_pc_reg[6]
                         FDRE                                         r  u_soc_top/u_cpu/u_core/pc_reg[6]/D
  -------------------------------------------------------------------    -------------------

                         (clock cpu_clk rise edge)   10.000    10.000 r  
    K21                                               0.000    10.000 r  clk_50M (IN)
                         net (fo=0)                   0.000    10.000    u_soc_top/pll_clk.u_clk_pll/inst/clk_in1
    K21                  IBUF (Prop_ibuf_I_O)         1.328    11.328 r  u_soc_top/pll_clk.u_clk_pll/inst/clkin1_ibufg/O
                         net (fo=1, unplaced)         0.439    11.767    u_soc_top/pll_clk.u_clk_pll/inst/clk_in1_clk_pll
                         PLLE2_ADV (Prop_plle2_adv_CLKIN1_CLKOUT0)
                                                     -5.039     6.728 r  u_soc_top/pll_clk.u_clk_pll/inst/plle2_adv_inst/CLKOUT0
                         net (fo=1, unplaced)         0.613     7.341    u_soc_top/pll_clk.u_clk_pll/inst/cpu_clk_clk_pll
                         BUFG (Prop_bufg_I_O)         0.077     7.418 r  u_soc_top/pll_clk.u_clk_pll/inst/clkout1_buf/O
                         net (fo=6694, unplaced)      0.439     7.857    u_soc_top/u_cpu/u_core/cpu_clk
                         FDRE                                         r  u_soc_top/u_cpu/u_core/pc_reg[6]/C
                         clock pessimism             -0.496     7.361    
                         clock uncertainty           -0.094     7.266    
                         FDRE (Setup_fdre_C_D)       -0.182     7.084    u_soc_top/u_cpu/u_core/pc_reg[6]
  -------------------------------------------------------------------
                         required time                          7.084    
                         arrival time                          -7.083    
  -------------------------------------------------------------------
                         slack                                  0.002    

Slack (MET) :             0.002ns  (required time - arrival time)
  Source:                 u_soc_top/u_cpu/u_core/fq_instr_reg[0][24]/C
                            (rising edge-triggered cell FDRE clocked by cpu_clk  {rise@0.000ns fall@5.000ns period=10.000ns})
  Destination:            u_soc_top/u_cpu/u_core/pc_reg[6]/D
                            (rising edge-triggered cell FDRE clocked by cpu_clk  {rise@0.000ns fall@5.000ns period=10.000ns})
  Path Group:             cpu_clk
  Path Type:              Setup (Max at Slow Process Corner)
  Requirement:            10.000ns  (cpu_clk rise@10.000ns - cpu_clk rise@0.000ns)
  Data Path Delay:        9.577ns  (logic 3.614ns (37.736%)  route 5.963ns (62.264%))
  Logic Levels:           18  (CARRY4=5 LUT2=2 LUT3=1 LUT5=1 LUT6=8 MUXF7=1)
  Clock Path Skew:        -0.145ns (DCD - SCD + CPR)
    Destination Clock Delay (DCD):    -2.143ns = ( 7.857 - 10.000 ) 
    Source Clock Delay      (SCD):    -2.494ns
    Clock Pessimism Removal (CPR):    -0.496ns
  Clock Uncertainty:      0.094ns  ((TSJ^2 + DJ^2)^1/2) / 2 + PE
    Total System Jitter     (TSJ):    0.071ns
    Discrete Jitter          (DJ):    0.175ns
    Phase Error              (PE):    0.000ns

    Location             Delay type                Incr(ns)  Path(ns)    Netlist Resource(s)
  -------------------------------------------------------------------    -------------------
                         (clock cpu_clk rise edge)    0.000     0.000 r  
    K21                                               0.000     0.000 r  clk_50M (IN)
                         net (fo=0)                   0.000     0.000    u_soc_top/pll_clk.u_clk_pll/inst/clk_in1
    K21                  IBUF (Prop_ibuf_I_O)         1.394     1.394 r  u_soc_top/pll_clk.u_clk_pll/inst/clkin1_ibufg/O
                         net (fo=1, unplaced)         0.584     1.978    u_soc_top/pll_clk.u_clk_pll/inst/clk_in1_clk_pll
                         PLLE2_ADV (Prop_plle2_adv_CLKIN1_CLKOUT0)
                                                     -5.783    -3.805 r  u_soc_top/pll_clk.u_clk_pll/inst/plle2_adv_inst/CLKOUT0
                         net (fo=1, unplaced)         0.646    -3.159    u_soc_top/pll_clk.u_clk_pll/inst/cpu_clk_clk_pll
                         BUFG (Prop_bufg_I_O)         0.081    -3.078 r  u_soc_top/pll_clk.u_clk_pll/inst/clkout1_buf/O
                         net (fo=6694, unplaced)      0.584    -2.494    u_soc_top/u_cpu/u_core/cpu_clk
                         FDRE                                         r  u_soc_top/u_cpu/u_core/fq_instr_reg[0][24]/C
  -------------------------------------------------------------------    -------------------
                         FDRE (Prop_fdre_C_Q)         0.379    -2.115 r  u_soc_top/u_cpu/u_core/fq_instr_reg[0][24]/Q
                         net (fo=47, unplaced)        0.860    -1.255    u_soc_top/u_cpu/u_core/reg_id_ex0_data/data_out_reg[9]_0[24]
                         LUT6 (Prop_lut6_I0_O)        0.232    -1.023 r  u_soc_top/u_cpu/u_core/reg_id_ex0_data/data_out[111]_i_4__0/O
                         net (fo=2, unplaced)         0.358    -0.665    u_soc_top/u_cpu/u_core/reg_id_ex0_data/data_out[111]_i_4__0_n_0
                         LUT2 (Prop_lut2_I1_O)        0.105    -0.560 f  u_soc_top/u_cpu/u_core/reg_id_ex0_data/data_out[111]_i_3__0/O
                         net (fo=5, unplaced)         0.356    -0.204    u_soc_top/u_cpu/u_core/reg_id_ex0_data/data_out[111]_i_3__0_n_0
                         LUT5 (Prop_lut5_I2_O)        0.105    -0.099 r  u_soc_top/u_cpu/u_core/reg_id_ex0_data/data_out[114]_i_4__0/O
                         net (fo=7, unplaced)         0.382     0.283    u_soc_top/u_cpu/u_core/reg_id_ex0_data/data_out[114]_i_4__0_n_0
                         LUT3 (Prop_lut3_I0_O)        0.108     0.391 f  u_soc_top/u_cpu/u_core/reg_id_ex0_data/data_out[97]_i_3__0/O
                         net (fo=4, unplaced)         0.371     0.762    u_soc_top/u_cpu/u_core/reg_id_ex0_data/data_out[97]_i_3__0_n_0
                         LUT6 (Prop_lut6_I0_O)        0.105     0.867 f  u_soc_top/u_cpu/u_core/reg_id_ex0_data/data_out[95]_i_2__1/O
                         net (fo=1, unplaced)         0.347     1.214    u_soc_top/u_cpu/u_core/reg_id_ex0_data/data_out[95]_i_2__1_n_0
                         LUT6 (Prop_lut6_I0_O)        0.105     1.319 f  u_soc_top/u_cpu/u_core/reg_id_ex0_data/data_out[95]_i_1__1/O
                         net (fo=3, unplaced)         0.365     1.684    u_soc_top/u_cpu/u_core/bp_unit/D[7]
                         LUT2 (Prop_lut2_I1_O)        0.105     1.789 f  u_soc_top/u_cpu/u_core/bp_unit/pc[15]_i_8/O
                         net (fo=1, unplaced)         0.000     1.789    u_soc_top/u_cpu/u_core/bp_unit/pc[15]_i_8_n_0
                         CARRY4 (Prop_carry4_S[0]_CO[3])
                                                      0.440     2.229 r  u_soc_top/u_cpu/u_core/bp_unit/pc_reg[15]_i_4/CO[3]
                         net (fo=1, unplaced)         0.000     2.229    u_soc_top/u_cpu/u_core/bp_unit/pc_reg[15]_i_4_n_0
                         CARRY4 (Prop_carry4_CI_CO[3])
                                                      0.098     2.327 r  u_soc_top/u_cpu/u_core/bp_unit/pc_reg[19]_i_4/CO[3]
                         net (fo=1, unplaced)         0.000     2.327    u_soc_top/u_cpu/u_core/bp_unit/pc_reg[19]_i_4_n_0
                         CARRY4 (Prop_carry4_CI_O[3])
                                                      0.275     2.602 f  u_soc_top/u_cpu/u_core/bp_unit/pc_reg[23]_i_4/O[3]
                         net (fo=3, unplaced)         0.537     3.139    u_soc_top/u_cpu/u_core/bp_unit/bp_jump_pc[23]
                         LUT6 (Prop_lut6_I4_O)        0.250     3.389 r  u_soc_top/u_cpu/u_core/bp_unit/data_out[15]_i_43/O
                         net (fo=1, unplaced)         0.000     3.389    u_soc_top/u_cpu/u_core/hazard_ctrl/data_out_reg[15]_i_18_0[3]
                         CARRY4 (Prop_carry4_S[3]_CO[3])
                                                      0.332     3.721 r  u_soc_top/u_cpu/u_core/hazard_ctrl/data_out_reg[15]_i_36/CO[3]
                         net (fo=1, unplaced)         0.000     3.721    u_soc_top/u_cpu/u_core/hazard_ctrl/data_out_reg[15]_i_36_n_0
                         CARRY4 (Prop_carry4_CI_CO[2])
                                                      0.209     3.930 f  u_soc_top/u_cpu/u_core/hazard_ctrl/data_out_reg[15]_i_18/CO[2]
                         net (fo=1, unplaced)         0.349     4.279    u_soc_top/u_cpu/u_core/reg_id_ex0_ctrl/fq_valid_reg[1]_0[0]
                         LUT6 (Prop_lut6_I5_O)        0.252     4.531 f  u_soc_top/u_cpu/u_core/reg_id_ex0_ctrl/data_out[15]_i_7/O
                         net (fo=84, unplaced)        0.442     4.973    u_soc_top/u_cpu/u_core/reg_id_ex0_ctrl/if_id_flush
                         LUT6 (Prop_lut6_I1_O)        0.105     5.078 r  u_soc_top/u_cpu/u_core/reg_id_ex0_ctrl/fq_instr[1][31]_i_11/O
                         net (fo=10, unplaced)        0.625     5.703    u_soc_top/u_cpu/u_core/reg_id_ex0_ctrl/fq_valid_reg[1]
                         LUT6 (Prop_lut6_I2_O)        0.105     5.808 r  u_soc_top/u_cpu/u_core/reg_id_ex0_ctrl/pc[1]_i_3/O
                         net (fo=31, unplaced)        0.652     6.460    u_soc_top/u_cpu/u_core/reg_id_ex0_ctrl/FSM_onehot_state_reg[0]
                         LUT6 (Prop_lut6_I0_O)        0.105     6.565 r  u_soc_top/u_cpu/u_core/reg_id_ex0_ctrl/pc[6]_i_2/O
                         net (fo=1, unplaced)         0.000     6.565    u_soc_top/u_cpu/u_core/reg_id_ex1_data/pc_reg[6]_rep__16
                         MUXF7 (Prop_muxf7_I0_O)      0.199     6.764 r  u_soc_top/u_cpu/u_core/reg_id_ex1_data/pc_reg[6]_i_1/O
                         net (fo=19, unplaced)        0.319     7.083    u_soc_top/u_cpu/u_core/next_pc_reg[6]
                         FDRE                                         r  u_soc_top/u_cpu/u_core/pc_reg[6]/D
  -------------------------------------------------------------------    -------------------

                         (clock cpu_clk rise edge)   10.000    10.000 r  
    K21                                               0.000    10.000 r  clk_50M (IN)
                         net (fo=0)                   0.000    10.000    u_soc_top/pll_clk.u_clk_pll/inst/clk_in1
    K21                  IBUF (Prop_ibuf_I_O)         1.328    11.328 r  u_soc_top/pll_clk.u_clk_pll/inst/clkin1_ibufg/O
                         net (fo=1, unplaced)         0.439    11.767    u_soc_top/pll_clk.u_clk_pll/inst/clk_in1_clk_pll
                         PLLE2_ADV (Prop_plle2_adv_CLKIN1_CLKOUT0)
                                                     -5.039     6.728 r  u_soc_top/pll_clk.u_clk_pll/inst/plle2_adv_inst/CLKOUT0
                         net (fo=1, unplaced)         0.613     7.341    u_soc_top/pll_clk.u_clk_pll/inst/cpu_clk_clk_pll
                         BUFG (Prop_bufg_I_O)         0.077     7.418 r  u_soc_top/pll_clk.u_clk_pll/inst/clkout1_buf/O
                         net (fo=6694, unplaced)      0.439     7.857    u_soc_top/u_cpu/u_core/cpu_clk
                         FDRE                                         r  u_soc_top/u_cpu/u_core/pc_reg[6]/C
                         clock pessimism             -0.496     7.361    
                         clock uncertainty           -0.094     7.266    
                         FDRE (Setup_fdre_C_D)       -0.182     7.084    u_soc_top/u_cpu/u_core/pc_reg[6]
  -------------------------------------------------------------------
                         required time                          7.084    
                         arrival time                          -7.083    
  -------------------------------------------------------------------
                         slack                                  0.002    

Slack (MET) :             0.002ns  (required time - arrival time)
  Source:                 u_soc_top/u_cpu/u_core/fq_instr_reg[0][24]/C
                            (rising edge-triggered cell FDRE clocked by cpu_clk  {rise@0.000ns fall@5.000ns period=10.000ns})
  Destination:            u_soc_top/u_cpu/u_core/pc_reg[6]_rep/D
                            (rising edge-triggered cell FDRE clocked by cpu_clk  {rise@0.000ns fall@5.000ns period=10.000ns})
  Path Group:             cpu_clk
  Path Type:              Setup (Max at Slow Process Corner)
  Requirement:            10.000ns  (cpu_clk rise@10.000ns - cpu_clk rise@0.000ns)
  Data Path Delay:        9.577ns  (logic 3.614ns (37.736%)  route 5.963ns (62.264%))
  Logic Levels:           18  (CARRY4=5 LUT2=2 LUT3=1 LUT5=1 LUT6=8 MUXF7=1)
  Clock Path Skew:        -0.145ns (DCD - SCD + CPR)
    Destination Clock Delay (DCD):    -2.143ns = ( 7.857 - 10.000 ) 
    Source Clock Delay      (SCD):    -2.494ns
    Clock Pessimism Removal (CPR):    -0.496ns
  Clock Uncertainty:      0.094ns  ((TSJ^2 + DJ^2)^1/2) / 2 + PE
    Total System Jitter     (TSJ):    0.071ns
    Discrete Jitter          (DJ):    0.175ns
    Phase Error              (PE):    0.000ns

    Location             Delay type                Incr(ns)  Path(ns)    Netlist Resource(s)
  -------------------------------------------------------------------    -------------------
                         (clock cpu_clk rise edge)    0.000     0.000 r  
    K21                                               0.000     0.000 r  clk_50M (IN)
                         net (fo=0)                   0.000     0.000    u_soc_top/pll_clk.u_clk_pll/inst/clk_in1
    K21                  IBUF (Prop_ibuf_I_O)         1.394     1.394 r  u_soc_top/pll_clk.u_clk_pll/inst/clkin1_ibufg/O
                         net (fo=1, unplaced)         0.584     1.978    u_soc_top/pll_clk.u_clk_pll/inst/clk_in1_clk_pll
                         PLLE2_ADV (Prop_plle2_adv_CLKIN1_CLKOUT0)
                                                     -5.783    -3.805 r  u_soc_top/pll_clk.u_clk_pll/inst/plle2_adv_inst/CLKOUT0
                         net (fo=1, unplaced)         0.646    -3.159    u_soc_top/pll_clk.u_clk_pll/inst/cpu_clk_clk_pll
                         BUFG (Prop_bufg_I_O)         0.081    -3.078 r  u_soc_top/pll_clk.u_clk_pll/inst/clkout1_buf/O
                         net (fo=6694, unplaced)      0.584    -2.494    u_soc_top/u_cpu/u_core/cpu_clk
                         FDRE                                         r  u_soc_top/u_cpu/u_core/fq_instr_reg[0][24]/C
  -------------------------------------------------------------------    -------------------
                         FDRE (Prop_fdre_C_Q)         0.379    -2.115 f  u_soc_top/u_cpu/u_core/fq_instr_reg[0][24]/Q
                         net (fo=47, unplaced)        0.860    -1.255    u_soc_top/u_cpu/u_core/reg_id_ex0_data/data_out_reg[9]_0[24]
                         LUT6 (Prop_lut6_I0_O)        0.232    -1.023 f  u_soc_top/u_cpu/u_core/reg_id_ex0_data/data_out[111]_i_4__0/O
                         net (fo=2, unplaced)         0.358    -0.665    u_soc_top/u_cpu/u_core/reg_id_ex0_data/data_out[111]_i_4__0_n_0
                         LUT2 (Prop_lut2_I1_O)        0.105    -0.560 r  u_soc_top/u_cpu/u_core/reg_id_ex0_data/data_out[111]_i_3__0/O
                         net (fo=5, unplaced)         0.356    -0.204    u_soc_top/u_cpu/u_core/reg_id_ex0_data/data_out[111]_i_3__0_n_0
                         LUT5 (Prop_lut5_I2_O)        0.105    -0.099 f  u_soc_top/u_cpu/u_core/reg_id_ex0_data/data_out[114]_i_4__0/O
                         net (fo=7, unplaced)         0.382     0.283    u_soc_top/u_cpu/u_core/reg_id_ex0_data/data_out[114]_i_4__0_n_0
                         LUT3 (Prop_lut3_I0_O)        0.108     0.391 r  u_soc_top/u_cpu/u_core/reg_id_ex0_data/data_out[97]_i_3__0/O
                         net (fo=4, unplaced)         0.371     0.762    u_soc_top/u_cpu/u_core/reg_id_ex0_data/data_out[97]_i_3__0_n_0
                         LUT6 (Prop_lut6_I0_O)        0.105     0.867 r  u_soc_top/u_cpu/u_core/reg_id_ex0_data/data_out[95]_i_2__1/O
                         net (fo=1, unplaced)         0.347     1.214    u_soc_top/u_cpu/u_core/reg_id_ex0_data/data_out[95]_i_2__1_n_0
                         LUT6 (Prop_lut6_I0_O)        0.105     1.319 r  u_soc_top/u_cpu/u_core/reg_id_ex0_data/data_out[95]_i_1__1/O
                         net (fo=3, unplaced)         0.365     1.684    u_soc_top/u_cpu/u_core/bp_unit/D[7]
                         LUT2 (Prop_lut2_I1_O)        0.105     1.789 r  u_soc_top/u_cpu/u_core/bp_unit/pc[15]_i_8/O
                         net (fo=1, unplaced)         0.000     1.789    u_soc_top/u_cpu/u_core/bp_unit/pc[15]_i_8_n_0
                         CARRY4 (Prop_carry4_S[0]_CO[3])
                                                      0.440     2.229 r  u_soc_top/u_cpu/u_core/bp_unit/pc_reg[15]_i_4/CO[3]
                         net (fo=1, unplaced)         0.000     2.229    u_soc_top/u_cpu/u_core/bp_unit/pc_reg[15]_i_4_n_0
                         CARRY4 (Prop_carry4_CI_CO[3])
                                                      0.098     2.327 r  u_soc_top/u_cpu/u_core/bp_unit/pc_reg[19]_i_4/CO[3]
                         net (fo=1, unplaced)         0.000     2.327    u_soc_top/u_cpu/u_core/bp_unit/pc_reg[19]_i_4_n_0
                         CARRY4 (Prop_carry4_CI_O[3])
                                                      0.275     2.602 r  u_soc_top/u_cpu/u_core/bp_unit/pc_reg[23]_i_4/O[3]
                         net (fo=3, unplaced)         0.537     3.139    u_soc_top/u_cpu/u_core/bp_unit/bp_jump_pc[23]
                         LUT6 (Prop_lut6_I4_O)        0.250     3.389 r  u_soc_top/u_cpu/u_core/bp_unit/data_out[15]_i_43/O
                         net (fo=1, unplaced)         0.000     3.389    u_soc_top/u_cpu/u_core/hazard_ctrl/data_out_reg[15]_i_18_0[3]
                         CARRY4 (Prop_carry4_S[3]_CO[3])
                                                      0.332     3.721 r  u_soc_top/u_cpu/u_core/hazard_ctrl/data_out_reg[15]_i_36/CO[3]
                         net (fo=1, unplaced)         0.000     3.721    u_soc_top/u_cpu/u_core/hazard_ctrl/data_out_reg[15]_i_36_n_0
                         CARRY4 (Prop_carry4_CI_CO[2])
                                                      0.209     3.930 f  u_soc_top/u_cpu/u_core/hazard_ctrl/data_out_reg[15]_i_18/CO[2]
                         net (fo=1, unplaced)         0.349     4.279    u_soc_top/u_cpu/u_core/reg_id_ex0_ctrl/fq_valid_reg[1]_0[0]
                         LUT6 (Prop_lut6_I5_O)        0.252     4.531 f  u_soc_top/u_cpu/u_core/reg_id_ex0_ctrl/data_out[15]_i_7/O
                         net (fo=84, unplaced)        0.442     4.973    u_soc_top/u_cpu/u_core/reg_id_ex0_ctrl/if_id_flush
                         LUT6 (Prop_lut6_I1_O)        0.105     5.078 r  u_soc_top/u_cpu/u_core/reg_id_ex0_ctrl/fq_instr[1][31]_i_11/O
                         net (fo=10, unplaced)        0.625     5.703    u_soc_top/u_cpu/u_core/reg_id_ex0_ctrl/fq_valid_reg[1]
                         LUT6 (Prop_lut6_I2_O)        0.105     5.808 r  u_soc_top/u_cpu/u_core/reg_id_ex0_ctrl/pc[1]_i_3/O
                         net (fo=31, unplaced)        0.652     6.460    u_soc_top/u_cpu/u_core/reg_id_ex0_ctrl/FSM_onehot_state_reg[0]
                         LUT6 (Prop_lut6_I0_O)        0.105     6.565 r  u_soc_top/u_cpu/u_core/reg_id_ex0_ctrl/pc[6]_i_2/O
                         net (fo=1, unplaced)         0.000     6.565    u_soc_top/u_cpu/u_core/reg_id_ex1_data/pc_reg[6]_rep__16
                         MUXF7 (Prop_muxf7_I0_O)      0.199     6.764 r  u_soc_top/u_cpu/u_core/reg_id_ex1_data/pc_reg[6]_i_1/O
                         net (fo=19, unplaced)        0.319     7.083    u_soc_top/u_cpu/u_core/next_pc_reg[6]
                         FDRE                                         r  u_soc_top/u_cpu/u_core/pc_reg[6]_rep/D
  -------------------------------------------------------------------    -------------------

                         (clock cpu_clk rise edge)   10.000    10.000 r  
    K21                                               0.000    10.000 r  clk_50M (IN)
                         net (fo=0)                   0.000    10.000    u_soc_top/pll_clk.u_clk_pll/inst/clk_in1
    K21                  IBUF (Prop_ibuf_I_O)         1.328    11.328 r  u_soc_top/pll_clk.u_clk_pll/inst/clkin1_ibufg/O
                         net (fo=1, unplaced)         0.439    11.767    u_soc_top/pll_clk.u_clk_pll/inst/clk_in1_clk_pll
                         PLLE2_ADV (Prop_plle2_adv_CLKIN1_CLKOUT0)
                                                     -5.039     6.728 r  u_soc_top/pll_clk.u_clk_pll/inst/plle2_adv_inst/CLKOUT0
                         net (fo=1, unplaced)         0.613     7.341    u_soc_top/pll_clk.u_clk_pll/inst/cpu_clk_clk_pll
                         BUFG (Prop_bufg_I_O)         0.077     7.418 r  u_soc_top/pll_clk.u_clk_pll/inst/clkout1_buf/O
                         net (fo=6694, unplaced)      0.439     7.857    u_soc_top/u_cpu/u_core/cpu_clk
                         FDRE                                         r  u_soc_top/u_cpu/u_core/pc_reg[6]_rep/C
                         clock pessimism             -0.496     7.361    
                         clock uncertainty           -0.094     7.266    
                         FDRE (Setup_fdre_C_D)       -0.182     7.084    u_soc_top/u_cpu/u_core/pc_reg[6]_rep
  -------------------------------------------------------------------
                         required time                          7.084    
                         arrival time                          -7.083    
  -------------------------------------------------------------------
                         slack                                  0.002    

Slack (MET) :             0.002ns  (required time - arrival time)
  Source:                 u_soc_top/u_cpu/u_core/fq_instr_reg[0][24]/C
                            (rising edge-triggered cell FDRE clocked by cpu_clk  {rise@0.000ns fall@5.000ns period=10.000ns})
  Destination:            u_soc_top/u_cpu/u_core/pc_reg[6]_rep/D
                            (rising edge-triggered cell FDRE clocked by cpu_clk  {rise@0.000ns fall@5.000ns period=10.000ns})
  Path Group:             cpu_clk
  Path Type:              Setup (Max at Slow Process Corner)
  Requirement:            10.000ns  (cpu_clk rise@10.000ns - cpu_clk rise@0.000ns)
  Data Path Delay:        9.577ns  (logic 3.614ns (37.736%)  route 5.963ns (62.264%))
  Logic Levels:           18  (CARRY4=5 LUT2=2 LUT3=1 LUT5=1 LUT6=8 MUXF7=1)
  Clock Path Skew:        -0.145ns (DCD - SCD + CPR)
    Destination Clock Delay (DCD):    -2.143ns = ( 7.857 - 10.000 ) 
    Source Clock Delay      (SCD):    -2.494ns
    Clock Pessimism Removal (CPR):    -0.496ns
  Clock Uncertainty:      0.094ns  ((TSJ^2 + DJ^2)^1/2) / 2 + PE
    Total System Jitter     (TSJ):    0.071ns
    Discrete Jitter          (DJ):    0.175ns
    Phase Error              (PE):    0.000ns

    Location             Delay type                Incr(ns)  Path(ns)    Netlist Resource(s)
  -------------------------------------------------------------------    -------------------
                         (clock cpu_clk rise edge)    0.000     0.000 r  
    K21                                               0.000     0.000 r  clk_50M (IN)
                         net (fo=0)                   0.000     0.000    u_soc_top/pll_clk.u_clk_pll/inst/clk_in1
    K21                  IBUF (Prop_ibuf_I_O)         1.394     1.394 r  u_soc_top/pll_clk.u_clk_pll/inst/clkin1_ibufg/O
                         net (fo=1, unplaced)         0.584     1.978    u_soc_top/pll_clk.u_clk_pll/inst/clk_in1_clk_pll
                         PLLE2_ADV (Prop_plle2_adv_CLKIN1_CLKOUT0)
                                                     -5.783    -3.805 r  u_soc_top/pll_clk.u_clk_pll/inst/plle2_adv_inst/CLKOUT0
                         net (fo=1, unplaced)         0.646    -3.159    u_soc_top/pll_clk.u_clk_pll/inst/cpu_clk_clk_pll
                         BUFG (Prop_bufg_I_O)         0.081    -3.078 r  u_soc_top/pll_clk.u_clk_pll/inst/clkout1_buf/O
                         net (fo=6694, unplaced)      0.584    -2.494    u_soc_top/u_cpu/u_core/cpu_clk
                         FDRE                                         r  u_soc_top/u_cpu/u_core/fq_instr_reg[0][24]/C
  -------------------------------------------------------------------    -------------------
                         FDRE (Prop_fdre_C_Q)         0.379    -2.115 r  u_soc_top/u_cpu/u_core/fq_instr_reg[0][24]/Q
                         net (fo=47, unplaced)        0.860    -1.255    u_soc_top/u_cpu/u_core/reg_id_ex0_data/data_out_reg[9]_0[24]
                         LUT6 (Prop_lut6_I0_O)        0.232    -1.023 r  u_soc_top/u_cpu/u_core/reg_id_ex0_data/data_out[111]_i_4__0/O
                         net (fo=2, unplaced)         0.358    -0.665    u_soc_top/u_cpu/u_core/reg_id_ex0_data/data_out[111]_i_4__0_n_0
                         LUT2 (Prop_lut2_I1_O)        0.105    -0.560 f  u_soc_top/u_cpu/u_core/reg_id_ex0_data/data_out[111]_i_3__0/O
                         net (fo=5, unplaced)         0.356    -0.204    u_soc_top/u_cpu/u_core/reg_id_ex0_data/data_out[111]_i_3__0_n_0
                         LUT5 (Prop_lut5_I2_O)        0.105    -0.099 r  u_soc_top/u_cpu/u_core/reg_id_ex0_data/data_out[114]_i_4__0/O
                         net (fo=7, unplaced)         0.382     0.283    u_soc_top/u_cpu/u_core/reg_id_ex0_data/data_out[114]_i_4__0_n_0
                         LUT3 (Prop_lut3_I0_O)        0.108     0.391 f  u_soc_top/u_cpu/u_core/reg_id_ex0_data/data_out[97]_i_3__0/O
                         net (fo=4, unplaced)         0.371     0.762    u_soc_top/u_cpu/u_core/reg_id_ex0_data/data_out[97]_i_3__0_n_0
                         LUT6 (Prop_lut6_I0_O)        0.105     0.867 f  u_soc_top/u_cpu/u_core/reg_id_ex0_data/data_out[95]_i_2__1/O
                         net (fo=1, unplaced)         0.347     1.214    u_soc_top/u_cpu/u_core/reg_id_ex0_data/data_out[95]_i_2__1_n_0
                         LUT6 (Prop_lut6_I0_O)        0.105     1.319 f  u_soc_top/u_cpu/u_core/reg_id_ex0_data/data_out[95]_i_1__1/O
                         net (fo=3, unplaced)         0.365     1.684    u_soc_top/u_cpu/u_core/bp_unit/D[7]
                         LUT2 (Prop_lut2_I1_O)        0.105     1.789 r  u_soc_top/u_cpu/u_core/bp_unit/pc[15]_i_8/O
                         net (fo=1, unplaced)         0.000     1.789    u_soc_top/u_cpu/u_core/bp_unit/pc[15]_i_8_n_0
                         CARRY4 (Prop_carry4_S[0]_CO[3])
                                                      0.440     2.229 r  u_soc_top/u_cpu/u_core/bp_unit/pc_reg[15]_i_4/CO[3]
                         net (fo=1, unplaced)         0.000     2.229    u_soc_top/u_cpu/u_core/bp_unit/pc_reg[15]_i_4_n_0
                         CARRY4 (Prop_carry4_CI_CO[3])
                                                      0.098     2.327 r  u_soc_top/u_cpu/u_core/bp_unit/pc_reg[19]_i_4/CO[3]
                         net (fo=1, unplaced)         0.000     2.327    u_soc_top/u_cpu/u_core/bp_unit/pc_reg[19]_i_4_n_0
                         CARRY4 (Prop_carry4_CI_O[3])
                                                      0.275     2.602 r  u_soc_top/u_cpu/u_core/bp_unit/pc_reg[23]_i_4/O[3]
                         net (fo=3, unplaced)         0.537     3.139    u_soc_top/u_cpu/u_core/bp_unit/bp_jump_pc[23]
                         LUT6 (Prop_lut6_I4_O)        0.250     3.389 r  u_soc_top/u_cpu/u_core/bp_unit/data_out[15]_i_43/O
                         net (fo=1, unplaced)         0.000     3.389    u_soc_top/u_cpu/u_core/hazard_ctrl/data_out_reg[15]_i_18_0[3]
                         CARRY4 (Prop_carry4_S[3]_CO[3])
                                                      0.332     3.721 r  u_soc_top/u_cpu/u_core/hazard_ctrl/data_out_reg[15]_i_36/CO[3]
                         net (fo=1, unplaced)         0.000     3.721    u_soc_top/u_cpu/u_core/hazard_ctrl/data_out_reg[15]_i_36_n_0
                         CARRY4 (Prop_carry4_CI_CO[2])
                                                      0.209     3.930 f  u_soc_top/u_cpu/u_core/hazard_ctrl/data_out_reg[15]_i_18/CO[2]
                         net (fo=1, unplaced)         0.349     4.279    u_soc_top/u_cpu/u_core/reg_id_ex0_ctrl/fq_valid_reg[1]_0[0]
                         LUT6 (Prop_lut6_I5_O)        0.252     4.531 f  u_soc_top/u_cpu/u_core/reg_id_ex0_ctrl/data_out[15]_i_7/O
                         net (fo=84, unplaced)        0.442     4.973    u_soc_top/u_cpu/u_core/reg_id_ex0_ctrl/if_id_flush
                         LUT6 (Prop_lut6_I1_O)        0.105     5.078 r  u_soc_top/u_cpu/u_core/reg_id_ex0_ctrl/fq_instr[1][31]_i_11/O
                         net (fo=10, unplaced)        0.625     5.703    u_soc_top/u_cpu/u_core/reg_id_ex0_ctrl/fq_valid_reg[1]
                         LUT6 (Prop_lut6_I2_O)        0.105     5.808 r  u_soc_top/u_cpu/u_core/reg_id_ex0_ctrl/pc[1]_i_3/O
                         net (fo=31, unplaced)        0.652     6.460    u_soc_top/u_cpu/u_core/reg_id_ex0_ctrl/FSM_onehot_state_reg[0]
                         LUT6 (Prop_lut6_I0_O)        0.105     6.565 r  u_soc_top/u_cpu/u_core/reg_id_ex0_ctrl/pc[6]_i_2/O
                         net (fo=1, unplaced)         0.000     6.565    u_soc_top/u_cpu/u_core/reg_id_ex1_data/pc_reg[6]_rep__16
                         MUXF7 (Prop_muxf7_I0_O)      0.199     6.764 r  u_soc_top/u_cpu/u_core/reg_id_ex1_data/pc_reg[6]_i_1/O
                         net (fo=19, unplaced)        0.319     7.083    u_soc_top/u_cpu/u_core/next_pc_reg[6]
                         FDRE                                         r  u_soc_top/u_cpu/u_core/pc_reg[6]_rep/D
  -------------------------------------------------------------------    -------------------

                         (clock cpu_clk rise edge)   10.000    10.000 r  
    K21                                               0.000    10.000 r  clk_50M (IN)
                         net (fo=0)                   0.000    10.000    u_soc_top/pll_clk.u_clk_pll/inst/clk_in1
    K21                  IBUF (Prop_ibuf_I_O)         1.328    11.328 r  u_soc_top/pll_clk.u_clk_pll/inst/clkin1_ibufg/O
                         net (fo=1, unplaced)         0.439    11.767    u_soc_top/pll_clk.u_clk_pll/inst/clk_in1_clk_pll
                         PLLE2_ADV (Prop_plle2_adv_CLKIN1_CLKOUT0)
                                                     -5.039     6.728 r  u_soc_top/pll_clk.u_clk_pll/inst/plle2_adv_inst/CLKOUT0
                         net (fo=1, unplaced)         0.613     7.341    u_soc_top/pll_clk.u_clk_pll/inst/cpu_clk_clk_pll
                         BUFG (Prop_bufg_I_O)         0.077     7.418 r  u_soc_top/pll_clk.u_clk_pll/inst/clkout1_buf/O
                         net (fo=6694, unplaced)      0.439     7.857    u_soc_top/u_cpu/u_core/cpu_clk
                         FDRE                                         r  u_soc_top/u_cpu/u_core/pc_reg[6]_rep/C
                         clock pessimism             -0.496     7.361    
                         clock uncertainty           -0.094     7.266    
                         FDRE (Setup_fdre_C_D)       -0.182     7.084    u_soc_top/u_cpu/u_core/pc_reg[6]_rep
  -------------------------------------------------------------------
                         required time                          7.084    
                         arrival time                          -7.083    
  -------------------------------------------------------------------
                         slack                                  0.002    

Slack (MET) :             0.002ns  (required time - arrival time)
  Source:                 u_soc_top/u_cpu/u_core/fq_instr_reg[0][24]/C
                            (rising edge-triggered cell FDRE clocked by cpu_clk  {rise@0.000ns fall@5.000ns period=10.000ns})
  Destination:            u_soc_top/u_cpu/u_core/pc_reg[6]_rep/D
                            (rising edge-triggered cell FDRE clocked by cpu_clk  {rise@0.000ns fall@5.000ns period=10.000ns})
  Path Group:             cpu_clk
  Path Type:              Setup (Max at Slow Process Corner)
  Requirement:            10.000ns  (cpu_clk rise@10.000ns - cpu_clk rise@0.000ns)
  Data Path Delay:        9.577ns  (logic 3.614ns (37.736%)  route 5.963ns (62.264%))
  Logic Levels:           18  (CARRY4=5 LUT2=2 LUT3=1 LUT5=1 LUT6=8 MUXF7=1)
  Clock Path Skew:        -0.145ns (DCD - SCD + CPR)
    Destination Clock Delay (DCD):    -2.143ns = ( 7.857 - 10.000 ) 
    Source Clock Delay      (SCD):    -2.494ns
    Clock Pessimism Removal (CPR):    -0.496ns
  Clock Uncertainty:      0.094ns  ((TSJ^2 + DJ^2)^1/2) / 2 + PE
    Total System Jitter     (TSJ):    0.071ns
    Discrete Jitter          (DJ):    0.175ns
    Phase Error              (PE):    0.000ns

    Location             Delay type                Incr(ns)  Path(ns)    Netlist Resource(s)
  -------------------------------------------------------------------    -------------------
                         (clock cpu_clk rise edge)    0.000     0.000 r  
    K21                                               0.000     0.000 r  clk_50M (IN)
                         net (fo=0)                   0.000     0.000    u_soc_top/pll_clk.u_clk_pll/inst/clk_in1
    K21                  IBUF (Prop_ibuf_I_O)         1.394     1.394 r  u_soc_top/pll_clk.u_clk_pll/inst/clkin1_ibufg/O
                         net (fo=1, unplaced)         0.584     1.978    u_soc_top/pll_clk.u_clk_pll/inst/clk_in1_clk_pll
                         PLLE2_ADV (Prop_plle2_adv_CLKIN1_CLKOUT0)
                                                     -5.783    -3.805 r  u_soc_top/pll_clk.u_clk_pll/inst/plle2_adv_inst/CLKOUT0
                         net (fo=1, unplaced)         0.646    -3.159    u_soc_top/pll_clk.u_clk_pll/inst/cpu_clk_clk_pll
                         BUFG (Prop_bufg_I_O)         0.081    -3.078 r  u_soc_top/pll_clk.u_clk_pll/inst/clkout1_buf/O
                         net (fo=6694, unplaced)      0.584    -2.494    u_soc_top/u_cpu/u_core/cpu_clk
                         FDRE                                         r  u_soc_top/u_cpu/u_core/fq_instr_reg[0][24]/C
  -------------------------------------------------------------------    -------------------
                         FDRE (Prop_fdre_C_Q)         0.379    -2.115 f  u_soc_top/u_cpu/u_core/fq_instr_reg[0][24]/Q
                         net (fo=47, unplaced)        0.860    -1.255    u_soc_top/u_cpu/u_core/reg_id_ex0_data/data_out_reg[9]_0[24]
                         LUT6 (Prop_lut6_I0_O)        0.232    -1.023 f  u_soc_top/u_cpu/u_core/reg_id_ex0_data/data_out[111]_i_4__0/O
                         net (fo=2, unplaced)         0.358    -0.665    u_soc_top/u_cpu/u_core/reg_id_ex0_data/data_out[111]_i_4__0_n_0
                         LUT2 (Prop_lut2_I1_O)        0.105    -0.560 r  u_soc_top/u_cpu/u_core/reg_id_ex0_data/data_out[111]_i_3__0/O
                         net (fo=5, unplaced)         0.356    -0.204    u_soc_top/u_cpu/u_core/reg_id_ex0_data/data_out[111]_i_3__0_n_0
                         LUT5 (Prop_lut5_I2_O)        0.105    -0.099 f  u_soc_top/u_cpu/u_core/reg_id_ex0_data/data_out[114]_i_4__0/O
                         net (fo=7, unplaced)         0.382     0.283    u_soc_top/u_cpu/u_core/reg_id_ex0_data/data_out[114]_i_4__0_n_0
                         LUT3 (Prop_lut3_I0_O)        0.108     0.391 r  u_soc_top/u_cpu/u_core/reg_id_ex0_data/data_out[97]_i_3__0/O
                         net (fo=4, unplaced)         0.371     0.762    u_soc_top/u_cpu/u_core/reg_id_ex0_data/data_out[97]_i_3__0_n_0
                         LUT6 (Prop_lut6_I0_O)        0.105     0.867 r  u_soc_top/u_cpu/u_core/reg_id_ex0_data/data_out[95]_i_2__1/O
                         net (fo=1, unplaced)         0.347     1.214    u_soc_top/u_cpu/u_core/reg_id_ex0_data/data_out[95]_i_2__1_n_0
                         LUT6 (Prop_lut6_I0_O)        0.105     1.319 r  u_soc_top/u_cpu/u_core/reg_id_ex0_data/data_out[95]_i_1__1/O
                         net (fo=3, unplaced)         0.365     1.684    u_soc_top/u_cpu/u_core/bp_unit/D[7]
                         LUT2 (Prop_lut2_I1_O)        0.105     1.789 f  u_soc_top/u_cpu/u_core/bp_unit/pc[15]_i_8/O
                         net (fo=1, unplaced)         0.000     1.789    u_soc_top/u_cpu/u_core/bp_unit/pc[15]_i_8_n_0
                         CARRY4 (Prop_carry4_S[0]_CO[3])
                                                      0.440     2.229 r  u_soc_top/u_cpu/u_core/bp_unit/pc_reg[15]_i_4/CO[3]
                         net (fo=1, unplaced)         0.000     2.229    u_soc_top/u_cpu/u_core/bp_unit/pc_reg[15]_i_4_n_0
                         CARRY4 (Prop_carry4_CI_CO[3])
                                                      0.098     2.327 r  u_soc_top/u_cpu/u_core/bp_unit/pc_reg[19]_i_4/CO[3]
                         net (fo=1, unplaced)         0.000     2.327    u_soc_top/u_cpu/u_core/bp_unit/pc_reg[19]_i_4_n_0
                         CARRY4 (Prop_carry4_CI_O[3])
                                                      0.275     2.602 r  u_soc_top/u_cpu/u_core/bp_unit/pc_reg[23]_i_4/O[3]
                         net (fo=3, unplaced)         0.537     3.139    u_soc_top/u_cpu/u_core/bp_unit/bp_jump_pc[23]
                         LUT6 (Prop_lut6_I4_O)        0.250     3.389 r  u_soc_top/u_cpu/u_core/bp_unit/data_out[15]_i_43/O
                         net (fo=1, unplaced)         0.000     3.389    u_soc_top/u_cpu/u_core/hazard_ctrl/data_out_reg[15]_i_18_0[3]
                         CARRY4 (Prop_carry4_S[3]_CO[3])
                                                      0.332     3.721 r  u_soc_top/u_cpu/u_core/hazard_ctrl/data_out_reg[15]_i_36/CO[3]
                         net (fo=1, unplaced)         0.000     3.721    u_soc_top/u_cpu/u_core/hazard_ctrl/data_out_reg[15]_i_36_n_0
                         CARRY4 (Prop_carry4_CI_CO[2])
                                                      0.209     3.930 f  u_soc_top/u_cpu/u_core/hazard_ctrl/data_out_reg[15]_i_18/CO[2]
                         net (fo=1, unplaced)         0.349     4.279    u_soc_top/u_cpu/u_core/reg_id_ex0_ctrl/fq_valid_reg[1]_0[0]
                         LUT6 (Prop_lut6_I5_O)        0.252     4.531 f  u_soc_top/u_cpu/u_core/reg_id_ex0_ctrl/data_out[15]_i_7/O
                         net (fo=84, unplaced)        0.442     4.973    u_soc_top/u_cpu/u_core/reg_id_ex0_ctrl/if_id_flush
                         LUT6 (Prop_lut6_I1_O)        0.105     5.078 r  u_soc_top/u_cpu/u_core/reg_id_ex0_ctrl/fq_instr[1][31]_i_11/O
                         net (fo=10, unplaced)        0.625     5.703    u_soc_top/u_cpu/u_core/reg_id_ex0_ctrl/fq_valid_reg[1]
                         LUT6 (Prop_lut6_I2_O)        0.105     5.808 r  u_soc_top/u_cpu/u_core/reg_id_ex0_ctrl/pc[1]_i_3/O
                         net (fo=31, unplaced)        0.652     6.460    u_soc_top/u_cpu/u_core/reg_id_ex0_ctrl/FSM_onehot_state_reg[0]
                         LUT6 (Prop_lut6_I0_O)        0.105     6.565 r  u_soc_top/u_cpu/u_core/reg_id_ex0_ctrl/pc[6]_i_2/O
                         net (fo=1, unplaced)         0.000     6.565    u_soc_top/u_cpu/u_core/reg_id_ex1_data/pc_reg[6]_rep__16
                         MUXF7 (Prop_muxf7_I0_O)      0.199     6.764 r  u_soc_top/u_cpu/u_core/reg_id_ex1_data/pc_reg[6]_i_1/O
                         net (fo=19, unplaced)        0.319     7.083    u_soc_top/u_cpu/u_core/next_pc_reg[6]
                         FDRE                                         r  u_soc_top/u_cpu/u_core/pc_reg[6]_rep/D
  -------------------------------------------------------------------    -------------------

                         (clock cpu_clk rise edge)   10.000    10.000 r  
    K21                                               0.000    10.000 r  clk_50M (IN)
                         net (fo=0)                   0.000    10.000    u_soc_top/pll_clk.u_clk_pll/inst/clk_in1
    K21                  IBUF (Prop_ibuf_I_O)         1.328    11.328 r  u_soc_top/pll_clk.u_clk_pll/inst/clkin1_ibufg/O
                         net (fo=1, unplaced)         0.439    11.767    u_soc_top/pll_clk.u_clk_pll/inst/clk_in1_clk_pll
                         PLLE2_ADV (Prop_plle2_adv_CLKIN1_CLKOUT0)
                                                     -5.039     6.728 r  u_soc_top/pll_clk.u_clk_pll/inst/plle2_adv_inst/CLKOUT0
                         net (fo=1, unplaced)         0.613     7.341    u_soc_top/pll_clk.u_clk_pll/inst/cpu_clk_clk_pll
                         BUFG (Prop_bufg_I_O)         0.077     7.418 r  u_soc_top/pll_clk.u_clk_pll/inst/clkout1_buf/O
                         net (fo=6694, unplaced)      0.439     7.857    u_soc_top/u_cpu/u_core/cpu_clk
                         FDRE                                         r  u_soc_top/u_cpu/u_core/pc_reg[6]_rep/C
                         clock pessimism             -0.496     7.361    
                         clock uncertainty           -0.094     7.266    
                         FDRE (Setup_fdre_C_D)       -0.182     7.084    u_soc_top/u_cpu/u_core/pc_reg[6]_rep
  -------------------------------------------------------------------
                         required time                          7.084    
                         arrival time                          -7.083    
  -------------------------------------------------------------------
                         slack                                  0.002    

Slack (MET) :             0.002ns  (required time - arrival time)
  Source:                 u_soc_top/u_cpu/u_core/fq_instr_reg[0][24]/C
                            (rising edge-triggered cell FDRE clocked by cpu_clk  {rise@0.000ns fall@5.000ns period=10.000ns})
  Destination:            u_soc_top/u_cpu/u_core/pc_reg[6]_rep/D
                            (rising edge-triggered cell FDRE clocked by cpu_clk  {rise@0.000ns fall@5.000ns period=10.000ns})
  Path Group:             cpu_clk
  Path Type:              Setup (Max at Slow Process Corner)
  Requirement:            10.000ns  (cpu_clk rise@10.000ns - cpu_clk rise@0.000ns)
  Data Path Delay:        9.577ns  (logic 3.614ns (37.736%)  route 5.963ns (62.264%))
  Logic Levels:           18  (CARRY4=5 LUT2=2 LUT3=1 LUT5=1 LUT6=8 MUXF7=1)
  Clock Path Skew:        -0.145ns (DCD - SCD + CPR)
    Destination Clock Delay (DCD):    -2.143ns = ( 7.857 - 10.000 ) 
    Source Clock Delay      (SCD):    -2.494ns
    Clock Pessimism Removal (CPR):    -0.496ns
  Clock Uncertainty:      0.094ns  ((TSJ^2 + DJ^2)^1/2) / 2 + PE
    Total System Jitter     (TSJ):    0.071ns
    Discrete Jitter          (DJ):    0.175ns
    Phase Error              (PE):    0.000ns

    Location             Delay type                Incr(ns)  Path(ns)    Netlist Resource(s)
  -------------------------------------------------------------------    -------------------
                         (clock cpu_clk rise edge)    0.000     0.000 r  
    K21                                               0.000     0.000 r  clk_50M (IN)
                         net (fo=0)                   0.000     0.000    u_soc_top/pll_clk.u_clk_pll/inst/clk_in1
    K21                  IBUF (Prop_ibuf_I_O)         1.394     1.394 r  u_soc_top/pll_clk.u_clk_pll/inst/clkin1_ibufg/O
                         net (fo=1, unplaced)         0.584     1.978    u_soc_top/pll_clk.u_clk_pll/inst/clk_in1_clk_pll
                         PLLE2_ADV (Prop_plle2_adv_CLKIN1_CLKOUT0)
                                                     -5.783    -3.805 r  u_soc_top/pll_clk.u_clk_pll/inst/plle2_adv_inst/CLKOUT0
                         net (fo=1, unplaced)         0.646    -3.159    u_soc_top/pll_clk.u_clk_pll/inst/cpu_clk_clk_pll
                         BUFG (Prop_bufg_I_O)         0.081    -3.078 r  u_soc_top/pll_clk.u_clk_pll/inst/clkout1_buf/O
                         net (fo=6694, unplaced)      0.584    -2.494    u_soc_top/u_cpu/u_core/cpu_clk
                         FDRE                                         r  u_soc_top/u_cpu/u_core/fq_instr_reg[0][24]/C
  -------------------------------------------------------------------    -------------------
                         FDRE (Prop_fdre_C_Q)         0.379    -2.115 r  u_soc_top/u_cpu/u_core/fq_instr_reg[0][24]/Q
                         net (fo=47, unplaced)        0.860    -1.255    u_soc_top/u_cpu/u_core/reg_id_ex0_data/data_out_reg[9]_0[24]
                         LUT6 (Prop_lut6_I0_O)        0.232    -1.023 r  u_soc_top/u_cpu/u_core/reg_id_ex0_data/data_out[111]_i_4__0/O
                         net (fo=2, unplaced)         0.358    -0.665    u_soc_top/u_cpu/u_core/reg_id_ex0_data/data_out[111]_i_4__0_n_0
                         LUT2 (Prop_lut2_I1_O)        0.105    -0.560 f  u_soc_top/u_cpu/u_core/reg_id_ex0_data/data_out[111]_i_3__0/O
                         net (fo=5, unplaced)         0.356    -0.204    u_soc_top/u_cpu/u_core/reg_id_ex0_data/data_out[111]_i_3__0_n_0
                         LUT5 (Prop_lut5_I2_O)        0.105    -0.099 r  u_soc_top/u_cpu/u_core/reg_id_ex0_data/data_out[114]_i_4__0/O
                         net (fo=7, unplaced)         0.382     0.283    u_soc_top/u_cpu/u_core/reg_id_ex0_data/data_out[114]_i_4__0_n_0
                         LUT3 (Prop_lut3_I0_O)        0.108     0.391 f  u_soc_top/u_cpu/u_core/reg_id_ex0_data/data_out[97]_i_3__0/O
                         net (fo=4, unplaced)         0.371     0.762    u_soc_top/u_cpu/u_core/reg_id_ex0_data/data_out[97]_i_3__0_n_0
                         LUT6 (Prop_lut6_I0_O)        0.105     0.867 f  u_soc_top/u_cpu/u_core/reg_id_ex0_data/data_out[95]_i_2__1/O
                         net (fo=1, unplaced)         0.347     1.214    u_soc_top/u_cpu/u_core/reg_id_ex0_data/data_out[95]_i_2__1_n_0
                         LUT6 (Prop_lut6_I0_O)        0.105     1.319 f  u_soc_top/u_cpu/u_core/reg_id_ex0_data/data_out[95]_i_1__1/O
                         net (fo=3, unplaced)         0.365     1.684    u_soc_top/u_cpu/u_core/bp_unit/D[7]
                         LUT2 (Prop_lut2_I1_O)        0.105     1.789 f  u_soc_top/u_cpu/u_core/bp_unit/pc[15]_i_8/O
                         net (fo=1, unplaced)         0.000     1.789    u_soc_top/u_cpu/u_core/bp_unit/pc[15]_i_8_n_0
                         CARRY4 (Prop_carry4_S[0]_CO[3])
                                                      0.440     2.229 r  u_soc_top/u_cpu/u_core/bp_unit/pc_reg[15]_i_4/CO[3]
                         net (fo=1, unplaced)         0.000     2.229    u_soc_top/u_cpu/u_core/bp_unit/pc_reg[15]_i_4_n_0
                         CARRY4 (Prop_carry4_CI_CO[3])
                                                      0.098     2.327 r  u_soc_top/u_cpu/u_core/bp_unit/pc_reg[19]_i_4/CO[3]
                         net (fo=1, unplaced)         0.000     2.327    u_soc_top/u_cpu/u_core/bp_unit/pc_reg[19]_i_4_n_0
                         CARRY4 (Prop_carry4_CI_O[3])
                                                      0.275     2.602 r  u_soc_top/u_cpu/u_core/bp_unit/pc_reg[23]_i_4/O[3]
                         net (fo=3, unplaced)         0.537     3.139    u_soc_top/u_cpu/u_core/bp_unit/bp_jump_pc[23]
                         LUT6 (Prop_lut6_I4_O)        0.250     3.389 r  u_soc_top/u_cpu/u_core/bp_unit/data_out[15]_i_43/O
                         net (fo=1, unplaced)         0.000     3.389    u_soc_top/u_cpu/u_core/hazard_ctrl/data_out_reg[15]_i_18_0[3]
                         CARRY4 (Prop_carry4_S[3]_CO[3])
                                                      0.332     3.721 r  u_soc_top/u_cpu/u_core/hazard_ctrl/data_out_reg[15]_i_36/CO[3]
                         net (fo=1, unplaced)         0.000     3.721    u_soc_top/u_cpu/u_core/hazard_ctrl/data_out_reg[15]_i_36_n_0
                         CARRY4 (Prop_carry4_CI_CO[2])
                                                      0.209     3.930 f  u_soc_top/u_cpu/u_core/hazard_ctrl/data_out_reg[15]_i_18/CO[2]
                         net (fo=1, unplaced)         0.349     4.279    u_soc_top/u_cpu/u_core/reg_id_ex0_ctrl/fq_valid_reg[1]_0[0]
                         LUT6 (Prop_lut6_I5_O)        0.252     4.531 f  u_soc_top/u_cpu/u_core/reg_id_ex0_ctrl/data_out[15]_i_7/O
                         net (fo=84, unplaced)        0.442     4.973    u_soc_top/u_cpu/u_core/reg_id_ex0_ctrl/if_id_flush
                         LUT6 (Prop_lut6_I1_O)        0.105     5.078 r  u_soc_top/u_cpu/u_core/reg_id_ex0_ctrl/fq_instr[1][31]_i_11/O
                         net (fo=10, unplaced)        0.625     5.703    u_soc_top/u_cpu/u_core/reg_id_ex0_ctrl/fq_valid_reg[1]
                         LUT6 (Prop_lut6_I2_O)        0.105     5.808 r  u_soc_top/u_cpu/u_core/reg_id_ex0_ctrl/pc[1]_i_3/O
                         net (fo=31, unplaced)        0.652     6.460    u_soc_top/u_cpu/u_core/reg_id_ex0_ctrl/FSM_onehot_state_reg[0]
                         LUT6 (Prop_lut6_I0_O)        0.105     6.565 r  u_soc_top/u_cpu/u_core/reg_id_ex0_ctrl/pc[6]_i_2/O
                         net (fo=1, unplaced)         0.000     6.565    u_soc_top/u_cpu/u_core/reg_id_ex1_data/pc_reg[6]_rep__16
                         MUXF7 (Prop_muxf7_I0_O)      0.199     6.764 r  u_soc_top/u_cpu/u_core/reg_id_ex1_data/pc_reg[6]_i_1/O
                         net (fo=19, unplaced)        0.319     7.083    u_soc_top/u_cpu/u_core/next_pc_reg[6]
                         FDRE                                         r  u_soc_top/u_cpu/u_core/pc_reg[6]_rep/D
  -------------------------------------------------------------------    -------------------

                         (clock cpu_clk rise edge)   10.000    10.000 r  
    K21                                               0.000    10.000 r  clk_50M (IN)
                         net (fo=0)                   0.000    10.000    u_soc_top/pll_clk.u_clk_pll/inst/clk_in1
    K21                  IBUF (Prop_ibuf_I_O)         1.328    11.328 r  u_soc_top/pll_clk.u_clk_pll/inst/clkin1_ibufg/O
                         net (fo=1, unplaced)         0.439    11.767    u_soc_top/pll_clk.u_clk_pll/inst/clk_in1_clk_pll
                         PLLE2_ADV (Prop_plle2_adv_CLKIN1_CLKOUT0)
                                                     -5.039     6.728 r  u_soc_top/pll_clk.u_clk_pll/inst/plle2_adv_inst/CLKOUT0
                         net (fo=1, unplaced)         0.613     7.341    u_soc_top/pll_clk.u_clk_pll/inst/cpu_clk_clk_pll
                         BUFG (Prop_bufg_I_O)         0.077     7.418 r  u_soc_top/pll_clk.u_clk_pll/inst/clkout1_buf/O
                         net (fo=6694, unplaced)      0.439     7.857    u_soc_top/u_cpu/u_core/cpu_clk
                         FDRE                                         r  u_soc_top/u_cpu/u_core/pc_reg[6]_rep/C
                         clock pessimism             -0.496     7.361    
                         clock uncertainty           -0.094     7.266    
                         FDRE (Setup_fdre_C_D)       -0.182     7.084    u_soc_top/u_cpu/u_core/pc_reg[6]_rep
  -------------------------------------------------------------------
                         required time                          7.084    
                         arrival time                          -7.083    
  -------------------------------------------------------------------
                         slack                                  0.002    

Slack (MET) :             0.002ns  (required time - arrival time)
  Source:                 u_soc_top/u_cpu/u_core/fq_instr_reg[0][24]/C
                            (rising edge-triggered cell FDRE clocked by cpu_clk  {rise@0.000ns fall@5.000ns period=10.000ns})
  Destination:            u_soc_top/u_cpu/u_core/pc_reg[6]_rep/D
                            (rising edge-triggered cell FDRE clocked by cpu_clk  {rise@0.000ns fall@5.000ns period=10.000ns})
  Path Group:             cpu_clk
  Path Type:              Setup (Max at Slow Process Corner)
  Requirement:            10.000ns  (cpu_clk rise@10.000ns - cpu_clk rise@0.000ns)
  Data Path Delay:        9.577ns  (logic 3.614ns (37.736%)  route 5.963ns (62.264%))
  Logic Levels:           18  (CARRY4=5 LUT2=2 LUT3=1 LUT5=1 LUT6=8 MUXF7=1)
  Clock Path Skew:        -0.145ns (DCD - SCD + CPR)
    Destination Clock Delay (DCD):    -2.143ns = ( 7.857 - 10.000 ) 
    Source Clock Delay      (SCD):    -2.494ns
    Clock Pessimism Removal (CPR):    -0.496ns
  Clock Uncertainty:      0.094ns  ((TSJ^2 + DJ^2)^1/2) / 2 + PE
    Total System Jitter     (TSJ):    0.071ns
    Discrete Jitter          (DJ):    0.175ns
    Phase Error              (PE):    0.000ns

    Location             Delay type                Incr(ns)  Path(ns)    Netlist Resource(s)
  -------------------------------------------------------------------    -------------------
                         (clock cpu_clk rise edge)    0.000     0.000 r  
    K21                                               0.000     0.000 r  clk_50M (IN)
                         net (fo=0)                   0.000     0.000    u_soc_top/pll_clk.u_clk_pll/inst/clk_in1
    K21                  IBUF (Prop_ibuf_I_O)         1.394     1.394 r  u_soc_top/pll_clk.u_clk_pll/inst/clkin1_ibufg/O
                         net (fo=1, unplaced)         0.584     1.978    u_soc_top/pll_clk.u_clk_pll/inst/clk_in1_clk_pll
                         PLLE2_ADV (Prop_plle2_adv_CLKIN1_CLKOUT0)
                                                     -5.783    -3.805 r  u_soc_top/pll_clk.u_clk_pll/inst/plle2_adv_inst/CLKOUT0
                         net (fo=1, unplaced)         0.646    -3.159    u_soc_top/pll_clk.u_clk_pll/inst/cpu_clk_clk_pll
                         BUFG (Prop_bufg_I_O)         0.081    -3.078 r  u_soc_top/pll_clk.u_clk_pll/inst/clkout1_buf/O
                         net (fo=6694, unplaced)      0.584    -2.494    u_soc_top/u_cpu/u_core/cpu_clk
                         FDRE                                         r  u_soc_top/u_cpu/u_core/fq_instr_reg[0][24]/C
  -------------------------------------------------------------------    -------------------
                         FDRE (Prop_fdre_C_Q)         0.379    -2.115 f  u_soc_top/u_cpu/u_core/fq_instr_reg[0][24]/Q
                         net (fo=47, unplaced)        0.860    -1.255    u_soc_top/u_cpu/u_core/reg_id_ex0_data/data_out_reg[9]_0[24]
                         LUT6 (Prop_lut6_I0_O)        0.232    -1.023 f  u_soc_top/u_cpu/u_core/reg_id_ex0_data/data_out[111]_i_4__0/O
                         net (fo=2, unplaced)         0.358    -0.665    u_soc_top/u_cpu/u_core/reg_id_ex0_data/data_out[111]_i_4__0_n_0
                         LUT2 (Prop_lut2_I1_O)        0.105    -0.560 r  u_soc_top/u_cpu/u_core/reg_id_ex0_data/data_out[111]_i_3__0/O
                         net (fo=5, unplaced)         0.356    -0.204    u_soc_top/u_cpu/u_core/reg_id_ex0_data/data_out[111]_i_3__0_n_0
                         LUT5 (Prop_lut5_I2_O)        0.105    -0.099 f  u_soc_top/u_cpu/u_core/reg_id_ex0_data/data_out[114]_i_4__0/O
                         net (fo=7, unplaced)         0.382     0.283    u_soc_top/u_cpu/u_core/reg_id_ex0_data/data_out[114]_i_4__0_n_0
                         LUT3 (Prop_lut3_I0_O)        0.108     0.391 r  u_soc_top/u_cpu/u_core/reg_id_ex0_data/data_out[97]_i_3__0/O
                         net (fo=4, unplaced)         0.371     0.762    u_soc_top/u_cpu/u_core/reg_id_ex0_data/data_out[97]_i_3__0_n_0
                         LUT6 (Prop_lut6_I0_O)        0.105     0.867 r  u_soc_top/u_cpu/u_core/reg_id_ex0_data/data_out[95]_i_2__1/O
                         net (fo=1, unplaced)         0.347     1.214    u_soc_top/u_cpu/u_core/reg_id_ex0_data/data_out[95]_i_2__1_n_0
                         LUT6 (Prop_lut6_I0_O)        0.105     1.319 r  u_soc_top/u_cpu/u_core/reg_id_ex0_data/data_out[95]_i_1__1/O
                         net (fo=3, unplaced)         0.365     1.684    u_soc_top/u_cpu/u_core/bp_unit/D[7]
                         LUT2 (Prop_lut2_I1_O)        0.105     1.789 r  u_soc_top/u_cpu/u_core/bp_unit/pc[15]_i_8/O
                         net (fo=1, unplaced)         0.000     1.789    u_soc_top/u_cpu/u_core/bp_unit/pc[15]_i_8_n_0
                         CARRY4 (Prop_carry4_S[0]_CO[3])
                                                      0.440     2.229 r  u_soc_top/u_cpu/u_core/bp_unit/pc_reg[15]_i_4/CO[3]
                         net (fo=1, unplaced)         0.000     2.229    u_soc_top/u_cpu/u_core/bp_unit/pc_reg[15]_i_4_n_0
                         CARRY4 (Prop_carry4_CI_CO[3])
                                                      0.098     2.327 r  u_soc_top/u_cpu/u_core/bp_unit/pc_reg[19]_i_4/CO[3]
                         net (fo=1, unplaced)         0.000     2.327    u_soc_top/u_cpu/u_core/bp_unit/pc_reg[19]_i_4_n_0
                         CARRY4 (Prop_carry4_CI_O[3])
                                                      0.275     2.602 f  u_soc_top/u_cpu/u_core/bp_unit/pc_reg[23]_i_4/O[3]
                         net (fo=3, unplaced)         0.537     3.139    u_soc_top/u_cpu/u_core/bp_unit/bp_jump_pc[23]
                         LUT6 (Prop_lut6_I4_O)        0.250     3.389 r  u_soc_top/u_cpu/u_core/bp_unit/data_out[15]_i_43/O
                         net (fo=1, unplaced)         0.000     3.389    u_soc_top/u_cpu/u_core/hazard_ctrl/data_out_reg[15]_i_18_0[3]
                         CARRY4 (Prop_carry4_S[3]_CO[3])
                                                      0.332     3.721 r  u_soc_top/u_cpu/u_core/hazard_ctrl/data_out_reg[15]_i_36/CO[3]
                         net (fo=1, unplaced)         0.000     3.721    u_soc_top/u_cpu/u_core/hazard_ctrl/data_out_reg[15]_i_36_n_0
                         CARRY4 (Prop_carry4_CI_CO[2])
                                                      0.209     3.930 f  u_soc_top/u_cpu/u_core/hazard_ctrl/data_out_reg[15]_i_18/CO[2]
                         net (fo=1, unplaced)         0.349     4.279    u_soc_top/u_cpu/u_core/reg_id_ex0_ctrl/fq_valid_reg[1]_0[0]
                         LUT6 (Prop_lut6_I5_O)        0.252     4.531 f  u_soc_top/u_cpu/u_core/reg_id_ex0_ctrl/data_out[15]_i_7/O
                         net (fo=84, unplaced)        0.442     4.973    u_soc_top/u_cpu/u_core/reg_id_ex0_ctrl/if_id_flush
                         LUT6 (Prop_lut6_I1_O)        0.105     5.078 r  u_soc_top/u_cpu/u_core/reg_id_ex0_ctrl/fq_instr[1][31]_i_11/O
                         net (fo=10, unplaced)        0.625     5.703    u_soc_top/u_cpu/u_core/reg_id_ex0_ctrl/fq_valid_reg[1]
                         LUT6 (Prop_lut6_I2_O)        0.105     5.808 r  u_soc_top/u_cpu/u_core/reg_id_ex0_ctrl/pc[1]_i_3/O
                         net (fo=31, unplaced)        0.652     6.460    u_soc_top/u_cpu/u_core/reg_id_ex0_ctrl/FSM_onehot_state_reg[0]
                         LUT6 (Prop_lut6_I0_O)        0.105     6.565 r  u_soc_top/u_cpu/u_core/reg_id_ex0_ctrl/pc[6]_i_2/O
                         net (fo=1, unplaced)         0.000     6.565    u_soc_top/u_cpu/u_core/reg_id_ex1_data/pc_reg[6]_rep__16
                         MUXF7 (Prop_muxf7_I0_O)      0.199     6.764 r  u_soc_top/u_cpu/u_core/reg_id_ex1_data/pc_reg[6]_i_1/O
                         net (fo=19, unplaced)        0.319     7.083    u_soc_top/u_cpu/u_core/next_pc_reg[6]
                         FDRE                                         r  u_soc_top/u_cpu/u_core/pc_reg[6]_rep/D
  -------------------------------------------------------------------    -------------------

                         (clock cpu_clk rise edge)   10.000    10.000 r  
    K21                                               0.000    10.000 r  clk_50M (IN)
                         net (fo=0)                   0.000    10.000    u_soc_top/pll_clk.u_clk_pll/inst/clk_in1
    K21                  IBUF (Prop_ibuf_I_O)         1.328    11.328 r  u_soc_top/pll_clk.u_clk_pll/inst/clkin1_ibufg/O
                         net (fo=1, unplaced)         0.439    11.767    u_soc_top/pll_clk.u_clk_pll/inst/clk_in1_clk_pll
                         PLLE2_ADV (Prop_plle2_adv_CLKIN1_CLKOUT0)
                                                     -5.039     6.728 r  u_soc_top/pll_clk.u_clk_pll/inst/plle2_adv_inst/CLKOUT0
                         net (fo=1, unplaced)         0.613     7.341    u_soc_top/pll_clk.u_clk_pll/inst/cpu_clk_clk_pll
                         BUFG (Prop_bufg_I_O)         0.077     7.418 r  u_soc_top/pll_clk.u_clk_pll/inst/clkout1_buf/O
                         net (fo=6694, unplaced)      0.439     7.857    u_soc_top/u_cpu/u_core/cpu_clk
                         FDRE                                         r  u_soc_top/u_cpu/u_core/pc_reg[6]_rep/C
                         clock pessimism             -0.496     7.361    
                         clock uncertainty           -0.094     7.266    
                         FDRE (Setup_fdre_C_D)       -0.182     7.084    u_soc_top/u_cpu/u_core/pc_reg[6]_rep
  -------------------------------------------------------------------
                         required time                          7.084    
                         arrival time                          -7.083    
  -------------------------------------------------------------------
                         slack                                  0.002    

Slack (MET) :             0.002ns  (required time - arrival time)
  Source:                 u_soc_top/u_cpu/u_core/fq_instr_reg[0][24]/C
                            (rising edge-triggered cell FDRE clocked by cpu_clk  {rise@0.000ns fall@5.000ns period=10.000ns})
  Destination:            u_soc_top/u_cpu/u_core/pc_reg[6]_rep/D
                            (rising edge-triggered cell FDRE clocked by cpu_clk  {rise@0.000ns fall@5.000ns period=10.000ns})
  Path Group:             cpu_clk
  Path Type:              Setup (Max at Slow Process Corner)
  Requirement:            10.000ns  (cpu_clk rise@10.000ns - cpu_clk rise@0.000ns)
  Data Path Delay:        9.577ns  (logic 3.614ns (37.736%)  route 5.963ns (62.264%))
  Logic Levels:           18  (CARRY4=5 LUT2=2 LUT3=1 LUT5=1 LUT6=8 MUXF7=1)
  Clock Path Skew:        -0.145ns (DCD - SCD + CPR)
    Destination Clock Delay (DCD):    -2.143ns = ( 7.857 - 10.000 ) 
    Source Clock Delay      (SCD):    -2.494ns
    Clock Pessimism Removal (CPR):    -0.496ns
  Clock Uncertainty:      0.094ns  ((TSJ^2 + DJ^2)^1/2) / 2 + PE
    Total System Jitter     (TSJ):    0.071ns
    Discrete Jitter          (DJ):    0.175ns
    Phase Error              (PE):    0.000ns

    Location             Delay type                Incr(ns)  Path(ns)    Netlist Resource(s)
  -------------------------------------------------------------------    -------------------
                         (clock cpu_clk rise edge)    0.000     0.000 r  
    K21                                               0.000     0.000 r  clk_50M (IN)
                         net (fo=0)                   0.000     0.000    u_soc_top/pll_clk.u_clk_pll/inst/clk_in1
    K21                  IBUF (Prop_ibuf_I_O)         1.394     1.394 r  u_soc_top/pll_clk.u_clk_pll/inst/clkin1_ibufg/O
                         net (fo=1, unplaced)         0.584     1.978    u_soc_top/pll_clk.u_clk_pll/inst/clk_in1_clk_pll
                         PLLE2_ADV (Prop_plle2_adv_CLKIN1_CLKOUT0)
                                                     -5.783    -3.805 r  u_soc_top/pll_clk.u_clk_pll/inst/plle2_adv_inst/CLKOUT0
                         net (fo=1, unplaced)         0.646    -3.159    u_soc_top/pll_clk.u_clk_pll/inst/cpu_clk_clk_pll
                         BUFG (Prop_bufg_I_O)         0.081    -3.078 r  u_soc_top/pll_clk.u_clk_pll/inst/clkout1_buf/O
                         net (fo=6694, unplaced)      0.584    -2.494    u_soc_top/u_cpu/u_core/cpu_clk
                         FDRE                                         r  u_soc_top/u_cpu/u_core/fq_instr_reg[0][24]/C
  -------------------------------------------------------------------    -------------------
                         FDRE (Prop_fdre_C_Q)         0.379    -2.115 r  u_soc_top/u_cpu/u_core/fq_instr_reg[0][24]/Q
                         net (fo=47, unplaced)        0.860    -1.255    u_soc_top/u_cpu/u_core/reg_id_ex0_data/data_out_reg[9]_0[24]
                         LUT6 (Prop_lut6_I0_O)        0.232    -1.023 r  u_soc_top/u_cpu/u_core/reg_id_ex0_data/data_out[111]_i_4__0/O
                         net (fo=2, unplaced)         0.358    -0.665    u_soc_top/u_cpu/u_core/reg_id_ex0_data/data_out[111]_i_4__0_n_0
                         LUT2 (Prop_lut2_I1_O)        0.105    -0.560 f  u_soc_top/u_cpu/u_core/reg_id_ex0_data/data_out[111]_i_3__0/O
                         net (fo=5, unplaced)         0.356    -0.204    u_soc_top/u_cpu/u_core/reg_id_ex0_data/data_out[111]_i_3__0_n_0
                         LUT5 (Prop_lut5_I2_O)        0.105    -0.099 r  u_soc_top/u_cpu/u_core/reg_id_ex0_data/data_out[114]_i_4__0/O
                         net (fo=7, unplaced)         0.382     0.283    u_soc_top/u_cpu/u_core/reg_id_ex0_data/data_out[114]_i_4__0_n_0
                         LUT3 (Prop_lut3_I0_O)        0.108     0.391 f  u_soc_top/u_cpu/u_core/reg_id_ex0_data/data_out[97]_i_3__0/O
                         net (fo=4, unplaced)         0.371     0.762    u_soc_top/u_cpu/u_core/reg_id_ex0_data/data_out[97]_i_3__0_n_0
                         LUT6 (Prop_lut6_I0_O)        0.105     0.867 f  u_soc_top/u_cpu/u_core/reg_id_ex0_data/data_out[95]_i_2__1/O
                         net (fo=1, unplaced)         0.347     1.214    u_soc_top/u_cpu/u_core/reg_id_ex0_data/data_out[95]_i_2__1_n_0
                         LUT6 (Prop_lut6_I0_O)        0.105     1.319 f  u_soc_top/u_cpu/u_core/reg_id_ex0_data/data_out[95]_i_1__1/O
                         net (fo=3, unplaced)         0.365     1.684    u_soc_top/u_cpu/u_core/bp_unit/D[7]
                         LUT2 (Prop_lut2_I1_O)        0.105     1.789 r  u_soc_top/u_cpu/u_core/bp_unit/pc[15]_i_8/O
                         net (fo=1, unplaced)         0.000     1.789    u_soc_top/u_cpu/u_core/bp_unit/pc[15]_i_8_n_0
                         CARRY4 (Prop_carry4_S[0]_CO[3])
                                                      0.440     2.229 r  u_soc_top/u_cpu/u_core/bp_unit/pc_reg[15]_i_4/CO[3]
                         net (fo=1, unplaced)         0.000     2.229    u_soc_top/u_cpu/u_core/bp_unit/pc_reg[15]_i_4_n_0
                         CARRY4 (Prop_carry4_CI_CO[3])
                                                      0.098     2.327 r  u_soc_top/u_cpu/u_core/bp_unit/pc_reg[19]_i_4/CO[3]
                         net (fo=1, unplaced)         0.000     2.327    u_soc_top/u_cpu/u_core/bp_unit/pc_reg[19]_i_4_n_0
                         CARRY4 (Prop_carry4_CI_O[3])
                                                      0.275     2.602 f  u_soc_top/u_cpu/u_core/bp_unit/pc_reg[23]_i_4/O[3]
                         net (fo=3, unplaced)         0.537     3.139    u_soc_top/u_cpu/u_core/bp_unit/bp_jump_pc[23]
                         LUT6 (Prop_lut6_I4_O)        0.250     3.389 r  u_soc_top/u_cpu/u_core/bp_unit/data_out[15]_i_43/O
                         net (fo=1, unplaced)         0.000     3.389    u_soc_top/u_cpu/u_core/hazard_ctrl/data_out_reg[15]_i_18_0[3]
                         CARRY4 (Prop_carry4_S[3]_CO[3])
                                                      0.332     3.721 r  u_soc_top/u_cpu/u_core/hazard_ctrl/data_out_reg[15]_i_36/CO[3]
                         net (fo=1, unplaced)         0.000     3.721    u_soc_top/u_cpu/u_core/hazard_ctrl/data_out_reg[15]_i_36_n_0
                         CARRY4 (Prop_carry4_CI_CO[2])
                                                      0.209     3.930 f  u_soc_top/u_cpu/u_core/hazard_ctrl/data_out_reg[15]_i_18/CO[2]
                         net (fo=1, unplaced)         0.349     4.279    u_soc_top/u_cpu/u_core/reg_id_ex0_ctrl/fq_valid_reg[1]_0[0]
                         LUT6 (Prop_lut6_I5_O)        0.252     4.531 f  u_soc_top/u_cpu/u_core/reg_id_ex0_ctrl/data_out[15]_i_7/O
                         net (fo=84, unplaced)        0.442     4.973    u_soc_top/u_cpu/u_core/reg_id_ex0_ctrl/if_id_flush
                         LUT6 (Prop_lut6_I1_O)        0.105     5.078 r  u_soc_top/u_cpu/u_core/reg_id_ex0_ctrl/fq_instr[1][31]_i_11/O
                         net (fo=10, unplaced)        0.625     5.703    u_soc_top/u_cpu/u_core/reg_id_ex0_ctrl/fq_valid_reg[1]
                         LUT6 (Prop_lut6_I2_O)        0.105     5.808 r  u_soc_top/u_cpu/u_core/reg_id_ex0_ctrl/pc[1]_i_3/O
                         net (fo=31, unplaced)        0.652     6.460    u_soc_top/u_cpu/u_core/reg_id_ex0_ctrl/FSM_onehot_state_reg[0]
                         LUT6 (Prop_lut6_I0_O)        0.105     6.565 r  u_soc_top/u_cpu/u_core/reg_id_ex0_ctrl/pc[6]_i_2/O
                         net (fo=1, unplaced)         0.000     6.565    u_soc_top/u_cpu/u_core/reg_id_ex1_data/pc_reg[6]_rep__16
                         MUXF7 (Prop_muxf7_I0_O)      0.199     6.764 r  u_soc_top/u_cpu/u_core/reg_id_ex1_data/pc_reg[6]_i_1/O
                         net (fo=19, unplaced)        0.319     7.083    u_soc_top/u_cpu/u_core/next_pc_reg[6]
                         FDRE                                         r  u_soc_top/u_cpu/u_core/pc_reg[6]_rep/D
  -------------------------------------------------------------------    -------------------

                         (clock cpu_clk rise edge)   10.000    10.000 r  
    K21                                               0.000    10.000 r  clk_50M (IN)
                         net (fo=0)                   0.000    10.000    u_soc_top/pll_clk.u_clk_pll/inst/clk_in1
    K21                  IBUF (Prop_ibuf_I_O)         1.328    11.328 r  u_soc_top/pll_clk.u_clk_pll/inst/clkin1_ibufg/O
                         net (fo=1, unplaced)         0.439    11.767    u_soc_top/pll_clk.u_clk_pll/inst/clk_in1_clk_pll
                         PLLE2_ADV (Prop_plle2_adv_CLKIN1_CLKOUT0)
                                                     -5.039     6.728 r  u_soc_top/pll_clk.u_clk_pll/inst/plle2_adv_inst/CLKOUT0
                         net (fo=1, unplaced)         0.613     7.341    u_soc_top/pll_clk.u_clk_pll/inst/cpu_clk_clk_pll
                         BUFG (Prop_bufg_I_O)         0.077     7.418 r  u_soc_top/pll_clk.u_clk_pll/inst/clkout1_buf/O
                         net (fo=6694, unplaced)      0.439     7.857    u_soc_top/u_cpu/u_core/cpu_clk
                         FDRE                                         r  u_soc_top/u_cpu/u_core/pc_reg[6]_rep/C
                         clock pessimism             -0.496     7.361    
                         clock uncertainty           -0.094     7.266    
                         FDRE (Setup_fdre_C_D)       -0.182     7.084    u_soc_top/u_cpu/u_core/pc_reg[6]_rep
  -------------------------------------------------------------------
                         required time                          7.084    
                         arrival time                          -7.083    
  -------------------------------------------------------------------
                         slack                                  0.002    

Slack (MET) :             0.002ns  (required time - arrival time)
  Source:                 u_soc_top/u_cpu/u_core/fq_instr_reg[0][24]/C
                            (rising edge-triggered cell FDRE clocked by cpu_clk  {rise@0.000ns fall@5.000ns period=10.000ns})
  Destination:            u_soc_top/u_cpu/u_core/pc_reg[6]_rep/D
                            (rising edge-triggered cell FDRE clocked by cpu_clk  {rise@0.000ns fall@5.000ns period=10.000ns})
  Path Group:             cpu_clk
  Path Type:              Setup (Max at Slow Process Corner)
  Requirement:            10.000ns  (cpu_clk rise@10.000ns - cpu_clk rise@0.000ns)
  Data Path Delay:        9.577ns  (logic 3.614ns (37.736%)  route 5.963ns (62.264%))
  Logic Levels:           18  (CARRY4=5 LUT2=2 LUT3=1 LUT5=1 LUT6=8 MUXF7=1)
  Clock Path Skew:        -0.145ns (DCD - SCD + CPR)
    Destination Clock Delay (DCD):    -2.143ns = ( 7.857 - 10.000 ) 
    Source Clock Delay      (SCD):    -2.494ns
    Clock Pessimism Removal (CPR):    -0.496ns
  Clock Uncertainty:      0.094ns  ((TSJ^2 + DJ^2)^1/2) / 2 + PE
    Total System Jitter     (TSJ):    0.071ns
    Discrete Jitter          (DJ):    0.175ns
    Phase Error              (PE):    0.000ns

    Location             Delay type                Incr(ns)  Path(ns)    Netlist Resource(s)
  -------------------------------------------------------------------    -------------------
                         (clock cpu_clk rise edge)    0.000     0.000 r  
    K21                                               0.000     0.000 r  clk_50M (IN)
                         net (fo=0)                   0.000     0.000    u_soc_top/pll_clk.u_clk_pll/inst/clk_in1
    K21                  IBUF (Prop_ibuf_I_O)         1.394     1.394 r  u_soc_top/pll_clk.u_clk_pll/inst/clkin1_ibufg/O
                         net (fo=1, unplaced)         0.584     1.978    u_soc_top/pll_clk.u_clk_pll/inst/clk_in1_clk_pll
                         PLLE2_ADV (Prop_plle2_adv_CLKIN1_CLKOUT0)
                                                     -5.783    -3.805 r  u_soc_top/pll_clk.u_clk_pll/inst/plle2_adv_inst/CLKOUT0
                         net (fo=1, unplaced)         0.646    -3.159    u_soc_top/pll_clk.u_clk_pll/inst/cpu_clk_clk_pll
                         BUFG (Prop_bufg_I_O)         0.081    -3.078 r  u_soc_top/pll_clk.u_clk_pll/inst/clkout1_buf/O
                         net (fo=6694, unplaced)      0.584    -2.494    u_soc_top/u_cpu/u_core/cpu_clk
                         FDRE                                         r  u_soc_top/u_cpu/u_core/fq_instr_reg[0][24]/C
  -------------------------------------------------------------------    -------------------
                         FDRE (Prop_fdre_C_Q)         0.379    -2.115 f  u_soc_top/u_cpu/u_core/fq_instr_reg[0][24]/Q
                         net (fo=47, unplaced)        0.860    -1.255    u_soc_top/u_cpu/u_core/reg_id_ex0_data/data_out_reg[9]_0[24]
                         LUT6 (Prop_lut6_I0_O)        0.232    -1.023 f  u_soc_top/u_cpu/u_core/reg_id_ex0_data/data_out[111]_i_4__0/O
                         net (fo=2, unplaced)         0.358    -0.665    u_soc_top/u_cpu/u_core/reg_id_ex0_data/data_out[111]_i_4__0_n_0
                         LUT2 (Prop_lut2_I1_O)        0.105    -0.560 r  u_soc_top/u_cpu/u_core/reg_id_ex0_data/data_out[111]_i_3__0/O
                         net (fo=5, unplaced)         0.356    -0.204    u_soc_top/u_cpu/u_core/reg_id_ex0_data/data_out[111]_i_3__0_n_0
                         LUT5 (Prop_lut5_I2_O)        0.105    -0.099 f  u_soc_top/u_cpu/u_core/reg_id_ex0_data/data_out[114]_i_4__0/O
                         net (fo=7, unplaced)         0.382     0.283    u_soc_top/u_cpu/u_core/reg_id_ex0_data/data_out[114]_i_4__0_n_0
                         LUT3 (Prop_lut3_I0_O)        0.108     0.391 r  u_soc_top/u_cpu/u_core/reg_id_ex0_data/data_out[97]_i_3__0/O
                         net (fo=4, unplaced)         0.371     0.762    u_soc_top/u_cpu/u_core/reg_id_ex0_data/data_out[97]_i_3__0_n_0
                         LUT6 (Prop_lut6_I0_O)        0.105     0.867 r  u_soc_top/u_cpu/u_core/reg_id_ex0_data/data_out[95]_i_2__1/O
                         net (fo=1, unplaced)         0.347     1.214    u_soc_top/u_cpu/u_core/reg_id_ex0_data/data_out[95]_i_2__1_n_0
                         LUT6 (Prop_lut6_I0_O)        0.105     1.319 r  u_soc_top/u_cpu/u_core/reg_id_ex0_data/data_out[95]_i_1__1/O
                         net (fo=3, unplaced)         0.365     1.684    u_soc_top/u_cpu/u_core/bp_unit/D[7]
                         LUT2 (Prop_lut2_I1_O)        0.105     1.789 f  u_soc_top/u_cpu/u_core/bp_unit/pc[15]_i_8/O
                         net (fo=1, unplaced)         0.000     1.789    u_soc_top/u_cpu/u_core/bp_unit/pc[15]_i_8_n_0
                         CARRY4 (Prop_carry4_S[0]_CO[3])
                                                      0.440     2.229 r  u_soc_top/u_cpu/u_core/bp_unit/pc_reg[15]_i_4/CO[3]
                         net (fo=1, unplaced)         0.000     2.229    u_soc_top/u_cpu/u_core/bp_unit/pc_reg[15]_i_4_n_0
                         CARRY4 (Prop_carry4_CI_CO[3])
                                                      0.098     2.327 r  u_soc_top/u_cpu/u_core/bp_unit/pc_reg[19]_i_4/CO[3]
                         net (fo=1, unplaced)         0.000     2.327    u_soc_top/u_cpu/u_core/bp_unit/pc_reg[19]_i_4_n_0
                         CARRY4 (Prop_carry4_CI_O[3])
                                                      0.275     2.602 f  u_soc_top/u_cpu/u_core/bp_unit/pc_reg[23]_i_4/O[3]
                         net (fo=3, unplaced)         0.537     3.139    u_soc_top/u_cpu/u_core/bp_unit/bp_jump_pc[23]
                         LUT6 (Prop_lut6_I4_O)        0.250     3.389 r  u_soc_top/u_cpu/u_core/bp_unit/data_out[15]_i_43/O
                         net (fo=1, unplaced)         0.000     3.389    u_soc_top/u_cpu/u_core/hazard_ctrl/data_out_reg[15]_i_18_0[3]
                         CARRY4 (Prop_carry4_S[3]_CO[3])
                                                      0.332     3.721 r  u_soc_top/u_cpu/u_core/hazard_ctrl/data_out_reg[15]_i_36/CO[3]
                         net (fo=1, unplaced)         0.000     3.721    u_soc_top/u_cpu/u_core/hazard_ctrl/data_out_reg[15]_i_36_n_0
                         CARRY4 (Prop_carry4_CI_CO[2])
                                                      0.209     3.930 f  u_soc_top/u_cpu/u_core/hazard_ctrl/data_out_reg[15]_i_18/CO[2]
                         net (fo=1, unplaced)         0.349     4.279    u_soc_top/u_cpu/u_core/reg_id_ex0_ctrl/fq_valid_reg[1]_0[0]
                         LUT6 (Prop_lut6_I5_O)        0.252     4.531 f  u_soc_top/u_cpu/u_core/reg_id_ex0_ctrl/data_out[15]_i_7/O
                         net (fo=84, unplaced)        0.442     4.973    u_soc_top/u_cpu/u_core/reg_id_ex0_ctrl/if_id_flush
                         LUT6 (Prop_lut6_I1_O)        0.105     5.078 r  u_soc_top/u_cpu/u_core/reg_id_ex0_ctrl/fq_instr[1][31]_i_11/O
                         net (fo=10, unplaced)        0.625     5.703    u_soc_top/u_cpu/u_core/reg_id_ex0_ctrl/fq_valid_reg[1]
                         LUT6 (Prop_lut6_I2_O)        0.105     5.808 r  u_soc_top/u_cpu/u_core/reg_id_ex0_ctrl/pc[1]_i_3/O
                         net (fo=31, unplaced)        0.652     6.460    u_soc_top/u_cpu/u_core/reg_id_ex0_ctrl/FSM_onehot_state_reg[0]
                         LUT6 (Prop_lut6_I0_O)        0.105     6.565 r  u_soc_top/u_cpu/u_core/reg_id_ex0_ctrl/pc[6]_i_2/O
                         net (fo=1, unplaced)         0.000     6.565    u_soc_top/u_cpu/u_core/reg_id_ex1_data/pc_reg[6]_rep__16
                         MUXF7 (Prop_muxf7_I0_O)      0.199     6.764 r  u_soc_top/u_cpu/u_core/reg_id_ex1_data/pc_reg[6]_i_1/O
                         net (fo=19, unplaced)        0.319     7.083    u_soc_top/u_cpu/u_core/next_pc_reg[6]
                         FDRE                                         r  u_soc_top/u_cpu/u_core/pc_reg[6]_rep/D
  -------------------------------------------------------------------    -------------------

                         (clock cpu_clk rise edge)   10.000    10.000 r  
    K21                                               0.000    10.000 r  clk_50M (IN)
                         net (fo=0)                   0.000    10.000    u_soc_top/pll_clk.u_clk_pll/inst/clk_in1
    K21                  IBUF (Prop_ibuf_I_O)         1.328    11.328 r  u_soc_top/pll_clk.u_clk_pll/inst/clkin1_ibufg/O
                         net (fo=1, unplaced)         0.439    11.767    u_soc_top/pll_clk.u_clk_pll/inst/clk_in1_clk_pll
                         PLLE2_ADV (Prop_plle2_adv_CLKIN1_CLKOUT0)
                                                     -5.039     6.728 r  u_soc_top/pll_clk.u_clk_pll/inst/plle2_adv_inst/CLKOUT0
                         net (fo=1, unplaced)         0.613     7.341    u_soc_top/pll_clk.u_clk_pll/inst/cpu_clk_clk_pll
                         BUFG (Prop_bufg_I_O)         0.077     7.418 r  u_soc_top/pll_clk.u_clk_pll/inst/clkout1_buf/O
                         net (fo=6694, unplaced)      0.439     7.857    u_soc_top/u_cpu/u_core/cpu_clk
                         FDRE                                         r  u_soc_top/u_cpu/u_core/pc_reg[6]_rep/C
                         clock pessimism             -0.496     7.361    
                         clock uncertainty           -0.094     7.266    
                         FDRE (Setup_fdre_C_D)       -0.182     7.084    u_soc_top/u_cpu/u_core/pc_reg[6]_rep
  -------------------------------------------------------------------
                         required time                          7.084    
                         arrival time                          -7.083    
  -------------------------------------------------------------------
                         slack                                  0.002    

Slack (MET) :             0.002ns  (required time - arrival time)
  Source:                 u_soc_top/u_cpu/u_core/fq_instr_reg[0][24]/C
                            (rising edge-triggered cell FDRE clocked by cpu_clk  {rise@0.000ns fall@5.000ns period=10.000ns})
  Destination:            u_soc_top/u_cpu/u_core/pc_reg[6]_rep/D
                            (rising edge-triggered cell FDRE clocked by cpu_clk  {rise@0.000ns fall@5.000ns period=10.000ns})
  Path Group:             cpu_clk
  Path Type:              Setup (Max at Slow Process Corner)
  Requirement:            10.000ns  (cpu_clk rise@10.000ns - cpu_clk rise@0.000ns)
  Data Path Delay:        9.577ns  (logic 3.614ns (37.736%)  route 5.963ns (62.264%))
  Logic Levels:           18  (CARRY4=5 LUT2=2 LUT3=1 LUT5=1 LUT6=8 MUXF7=1)
  Clock Path Skew:        -0.145ns (DCD - SCD + CPR)
    Destination Clock Delay (DCD):    -2.143ns = ( 7.857 - 10.000 ) 
    Source Clock Delay      (SCD):    -2.494ns
    Clock Pessimism Removal (CPR):    -0.496ns
  Clock Uncertainty:      0.094ns  ((TSJ^2 + DJ^2)^1/2) / 2 + PE
    Total System Jitter     (TSJ):    0.071ns
    Discrete Jitter          (DJ):    0.175ns
    Phase Error              (PE):    0.000ns

    Location             Delay type                Incr(ns)  Path(ns)    Netlist Resource(s)
  -------------------------------------------------------------------    -------------------
                         (clock cpu_clk rise edge)    0.000     0.000 r  
    K21                                               0.000     0.000 r  clk_50M (IN)
                         net (fo=0)                   0.000     0.000    u_soc_top/pll_clk.u_clk_pll/inst/clk_in1
    K21                  IBUF (Prop_ibuf_I_O)         1.394     1.394 r  u_soc_top/pll_clk.u_clk_pll/inst/clkin1_ibufg/O
                         net (fo=1, unplaced)         0.584     1.978    u_soc_top/pll_clk.u_clk_pll/inst/clk_in1_clk_pll
                         PLLE2_ADV (Prop_plle2_adv_CLKIN1_CLKOUT0)
                                                     -5.783    -3.805 r  u_soc_top/pll_clk.u_clk_pll/inst/plle2_adv_inst/CLKOUT0
                         net (fo=1, unplaced)         0.646    -3.159    u_soc_top/pll_clk.u_clk_pll/inst/cpu_clk_clk_pll
                         BUFG (Prop_bufg_I_O)         0.081    -3.078 r  u_soc_top/pll_clk.u_clk_pll/inst/clkout1_buf/O
                         net (fo=6694, unplaced)      0.584    -2.494    u_soc_top/u_cpu/u_core/cpu_clk
                         FDRE                                         r  u_soc_top/u_cpu/u_core/fq_instr_reg[0][24]/C
  -------------------------------------------------------------------    -------------------
                         FDRE (Prop_fdre_C_Q)         0.379    -2.115 r  u_soc_top/u_cpu/u_core/fq_instr_reg[0][24]/Q
                         net (fo=47, unplaced)        0.860    -1.255    u_soc_top/u_cpu/u_core/reg_id_ex0_data/data_out_reg[9]_0[24]
                         LUT6 (Prop_lut6_I0_O)        0.232    -1.023 r  u_soc_top/u_cpu/u_core/reg_id_ex0_data/data_out[111]_i_4__0/O
                         net (fo=2, unplaced)         0.358    -0.665    u_soc_top/u_cpu/u_core/reg_id_ex0_data/data_out[111]_i_4__0_n_0
                         LUT2 (Prop_lut2_I1_O)        0.105    -0.560 f  u_soc_top/u_cpu/u_core/reg_id_ex0_data/data_out[111]_i_3__0/O
                         net (fo=5, unplaced)         0.356    -0.204    u_soc_top/u_cpu/u_core/reg_id_ex0_data/data_out[111]_i_3__0_n_0
                         LUT5 (Prop_lut5_I2_O)        0.105    -0.099 r  u_soc_top/u_cpu/u_core/reg_id_ex0_data/data_out[114]_i_4__0/O
                         net (fo=7, unplaced)         0.382     0.283    u_soc_top/u_cpu/u_core/reg_id_ex0_data/data_out[114]_i_4__0_n_0
                         LUT3 (Prop_lut3_I0_O)        0.108     0.391 f  u_soc_top/u_cpu/u_core/reg_id_ex0_data/data_out[97]_i_3__0/O
                         net (fo=4, unplaced)         0.371     0.762    u_soc_top/u_cpu/u_core/reg_id_ex0_data/data_out[97]_i_3__0_n_0
                         LUT6 (Prop_lut6_I0_O)        0.105     0.867 f  u_soc_top/u_cpu/u_core/reg_id_ex0_data/data_out[95]_i_2__1/O
                         net (fo=1, unplaced)         0.347     1.214    u_soc_top/u_cpu/u_core/reg_id_ex0_data/data_out[95]_i_2__1_n_0
                         LUT6 (Prop_lut6_I0_O)        0.105     1.319 f  u_soc_top/u_cpu/u_core/reg_id_ex0_data/data_out[95]_i_1__1/O
                         net (fo=3, unplaced)         0.365     1.684    u_soc_top/u_cpu/u_core/bp_unit/D[7]
                         LUT2 (Prop_lut2_I1_O)        0.105     1.789 f  u_soc_top/u_cpu/u_core/bp_unit/pc[15]_i_8/O
                         net (fo=1, unplaced)         0.000     1.789    u_soc_top/u_cpu/u_core/bp_unit/pc[15]_i_8_n_0
                         CARRY4 (Prop_carry4_S[0]_CO[3])
                                                      0.440     2.229 r  u_soc_top/u_cpu/u_core/bp_unit/pc_reg[15]_i_4/CO[3]
                         net (fo=1, unplaced)         0.000     2.229    u_soc_top/u_cpu/u_core/bp_unit/pc_reg[15]_i_4_n_0
                         CARRY4 (Prop_carry4_CI_CO[3])
                                                      0.098     2.327 r  u_soc_top/u_cpu/u_core/bp_unit/pc_reg[19]_i_4/CO[3]
                         net (fo=1, unplaced)         0.000     2.327    u_soc_top/u_cpu/u_core/bp_unit/pc_reg[19]_i_4_n_0
                         CARRY4 (Prop_carry4_CI_O[3])
                                                      0.275     2.602 f  u_soc_top/u_cpu/u_core/bp_unit/pc_reg[23]_i_4/O[3]
                         net (fo=3, unplaced)         0.537     3.139    u_soc_top/u_cpu/u_core/bp_unit/bp_jump_pc[23]
                         LUT6 (Prop_lut6_I4_O)        0.250     3.389 r  u_soc_top/u_cpu/u_core/bp_unit/data_out[15]_i_43/O
                         net (fo=1, unplaced)         0.000     3.389    u_soc_top/u_cpu/u_core/hazard_ctrl/data_out_reg[15]_i_18_0[3]
                         CARRY4 (Prop_carry4_S[3]_CO[3])
                                                      0.332     3.721 r  u_soc_top/u_cpu/u_core/hazard_ctrl/data_out_reg[15]_i_36/CO[3]
                         net (fo=1, unplaced)         0.000     3.721    u_soc_top/u_cpu/u_core/hazard_ctrl/data_out_reg[15]_i_36_n_0
                         CARRY4 (Prop_carry4_CI_CO[2])
                                                      0.209     3.930 f  u_soc_top/u_cpu/u_core/hazard_ctrl/data_out_reg[15]_i_18/CO[2]
                         net (fo=1, unplaced)         0.349     4.279    u_soc_top/u_cpu/u_core/reg_id_ex0_ctrl/fq_valid_reg[1]_0[0]
                         LUT6 (Prop_lut6_I5_O)        0.252     4.531 f  u_soc_top/u_cpu/u_core/reg_id_ex0_ctrl/data_out[15]_i_7/O
                         net (fo=84, unplaced)        0.442     4.973    u_soc_top/u_cpu/u_core/reg_id_ex0_ctrl/if_id_flush
                         LUT6 (Prop_lut6_I1_O)        0.105     5.078 r  u_soc_top/u_cpu/u_core/reg_id_ex0_ctrl/fq_instr[1][31]_i_11/O
                         net (fo=10, unplaced)        0.625     5.703    u_soc_top/u_cpu/u_core/reg_id_ex0_ctrl/fq_valid_reg[1]
                         LUT6 (Prop_lut6_I2_O)        0.105     5.808 r  u_soc_top/u_cpu/u_core/reg_id_ex0_ctrl/pc[1]_i_3/O
                         net (fo=31, unplaced)        0.652     6.460    u_soc_top/u_cpu/u_core/reg_id_ex0_ctrl/FSM_onehot_state_reg[0]
                         LUT6 (Prop_lut6_I0_O)        0.105     6.565 r  u_soc_top/u_cpu/u_core/reg_id_ex0_ctrl/pc[6]_i_2/O
                         net (fo=1, unplaced)         0.000     6.565    u_soc_top/u_cpu/u_core/reg_id_ex1_data/pc_reg[6]_rep__16
                         MUXF7 (Prop_muxf7_I0_O)      0.199     6.764 r  u_soc_top/u_cpu/u_core/reg_id_ex1_data/pc_reg[6]_i_1/O
                         net (fo=19, unplaced)        0.319     7.083    u_soc_top/u_cpu/u_core/next_pc_reg[6]
                         FDRE                                         r  u_soc_top/u_cpu/u_core/pc_reg[6]_rep/D
  -------------------------------------------------------------------    -------------------

                         (clock cpu_clk rise edge)   10.000    10.000 r  
    K21                                               0.000    10.000 r  clk_50M (IN)
                         net (fo=0)                   0.000    10.000    u_soc_top/pll_clk.u_clk_pll/inst/clk_in1
    K21                  IBUF (Prop_ibuf_I_O)         1.328    11.328 r  u_soc_top/pll_clk.u_clk_pll/inst/clkin1_ibufg/O
                         net (fo=1, unplaced)         0.439    11.767    u_soc_top/pll_clk.u_clk_pll/inst/clk_in1_clk_pll
                         PLLE2_ADV (Prop_plle2_adv_CLKIN1_CLKOUT0)
                                                     -5.039     6.728 r  u_soc_top/pll_clk.u_clk_pll/inst/plle2_adv_inst/CLKOUT0
                         net (fo=1, unplaced)         0.613     7.341    u_soc_top/pll_clk.u_clk_pll/inst/cpu_clk_clk_pll
                         BUFG (Prop_bufg_I_O)         0.077     7.418 r  u_soc_top/pll_clk.u_clk_pll/inst/clkout1_buf/O
                         net (fo=6694, unplaced)      0.439     7.857    u_soc_top/u_cpu/u_core/cpu_clk
                         FDRE                                         r  u_soc_top/u_cpu/u_core/pc_reg[6]_rep/C
                         clock pessimism             -0.496     7.361    
                         clock uncertainty           -0.094     7.266    
                         FDRE (Setup_fdre_C_D)       -0.182     7.084    u_soc_top/u_cpu/u_core/pc_reg[6]_rep
  -------------------------------------------------------------------
                         required time                          7.084    
                         arrival time                          -7.083    
  -------------------------------------------------------------------
                         slack                                  0.002    

Slack (MET) :             0.002ns  (required time - arrival time)
  Source:                 u_soc_top/u_cpu/u_core/fq_instr_reg[0][24]/C
                            (rising edge-triggered cell FDRE clocked by cpu_clk  {rise@0.000ns fall@5.000ns period=10.000ns})
  Destination:            u_soc_top/u_cpu/u_core/pc_reg[6]_rep/D
                            (rising edge-triggered cell FDRE clocked by cpu_clk  {rise@0.000ns fall@5.000ns period=10.000ns})
  Path Group:             cpu_clk
  Path Type:              Setup (Max at Slow Process Corner)
  Requirement:            10.000ns  (cpu_clk rise@10.000ns - cpu_clk rise@0.000ns)
  Data Path Delay:        9.577ns  (logic 3.614ns (37.736%)  route 5.963ns (62.264%))
  Logic Levels:           18  (CARRY4=5 LUT2=2 LUT3=1 LUT5=1 LUT6=8 MUXF7=1)
  Clock Path Skew:        -0.145ns (DCD - SCD + CPR)
    Destination Clock Delay (DCD):    -2.143ns = ( 7.857 - 10.000 ) 
    Source Clock Delay      (SCD):    -2.494ns
    Clock Pessimism Removal (CPR):    -0.496ns
  Clock Uncertainty:      0.094ns  ((TSJ^2 + DJ^2)^1/2) / 2 + PE
    Total System Jitter     (TSJ):    0.071ns
    Discrete Jitter          (DJ):    0.175ns
    Phase Error              (PE):    0.000ns

    Location             Delay type                Incr(ns)  Path(ns)    Netlist Resource(s)
  -------------------------------------------------------------------    -------------------
                         (clock cpu_clk rise edge)    0.000     0.000 r  
    K21                                               0.000     0.000 r  clk_50M (IN)
                         net (fo=0)                   0.000     0.000    u_soc_top/pll_clk.u_clk_pll/inst/clk_in1
    K21                  IBUF (Prop_ibuf_I_O)         1.394     1.394 r  u_soc_top/pll_clk.u_clk_pll/inst/clkin1_ibufg/O
                         net (fo=1, unplaced)         0.584     1.978    u_soc_top/pll_clk.u_clk_pll/inst/clk_in1_clk_pll
                         PLLE2_ADV (Prop_plle2_adv_CLKIN1_CLKOUT0)
                                                     -5.783    -3.805 r  u_soc_top/pll_clk.u_clk_pll/inst/plle2_adv_inst/CLKOUT0
                         net (fo=1, unplaced)         0.646    -3.159    u_soc_top/pll_clk.u_clk_pll/inst/cpu_clk_clk_pll
                         BUFG (Prop_bufg_I_O)         0.081    -3.078 r  u_soc_top/pll_clk.u_clk_pll/inst/clkout1_buf/O
                         net (fo=6694, unplaced)      0.584    -2.494    u_soc_top/u_cpu/u_core/cpu_clk
                         FDRE                                         r  u_soc_top/u_cpu/u_core/fq_instr_reg[0][24]/C
  -------------------------------------------------------------------    -------------------
                         FDRE (Prop_fdre_C_Q)         0.379    -2.115 f  u_soc_top/u_cpu/u_core/fq_instr_reg[0][24]/Q
                         net (fo=47, unplaced)        0.860    -1.255    u_soc_top/u_cpu/u_core/reg_id_ex0_data/data_out_reg[9]_0[24]
                         LUT6 (Prop_lut6_I0_O)        0.232    -1.023 f  u_soc_top/u_cpu/u_core/reg_id_ex0_data/data_out[111]_i_4__0/O
                         net (fo=2, unplaced)         0.358    -0.665    u_soc_top/u_cpu/u_core/reg_id_ex0_data/data_out[111]_i_4__0_n_0
                         LUT2 (Prop_lut2_I1_O)        0.105    -0.560 r  u_soc_top/u_cpu/u_core/reg_id_ex0_data/data_out[111]_i_3__0/O
                         net (fo=5, unplaced)         0.356    -0.204    u_soc_top/u_cpu/u_core/reg_id_ex0_data/data_out[111]_i_3__0_n_0
                         LUT5 (Prop_lut5_I2_O)        0.105    -0.099 f  u_soc_top/u_cpu/u_core/reg_id_ex0_data/data_out[114]_i_4__0/O
                         net (fo=7, unplaced)         0.382     0.283    u_soc_top/u_cpu/u_core/reg_id_ex0_data/data_out[114]_i_4__0_n_0
                         LUT3 (Prop_lut3_I0_O)        0.108     0.391 r  u_soc_top/u_cpu/u_core/reg_id_ex0_data/data_out[97]_i_3__0/O
                         net (fo=4, unplaced)         0.371     0.762    u_soc_top/u_cpu/u_core/reg_id_ex0_data/data_out[97]_i_3__0_n_0
                         LUT6 (Prop_lut6_I0_O)        0.105     0.867 r  u_soc_top/u_cpu/u_core/reg_id_ex0_data/data_out[95]_i_2__1/O
                         net (fo=1, unplaced)         0.347     1.214    u_soc_top/u_cpu/u_core/reg_id_ex0_data/data_out[95]_i_2__1_n_0
                         LUT6 (Prop_lut6_I0_O)        0.105     1.319 r  u_soc_top/u_cpu/u_core/reg_id_ex0_data/data_out[95]_i_1__1/O
                         net (fo=3, unplaced)         0.365     1.684    u_soc_top/u_cpu/u_core/bp_unit/D[7]
                         LUT2 (Prop_lut2_I1_O)        0.105     1.789 r  u_soc_top/u_cpu/u_core/bp_unit/pc[15]_i_8/O
                         net (fo=1, unplaced)         0.000     1.789    u_soc_top/u_cpu/u_core/bp_unit/pc[15]_i_8_n_0
                         CARRY4 (Prop_carry4_S[0]_CO[3])
                                                      0.440     2.229 f  u_soc_top/u_cpu/u_core/bp_unit/pc_reg[15]_i_4/CO[3]
                         net (fo=1, unplaced)         0.000     2.229    u_soc_top/u_cpu/u_core/bp_unit/pc_reg[15]_i_4_n_0
                         CARRY4 (Prop_carry4_CI_CO[3])
                                                      0.098     2.327 r  u_soc_top/u_cpu/u_core/bp_unit/pc_reg[19]_i_4/CO[3]
                         net (fo=1, unplaced)         0.000     2.327    u_soc_top/u_cpu/u_core/bp_unit/pc_reg[19]_i_4_n_0
                         CARRY4 (Prop_carry4_CI_O[3])
                                                      0.275     2.602 f  u_soc_top/u_cpu/u_core/bp_unit/pc_reg[23]_i_4/O[3]
                         net (fo=3, unplaced)         0.537     3.139    u_soc_top/u_cpu/u_core/bp_unit/bp_jump_pc[23]
                         LUT6 (Prop_lut6_I4_O)        0.250     3.389 r  u_soc_top/u_cpu/u_core/bp_unit/data_out[15]_i_43/O
                         net (fo=1, unplaced)         0.000     3.389    u_soc_top/u_cpu/u_core/hazard_ctrl/data_out_reg[15]_i_18_0[3]
                         CARRY4 (Prop_carry4_S[3]_CO[3])
                                                      0.332     3.721 r  u_soc_top/u_cpu/u_core/hazard_ctrl/data_out_reg[15]_i_36/CO[3]
                         net (fo=1, unplaced)         0.000     3.721    u_soc_top/u_cpu/u_core/hazard_ctrl/data_out_reg[15]_i_36_n_0
                         CARRY4 (Prop_carry4_CI_CO[2])
                                                      0.209     3.930 f  u_soc_top/u_cpu/u_core/hazard_ctrl/data_out_reg[15]_i_18/CO[2]
                         net (fo=1, unplaced)         0.349     4.279    u_soc_top/u_cpu/u_core/reg_id_ex0_ctrl/fq_valid_reg[1]_0[0]
                         LUT6 (Prop_lut6_I5_O)        0.252     4.531 f  u_soc_top/u_cpu/u_core/reg_id_ex0_ctrl/data_out[15]_i_7/O
                         net (fo=84, unplaced)        0.442     4.973    u_soc_top/u_cpu/u_core/reg_id_ex0_ctrl/if_id_flush
                         LUT6 (Prop_lut6_I1_O)        0.105     5.078 r  u_soc_top/u_cpu/u_core/reg_id_ex0_ctrl/fq_instr[1][31]_i_11/O
                         net (fo=10, unplaced)        0.625     5.703    u_soc_top/u_cpu/u_core/reg_id_ex0_ctrl/fq_valid_reg[1]
                         LUT6 (Prop_lut6_I2_O)        0.105     5.808 r  u_soc_top/u_cpu/u_core/reg_id_ex0_ctrl/pc[1]_i_3/O
                         net (fo=31, unplaced)        0.652     6.460    u_soc_top/u_cpu/u_core/reg_id_ex0_ctrl/FSM_onehot_state_reg[0]
                         LUT6 (Prop_lut6_I0_O)        0.105     6.565 r  u_soc_top/u_cpu/u_core/reg_id_ex0_ctrl/pc[6]_i_2/O
                         net (fo=1, unplaced)         0.000     6.565    u_soc_top/u_cpu/u_core/reg_id_ex1_data/pc_reg[6]_rep__16
                         MUXF7 (Prop_muxf7_I0_O)      0.199     6.764 r  u_soc_top/u_cpu/u_core/reg_id_ex1_data/pc_reg[6]_i_1/O
                         net (fo=19, unplaced)        0.319     7.083    u_soc_top/u_cpu/u_core/next_pc_reg[6]
                         FDRE                                         r  u_soc_top/u_cpu/u_core/pc_reg[6]_rep/D
  -------------------------------------------------------------------    -------------------

                         (clock cpu_clk rise edge)   10.000    10.000 r  
    K21                                               0.000    10.000 r  clk_50M (IN)
                         net (fo=0)                   0.000    10.000    u_soc_top/pll_clk.u_clk_pll/inst/clk_in1
    K21                  IBUF (Prop_ibuf_I_O)         1.328    11.328 r  u_soc_top/pll_clk.u_clk_pll/inst/clkin1_ibufg/O
                         net (fo=1, unplaced)         0.439    11.767    u_soc_top/pll_clk.u_clk_pll/inst/clk_in1_clk_pll
                         PLLE2_ADV (Prop_plle2_adv_CLKIN1_CLKOUT0)
                                                     -5.039     6.728 r  u_soc_top/pll_clk.u_clk_pll/inst/plle2_adv_inst/CLKOUT0
                         net (fo=1, unplaced)         0.613     7.341    u_soc_top/pll_clk.u_clk_pll/inst/cpu_clk_clk_pll
                         BUFG (Prop_bufg_I_O)         0.077     7.418 r  u_soc_top/pll_clk.u_clk_pll/inst/clkout1_buf/O
                         net (fo=6694, unplaced)      0.439     7.857    u_soc_top/u_cpu/u_core/cpu_clk
                         FDRE                                         r  u_soc_top/u_cpu/u_core/pc_reg[6]_rep/C
                         clock pessimism             -0.496     7.361    
                         clock uncertainty           -0.094     7.266    
                         FDRE (Setup_fdre_C_D)       -0.182     7.084    u_soc_top/u_cpu/u_core/pc_reg[6]_rep
  -------------------------------------------------------------------
                         required time                          7.084    
                         arrival time                          -7.083    
  -------------------------------------------------------------------
                         slack                                  0.002    

Slack (MET) :             0.002ns  (required time - arrival time)
  Source:                 u_soc_top/u_cpu/u_core/fq_instr_reg[0][24]/C
                            (rising edge-triggered cell FDRE clocked by cpu_clk  {rise@0.000ns fall@5.000ns period=10.000ns})
  Destination:            u_soc_top/u_cpu/u_core/pc_reg[6]_rep/D
                            (rising edge-triggered cell FDRE clocked by cpu_clk  {rise@0.000ns fall@5.000ns period=10.000ns})
  Path Group:             cpu_clk
  Path Type:              Setup (Max at Slow Process Corner)
  Requirement:            10.000ns  (cpu_clk rise@10.000ns - cpu_clk rise@0.000ns)
  Data Path Delay:        9.577ns  (logic 3.614ns (37.736%)  route 5.963ns (62.264%))
  Logic Levels:           18  (CARRY4=5 LUT2=2 LUT3=1 LUT5=1 LUT6=8 MUXF7=1)
  Clock Path Skew:        -0.145ns (DCD - SCD + CPR)
    Destination Clock Delay (DCD):    -2.143ns = ( 7.857 - 10.000 ) 
    Source Clock Delay      (SCD):    -2.494ns
    Clock Pessimism Removal (CPR):    -0.496ns
  Clock Uncertainty:      0.094ns  ((TSJ^2 + DJ^2)^1/2) / 2 + PE
    Total System Jitter     (TSJ):    0.071ns
    Discrete Jitter          (DJ):    0.175ns
    Phase Error              (PE):    0.000ns

    Location             Delay type                Incr(ns)  Path(ns)    Netlist Resource(s)
  -------------------------------------------------------------------    -------------------
                         (clock cpu_clk rise edge)    0.000     0.000 r  
    K21                                               0.000     0.000 r  clk_50M (IN)
                         net (fo=0)                   0.000     0.000    u_soc_top/pll_clk.u_clk_pll/inst/clk_in1
    K21                  IBUF (Prop_ibuf_I_O)         1.394     1.394 r  u_soc_top/pll_clk.u_clk_pll/inst/clkin1_ibufg/O
                         net (fo=1, unplaced)         0.584     1.978    u_soc_top/pll_clk.u_clk_pll/inst/clk_in1_clk_pll
                         PLLE2_ADV (Prop_plle2_adv_CLKIN1_CLKOUT0)
                                                     -5.783    -3.805 r  u_soc_top/pll_clk.u_clk_pll/inst/plle2_adv_inst/CLKOUT0
                         net (fo=1, unplaced)         0.646    -3.159    u_soc_top/pll_clk.u_clk_pll/inst/cpu_clk_clk_pll
                         BUFG (Prop_bufg_I_O)         0.081    -3.078 r  u_soc_top/pll_clk.u_clk_pll/inst/clkout1_buf/O
                         net (fo=6694, unplaced)      0.584    -2.494    u_soc_top/u_cpu/u_core/cpu_clk
                         FDRE                                         r  u_soc_top/u_cpu/u_core/fq_instr_reg[0][24]/C
  -------------------------------------------------------------------    -------------------
                         FDRE (Prop_fdre_C_Q)         0.379    -2.115 r  u_soc_top/u_cpu/u_core/fq_instr_reg[0][24]/Q
                         net (fo=47, unplaced)        0.860    -1.255    u_soc_top/u_cpu/u_core/reg_id_ex0_data/data_out_reg[9]_0[24]
                         LUT6 (Prop_lut6_I0_O)        0.232    -1.023 r  u_soc_top/u_cpu/u_core/reg_id_ex0_data/data_out[111]_i_4__0/O
                         net (fo=2, unplaced)         0.358    -0.665    u_soc_top/u_cpu/u_core/reg_id_ex0_data/data_out[111]_i_4__0_n_0
                         LUT2 (Prop_lut2_I1_O)        0.105    -0.560 f  u_soc_top/u_cpu/u_core/reg_id_ex0_data/data_out[111]_i_3__0/O
                         net (fo=5, unplaced)         0.356    -0.204    u_soc_top/u_cpu/u_core/reg_id_ex0_data/data_out[111]_i_3__0_n_0
                         LUT5 (Prop_lut5_I2_O)        0.105    -0.099 r  u_soc_top/u_cpu/u_core/reg_id_ex0_data/data_out[114]_i_4__0/O
                         net (fo=7, unplaced)         0.382     0.283    u_soc_top/u_cpu/u_core/reg_id_ex0_data/data_out[114]_i_4__0_n_0
                         LUT3 (Prop_lut3_I0_O)        0.108     0.391 f  u_soc_top/u_cpu/u_core/reg_id_ex0_data/data_out[97]_i_3__0/O
                         net (fo=4, unplaced)         0.371     0.762    u_soc_top/u_cpu/u_core/reg_id_ex0_data/data_out[97]_i_3__0_n_0
                         LUT6 (Prop_lut6_I0_O)        0.105     0.867 f  u_soc_top/u_cpu/u_core/reg_id_ex0_data/data_out[95]_i_2__1/O
                         net (fo=1, unplaced)         0.347     1.214    u_soc_top/u_cpu/u_core/reg_id_ex0_data/data_out[95]_i_2__1_n_0
                         LUT6 (Prop_lut6_I0_O)        0.105     1.319 f  u_soc_top/u_cpu/u_core/reg_id_ex0_data/data_out[95]_i_1__1/O
                         net (fo=3, unplaced)         0.365     1.684    u_soc_top/u_cpu/u_core/bp_unit/D[7]
                         LUT2 (Prop_lut2_I1_O)        0.105     1.789 r  u_soc_top/u_cpu/u_core/bp_unit/pc[15]_i_8/O
                         net (fo=1, unplaced)         0.000     1.789    u_soc_top/u_cpu/u_core/bp_unit/pc[15]_i_8_n_0
                         CARRY4 (Prop_carry4_S[0]_CO[3])
                                                      0.440     2.229 f  u_soc_top/u_cpu/u_core/bp_unit/pc_reg[15]_i_4/CO[3]
                         net (fo=1, unplaced)         0.000     2.229    u_soc_top/u_cpu/u_core/bp_unit/pc_reg[15]_i_4_n_0
                         CARRY4 (Prop_carry4_CI_CO[3])
                                                      0.098     2.327 r  u_soc_top/u_cpu/u_core/bp_unit/pc_reg[19]_i_4/CO[3]
                         net (fo=1, unplaced)         0.000     2.327    u_soc_top/u_cpu/u_core/bp_unit/pc_reg[19]_i_4_n_0
                         CARRY4 (Prop_carry4_CI_O[3])
                                                      0.275     2.602 f  u_soc_top/u_cpu/u_core/bp_unit/pc_reg[23]_i_4/O[3]
                         net (fo=3, unplaced)         0.537     3.139    u_soc_top/u_cpu/u_core/bp_unit/bp_jump_pc[23]
                         LUT6 (Prop_lut6_I4_O)        0.250     3.389 r  u_soc_top/u_cpu/u_core/bp_unit/data_out[15]_i_43/O
                         net (fo=1, unplaced)         0.000     3.389    u_soc_top/u_cpu/u_core/hazard_ctrl/data_out_reg[15]_i_18_0[3]
                         CARRY4 (Prop_carry4_S[3]_CO[3])
                                                      0.332     3.721 r  u_soc_top/u_cpu/u_core/hazard_ctrl/data_out_reg[15]_i_36/CO[3]
                         net (fo=1, unplaced)         0.000     3.721    u_soc_top/u_cpu/u_core/hazard_ctrl/data_out_reg[15]_i_36_n_0
                         CARRY4 (Prop_carry4_CI_CO[2])
                                                      0.209     3.930 f  u_soc_top/u_cpu/u_core/hazard_ctrl/data_out_reg[15]_i_18/CO[2]
                         net (fo=1, unplaced)         0.349     4.279    u_soc_top/u_cpu/u_core/reg_id_ex0_ctrl/fq_valid_reg[1]_0[0]
                         LUT6 (Prop_lut6_I5_O)        0.252     4.531 f  u_soc_top/u_cpu/u_core/reg_id_ex0_ctrl/data_out[15]_i_7/O
                         net (fo=84, unplaced)        0.442     4.973    u_soc_top/u_cpu/u_core/reg_id_ex0_ctrl/if_id_flush
                         LUT6 (Prop_lut6_I1_O)        0.105     5.078 r  u_soc_top/u_cpu/u_core/reg_id_ex0_ctrl/fq_instr[1][31]_i_11/O
                         net (fo=10, unplaced)        0.625     5.703    u_soc_top/u_cpu/u_core/reg_id_ex0_ctrl/fq_valid_reg[1]
                         LUT6 (Prop_lut6_I2_O)        0.105     5.808 r  u_soc_top/u_cpu/u_core/reg_id_ex0_ctrl/pc[1]_i_3/O
                         net (fo=31, unplaced)        0.652     6.460    u_soc_top/u_cpu/u_core/reg_id_ex0_ctrl/FSM_onehot_state_reg[0]
                         LUT6 (Prop_lut6_I0_O)        0.105     6.565 r  u_soc_top/u_cpu/u_core/reg_id_ex0_ctrl/pc[6]_i_2/O
                         net (fo=1, unplaced)         0.000     6.565    u_soc_top/u_cpu/u_core/reg_id_ex1_data/pc_reg[6]_rep__16
                         MUXF7 (Prop_muxf7_I0_O)      0.199     6.764 r  u_soc_top/u_cpu/u_core/reg_id_ex1_data/pc_reg[6]_i_1/O
                         net (fo=19, unplaced)        0.319     7.083    u_soc_top/u_cpu/u_core/next_pc_reg[6]
                         FDRE                                         r  u_soc_top/u_cpu/u_core/pc_reg[6]_rep/D
  -------------------------------------------------------------------    -------------------

                         (clock cpu_clk rise edge)   10.000    10.000 r  
    K21                                               0.000    10.000 r  clk_50M (IN)
                         net (fo=0)                   0.000    10.000    u_soc_top/pll_clk.u_clk_pll/inst/clk_in1
    K21                  IBUF (Prop_ibuf_I_O)         1.328    11.328 r  u_soc_top/pll_clk.u_clk_pll/inst/clkin1_ibufg/O
                         net (fo=1, unplaced)         0.439    11.767    u_soc_top/pll_clk.u_clk_pll/inst/clk_in1_clk_pll
                         PLLE2_ADV (Prop_plle2_adv_CLKIN1_CLKOUT0)
                                                     -5.039     6.728 r  u_soc_top/pll_clk.u_clk_pll/inst/plle2_adv_inst/CLKOUT0
                         net (fo=1, unplaced)         0.613     7.341    u_soc_top/pll_clk.u_clk_pll/inst/cpu_clk_clk_pll
                         BUFG (Prop_bufg_I_O)         0.077     7.418 r  u_soc_top/pll_clk.u_clk_pll/inst/clkout1_buf/O
                         net (fo=6694, unplaced)      0.439     7.857    u_soc_top/u_cpu/u_core/cpu_clk
                         FDRE                                         r  u_soc_top/u_cpu/u_core/pc_reg[6]_rep/C
                         clock pessimism             -0.496     7.361    
                         clock uncertainty           -0.094     7.266    
                         FDRE (Setup_fdre_C_D)       -0.182     7.084    u_soc_top/u_cpu/u_core/pc_reg[6]_rep
  -------------------------------------------------------------------
                         required time                          7.084    
                         arrival time                          -7.083    
  -------------------------------------------------------------------
                         slack                                  0.002    




