Copyright 1986-2019 Xilinx, Inc. All Rights Reserved.
---------------------------------------------------------------------------------------------------------------------
| Tool Version : Vivado v.2019.2 (lin64) Build 2708876 Wed Nov  6 21:39:14 MST 2019
| Date         : Tue Aug  4 05:25:30 2026
| Host         : e5f630696164 running 64-bit Ubuntu 18.04.6 LTS
| Command      : report_timing -max_paths 20 -nworst 10 -file /workspace/run_vivado/project/synth_critical_paths.rpt
| Design       : thinpad_top
| Device       : 7a200t-fbg676
| Speed File   : -2  PRODUCTION 1.23 2018-06-13
---------------------------------------------------------------------------------------------------------------------

Timing Report

Slack (VIOLATED) :        -0.454ns  (required time - arrival time)
  Source:                 u_soc_top/u_cpu/u_core/reg_ex_mem0_ctrl/data_out_reg[4]/C
                            (rising edge-triggered cell FDRE clocked by cpu_clk  {rise@0.000ns fall@5.000ns period=10.000ns})
  Destination:            u_soc_top/u_axi_sram_direct/wb_q_reg[3][addr][10]/CE
                            (rising edge-triggered cell FDRE clocked by cpu_clk  {rise@0.000ns fall@5.000ns period=10.000ns})
  Path Group:             cpu_clk
  Path Type:              Setup (Max at Slow Process Corner)
  Requirement:            10.000ns  (cpu_clk rise@10.000ns - cpu_clk rise@0.000ns)
  Data Path Delay:        10.050ns  (logic 2.848ns (28.338%)  route 7.202ns (71.662%))
  Logic Levels:           16  (CARRY4=1 LUT2=2 LUT4=3 LUT5=3 LUT6=7)
  Clock Path Skew:        -0.145ns (DCD - SCD + CPR)
    Destination Clock Delay (DCD):    -2.143ns = ( 7.857 - 10.000 ) 
    Source Clock Delay      (SCD):    -2.494ns
    Clock Pessimism Removal (CPR):    -0.496ns
  Clock Uncertainty:      0.094ns  ((TSJ^2 + DJ^2)^1/2) / 2 + PE
    Total System Jitter     (TSJ):    0.071ns
    Discrete Jitter          (DJ):    0.175ns
    Phase Error              (PE):    0.000ns

    Location             Delay type                Incr(ns)  Path(ns)    Netlist Resource(s)
  -------------------------------------------------------------------    -------------------
                         (clock cpu_clk rise edge)    0.000     0.000 r  
    K21                                               0.000     0.000 r  clk_50M (IN)
                         net (fo=0)                   0.000     0.000    u_soc_top/pll_clk.u_clk_pll/inst/clk_in1
    K21                  IBUF (Prop_ibuf_I_O)         1.394     1.394 r  u_soc_top/pll_clk.u_clk_pll/inst/clkin1_ibufg/O
                         net (fo=1, unplaced)         0.584     1.978    u_soc_top/pll_clk.u_clk_pll/inst/clk_in1_clk_pll
                         PLLE2_ADV (Prop_plle2_adv_CLKIN1_CLKOUT0)
                                                     -5.783    -3.805 r  u_soc_top/pll_clk.u_clk_pll/inst/plle2_adv_inst/CLKOUT0
                         net (fo=1, unplaced)         0.646    -3.159    u_soc_top/pll_clk.u_clk_pll/inst/cpu_clk_clk_pll
                         BUFG (Prop_bufg_I_O)         0.081    -3.078 r  u_soc_top/pll_clk.u_clk_pll/inst/clkout1_buf/O
                         net (fo=6900, unplaced)      0.584    -2.494    u_soc_top/u_cpu/u_core/reg_ex_mem0_ctrl/cpu_clk
                         FDRE                                         r  u_soc_top/u_cpu/u_core/reg_ex_mem0_ctrl/data_out_reg[4]/C
  -------------------------------------------------------------------    -------------------
                         FDRE (Prop_fdre_C_Q)         0.379    -2.115 r  u_soc_top/u_cpu/u_core/reg_ex_mem0_ctrl/data_out_reg[4]/Q
                         net (fo=129, unplaced)       0.705    -1.410    u_soc_top/u_cpu/u_core/reg_ex_mem0_ctrl/data_out_reg[4]_0[0]
                         LUT5 (Prop_lut5_I2_O)        0.251    -1.159 f  u_soc_top/u_cpu/u_core/reg_ex_mem0_ctrl/r_addr[21]_i_14/O
                         net (fo=3, unplaced)         0.365    -0.794    u_soc_top/u_cpu/u_core/reg_ex_mem0_ctrl/r_addr[21]_i_14_n_0
                         LUT6 (Prop_lut6_I5_O)        0.105    -0.689 r  u_soc_top/u_cpu/u_core/reg_ex_mem0_ctrl/r_addr[21]_i_7/O
                         net (fo=70, unplaced)        0.438    -0.251    u_soc_top/u_cpu/u_core/reg_ex_mem0_ctrl/data_out_reg[6]_0
                         LUT5 (Prop_lut5_I4_O)        0.105    -0.146 r  u_soc_top/u_cpu/u_core/reg_ex_mem0_ctrl/r_addr[21]_i_9/O
                         net (fo=34, unplaced)        0.540     0.394    u_soc_top/u_cpu/u_arbiter/ram_reg_0_3_30_35_i_1
                         LUT4 (Prop_lut4_I2_O)        0.108     0.502 f  u_soc_top/u_cpu/u_arbiter/ram_reg_0_3_30_35_i_8/O
                         net (fo=1, unplaced)         0.490     0.992    u_soc_top/u_cpu/u_core/reg_ex_mem0_ctrl/_zz_ram_port1_reg[31]_0
                         LUT6 (Prop_lut6_I1_O)        0.267     1.259 r  u_soc_top/u_cpu/u_core/reg_ex_mem0_ctrl/ram_reg_0_3_30_35_i_2/O
                         net (fo=10, unplaced)        0.384     1.643    u_soc_top/u_axi_sram_direct/cpu_araddr[28]
                         LUT6 (Prop_lut6_I5_O)        0.105     1.748 r  u_soc_top/u_axi_sram_direct/wb_cover_line_r[15]_i_190/O
                         net (fo=2, unplaced)         0.358     2.106    u_soc_top/u_axi_sram_direct/wb_cover_line_r[15]_i_190_n_0
                         LUT5 (Prop_lut5_I4_O)        0.105     2.211 r  u_soc_top/u_axi_sram_direct/ram_addr_out_r[19]_i_47/O
                         net (fo=1, unplaced)         0.000     2.211    u_soc_top/u_axi_sram_direct/ram_addr_out_r[19]_i_47_n_0
                         CARRY4 (Prop_carry4_S[1]_CO[1])
                                                      0.408     2.619 f  u_soc_top/u_axi_sram_direct/ram_addr_out_r_reg[19]_i_28/CO[1]
                         net (fo=2, unplaced)         0.251     2.870    u_soc_top/u_axi_sram_direct/wb_cover_ar19_out
                         LUT2 (Prop_lut2_I0_O)        0.280     3.150 r  u_soc_top/u_axi_sram_direct/ram_addr_out_r[19]_i_17/O
                         net (fo=7, unplaced)         0.382     3.532    u_soc_top/u_axi_sram_direct/ram_addr_out_r[19]_i_17_n_0
                         LUT4 (Prop_lut4_I2_O)        0.105     3.637 f  u_soc_top/u_axi_sram_direct/r_addr[21]_i_21/O
                         net (fo=2, unplaced)         0.593     4.230    u_soc_top/u_axi_sram_direct/r_addr[21]_i_21_n_0
                         LUT6 (Prop_lut6_I0_O)        0.105     4.335 r  u_soc_top/u_axi_sram_direct/r_addr[21]_i_16/O
                         net (fo=1, unplaced)         0.938     5.273    u_soc_top/u_axi_sram_direct/r_addr[21]_i_16_n_0
                         LUT6 (Prop_lut6_I0_O)        0.105     5.378 r  u_soc_top/u_axi_sram_direct/r_addr[21]_i_12/O
                         net (fo=4, unplaced)         0.371     5.749    u_soc_top/u_axi_sram_direct/r_addr[21]_i_12_n_0
                         LUT6 (Prop_lut6_I2_O)        0.105     5.854 f  u_soc_top/u_axi_sram_direct/ram_reg_0_7_36_36_i_2/O
                         net (fo=12, unplaced)        0.281     6.135    u_soc_top/u_cpu/u_arbiter/wbeat_cnt_reg[1]_0
                         LUT6 (Prop_lut6_I2_O)        0.105     6.240 f  u_soc_top/u_cpu/u_arbiter/w_mmio_i_3/O
                         net (fo=4, unplaced)         0.249     6.489    u_soc_top/u_cpu/u_core/reg_ex_mem0_ctrl/wb_tail_reg[0]_7
                         LUT2 (Prop_lut2_I1_O)        0.105     6.594 r  u_soc_top/u_cpu/u_core/reg_ex_mem0_ctrl/wb_tail[2]_i_2/O
                         net (fo=21, unplaced)        0.402     6.996    u_soc_top/u_axi_sram_direct/wb_tail0
                         LUT4 (Prop_lut4_I0_O)        0.105     7.101 r  u_soc_top/u_axi_sram_direct/wb_q[3][be][3]_i_1/O
                         net (fo=66, unplaced)        0.455     7.556    u_soc_top/u_axi_sram_direct/wb_q[3][be][3]_i_1_n_0
                         FDRE                                         r  u_soc_top/u_axi_sram_direct/wb_q_reg[3][addr][10]/CE
  -------------------------------------------------------------------    -------------------

                         (clock cpu_clk rise edge)   10.000    10.000 r  
    K21                                               0.000    10.000 r  clk_50M (IN)
                         net (fo=0)                   0.000    10.000    u_soc_top/pll_clk.u_clk_pll/inst/clk_in1
    K21                  IBUF (Prop_ibuf_I_O)         1.328    11.328 r  u_soc_top/pll_clk.u_clk_pll/inst/clkin1_ibufg/O
                         net (fo=1, unplaced)         0.439    11.767    u_soc_top/pll_clk.u_clk_pll/inst/clk_in1_clk_pll
                         PLLE2_ADV (Prop_plle2_adv_CLKIN1_CLKOUT0)
                                                     -5.039     6.728 r  u_soc_top/pll_clk.u_clk_pll/inst/plle2_adv_inst/CLKOUT0
                         net (fo=1, unplaced)         0.613     7.341    u_soc_top/pll_clk.u_clk_pll/inst/cpu_clk_clk_pll
                         BUFG (Prop_bufg_I_O)         0.077     7.418 r  u_soc_top/pll_clk.u_clk_pll/inst/clkout1_buf/O
                         net (fo=6900, unplaced)      0.439     7.857    u_soc_top/u_axi_sram_direct/cpu_clk
                         FDRE                                         r  u_soc_top/u_axi_sram_direct/wb_q_reg[3][addr][10]/C
                         clock pessimism             -0.496     7.361    
                         clock uncertainty           -0.094     7.266    
                         FDRE (Setup_fdre_C_CE)      -0.165     7.101    u_soc_top/u_axi_sram_direct/wb_q_reg[3][addr][10]
  -------------------------------------------------------------------
                         required time                          7.101    
                         arrival time                          -7.556    
  -------------------------------------------------------------------
                         slack                                 -0.454    

Slack (VIOLATED) :        -0.454ns  (required time - arrival time)
  Source:                 u_soc_top/u_cpu/u_core/reg_ex_mem0_ctrl/data_out_reg[4]/C
                            (rising edge-triggered cell FDRE clocked by cpu_clk  {rise@0.000ns fall@5.000ns period=10.000ns})
  Destination:            u_soc_top/u_axi_sram_direct/wb_q_reg[3][addr][10]/CE
                            (rising edge-triggered cell FDRE clocked by cpu_clk  {rise@0.000ns fall@5.000ns period=10.000ns})
  Path Group:             cpu_clk
  Path Type:              Setup (Max at Slow Process Corner)
  Requirement:            10.000ns  (cpu_clk rise@10.000ns - cpu_clk rise@0.000ns)
  Data Path Delay:        10.050ns  (logic 2.848ns (28.338%)  route 7.202ns (71.662%))
  Logic Levels:           16  (CARRY4=1 LUT2=2 LUT4=3 LUT5=3 LUT6=7)
  Clock Path Skew:        -0.145ns (DCD - SCD + CPR)
    Destination Clock Delay (DCD):    -2.143ns = ( 7.857 - 10.000 ) 
    Source Clock Delay      (SCD):    -2.494ns
    Clock Pessimism Removal (CPR):    -0.496ns
  Clock Uncertainty:      0.094ns  ((TSJ^2 + DJ^2)^1/2) / 2 + PE
    Total System Jitter     (TSJ):    0.071ns
    Discrete Jitter          (DJ):    0.175ns
    Phase Error              (PE):    0.000ns

    Location             Delay type                Incr(ns)  Path(ns)    Netlist Resource(s)
  -------------------------------------------------------------------    -------------------
                         (clock cpu_clk rise edge)    0.000     0.000 r  
    K21                                               0.000     0.000 r  clk_50M (IN)
                         net (fo=0)                   0.000     0.000    u_soc_top/pll_clk.u_clk_pll/inst/clk_in1
    K21                  IBUF (Prop_ibuf_I_O)         1.394     1.394 r  u_soc_top/pll_clk.u_clk_pll/inst/clkin1_ibufg/O
                         net (fo=1, unplaced)         0.584     1.978    u_soc_top/pll_clk.u_clk_pll/inst/clk_in1_clk_pll
                         PLLE2_ADV (Prop_plle2_adv_CLKIN1_CLKOUT0)
                                                     -5.783    -3.805 r  u_soc_top/pll_clk.u_clk_pll/inst/plle2_adv_inst/CLKOUT0
                         net (fo=1, unplaced)         0.646    -3.159    u_soc_top/pll_clk.u_clk_pll/inst/cpu_clk_clk_pll
                         BUFG (Prop_bufg_I_O)         0.081    -3.078 r  u_soc_top/pll_clk.u_clk_pll/inst/clkout1_buf/O
                         net (fo=6900, unplaced)      0.584    -2.494    u_soc_top/u_cpu/u_core/reg_ex_mem0_ctrl/cpu_clk
                         FDRE                                         r  u_soc_top/u_cpu/u_core/reg_ex_mem0_ctrl/data_out_reg[4]/C
  -------------------------------------------------------------------    -------------------
                         FDRE (Prop_fdre_C_Q)         0.379    -2.115 f  u_soc_top/u_cpu/u_core/reg_ex_mem0_ctrl/data_out_reg[4]/Q
                         net (fo=129, unplaced)       0.705    -1.410    u_soc_top/u_cpu/u_core/reg_ex_mem0_ctrl/data_out_reg[4]_0[0]
                         LUT5 (Prop_lut5_I2_O)        0.251    -1.159 r  u_soc_top/u_cpu/u_core/reg_ex_mem0_ctrl/r_addr[21]_i_14/O
                         net (fo=3, unplaced)         0.365    -0.794    u_soc_top/u_cpu/u_core/reg_ex_mem0_ctrl/r_addr[21]_i_14_n_0
                         LUT6 (Prop_lut6_I5_O)        0.105    -0.689 f  u_soc_top/u_cpu/u_core/reg_ex_mem0_ctrl/r_addr[21]_i_7/O
                         net (fo=70, unplaced)        0.438    -0.251    u_soc_top/u_cpu/u_core/reg_ex_mem0_ctrl/data_out_reg[6]_0
                         LUT5 (Prop_lut5_I4_O)        0.105    -0.146 f  u_soc_top/u_cpu/u_core/reg_ex_mem0_ctrl/r_addr[21]_i_9/O
                         net (fo=34, unplaced)        0.540     0.394    u_soc_top/u_cpu/u_arbiter/ram_reg_0_3_30_35_i_1
                         LUT4 (Prop_lut4_I2_O)        0.108     0.502 r  u_soc_top/u_cpu/u_arbiter/ram_reg_0_3_30_35_i_8/O
                         net (fo=1, unplaced)         0.490     0.992    u_soc_top/u_cpu/u_core/reg_ex_mem0_ctrl/_zz_ram_port1_reg[31]_0
                         LUT6 (Prop_lut6_I1_O)        0.267     1.259 f  u_soc_top/u_cpu/u_core/reg_ex_mem0_ctrl/ram_reg_0_3_30_35_i_2/O
                         net (fo=10, unplaced)        0.384     1.643    u_soc_top/u_axi_sram_direct/cpu_araddr[28]
                         LUT6 (Prop_lut6_I5_O)        0.105     1.748 r  u_soc_top/u_axi_sram_direct/wb_cover_line_r[15]_i_190/O
                         net (fo=2, unplaced)         0.358     2.106    u_soc_top/u_axi_sram_direct/wb_cover_line_r[15]_i_190_n_0
                         LUT5 (Prop_lut5_I4_O)        0.105     2.211 r  u_soc_top/u_axi_sram_direct/ram_addr_out_r[19]_i_47/O
                         net (fo=1, unplaced)         0.000     2.211    u_soc_top/u_axi_sram_direct/ram_addr_out_r[19]_i_47_n_0
                         CARRY4 (Prop_carry4_S[1]_CO[1])
                                                      0.408     2.619 f  u_soc_top/u_axi_sram_direct/ram_addr_out_r_reg[19]_i_28/CO[1]
                         net (fo=2, unplaced)         0.251     2.870    u_soc_top/u_axi_sram_direct/wb_cover_ar19_out
                         LUT2 (Prop_lut2_I0_O)        0.280     3.150 r  u_soc_top/u_axi_sram_direct/ram_addr_out_r[19]_i_17/O
                         net (fo=7, unplaced)         0.382     3.532    u_soc_top/u_axi_sram_direct/ram_addr_out_r[19]_i_17_n_0
                         LUT4 (Prop_lut4_I2_O)        0.105     3.637 f  u_soc_top/u_axi_sram_direct/r_addr[21]_i_21/O
                         net (fo=2, unplaced)         0.593     4.230    u_soc_top/u_axi_sram_direct/r_addr[21]_i_21_n_0
                         LUT6 (Prop_lut6_I0_O)        0.105     4.335 r  u_soc_top/u_axi_sram_direct/r_addr[21]_i_16/O
                         net (fo=1, unplaced)         0.938     5.273    u_soc_top/u_axi_sram_direct/r_addr[21]_i_16_n_0
                         LUT6 (Prop_lut6_I0_O)        0.105     5.378 r  u_soc_top/u_axi_sram_direct/r_addr[21]_i_12/O
                         net (fo=4, unplaced)         0.371     5.749    u_soc_top/u_axi_sram_direct/r_addr[21]_i_12_n_0
                         LUT6 (Prop_lut6_I2_O)        0.105     5.854 f  u_soc_top/u_axi_sram_direct/ram_reg_0_7_36_36_i_2/O
                         net (fo=12, unplaced)        0.281     6.135    u_soc_top/u_cpu/u_arbiter/wbeat_cnt_reg[1]_0
                         LUT6 (Prop_lut6_I2_O)        0.105     6.240 f  u_soc_top/u_cpu/u_arbiter/w_mmio_i_3/O
                         net (fo=4, unplaced)         0.249     6.489    u_soc_top/u_cpu/u_core/reg_ex_mem0_ctrl/wb_tail_reg[0]_7
                         LUT2 (Prop_lut2_I1_O)        0.105     6.594 r  u_soc_top/u_cpu/u_core/reg_ex_mem0_ctrl/wb_tail[2]_i_2/O
                         net (fo=21, unplaced)        0.402     6.996    u_soc_top/u_axi_sram_direct/wb_tail0
                         LUT4 (Prop_lut4_I0_O)        0.105     7.101 r  u_soc_top/u_axi_sram_direct/wb_q[3][be][3]_i_1/O
                         net (fo=66, unplaced)        0.455     7.556    u_soc_top/u_axi_sram_direct/wb_q[3][be][3]_i_1_n_0
                         FDRE                                         r  u_soc_top/u_axi_sram_direct/wb_q_reg[3][addr][10]/CE
  -------------------------------------------------------------------    -------------------

                         (clock cpu_clk rise edge)   10.000    10.000 r  
    K21                                               0.000    10.000 r  clk_50M (IN)
                         net (fo=0)                   0.000    10.000    u_soc_top/pll_clk.u_clk_pll/inst/clk_in1
    K21                  IBUF (Prop_ibuf_I_O)         1.328    11.328 r  u_soc_top/pll_clk.u_clk_pll/inst/clkin1_ibufg/O
                         net (fo=1, unplaced)         0.439    11.767    u_soc_top/pll_clk.u_clk_pll/inst/clk_in1_clk_pll
                         PLLE2_ADV (Prop_plle2_adv_CLKIN1_CLKOUT0)
                                                     -5.039     6.728 r  u_soc_top/pll_clk.u_clk_pll/inst/plle2_adv_inst/CLKOUT0
                         net (fo=1, unplaced)         0.613     7.341    u_soc_top/pll_clk.u_clk_pll/inst/cpu_clk_clk_pll
                         BUFG (Prop_bufg_I_O)         0.077     7.418 r  u_soc_top/pll_clk.u_clk_pll/inst/clkout1_buf/O
                         net (fo=6900, unplaced)      0.439     7.857    u_soc_top/u_axi_sram_direct/cpu_clk
                         FDRE                                         r  u_soc_top/u_axi_sram_direct/wb_q_reg[3][addr][10]/C
                         clock pessimism             -0.496     7.361    
                         clock uncertainty           -0.094     7.266    
                         FDRE (Setup_fdre_C_CE)      -0.165     7.101    u_soc_top/u_axi_sram_direct/wb_q_reg[3][addr][10]
  -------------------------------------------------------------------
                         required time                          7.101    
                         arrival time                          -7.556    
  -------------------------------------------------------------------
                         slack                                 -0.454    

Slack (VIOLATED) :        -0.454ns  (required time - arrival time)
  Source:                 u_soc_top/u_cpu/u_core/reg_ex_mem0_ctrl/data_out_reg[4]/C
                            (rising edge-triggered cell FDRE clocked by cpu_clk  {rise@0.000ns fall@5.000ns period=10.000ns})
  Destination:            u_soc_top/u_axi_sram_direct/wb_q_reg[3][addr][10]/CE
                            (rising edge-triggered cell FDRE clocked by cpu_clk  {rise@0.000ns fall@5.000ns period=10.000ns})
  Path Group:             cpu_clk
  Path Type:              Setup (Max at Slow Process Corner)
  Requirement:            10.000ns  (cpu_clk rise@10.000ns - cpu_clk rise@0.000ns)
  Data Path Delay:        10.050ns  (logic 2.848ns (28.338%)  route 7.202ns (71.662%))
  Logic Levels:           16  (CARRY4=1 LUT2=2 LUT4=3 LUT5=3 LUT6=7)
  Clock Path Skew:        -0.145ns (DCD - SCD + CPR)
    Destination Clock Delay (DCD):    -2.143ns = ( 7.857 - 10.000 ) 
    Source Clock Delay      (SCD):    -2.494ns
    Clock Pessimism Removal (CPR):    -0.496ns
  Clock Uncertainty:      0.094ns  ((TSJ^2 + DJ^2)^1/2) / 2 + PE
    Total System Jitter     (TSJ):    0.071ns
    Discrete Jitter          (DJ):    0.175ns
    Phase Error              (PE):    0.000ns

    Location             Delay type                Incr(ns)  Path(ns)    Netlist Resource(s)
  -------------------------------------------------------------------    -------------------
                         (clock cpu_clk rise edge)    0.000     0.000 r  
    K21                                               0.000     0.000 r  clk_50M (IN)
                         net (fo=0)                   0.000     0.000    u_soc_top/pll_clk.u_clk_pll/inst/clk_in1
    K21                  IBUF (Prop_ibuf_I_O)         1.394     1.394 r  u_soc_top/pll_clk.u_clk_pll/inst/clkin1_ibufg/O
                         net (fo=1, unplaced)         0.584     1.978    u_soc_top/pll_clk.u_clk_pll/inst/clk_in1_clk_pll
                         PLLE2_ADV (Prop_plle2_adv_CLKIN1_CLKOUT0)
                                                     -5.783    -3.805 r  u_soc_top/pll_clk.u_clk_pll/inst/plle2_adv_inst/CLKOUT0
                         net (fo=1, unplaced)         0.646    -3.159    u_soc_top/pll_clk.u_clk_pll/inst/cpu_clk_clk_pll
                         BUFG (Prop_bufg_I_O)         0.081    -3.078 r  u_soc_top/pll_clk.u_clk_pll/inst/clkout1_buf/O
                         net (fo=6900, unplaced)      0.584    -2.494    u_soc_top/u_cpu/u_core/reg_ex_mem0_ctrl/cpu_clk
                         FDRE                                         r  u_soc_top/u_cpu/u_core/reg_ex_mem0_ctrl/data_out_reg[4]/C
  -------------------------------------------------------------------    -------------------
                         FDRE (Prop_fdre_C_Q)         0.379    -2.115 r  u_soc_top/u_cpu/u_core/reg_ex_mem0_ctrl/data_out_reg[4]/Q
                         net (fo=129, unplaced)       0.705    -1.410    u_soc_top/u_cpu/u_core/reg_ex_mem0_ctrl/data_out_reg[4]_0[0]
                         LUT5 (Prop_lut5_I2_O)        0.251    -1.159 f  u_soc_top/u_cpu/u_core/reg_ex_mem0_ctrl/r_addr[21]_i_14/O
                         net (fo=3, unplaced)         0.365    -0.794    u_soc_top/u_cpu/u_core/reg_ex_mem0_ctrl/r_addr[21]_i_14_n_0
                         LUT6 (Prop_lut6_I5_O)        0.105    -0.689 r  u_soc_top/u_cpu/u_core/reg_ex_mem0_ctrl/r_addr[21]_i_7/O
                         net (fo=70, unplaced)        0.438    -0.251    u_soc_top/u_cpu/u_core/reg_ex_mem0_ctrl/data_out_reg[6]_0
                         LUT5 (Prop_lut5_I4_O)        0.105    -0.146 r  u_soc_top/u_cpu/u_core/reg_ex_mem0_ctrl/r_addr[21]_i_9/O
                         net (fo=34, unplaced)        0.540     0.394    u_soc_top/u_cpu/u_arbiter/ram_reg_0_3_30_35_i_1
                         LUT4 (Prop_lut4_I2_O)        0.108     0.502 f  u_soc_top/u_cpu/u_arbiter/ram_reg_0_3_30_35_i_8/O
                         net (fo=1, unplaced)         0.490     0.992    u_soc_top/u_cpu/u_core/reg_ex_mem0_ctrl/_zz_ram_port1_reg[31]_0
                         LUT6 (Prop_lut6_I1_O)        0.267     1.259 r  u_soc_top/u_cpu/u_core/reg_ex_mem0_ctrl/ram_reg_0_3_30_35_i_2/O
                         net (fo=10, unplaced)        0.384     1.643    u_soc_top/u_axi_sram_direct/cpu_araddr[28]
                         LUT6 (Prop_lut6_I5_O)        0.105     1.748 f  u_soc_top/u_axi_sram_direct/wb_cover_line_r[15]_i_190/O
                         net (fo=2, unplaced)         0.358     2.106    u_soc_top/u_axi_sram_direct/wb_cover_line_r[15]_i_190_n_0
                         LUT5 (Prop_lut5_I4_O)        0.105     2.211 f  u_soc_top/u_axi_sram_direct/ram_addr_out_r[19]_i_47/O
                         net (fo=1, unplaced)         0.000     2.211    u_soc_top/u_axi_sram_direct/ram_addr_out_r[19]_i_47_n_0
                         CARRY4 (Prop_carry4_S[1]_CO[1])
                                                      0.408     2.619 f  u_soc_top/u_axi_sram_direct/ram_addr_out_r_reg[19]_i_28/CO[1]
                         net (fo=2, unplaced)         0.251     2.870    u_soc_top/u_axi_sram_direct/wb_cover_ar19_out
                         LUT2 (Prop_lut2_I0_O)        0.280     3.150 r  u_soc_top/u_axi_sram_direct/ram_addr_out_r[19]_i_17/O
                         net (fo=7, unplaced)         0.382     3.532    u_soc_top/u_axi_sram_direct/ram_addr_out_r[19]_i_17_n_0
                         LUT4 (Prop_lut4_I2_O)        0.105     3.637 f  u_soc_top/u_axi_sram_direct/r_addr[21]_i_21/O
                         net (fo=2, unplaced)         0.593     4.230    u_soc_top/u_axi_sram_direct/r_addr[21]_i_21_n_0
                         LUT6 (Prop_lut6_I0_O)        0.105     4.335 r  u_soc_top/u_axi_sram_direct/r_addr[21]_i_16/O
                         net (fo=1, unplaced)         0.938     5.273    u_soc_top/u_axi_sram_direct/r_addr[21]_i_16_n_0
                         LUT6 (Prop_lut6_I0_O)        0.105     5.378 r  u_soc_top/u_axi_sram_direct/r_addr[21]_i_12/O
                         net (fo=4, unplaced)         0.371     5.749    u_soc_top/u_axi_sram_direct/r_addr[21]_i_12_n_0
                         LUT6 (Prop_lut6_I2_O)        0.105     5.854 f  u_soc_top/u_axi_sram_direct/ram_reg_0_7_36_36_i_2/O
                         net (fo=12, unplaced)        0.281     6.135    u_soc_top/u_cpu/u_arbiter/wbeat_cnt_reg[1]_0
                         LUT6 (Prop_lut6_I2_O)        0.105     6.240 f  u_soc_top/u_cpu/u_arbiter/w_mmio_i_3/O
                         net (fo=4, unplaced)         0.249     6.489    u_soc_top/u_cpu/u_core/reg_ex_mem0_ctrl/wb_tail_reg[0]_7
                         LUT2 (Prop_lut2_I1_O)        0.105     6.594 r  u_soc_top/u_cpu/u_core/reg_ex_mem0_ctrl/wb_tail[2]_i_2/O
                         net (fo=21, unplaced)        0.402     6.996    u_soc_top/u_axi_sram_direct/wb_tail0
                         LUT4 (Prop_lut4_I0_O)        0.105     7.101 r  u_soc_top/u_axi_sram_direct/wb_q[3][be][3]_i_1/O
                         net (fo=66, unplaced)        0.455     7.556    u_soc_top/u_axi_sram_direct/wb_q[3][be][3]_i_1_n_0
                         FDRE                                         r  u_soc_top/u_axi_sram_direct/wb_q_reg[3][addr][10]/CE
  -------------------------------------------------------------------    -------------------

                         (clock cpu_clk rise edge)   10.000    10.000 r  
    K21                                               0.000    10.000 r  clk_50M (IN)
                         net (fo=0)                   0.000    10.000    u_soc_top/pll_clk.u_clk_pll/inst/clk_in1
    K21                  IBUF (Prop_ibuf_I_O)         1.328    11.328 r  u_soc_top/pll_clk.u_clk_pll/inst/clkin1_ibufg/O
                         net (fo=1, unplaced)         0.439    11.767    u_soc_top/pll_clk.u_clk_pll/inst/clk_in1_clk_pll
                         PLLE2_ADV (Prop_plle2_adv_CLKIN1_CLKOUT0)
                                                     -5.039     6.728 r  u_soc_top/pll_clk.u_clk_pll/inst/plle2_adv_inst/CLKOUT0
                         net (fo=1, unplaced)         0.613     7.341    u_soc_top/pll_clk.u_clk_pll/inst/cpu_clk_clk_pll
                         BUFG (Prop_bufg_I_O)         0.077     7.418 r  u_soc_top/pll_clk.u_clk_pll/inst/clkout1_buf/O
                         net (fo=6900, unplaced)      0.439     7.857    u_soc_top/u_axi_sram_direct/cpu_clk
                         FDRE                                         r  u_soc_top/u_axi_sram_direct/wb_q_reg[3][addr][10]/C
                         clock pessimism             -0.496     7.361    
                         clock uncertainty           -0.094     7.266    
                         FDRE (Setup_fdre_C_CE)      -0.165     7.101    u_soc_top/u_axi_sram_direct/wb_q_reg[3][addr][10]
  -------------------------------------------------------------------
                         required time                          7.101    
                         arrival time                          -7.556    
  -------------------------------------------------------------------
                         slack                                 -0.454    

Slack (VIOLATED) :        -0.454ns  (required time - arrival time)
  Source:                 u_soc_top/u_cpu/u_core/reg_ex_mem0_ctrl/data_out_reg[4]/C
                            (rising edge-triggered cell FDRE clocked by cpu_clk  {rise@0.000ns fall@5.000ns period=10.000ns})
  Destination:            u_soc_top/u_axi_sram_direct/wb_q_reg[3][addr][10]/CE
                            (rising edge-triggered cell FDRE clocked by cpu_clk  {rise@0.000ns fall@5.000ns period=10.000ns})
  Path Group:             cpu_clk
  Path Type:              Setup (Max at Slow Process Corner)
  Requirement:            10.000ns  (cpu_clk rise@10.000ns - cpu_clk rise@0.000ns)
  Data Path Delay:        10.050ns  (logic 2.848ns (28.338%)  route 7.202ns (71.662%))
  Logic Levels:           16  (CARRY4=1 LUT2=2 LUT4=3 LUT5=3 LUT6=7)
  Clock Path Skew:        -0.145ns (DCD - SCD + CPR)
    Destination Clock Delay (DCD):    -2.143ns = ( 7.857 - 10.000 ) 
    Source Clock Delay      (SCD):    -2.494ns
    Clock Pessimism Removal (CPR):    -0.496ns
  Clock Uncertainty:      0.094ns  ((TSJ^2 + DJ^2)^1/2) / 2 + PE
    Total System Jitter     (TSJ):    0.071ns
    Discrete Jitter          (DJ):    0.175ns
    Phase Error              (PE):    0.000ns

    Location             Delay type                Incr(ns)  Path(ns)    Netlist Resource(s)
  -------------------------------------------------------------------    -------------------
                         (clock cpu_clk rise edge)    0.000     0.000 r  
    K21                                               0.000     0.000 r  clk_50M (IN)
                         net (fo=0)                   0.000     0.000    u_soc_top/pll_clk.u_clk_pll/inst/clk_in1
    K21                  IBUF (Prop_ibuf_I_O)         1.394     1.394 r  u_soc_top/pll_clk.u_clk_pll/inst/clkin1_ibufg/O
                         net (fo=1, unplaced)         0.584     1.978    u_soc_top/pll_clk.u_clk_pll/inst/clk_in1_clk_pll
                         PLLE2_ADV (Prop_plle2_adv_CLKIN1_CLKOUT0)
                                                     -5.783    -3.805 r  u_soc_top/pll_clk.u_clk_pll/inst/plle2_adv_inst/CLKOUT0
                         net (fo=1, unplaced)         0.646    -3.159    u_soc_top/pll_clk.u_clk_pll/inst/cpu_clk_clk_pll
                         BUFG (Prop_bufg_I_O)         0.081    -3.078 r  u_soc_top/pll_clk.u_clk_pll/inst/clkout1_buf/O
                         net (fo=6900, unplaced)      0.584    -2.494    u_soc_top/u_cpu/u_core/reg_ex_mem0_ctrl/cpu_clk
                         FDRE                                         r  u_soc_top/u_cpu/u_core/reg_ex_mem0_ctrl/data_out_reg[4]/C
  -------------------------------------------------------------------    -------------------
                         FDRE (Prop_fdre_C_Q)         0.379    -2.115 f  u_soc_top/u_cpu/u_core/reg_ex_mem0_ctrl/data_out_reg[4]/Q
                         net (fo=129, unplaced)       0.705    -1.410    u_soc_top/u_cpu/u_core/reg_ex_mem0_ctrl/data_out_reg[4]_0[0]
                         LUT5 (Prop_lut5_I2_O)        0.251    -1.159 r  u_soc_top/u_cpu/u_core/reg_ex_mem0_ctrl/r_addr[21]_i_14/O
                         net (fo=3, unplaced)         0.365    -0.794    u_soc_top/u_cpu/u_core/reg_ex_mem0_ctrl/r_addr[21]_i_14_n_0
                         LUT6 (Prop_lut6_I5_O)        0.105    -0.689 f  u_soc_top/u_cpu/u_core/reg_ex_mem0_ctrl/r_addr[21]_i_7/O
                         net (fo=70, unplaced)        0.438    -0.251    u_soc_top/u_cpu/u_core/reg_ex_mem0_ctrl/data_out_reg[6]_0
                         LUT5 (Prop_lut5_I4_O)        0.105    -0.146 f  u_soc_top/u_cpu/u_core/reg_ex_mem0_ctrl/r_addr[21]_i_9/O
                         net (fo=34, unplaced)        0.540     0.394    u_soc_top/u_cpu/u_arbiter/ram_reg_0_3_30_35_i_1
                         LUT4 (Prop_lut4_I2_O)        0.108     0.502 r  u_soc_top/u_cpu/u_arbiter/ram_reg_0_3_30_35_i_8/O
                         net (fo=1, unplaced)         0.490     0.992    u_soc_top/u_cpu/u_core/reg_ex_mem0_ctrl/_zz_ram_port1_reg[31]_0
                         LUT6 (Prop_lut6_I1_O)        0.267     1.259 f  u_soc_top/u_cpu/u_core/reg_ex_mem0_ctrl/ram_reg_0_3_30_35_i_2/O
                         net (fo=10, unplaced)        0.384     1.643    u_soc_top/u_axi_sram_direct/cpu_araddr[28]
                         LUT6 (Prop_lut6_I5_O)        0.105     1.748 f  u_soc_top/u_axi_sram_direct/wb_cover_line_r[15]_i_190/O
                         net (fo=2, unplaced)         0.358     2.106    u_soc_top/u_axi_sram_direct/wb_cover_line_r[15]_i_190_n_0
                         LUT5 (Prop_lut5_I4_O)        0.105     2.211 f  u_soc_top/u_axi_sram_direct/ram_addr_out_r[19]_i_47/O
                         net (fo=1, unplaced)         0.000     2.211    u_soc_top/u_axi_sram_direct/ram_addr_out_r[19]_i_47_n_0
                         CARRY4 (Prop_carry4_S[1]_CO[1])
                                                      0.408     2.619 f  u_soc_top/u_axi_sram_direct/ram_addr_out_r_reg[19]_i_28/CO[1]
                         net (fo=2, unplaced)         0.251     2.870    u_soc_top/u_axi_sram_direct/wb_cover_ar19_out
                         LUT2 (Prop_lut2_I0_O)        0.280     3.150 r  u_soc_top/u_axi_sram_direct/ram_addr_out_r[19]_i_17/O
                         net (fo=7, unplaced)         0.382     3.532    u_soc_top/u_axi_sram_direct/ram_addr_out_r[19]_i_17_n_0
                         LUT4 (Prop_lut4_I2_O)        0.105     3.637 f  u_soc_top/u_axi_sram_direct/r_addr[21]_i_21/O
                         net (fo=2, unplaced)         0.593     4.230    u_soc_top/u_axi_sram_direct/r_addr[21]_i_21_n_0
                         LUT6 (Prop_lut6_I0_O)        0.105     4.335 r  u_soc_top/u_axi_sram_direct/r_addr[21]_i_16/O
                         net (fo=1, unplaced)         0.938     5.273    u_soc_top/u_axi_sram_direct/r_addr[21]_i_16_n_0
                         LUT6 (Prop_lut6_I0_O)        0.105     5.378 r  u_soc_top/u_axi_sram_direct/r_addr[21]_i_12/O
                         net (fo=4, unplaced)         0.371     5.749    u_soc_top/u_axi_sram_direct/r_addr[21]_i_12_n_0
                         LUT6 (Prop_lut6_I2_O)        0.105     5.854 f  u_soc_top/u_axi_sram_direct/ram_reg_0_7_36_36_i_2/O
                         net (fo=12, unplaced)        0.281     6.135    u_soc_top/u_cpu/u_arbiter/wbeat_cnt_reg[1]_0
                         LUT6 (Prop_lut6_I2_O)        0.105     6.240 f  u_soc_top/u_cpu/u_arbiter/w_mmio_i_3/O
                         net (fo=4, unplaced)         0.249     6.489    u_soc_top/u_cpu/u_core/reg_ex_mem0_ctrl/wb_tail_reg[0]_7
                         LUT2 (Prop_lut2_I1_O)        0.105     6.594 r  u_soc_top/u_cpu/u_core/reg_ex_mem0_ctrl/wb_tail[2]_i_2/O
                         net (fo=21, unplaced)        0.402     6.996    u_soc_top/u_axi_sram_direct/wb_tail0
                         LUT4 (Prop_lut4_I0_O)        0.105     7.101 r  u_soc_top/u_axi_sram_direct/wb_q[3][be][3]_i_1/O
                         net (fo=66, unplaced)        0.455     7.556    u_soc_top/u_axi_sram_direct/wb_q[3][be][3]_i_1_n_0
                         FDRE                                         r  u_soc_top/u_axi_sram_direct/wb_q_reg[3][addr][10]/CE
  -------------------------------------------------------------------    -------------------

                         (clock cpu_clk rise edge)   10.000    10.000 r  
    K21                                               0.000    10.000 r  clk_50M (IN)
                         net (fo=0)                   0.000    10.000    u_soc_top/pll_clk.u_clk_pll/inst/clk_in1
    K21                  IBUF (Prop_ibuf_I_O)         1.328    11.328 r  u_soc_top/pll_clk.u_clk_pll/inst/clkin1_ibufg/O
                         net (fo=1, unplaced)         0.439    11.767    u_soc_top/pll_clk.u_clk_pll/inst/clk_in1_clk_pll
                         PLLE2_ADV (Prop_plle2_adv_CLKIN1_CLKOUT0)
                                                     -5.039     6.728 r  u_soc_top/pll_clk.u_clk_pll/inst/plle2_adv_inst/CLKOUT0
                         net (fo=1, unplaced)         0.613     7.341    u_soc_top/pll_clk.u_clk_pll/inst/cpu_clk_clk_pll
                         BUFG (Prop_bufg_I_O)         0.077     7.418 r  u_soc_top/pll_clk.u_clk_pll/inst/clkout1_buf/O
                         net (fo=6900, unplaced)      0.439     7.857    u_soc_top/u_axi_sram_direct/cpu_clk
                         FDRE                                         r  u_soc_top/u_axi_sram_direct/wb_q_reg[3][addr][10]/C
                         clock pessimism             -0.496     7.361    
                         clock uncertainty           -0.094     7.266    
                         FDRE (Setup_fdre_C_CE)      -0.165     7.101    u_soc_top/u_axi_sram_direct/wb_q_reg[3][addr][10]
  -------------------------------------------------------------------
                         required time                          7.101    
                         arrival time                          -7.556    
  -------------------------------------------------------------------
                         slack                                 -0.454    

Slack (VIOLATED) :        -0.454ns  (required time - arrival time)
  Source:                 u_soc_top/u_cpu/u_core/reg_ex_mem0_ctrl/data_out_reg[4]/C
                            (rising edge-triggered cell FDRE clocked by cpu_clk  {rise@0.000ns fall@5.000ns period=10.000ns})
  Destination:            u_soc_top/u_axi_sram_direct/wb_q_reg[3][addr][10]/CE
                            (rising edge-triggered cell FDRE clocked by cpu_clk  {rise@0.000ns fall@5.000ns period=10.000ns})
  Path Group:             cpu_clk
  Path Type:              Setup (Max at Slow Process Corner)
  Requirement:            10.000ns  (cpu_clk rise@10.000ns - cpu_clk rise@0.000ns)
  Data Path Delay:        10.050ns  (logic 2.848ns (28.338%)  route 7.202ns (71.662%))
  Logic Levels:           16  (CARRY4=1 LUT2=2 LUT4=3 LUT5=3 LUT6=7)
  Clock Path Skew:        -0.145ns (DCD - SCD + CPR)
    Destination Clock Delay (DCD):    -2.143ns = ( 7.857 - 10.000 ) 
    Source Clock Delay      (SCD):    -2.494ns
    Clock Pessimism Removal (CPR):    -0.496ns
  Clock Uncertainty:      0.094ns  ((TSJ^2 + DJ^2)^1/2) / 2 + PE
    Total System Jitter     (TSJ):    0.071ns
    Discrete Jitter          (DJ):    0.175ns
    Phase Error              (PE):    0.000ns

    Location             Delay type                Incr(ns)  Path(ns)    Netlist Resource(s)
  -------------------------------------------------------------------    -------------------
                         (clock cpu_clk rise edge)    0.000     0.000 r  
    K21                                               0.000     0.000 r  clk_50M (IN)
                         net (fo=0)                   0.000     0.000    u_soc_top/pll_clk.u_clk_pll/inst/clk_in1
    K21                  IBUF (Prop_ibuf_I_O)         1.394     1.394 r  u_soc_top/pll_clk.u_clk_pll/inst/clkin1_ibufg/O
                         net (fo=1, unplaced)         0.584     1.978    u_soc_top/pll_clk.u_clk_pll/inst/clk_in1_clk_pll
                         PLLE2_ADV (Prop_plle2_adv_CLKIN1_CLKOUT0)
                                                     -5.783    -3.805 r  u_soc_top/pll_clk.u_clk_pll/inst/plle2_adv_inst/CLKOUT0
                         net (fo=1, unplaced)         0.646    -3.159    u_soc_top/pll_clk.u_clk_pll/inst/cpu_clk_clk_pll
                         BUFG (Prop_bufg_I_O)         0.081    -3.078 r  u_soc_top/pll_clk.u_clk_pll/inst/clkout1_buf/O
                         net (fo=6900, unplaced)      0.584    -2.494    u_soc_top/u_cpu/u_core/reg_ex_mem0_ctrl/cpu_clk
                         FDRE                                         r  u_soc_top/u_cpu/u_core/reg_ex_mem0_ctrl/data_out_reg[4]/C
  -------------------------------------------------------------------    -------------------
                         FDRE (Prop_fdre_C_Q)         0.379    -2.115 r  u_soc_top/u_cpu/u_core/reg_ex_mem0_ctrl/data_out_reg[4]/Q
                         net (fo=129, unplaced)       0.705    -1.410    u_soc_top/u_cpu/u_core/reg_ex_mem0_ctrl/data_out_reg[4]_0[0]
                         LUT5 (Prop_lut5_I2_O)        0.251    -1.159 f  u_soc_top/u_cpu/u_core/reg_ex_mem0_ctrl/r_addr[21]_i_14/O
                         net (fo=3, unplaced)         0.365    -0.794    u_soc_top/u_cpu/u_core/reg_ex_mem0_ctrl/r_addr[21]_i_14_n_0
                         LUT6 (Prop_lut6_I5_O)        0.105    -0.689 r  u_soc_top/u_cpu/u_core/reg_ex_mem0_ctrl/r_addr[21]_i_7/O
                         net (fo=70, unplaced)        0.438    -0.251    u_soc_top/u_cpu/u_core/reg_ex_mem0_ctrl/data_out_reg[6]_0
                         LUT5 (Prop_lut5_I4_O)        0.105    -0.146 r  u_soc_top/u_cpu/u_core/reg_ex_mem0_ctrl/r_addr[21]_i_9/O
                         net (fo=34, unplaced)        0.540     0.394    u_soc_top/u_cpu/u_arbiter/ram_reg_0_3_30_35_i_1
                         LUT4 (Prop_lut4_I2_O)        0.108     0.502 f  u_soc_top/u_cpu/u_arbiter/ram_reg_0_3_30_35_i_8/O
                         net (fo=1, unplaced)         0.490     0.992    u_soc_top/u_cpu/u_core/reg_ex_mem0_ctrl/_zz_ram_port1_reg[31]_0
                         LUT6 (Prop_lut6_I1_O)        0.267     1.259 r  u_soc_top/u_cpu/u_core/reg_ex_mem0_ctrl/ram_reg_0_3_30_35_i_2/O
                         net (fo=10, unplaced)        0.384     1.643    u_soc_top/u_axi_sram_direct/cpu_araddr[28]
                         LUT6 (Prop_lut6_I5_O)        0.105     1.748 r  u_soc_top/u_axi_sram_direct/wb_cover_line_r[15]_i_190/O
                         net (fo=2, unplaced)         0.358     2.106    u_soc_top/u_axi_sram_direct/wb_cover_line_r[15]_i_190_n_0
                         LUT5 (Prop_lut5_I4_O)        0.105     2.211 r  u_soc_top/u_axi_sram_direct/ram_addr_out_r[19]_i_47/O
                         net (fo=1, unplaced)         0.000     2.211    u_soc_top/u_axi_sram_direct/ram_addr_out_r[19]_i_47_n_0
                         CARRY4 (Prop_carry4_S[1]_CO[1])
                                                      0.408     2.619 r  u_soc_top/u_axi_sram_direct/ram_addr_out_r_reg[19]_i_28/CO[1]
                         net (fo=2, unplaced)         0.251     2.870    u_soc_top/u_axi_sram_direct/wb_cover_ar19_out
                         LUT2 (Prop_lut2_I0_O)        0.280     3.150 f  u_soc_top/u_axi_sram_direct/ram_addr_out_r[19]_i_17/O
                         net (fo=7, unplaced)         0.382     3.532    u_soc_top/u_axi_sram_direct/ram_addr_out_r[19]_i_17_n_0
                         LUT4 (Prop_lut4_I2_O)        0.105     3.637 r  u_soc_top/u_axi_sram_direct/r_addr[21]_i_21/O
                         net (fo=2, unplaced)         0.593     4.230    u_soc_top/u_axi_sram_direct/r_addr[21]_i_21_n_0
                         LUT6 (Prop_lut6_I0_O)        0.105     4.335 f  u_soc_top/u_axi_sram_direct/r_addr[21]_i_16/O
                         net (fo=1, unplaced)         0.938     5.273    u_soc_top/u_axi_sram_direct/r_addr[21]_i_16_n_0
                         LUT6 (Prop_lut6_I0_O)        0.105     5.378 f  u_soc_top/u_axi_sram_direct/r_addr[21]_i_12/O
                         net (fo=4, unplaced)         0.371     5.749    u_soc_top/u_axi_sram_direct/r_addr[21]_i_12_n_0
                         LUT6 (Prop_lut6_I2_O)        0.105     5.854 r  u_soc_top/u_axi_sram_direct/ram_reg_0_7_36_36_i_2/O
                         net (fo=12, unplaced)        0.281     6.135    u_soc_top/u_cpu/u_arbiter/wbeat_cnt_reg[1]_0
                         LUT6 (Prop_lut6_I2_O)        0.105     6.240 r  u_soc_top/u_cpu/u_arbiter/w_mmio_i_3/O
                         net (fo=4, unplaced)         0.249     6.489    u_soc_top/u_cpu/u_core/reg_ex_mem0_ctrl/wb_tail_reg[0]_7
                         LUT2 (Prop_lut2_I1_O)        0.105     6.594 f  u_soc_top/u_cpu/u_core/reg_ex_mem0_ctrl/wb_tail[2]_i_2/O
                         net (fo=21, unplaced)        0.402     6.996    u_soc_top/u_axi_sram_direct/wb_tail0
                         LUT4 (Prop_lut4_I0_O)        0.105     7.101 f  u_soc_top/u_axi_sram_direct/wb_q[3][be][3]_i_1/O
                         net (fo=66, unplaced)        0.455     7.556    u_soc_top/u_axi_sram_direct/wb_q[3][be][3]_i_1_n_0
                         FDRE                                         f  u_soc_top/u_axi_sram_direct/wb_q_reg[3][addr][10]/CE
  -------------------------------------------------------------------    -------------------

                         (clock cpu_clk rise edge)   10.000    10.000 r  
    K21                                               0.000    10.000 r  clk_50M (IN)
                         net (fo=0)                   0.000    10.000    u_soc_top/pll_clk.u_clk_pll/inst/clk_in1
    K21                  IBUF (Prop_ibuf_I_O)         1.328    11.328 r  u_soc_top/pll_clk.u_clk_pll/inst/clkin1_ibufg/O
                         net (fo=1, unplaced)         0.439    11.767    u_soc_top/pll_clk.u_clk_pll/inst/clk_in1_clk_pll
                         PLLE2_ADV (Prop_plle2_adv_CLKIN1_CLKOUT0)
                                                     -5.039     6.728 r  u_soc_top/pll_clk.u_clk_pll/inst/plle2_adv_inst/CLKOUT0
                         net (fo=1, unplaced)         0.613     7.341    u_soc_top/pll_clk.u_clk_pll/inst/cpu_clk_clk_pll
                         BUFG (Prop_bufg_I_O)         0.077     7.418 r  u_soc_top/pll_clk.u_clk_pll/inst/clkout1_buf/O
                         net (fo=6900, unplaced)      0.439     7.857    u_soc_top/u_axi_sram_direct/cpu_clk
                         FDRE                                         r  u_soc_top/u_axi_sram_direct/wb_q_reg[3][addr][10]/C
                         clock pessimism             -0.496     7.361    
                         clock uncertainty           -0.094     7.266    
                         FDRE (Setup_fdre_C_CE)      -0.165     7.101    u_soc_top/u_axi_sram_direct/wb_q_reg[3][addr][10]
  -------------------------------------------------------------------
                         required time                          7.101    
                         arrival time                          -7.556    
  -------------------------------------------------------------------
                         slack                                 -0.454    

Slack (VIOLATED) :        -0.454ns  (required time - arrival time)
  Source:                 u_soc_top/u_cpu/u_core/reg_ex_mem0_ctrl/data_out_reg[4]/C
                            (rising edge-triggered cell FDRE clocked by cpu_clk  {rise@0.000ns fall@5.000ns period=10.000ns})
  Destination:            u_soc_top/u_axi_sram_direct/wb_q_reg[3][addr][10]/CE
                            (rising edge-triggered cell FDRE clocked by cpu_clk  {rise@0.000ns fall@5.000ns period=10.000ns})
  Path Group:             cpu_clk
  Path Type:              Setup (Max at Slow Process Corner)
  Requirement:            10.000ns  (cpu_clk rise@10.000ns - cpu_clk rise@0.000ns)
  Data Path Delay:        10.050ns  (logic 2.848ns (28.338%)  route 7.202ns (71.662%))
  Logic Levels:           16  (CARRY4=1 LUT2=2 LUT4=3 LUT5=3 LUT6=7)
  Clock Path Skew:        -0.145ns (DCD - SCD + CPR)
    Destination Clock Delay (DCD):    -2.143ns = ( 7.857 - 10.000 ) 
    Source Clock Delay      (SCD):    -2.494ns
    Clock Pessimism Removal (CPR):    -0.496ns
  Clock Uncertainty:      0.094ns  ((TSJ^2 + DJ^2)^1/2) / 2 + PE
    Total System Jitter     (TSJ):    0.071ns
    Discrete Jitter          (DJ):    0.175ns
    Phase Error              (PE):    0.000ns

    Location             Delay type                Incr(ns)  Path(ns)    Netlist Resource(s)
  -------------------------------------------------------------------    -------------------
                         (clock cpu_clk rise edge)    0.000     0.000 r  
    K21                                               0.000     0.000 r  clk_50M (IN)
                         net (fo=0)                   0.000     0.000    u_soc_top/pll_clk.u_clk_pll/inst/clk_in1
    K21                  IBUF (Prop_ibuf_I_O)         1.394     1.394 r  u_soc_top/pll_clk.u_clk_pll/inst/clkin1_ibufg/O
                         net (fo=1, unplaced)         0.584     1.978    u_soc_top/pll_clk.u_clk_pll/inst/clk_in1_clk_pll
                         PLLE2_ADV (Prop_plle2_adv_CLKIN1_CLKOUT0)
                                                     -5.783    -3.805 r  u_soc_top/pll_clk.u_clk_pll/inst/plle2_adv_inst/CLKOUT0
                         net (fo=1, unplaced)         0.646    -3.159    u_soc_top/pll_clk.u_clk_pll/inst/cpu_clk_clk_pll
                         BUFG (Prop_bufg_I_O)         0.081    -3.078 r  u_soc_top/pll_clk.u_clk_pll/inst/clkout1_buf/O
                         net (fo=6900, unplaced)      0.584    -2.494    u_soc_top/u_cpu/u_core/reg_ex_mem0_ctrl/cpu_clk
                         FDRE                                         r  u_soc_top/u_cpu/u_core/reg_ex_mem0_ctrl/data_out_reg[4]/C
  -------------------------------------------------------------------    -------------------
                         FDRE (Prop_fdre_C_Q)         0.379    -2.115 f  u_soc_top/u_cpu/u_core/reg_ex_mem0_ctrl/data_out_reg[4]/Q
                         net (fo=129, unplaced)       0.705    -1.410    u_soc_top/u_cpu/u_core/reg_ex_mem0_ctrl/data_out_reg[4]_0[0]
                         LUT5 (Prop_lut5_I2_O)        0.251    -1.159 r  u_soc_top/u_cpu/u_core/reg_ex_mem0_ctrl/r_addr[21]_i_14/O
                         net (fo=3, unplaced)         0.365    -0.794    u_soc_top/u_cpu/u_core/reg_ex_mem0_ctrl/r_addr[21]_i_14_n_0
                         LUT6 (Prop_lut6_I5_O)        0.105    -0.689 f  u_soc_top/u_cpu/u_core/reg_ex_mem0_ctrl/r_addr[21]_i_7/O
                         net (fo=70, unplaced)        0.438    -0.251    u_soc_top/u_cpu/u_core/reg_ex_mem0_ctrl/data_out_reg[6]_0
                         LUT5 (Prop_lut5_I4_O)        0.105    -0.146 f  u_soc_top/u_cpu/u_core/reg_ex_mem0_ctrl/r_addr[21]_i_9/O
                         net (fo=34, unplaced)        0.540     0.394    u_soc_top/u_cpu/u_arbiter/ram_reg_0_3_30_35_i_1
                         LUT4 (Prop_lut4_I2_O)        0.108     0.502 r  u_soc_top/u_cpu/u_arbiter/ram_reg_0_3_30_35_i_8/O
                         net (fo=1, unplaced)         0.490     0.992    u_soc_top/u_cpu/u_core/reg_ex_mem0_ctrl/_zz_ram_port1_reg[31]_0
                         LUT6 (Prop_lut6_I1_O)        0.267     1.259 f  u_soc_top/u_cpu/u_core/reg_ex_mem0_ctrl/ram_reg_0_3_30_35_i_2/O
                         net (fo=10, unplaced)        0.384     1.643    u_soc_top/u_axi_sram_direct/cpu_araddr[28]
                         LUT6 (Prop_lut6_I5_O)        0.105     1.748 r  u_soc_top/u_axi_sram_direct/wb_cover_line_r[15]_i_190/O
                         net (fo=2, unplaced)         0.358     2.106    u_soc_top/u_axi_sram_direct/wb_cover_line_r[15]_i_190_n_0
                         LUT5 (Prop_lut5_I4_O)        0.105     2.211 r  u_soc_top/u_axi_sram_direct/ram_addr_out_r[19]_i_47/O
                         net (fo=1, unplaced)         0.000     2.211    u_soc_top/u_axi_sram_direct/ram_addr_out_r[19]_i_47_n_0
                         CARRY4 (Prop_carry4_S[1]_CO[1])
                                                      0.408     2.619 r  u_soc_top/u_axi_sram_direct/ram_addr_out_r_reg[19]_i_28/CO[1]
                         net (fo=2, unplaced)         0.251     2.870    u_soc_top/u_axi_sram_direct/wb_cover_ar19_out
                         LUT2 (Prop_lut2_I0_O)        0.280     3.150 f  u_soc_top/u_axi_sram_direct/ram_addr_out_r[19]_i_17/O
                         net (fo=7, unplaced)         0.382     3.532    u_soc_top/u_axi_sram_direct/ram_addr_out_r[19]_i_17_n_0
                         LUT4 (Prop_lut4_I2_O)        0.105     3.637 r  u_soc_top/u_axi_sram_direct/r_addr[21]_i_21/O
                         net (fo=2, unplaced)         0.593     4.230    u_soc_top/u_axi_sram_direct/r_addr[21]_i_21_n_0
                         LUT6 (Prop_lut6_I0_O)        0.105     4.335 f  u_soc_top/u_axi_sram_direct/r_addr[21]_i_16/O
                         net (fo=1, unplaced)         0.938     5.273    u_soc_top/u_axi_sram_direct/r_addr[21]_i_16_n_0
                         LUT6 (Prop_lut6_I0_O)        0.105     5.378 f  u_soc_top/u_axi_sram_direct/r_addr[21]_i_12/O
                         net (fo=4, unplaced)         0.371     5.749    u_soc_top/u_axi_sram_direct/r_addr[21]_i_12_n_0
                         LUT6 (Prop_lut6_I2_O)        0.105     5.854 r  u_soc_top/u_axi_sram_direct/ram_reg_0_7_36_36_i_2/O
                         net (fo=12, unplaced)        0.281     6.135    u_soc_top/u_cpu/u_arbiter/wbeat_cnt_reg[1]_0
                         LUT6 (Prop_lut6_I2_O)        0.105     6.240 r  u_soc_top/u_cpu/u_arbiter/w_mmio_i_3/O
                         net (fo=4, unplaced)         0.249     6.489    u_soc_top/u_cpu/u_core/reg_ex_mem0_ctrl/wb_tail_reg[0]_7
                         LUT2 (Prop_lut2_I1_O)        0.105     6.594 f  u_soc_top/u_cpu/u_core/reg_ex_mem0_ctrl/wb_tail[2]_i_2/O
                         net (fo=21, unplaced)        0.402     6.996    u_soc_top/u_axi_sram_direct/wb_tail0
                         LUT4 (Prop_lut4_I0_O)        0.105     7.101 f  u_soc_top/u_axi_sram_direct/wb_q[3][be][3]_i_1/O
                         net (fo=66, unplaced)        0.455     7.556    u_soc_top/u_axi_sram_direct/wb_q[3][be][3]_i_1_n_0
                         FDRE                                         f  u_soc_top/u_axi_sram_direct/wb_q_reg[3][addr][10]/CE
  -------------------------------------------------------------------    -------------------

                         (clock cpu_clk rise edge)   10.000    10.000 r  
    K21                                               0.000    10.000 r  clk_50M (IN)
                         net (fo=0)                   0.000    10.000    u_soc_top/pll_clk.u_clk_pll/inst/clk_in1
    K21                  IBUF (Prop_ibuf_I_O)         1.328    11.328 r  u_soc_top/pll_clk.u_clk_pll/inst/clkin1_ibufg/O
                         net (fo=1, unplaced)         0.439    11.767    u_soc_top/pll_clk.u_clk_pll/inst/clk_in1_clk_pll
                         PLLE2_ADV (Prop_plle2_adv_CLKIN1_CLKOUT0)
                                                     -5.039     6.728 r  u_soc_top/pll_clk.u_clk_pll/inst/plle2_adv_inst/CLKOUT0
                         net (fo=1, unplaced)         0.613     7.341    u_soc_top/pll_clk.u_clk_pll/inst/cpu_clk_clk_pll
                         BUFG (Prop_bufg_I_O)         0.077     7.418 r  u_soc_top/pll_clk.u_clk_pll/inst/clkout1_buf/O
                         net (fo=6900, unplaced)      0.439     7.857    u_soc_top/u_axi_sram_direct/cpu_clk
                         FDRE                                         r  u_soc_top/u_axi_sram_direct/wb_q_reg[3][addr][10]/C
                         clock pessimism             -0.496     7.361    
                         clock uncertainty           -0.094     7.266    
                         FDRE (Setup_fdre_C_CE)      -0.165     7.101    u_soc_top/u_axi_sram_direct/wb_q_reg[3][addr][10]
  -------------------------------------------------------------------
                         required time                          7.101    
                         arrival time                          -7.556    
  -------------------------------------------------------------------
                         slack                                 -0.454    

Slack (VIOLATED) :        -0.454ns  (required time - arrival time)
  Source:                 u_soc_top/u_cpu/u_core/reg_ex_mem0_ctrl/data_out_reg[4]/C
                            (rising edge-triggered cell FDRE clocked by cpu_clk  {rise@0.000ns fall@5.000ns period=10.000ns})
  Destination:            u_soc_top/u_axi_sram_direct/wb_q_reg[3][addr][10]/CE
                            (rising edge-triggered cell FDRE clocked by cpu_clk  {rise@0.000ns fall@5.000ns period=10.000ns})
  Path Group:             cpu_clk
  Path Type:              Setup (Max at Slow Process Corner)
  Requirement:            10.000ns  (cpu_clk rise@10.000ns - cpu_clk rise@0.000ns)
  Data Path Delay:        10.050ns  (logic 2.848ns (28.338%)  route 7.202ns (71.662%))
  Logic Levels:           16  (CARRY4=1 LUT2=2 LUT4=3 LUT5=3 LUT6=7)
  Clock Path Skew:        -0.145ns (DCD - SCD + CPR)
    Destination Clock Delay (DCD):    -2.143ns = ( 7.857 - 10.000 ) 
    Source Clock Delay      (SCD):    -2.494ns
    Clock Pessimism Removal (CPR):    -0.496ns
  Clock Uncertainty:      0.094ns  ((TSJ^2 + DJ^2)^1/2) / 2 + PE
    Total System Jitter     (TSJ):    0.071ns
    Discrete Jitter          (DJ):    0.175ns
    Phase Error              (PE):    0.000ns

    Location             Delay type                Incr(ns)  Path(ns)    Netlist Resource(s)
  -------------------------------------------------------------------    -------------------
                         (clock cpu_clk rise edge)    0.000     0.000 r  
    K21                                               0.000     0.000 r  clk_50M (IN)
                         net (fo=0)                   0.000     0.000    u_soc_top/pll_clk.u_clk_pll/inst/clk_in1
    K21                  IBUF (Prop_ibuf_I_O)         1.394     1.394 r  u_soc_top/pll_clk.u_clk_pll/inst/clkin1_ibufg/O
                         net (fo=1, unplaced)         0.584     1.978    u_soc_top/pll_clk.u_clk_pll/inst/clk_in1_clk_pll
                         PLLE2_ADV (Prop_plle2_adv_CLKIN1_CLKOUT0)
                                                     -5.783    -3.805 r  u_soc_top/pll_clk.u_clk_pll/inst/plle2_adv_inst/CLKOUT0
                         net (fo=1, unplaced)         0.646    -3.159    u_soc_top/pll_clk.u_clk_pll/inst/cpu_clk_clk_pll
                         BUFG (Prop_bufg_I_O)         0.081    -3.078 r  u_soc_top/pll_clk.u_clk_pll/inst/clkout1_buf/O
                         net (fo=6900, unplaced)      0.584    -2.494    u_soc_top/u_cpu/u_core/reg_ex_mem0_ctrl/cpu_clk
                         FDRE                                         r  u_soc_top/u_cpu/u_core/reg_ex_mem0_ctrl/data_out_reg[4]/C
  -------------------------------------------------------------------    -------------------
                         FDRE (Prop_fdre_C_Q)         0.379    -2.115 r  u_soc_top/u_cpu/u_core/reg_ex_mem0_ctrl/data_out_reg[4]/Q
                         net (fo=129, unplaced)       0.705    -1.410    u_soc_top/u_cpu/u_core/reg_ex_mem0_ctrl/data_out_reg[4]_0[0]
                         LUT5 (Prop_lut5_I2_O)        0.251    -1.159 f  u_soc_top/u_cpu/u_core/reg_ex_mem0_ctrl/r_addr[21]_i_14/O
                         net (fo=3, unplaced)         0.365    -0.794    u_soc_top/u_cpu/u_core/reg_ex_mem0_ctrl/r_addr[21]_i_14_n_0
                         LUT6 (Prop_lut6_I5_O)        0.105    -0.689 r  u_soc_top/u_cpu/u_core/reg_ex_mem0_ctrl/r_addr[21]_i_7/O
                         net (fo=70, unplaced)        0.438    -0.251    u_soc_top/u_cpu/u_core/reg_ex_mem0_ctrl/data_out_reg[6]_0
                         LUT5 (Prop_lut5_I4_O)        0.105    -0.146 r  u_soc_top/u_cpu/u_core/reg_ex_mem0_ctrl/r_addr[21]_i_9/O
                         net (fo=34, unplaced)        0.540     0.394    u_soc_top/u_cpu/u_arbiter/ram_reg_0_3_30_35_i_1
                         LUT4 (Prop_lut4_I2_O)        0.108     0.502 f  u_soc_top/u_cpu/u_arbiter/ram_reg_0_3_30_35_i_8/O
                         net (fo=1, unplaced)         0.490     0.992    u_soc_top/u_cpu/u_core/reg_ex_mem0_ctrl/_zz_ram_port1_reg[31]_0
                         LUT6 (Prop_lut6_I1_O)        0.267     1.259 r  u_soc_top/u_cpu/u_core/reg_ex_mem0_ctrl/ram_reg_0_3_30_35_i_2/O
                         net (fo=10, unplaced)        0.384     1.643    u_soc_top/u_axi_sram_direct/cpu_araddr[28]
                         LUT6 (Prop_lut6_I5_O)        0.105     1.748 f  u_soc_top/u_axi_sram_direct/wb_cover_line_r[15]_i_190/O
                         net (fo=2, unplaced)         0.358     2.106    u_soc_top/u_axi_sram_direct/wb_cover_line_r[15]_i_190_n_0
                         LUT5 (Prop_lut5_I4_O)        0.105     2.211 f  u_soc_top/u_axi_sram_direct/ram_addr_out_r[19]_i_47/O
                         net (fo=1, unplaced)         0.000     2.211    u_soc_top/u_axi_sram_direct/ram_addr_out_r[19]_i_47_n_0
                         CARRY4 (Prop_carry4_S[1]_CO[1])
                                                      0.408     2.619 r  u_soc_top/u_axi_sram_direct/ram_addr_out_r_reg[19]_i_28/CO[1]
                         net (fo=2, unplaced)         0.251     2.870    u_soc_top/u_axi_sram_direct/wb_cover_ar19_out
                         LUT2 (Prop_lut2_I0_O)        0.280     3.150 f  u_soc_top/u_axi_sram_direct/ram_addr_out_r[19]_i_17/O
                         net (fo=7, unplaced)         0.382     3.532    u_soc_top/u_axi_sram_direct/ram_addr_out_r[19]_i_17_n_0
                         LUT4 (Prop_lut4_I2_O)        0.105     3.637 r  u_soc_top/u_axi_sram_direct/r_addr[21]_i_21/O
                         net (fo=2, unplaced)         0.593     4.230    u_soc_top/u_axi_sram_direct/r_addr[21]_i_21_n_0
                         LUT6 (Prop_lut6_I0_O)        0.105     4.335 f  u_soc_top/u_axi_sram_direct/r_addr[21]_i_16/O
                         net (fo=1, unplaced)         0.938     5.273    u_soc_top/u_axi_sram_direct/r_addr[21]_i_16_n_0
                         LUT6 (Prop_lut6_I0_O)        0.105     5.378 f  u_soc_top/u_axi_sram_direct/r_addr[21]_i_12/O
                         net (fo=4, unplaced)         0.371     5.749    u_soc_top/u_axi_sram_direct/r_addr[21]_i_12_n_0
                         LUT6 (Prop_lut6_I2_O)        0.105     5.854 r  u_soc_top/u_axi_sram_direct/ram_reg_0_7_36_36_i_2/O
                         net (fo=12, unplaced)        0.281     6.135    u_soc_top/u_cpu/u_arbiter/wbeat_cnt_reg[1]_0
                         LUT6 (Prop_lut6_I2_O)        0.105     6.240 r  u_soc_top/u_cpu/u_arbiter/w_mmio_i_3/O
                         net (fo=4, unplaced)         0.249     6.489    u_soc_top/u_cpu/u_core/reg_ex_mem0_ctrl/wb_tail_reg[0]_7
                         LUT2 (Prop_lut2_I1_O)        0.105     6.594 f  u_soc_top/u_cpu/u_core/reg_ex_mem0_ctrl/wb_tail[2]_i_2/O
                         net (fo=21, unplaced)        0.402     6.996    u_soc_top/u_axi_sram_direct/wb_tail0
                         LUT4 (Prop_lut4_I0_O)        0.105     7.101 f  u_soc_top/u_axi_sram_direct/wb_q[3][be][3]_i_1/O
                         net (fo=66, unplaced)        0.455     7.556    u_soc_top/u_axi_sram_direct/wb_q[3][be][3]_i_1_n_0
                         FDRE                                         f  u_soc_top/u_axi_sram_direct/wb_q_reg[3][addr][10]/CE
  -------------------------------------------------------------------    -------------------

                         (clock cpu_clk rise edge)   10.000    10.000 r  
    K21                                               0.000    10.000 r  clk_50M (IN)
                         net (fo=0)                   0.000    10.000    u_soc_top/pll_clk.u_clk_pll/inst/clk_in1
    K21                  IBUF (Prop_ibuf_I_O)         1.328    11.328 r  u_soc_top/pll_clk.u_clk_pll/inst/clkin1_ibufg/O
                         net (fo=1, unplaced)         0.439    11.767    u_soc_top/pll_clk.u_clk_pll/inst/clk_in1_clk_pll
                         PLLE2_ADV (Prop_plle2_adv_CLKIN1_CLKOUT0)
                                                     -5.039     6.728 r  u_soc_top/pll_clk.u_clk_pll/inst/plle2_adv_inst/CLKOUT0
                         net (fo=1, unplaced)         0.613     7.341    u_soc_top/pll_clk.u_clk_pll/inst/cpu_clk_clk_pll
                         BUFG (Prop_bufg_I_O)         0.077     7.418 r  u_soc_top/pll_clk.u_clk_pll/inst/clkout1_buf/O
                         net (fo=6900, unplaced)      0.439     7.857    u_soc_top/u_axi_sram_direct/cpu_clk
                         FDRE                                         r  u_soc_top/u_axi_sram_direct/wb_q_reg[3][addr][10]/C
                         clock pessimism             -0.496     7.361    
                         clock uncertainty           -0.094     7.266    
                         FDRE (Setup_fdre_C_CE)      -0.165     7.101    u_soc_top/u_axi_sram_direct/wb_q_reg[3][addr][10]
  -------------------------------------------------------------------
                         required time                          7.101    
                         arrival time                          -7.556    
  -------------------------------------------------------------------
                         slack                                 -0.454    

Slack (VIOLATED) :        -0.454ns  (required time - arrival time)
  Source:                 u_soc_top/u_cpu/u_core/reg_ex_mem0_ctrl/data_out_reg[4]/C
                            (rising edge-triggered cell FDRE clocked by cpu_clk  {rise@0.000ns fall@5.000ns period=10.000ns})
  Destination:            u_soc_top/u_axi_sram_direct/wb_q_reg[3][addr][10]/CE
                            (rising edge-triggered cell FDRE clocked by cpu_clk  {rise@0.000ns fall@5.000ns period=10.000ns})
  Path Group:             cpu_clk
  Path Type:              Setup (Max at Slow Process Corner)
  Requirement:            10.000ns  (cpu_clk rise@10.000ns - cpu_clk rise@0.000ns)
  Data Path Delay:        10.050ns  (logic 2.848ns (28.338%)  route 7.202ns (71.662%))
  Logic Levels:           16  (CARRY4=1 LUT2=2 LUT4=3 LUT5=3 LUT6=7)
  Clock Path Skew:        -0.145ns (DCD - SCD + CPR)
    Destination Clock Delay (DCD):    -2.143ns = ( 7.857 - 10.000 ) 
    Source Clock Delay      (SCD):    -2.494ns
    Clock Pessimism Removal (CPR):    -0.496ns
  Clock Uncertainty:      0.094ns  ((TSJ^2 + DJ^2)^1/2) / 2 + PE
    Total System Jitter     (TSJ):    0.071ns
    Discrete Jitter          (DJ):    0.175ns
    Phase Error              (PE):    0.000ns

    Location             Delay type                Incr(ns)  Path(ns)    Netlist Resource(s)
  -------------------------------------------------------------------    -------------------
                         (clock cpu_clk rise edge)    0.000     0.000 r  
    K21                                               0.000     0.000 r  clk_50M (IN)
                         net (fo=0)                   0.000     0.000    u_soc_top/pll_clk.u_clk_pll/inst/clk_in1
    K21                  IBUF (Prop_ibuf_I_O)         1.394     1.394 r  u_soc_top/pll_clk.u_clk_pll/inst/clkin1_ibufg/O
                         net (fo=1, unplaced)         0.584     1.978    u_soc_top/pll_clk.u_clk_pll/inst/clk_in1_clk_pll
                         PLLE2_ADV (Prop_plle2_adv_CLKIN1_CLKOUT0)
                                                     -5.783    -3.805 r  u_soc_top/pll_clk.u_clk_pll/inst/plle2_adv_inst/CLKOUT0
                         net (fo=1, unplaced)         0.646    -3.159    u_soc_top/pll_clk.u_clk_pll/inst/cpu_clk_clk_pll
                         BUFG (Prop_bufg_I_O)         0.081    -3.078 r  u_soc_top/pll_clk.u_clk_pll/inst/clkout1_buf/O
                         net (fo=6900, unplaced)      0.584    -2.494    u_soc_top/u_cpu/u_core/reg_ex_mem0_ctrl/cpu_clk
                         FDRE                                         r  u_soc_top/u_cpu/u_core/reg_ex_mem0_ctrl/data_out_reg[4]/C
  -------------------------------------------------------------------    -------------------
                         FDRE (Prop_fdre_C_Q)         0.379    -2.115 f  u_soc_top/u_cpu/u_core/reg_ex_mem0_ctrl/data_out_reg[4]/Q
                         net (fo=129, unplaced)       0.705    -1.410    u_soc_top/u_cpu/u_core/reg_ex_mem0_ctrl/data_out_reg[4]_0[0]
                         LUT5 (Prop_lut5_I2_O)        0.251    -1.159 r  u_soc_top/u_cpu/u_core/reg_ex_mem0_ctrl/r_addr[21]_i_14/O
                         net (fo=3, unplaced)         0.365    -0.794    u_soc_top/u_cpu/u_core/reg_ex_mem0_ctrl/r_addr[21]_i_14_n_0
                         LUT6 (Prop_lut6_I5_O)        0.105    -0.689 f  u_soc_top/u_cpu/u_core/reg_ex_mem0_ctrl/r_addr[21]_i_7/O
                         net (fo=70, unplaced)        0.438    -0.251    u_soc_top/u_cpu/u_core/reg_ex_mem0_ctrl/data_out_reg[6]_0
                         LUT5 (Prop_lut5_I4_O)        0.105    -0.146 f  u_soc_top/u_cpu/u_core/reg_ex_mem0_ctrl/r_addr[21]_i_9/O
                         net (fo=34, unplaced)        0.540     0.394    u_soc_top/u_cpu/u_arbiter/ram_reg_0_3_30_35_i_1
                         LUT4 (Prop_lut4_I2_O)        0.108     0.502 r  u_soc_top/u_cpu/u_arbiter/ram_reg_0_3_30_35_i_8/O
                         net (fo=1, unplaced)         0.490     0.992    u_soc_top/u_cpu/u_core/reg_ex_mem0_ctrl/_zz_ram_port1_reg[31]_0
                         LUT6 (Prop_lut6_I1_O)        0.267     1.259 f  u_soc_top/u_cpu/u_core/reg_ex_mem0_ctrl/ram_reg_0_3_30_35_i_2/O
                         net (fo=10, unplaced)        0.384     1.643    u_soc_top/u_axi_sram_direct/cpu_araddr[28]
                         LUT6 (Prop_lut6_I5_O)        0.105     1.748 f  u_soc_top/u_axi_sram_direct/wb_cover_line_r[15]_i_190/O
                         net (fo=2, unplaced)         0.358     2.106    u_soc_top/u_axi_sram_direct/wb_cover_line_r[15]_i_190_n_0
                         LUT5 (Prop_lut5_I4_O)        0.105     2.211 f  u_soc_top/u_axi_sram_direct/ram_addr_out_r[19]_i_47/O
                         net (fo=1, unplaced)         0.000     2.211    u_soc_top/u_axi_sram_direct/ram_addr_out_r[19]_i_47_n_0
                         CARRY4 (Prop_carry4_S[1]_CO[1])
                                                      0.408     2.619 r  u_soc_top/u_axi_sram_direct/ram_addr_out_r_reg[19]_i_28/CO[1]
                         net (fo=2, unplaced)         0.251     2.870    u_soc_top/u_axi_sram_direct/wb_cover_ar19_out
                         LUT2 (Prop_lut2_I0_O)        0.280     3.150 f  u_soc_top/u_axi_sram_direct/ram_addr_out_r[19]_i_17/O
                         net (fo=7, unplaced)         0.382     3.532    u_soc_top/u_axi_sram_direct/ram_addr_out_r[19]_i_17_n_0
                         LUT4 (Prop_lut4_I2_O)        0.105     3.637 r  u_soc_top/u_axi_sram_direct/r_addr[21]_i_21/O
                         net (fo=2, unplaced)         0.593     4.230    u_soc_top/u_axi_sram_direct/r_addr[21]_i_21_n_0
                         LUT6 (Prop_lut6_I0_O)        0.105     4.335 f  u_soc_top/u_axi_sram_direct/r_addr[21]_i_16/O
                         net (fo=1, unplaced)         0.938     5.273    u_soc_top/u_axi_sram_direct/r_addr[21]_i_16_n_0
                         LUT6 (Prop_lut6_I0_O)        0.105     5.378 f  u_soc_top/u_axi_sram_direct/r_addr[21]_i_12/O
                         net (fo=4, unplaced)         0.371     5.749    u_soc_top/u_axi_sram_direct/r_addr[21]_i_12_n_0
                         LUT6 (Prop_lut6_I2_O)        0.105     5.854 r  u_soc_top/u_axi_sram_direct/ram_reg_0_7_36_36_i_2/O
                         net (fo=12, unplaced)        0.281     6.135    u_soc_top/u_cpu/u_arbiter/wbeat_cnt_reg[1]_0
                         LUT6 (Prop_lut6_I2_O)        0.105     6.240 r  u_soc_top/u_cpu/u_arbiter/w_mmio_i_3/O
                         net (fo=4, unplaced)         0.249     6.489    u_soc_top/u_cpu/u_core/reg_ex_mem0_ctrl/wb_tail_reg[0]_7
                         LUT2 (Prop_lut2_I1_O)        0.105     6.594 f  u_soc_top/u_cpu/u_core/reg_ex_mem0_ctrl/wb_tail[2]_i_2/O
                         net (fo=21, unplaced)        0.402     6.996    u_soc_top/u_axi_sram_direct/wb_tail0
                         LUT4 (Prop_lut4_I0_O)        0.105     7.101 f  u_soc_top/u_axi_sram_direct/wb_q[3][be][3]_i_1/O
                         net (fo=66, unplaced)        0.455     7.556    u_soc_top/u_axi_sram_direct/wb_q[3][be][3]_i_1_n_0
                         FDRE                                         f  u_soc_top/u_axi_sram_direct/wb_q_reg[3][addr][10]/CE
  -------------------------------------------------------------------    -------------------

                         (clock cpu_clk rise edge)   10.000    10.000 r  
    K21                                               0.000    10.000 r  clk_50M (IN)
                         net (fo=0)                   0.000    10.000    u_soc_top/pll_clk.u_clk_pll/inst/clk_in1
    K21                  IBUF (Prop_ibuf_I_O)         1.328    11.328 r  u_soc_top/pll_clk.u_clk_pll/inst/clkin1_ibufg/O
                         net (fo=1, unplaced)         0.439    11.767    u_soc_top/pll_clk.u_clk_pll/inst/clk_in1_clk_pll
                         PLLE2_ADV (Prop_plle2_adv_CLKIN1_CLKOUT0)
                                                     -5.039     6.728 r  u_soc_top/pll_clk.u_clk_pll/inst/plle2_adv_inst/CLKOUT0
                         net (fo=1, unplaced)         0.613     7.341    u_soc_top/pll_clk.u_clk_pll/inst/cpu_clk_clk_pll
                         BUFG (Prop_bufg_I_O)         0.077     7.418 r  u_soc_top/pll_clk.u_clk_pll/inst/clkout1_buf/O
                         net (fo=6900, unplaced)      0.439     7.857    u_soc_top/u_axi_sram_direct/cpu_clk
                         FDRE                                         r  u_soc_top/u_axi_sram_direct/wb_q_reg[3][addr][10]/C
                         clock pessimism             -0.496     7.361    
                         clock uncertainty           -0.094     7.266    
                         FDRE (Setup_fdre_C_CE)      -0.165     7.101    u_soc_top/u_axi_sram_direct/wb_q_reg[3][addr][10]
  -------------------------------------------------------------------
                         required time                          7.101    
                         arrival time                          -7.556    
  -------------------------------------------------------------------
                         slack                                 -0.454    

Slack (VIOLATED) :        -0.454ns  (required time - arrival time)
  Source:                 u_soc_top/u_cpu/u_core/reg_ex_mem0_ctrl/data_out_reg[4]/C
                            (rising edge-triggered cell FDRE clocked by cpu_clk  {rise@0.000ns fall@5.000ns period=10.000ns})
  Destination:            u_soc_top/u_axi_sram_direct/wb_q_reg[3][addr][11]/CE
                            (rising edge-triggered cell FDRE clocked by cpu_clk  {rise@0.000ns fall@5.000ns period=10.000ns})
  Path Group:             cpu_clk
  Path Type:              Setup (Max at Slow Process Corner)
  Requirement:            10.000ns  (cpu_clk rise@10.000ns - cpu_clk rise@0.000ns)
  Data Path Delay:        10.050ns  (logic 2.848ns (28.338%)  route 7.202ns (71.662%))
  Logic Levels:           16  (CARRY4=1 LUT2=2 LUT4=3 LUT5=3 LUT6=7)
  Clock Path Skew:        -0.145ns (DCD - SCD + CPR)
    Destination Clock Delay (DCD):    -2.143ns = ( 7.857 - 10.000 ) 
    Source Clock Delay      (SCD):    -2.494ns
    Clock Pessimism Removal (CPR):    -0.496ns
  Clock Uncertainty:      0.094ns  ((TSJ^2 + DJ^2)^1/2) / 2 + PE
    Total System Jitter     (TSJ):    0.071ns
    Discrete Jitter          (DJ):    0.175ns
    Phase Error              (PE):    0.000ns

    Location             Delay type                Incr(ns)  Path(ns)    Netlist Resource(s)
  -------------------------------------------------------------------    -------------------
                         (clock cpu_clk rise edge)    0.000     0.000 r  
    K21                                               0.000     0.000 r  clk_50M (IN)
                         net (fo=0)                   0.000     0.000    u_soc_top/pll_clk.u_clk_pll/inst/clk_in1
    K21                  IBUF (Prop_ibuf_I_O)         1.394     1.394 r  u_soc_top/pll_clk.u_clk_pll/inst/clkin1_ibufg/O
                         net (fo=1, unplaced)         0.584     1.978    u_soc_top/pll_clk.u_clk_pll/inst/clk_in1_clk_pll
                         PLLE2_ADV (Prop_plle2_adv_CLKIN1_CLKOUT0)
                                                     -5.783    -3.805 r  u_soc_top/pll_clk.u_clk_pll/inst/plle2_adv_inst/CLKOUT0
                         net (fo=1, unplaced)         0.646    -3.159    u_soc_top/pll_clk.u_clk_pll/inst/cpu_clk_clk_pll
                         BUFG (Prop_bufg_I_O)         0.081    -3.078 r  u_soc_top/pll_clk.u_clk_pll/inst/clkout1_buf/O
                         net (fo=6900, unplaced)      0.584    -2.494    u_soc_top/u_cpu/u_core/reg_ex_mem0_ctrl/cpu_clk
                         FDRE                                         r  u_soc_top/u_cpu/u_core/reg_ex_mem0_ctrl/data_out_reg[4]/C
  -------------------------------------------------------------------    -------------------
                         FDRE (Prop_fdre_C_Q)         0.379    -2.115 r  u_soc_top/u_cpu/u_core/reg_ex_mem0_ctrl/data_out_reg[4]/Q
                         net (fo=129, unplaced)       0.705    -1.410    u_soc_top/u_cpu/u_core/reg_ex_mem0_ctrl/data_out_reg[4]_0[0]
                         LUT5 (Prop_lut5_I2_O)        0.251    -1.159 f  u_soc_top/u_cpu/u_core/reg_ex_mem0_ctrl/r_addr[21]_i_14/O
                         net (fo=3, unplaced)         0.365    -0.794    u_soc_top/u_cpu/u_core/reg_ex_mem0_ctrl/r_addr[21]_i_14_n_0
                         LUT6 (Prop_lut6_I5_O)        0.105    -0.689 r  u_soc_top/u_cpu/u_core/reg_ex_mem0_ctrl/r_addr[21]_i_7/O
                         net (fo=70, unplaced)        0.438    -0.251    u_soc_top/u_cpu/u_core/reg_ex_mem0_ctrl/data_out_reg[6]_0
                         LUT5 (Prop_lut5_I4_O)        0.105    -0.146 r  u_soc_top/u_cpu/u_core/reg_ex_mem0_ctrl/r_addr[21]_i_9/O
                         net (fo=34, unplaced)        0.540     0.394    u_soc_top/u_cpu/u_arbiter/ram_reg_0_3_30_35_i_1
                         LUT4 (Prop_lut4_I2_O)        0.108     0.502 f  u_soc_top/u_cpu/u_arbiter/ram_reg_0_3_30_35_i_8/O
                         net (fo=1, unplaced)         0.490     0.992    u_soc_top/u_cpu/u_core/reg_ex_mem0_ctrl/_zz_ram_port1_reg[31]_0
                         LUT6 (Prop_lut6_I1_O)        0.267     1.259 r  u_soc_top/u_cpu/u_core/reg_ex_mem0_ctrl/ram_reg_0_3_30_35_i_2/O
                         net (fo=10, unplaced)        0.384     1.643    u_soc_top/u_axi_sram_direct/cpu_araddr[28]
                         LUT6 (Prop_lut6_I5_O)        0.105     1.748 r  u_soc_top/u_axi_sram_direct/wb_cover_line_r[15]_i_190/O
                         net (fo=2, unplaced)         0.358     2.106    u_soc_top/u_axi_sram_direct/wb_cover_line_r[15]_i_190_n_0
                         LUT5 (Prop_lut5_I4_O)        0.105     2.211 r  u_soc_top/u_axi_sram_direct/ram_addr_out_r[19]_i_47/O
                         net (fo=1, unplaced)         0.000     2.211    u_soc_top/u_axi_sram_direct/ram_addr_out_r[19]_i_47_n_0
                         CARRY4 (Prop_carry4_S[1]_CO[1])
                                                      0.408     2.619 f  u_soc_top/u_axi_sram_direct/ram_addr_out_r_reg[19]_i_28/CO[1]
                         net (fo=2, unplaced)         0.251     2.870    u_soc_top/u_axi_sram_direct/wb_cover_ar19_out
                         LUT2 (Prop_lut2_I0_O)        0.280     3.150 r  u_soc_top/u_axi_sram_direct/ram_addr_out_r[19]_i_17/O
                         net (fo=7, unplaced)         0.382     3.532    u_soc_top/u_axi_sram_direct/ram_addr_out_r[19]_i_17_n_0
                         LUT4 (Prop_lut4_I2_O)        0.105     3.637 f  u_soc_top/u_axi_sram_direct/r_addr[21]_i_21/O
                         net (fo=2, unplaced)         0.593     4.230    u_soc_top/u_axi_sram_direct/r_addr[21]_i_21_n_0
                         LUT6 (Prop_lut6_I0_O)        0.105     4.335 r  u_soc_top/u_axi_sram_direct/r_addr[21]_i_16/O
                         net (fo=1, unplaced)         0.938     5.273    u_soc_top/u_axi_sram_direct/r_addr[21]_i_16_n_0
                         LUT6 (Prop_lut6_I0_O)        0.105     5.378 r  u_soc_top/u_axi_sram_direct/r_addr[21]_i_12/O
                         net (fo=4, unplaced)         0.371     5.749    u_soc_top/u_axi_sram_direct/r_addr[21]_i_12_n_0
                         LUT6 (Prop_lut6_I2_O)        0.105     5.854 f  u_soc_top/u_axi_sram_direct/ram_reg_0_7_36_36_i_2/O
                         net (fo=12, unplaced)        0.281     6.135    u_soc_top/u_cpu/u_arbiter/wbeat_cnt_reg[1]_0
                         LUT6 (Prop_lut6_I2_O)        0.105     6.240 f  u_soc_top/u_cpu/u_arbiter/w_mmio_i_3/O
                         net (fo=4, unplaced)         0.249     6.489    u_soc_top/u_cpu/u_core/reg_ex_mem0_ctrl/wb_tail_reg[0]_7
                         LUT2 (Prop_lut2_I1_O)        0.105     6.594 r  u_soc_top/u_cpu/u_core/reg_ex_mem0_ctrl/wb_tail[2]_i_2/O
                         net (fo=21, unplaced)        0.402     6.996    u_soc_top/u_axi_sram_direct/wb_tail0
                         LUT4 (Prop_lut4_I0_O)        0.105     7.101 r  u_soc_top/u_axi_sram_direct/wb_q[3][be][3]_i_1/O
                         net (fo=66, unplaced)        0.455     7.556    u_soc_top/u_axi_sram_direct/wb_q[3][be][3]_i_1_n_0
                         FDRE                                         r  u_soc_top/u_axi_sram_direct/wb_q_reg[3][addr][11]/CE
  -------------------------------------------------------------------    -------------------

                         (clock cpu_clk rise edge)   10.000    10.000 r  
    K21                                               0.000    10.000 r  clk_50M (IN)
                         net (fo=0)                   0.000    10.000    u_soc_top/pll_clk.u_clk_pll/inst/clk_in1
    K21                  IBUF (Prop_ibuf_I_O)         1.328    11.328 r  u_soc_top/pll_clk.u_clk_pll/inst/clkin1_ibufg/O
                         net (fo=1, unplaced)         0.439    11.767    u_soc_top/pll_clk.u_clk_pll/inst/clk_in1_clk_pll
                         PLLE2_ADV (Prop_plle2_adv_CLKIN1_CLKOUT0)
                                                     -5.039     6.728 r  u_soc_top/pll_clk.u_clk_pll/inst/plle2_adv_inst/CLKOUT0
                         net (fo=1, unplaced)         0.613     7.341    u_soc_top/pll_clk.u_clk_pll/inst/cpu_clk_clk_pll
                         BUFG (Prop_bufg_I_O)         0.077     7.418 r  u_soc_top/pll_clk.u_clk_pll/inst/clkout1_buf/O
                         net (fo=6900, unplaced)      0.439     7.857    u_soc_top/u_axi_sram_direct/cpu_clk
                         FDRE                                         r  u_soc_top/u_axi_sram_direct/wb_q_reg[3][addr][11]/C
                         clock pessimism             -0.496     7.361    
                         clock uncertainty           -0.094     7.266    
                         FDRE (Setup_fdre_C_CE)      -0.165     7.101    u_soc_top/u_axi_sram_direct/wb_q_reg[3][addr][11]
  -------------------------------------------------------------------
                         required time                          7.101    
                         arrival time                          -7.556    
  -------------------------------------------------------------------
                         slack                                 -0.454    

Slack (VIOLATED) :        -0.454ns  (required time - arrival time)
  Source:                 u_soc_top/u_cpu/u_core/reg_ex_mem0_ctrl/data_out_reg[4]/C
                            (rising edge-triggered cell FDRE clocked by cpu_clk  {rise@0.000ns fall@5.000ns period=10.000ns})
  Destination:            u_soc_top/u_axi_sram_direct/wb_q_reg[3][addr][11]/CE
                            (rising edge-triggered cell FDRE clocked by cpu_clk  {rise@0.000ns fall@5.000ns period=10.000ns})
  Path Group:             cpu_clk
  Path Type:              Setup (Max at Slow Process Corner)
  Requirement:            10.000ns  (cpu_clk rise@10.000ns - cpu_clk rise@0.000ns)
  Data Path Delay:        10.050ns  (logic 2.848ns (28.338%)  route 7.202ns (71.662%))
  Logic Levels:           16  (CARRY4=1 LUT2=2 LUT4=3 LUT5=3 LUT6=7)
  Clock Path Skew:        -0.145ns (DCD - SCD + CPR)
    Destination Clock Delay (DCD):    -2.143ns = ( 7.857 - 10.000 ) 
    Source Clock Delay      (SCD):    -2.494ns
    Clock Pessimism Removal (CPR):    -0.496ns
  Clock Uncertainty:      0.094ns  ((TSJ^2 + DJ^2)^1/2) / 2 + PE
    Total System Jitter     (TSJ):    0.071ns
    Discrete Jitter          (DJ):    0.175ns
    Phase Error              (PE):    0.000ns

    Location             Delay type                Incr(ns)  Path(ns)    Netlist Resource(s)
  -------------------------------------------------------------------    -------------------
                         (clock cpu_clk rise edge)    0.000     0.000 r  
    K21                                               0.000     0.000 r  clk_50M (IN)
                         net (fo=0)                   0.000     0.000    u_soc_top/pll_clk.u_clk_pll/inst/clk_in1
    K21                  IBUF (Prop_ibuf_I_O)         1.394     1.394 r  u_soc_top/pll_clk.u_clk_pll/inst/clkin1_ibufg/O
                         net (fo=1, unplaced)         0.584     1.978    u_soc_top/pll_clk.u_clk_pll/inst/clk_in1_clk_pll
                         PLLE2_ADV (Prop_plle2_adv_CLKIN1_CLKOUT0)
                                                     -5.783    -3.805 r  u_soc_top/pll_clk.u_clk_pll/inst/plle2_adv_inst/CLKOUT0
                         net (fo=1, unplaced)         0.646    -3.159    u_soc_top/pll_clk.u_clk_pll/inst/cpu_clk_clk_pll
                         BUFG (Prop_bufg_I_O)         0.081    -3.078 r  u_soc_top/pll_clk.u_clk_pll/inst/clkout1_buf/O
                         net (fo=6900, unplaced)      0.584    -2.494    u_soc_top/u_cpu/u_core/reg_ex_mem0_ctrl/cpu_clk
                         FDRE                                         r  u_soc_top/u_cpu/u_core/reg_ex_mem0_ctrl/data_out_reg[4]/C
  -------------------------------------------------------------------    -------------------
                         FDRE (Prop_fdre_C_Q)         0.379    -2.115 f  u_soc_top/u_cpu/u_core/reg_ex_mem0_ctrl/data_out_reg[4]/Q
                         net (fo=129, unplaced)       0.705    -1.410    u_soc_top/u_cpu/u_core/reg_ex_mem0_ctrl/data_out_reg[4]_0[0]
                         LUT5 (Prop_lut5_I2_O)        0.251    -1.159 r  u_soc_top/u_cpu/u_core/reg_ex_mem0_ctrl/r_addr[21]_i_14/O
                         net (fo=3, unplaced)         0.365    -0.794    u_soc_top/u_cpu/u_core/reg_ex_mem0_ctrl/r_addr[21]_i_14_n_0
                         LUT6 (Prop_lut6_I5_O)        0.105    -0.689 f  u_soc_top/u_cpu/u_core/reg_ex_mem0_ctrl/r_addr[21]_i_7/O
                         net (fo=70, unplaced)        0.438    -0.251    u_soc_top/u_cpu/u_core/reg_ex_mem0_ctrl/data_out_reg[6]_0
                         LUT5 (Prop_lut5_I4_O)        0.105    -0.146 f  u_soc_top/u_cpu/u_core/reg_ex_mem0_ctrl/r_addr[21]_i_9/O
                         net (fo=34, unplaced)        0.540     0.394    u_soc_top/u_cpu/u_arbiter/ram_reg_0_3_30_35_i_1
                         LUT4 (Prop_lut4_I2_O)        0.108     0.502 r  u_soc_top/u_cpu/u_arbiter/ram_reg_0_3_30_35_i_8/O
                         net (fo=1, unplaced)         0.490     0.992    u_soc_top/u_cpu/u_core/reg_ex_mem0_ctrl/_zz_ram_port1_reg[31]_0
                         LUT6 (Prop_lut6_I1_O)        0.267     1.259 f  u_soc_top/u_cpu/u_core/reg_ex_mem0_ctrl/ram_reg_0_3_30_35_i_2/O
                         net (fo=10, unplaced)        0.384     1.643    u_soc_top/u_axi_sram_direct/cpu_araddr[28]
                         LUT6 (Prop_lut6_I5_O)        0.105     1.748 r  u_soc_top/u_axi_sram_direct/wb_cover_line_r[15]_i_190/O
                         net (fo=2, unplaced)         0.358     2.106    u_soc_top/u_axi_sram_direct/wb_cover_line_r[15]_i_190_n_0
                         LUT5 (Prop_lut5_I4_O)        0.105     2.211 r  u_soc_top/u_axi_sram_direct/ram_addr_out_r[19]_i_47/O
                         net (fo=1, unplaced)         0.000     2.211    u_soc_top/u_axi_sram_direct/ram_addr_out_r[19]_i_47_n_0
                         CARRY4 (Prop_carry4_S[1]_CO[1])
                                                      0.408     2.619 f  u_soc_top/u_axi_sram_direct/ram_addr_out_r_reg[19]_i_28/CO[1]
                         net (fo=2, unplaced)         0.251     2.870    u_soc_top/u_axi_sram_direct/wb_cover_ar19_out
                         LUT2 (Prop_lut2_I0_O)        0.280     3.150 r  u_soc_top/u_axi_sram_direct/ram_addr_out_r[19]_i_17/O
                         net (fo=7, unplaced)         0.382     3.532    u_soc_top/u_axi_sram_direct/ram_addr_out_r[19]_i_17_n_0
                         LUT4 (Prop_lut4_I2_O)        0.105     3.637 f  u_soc_top/u_axi_sram_direct/r_addr[21]_i_21/O
                         net (fo=2, unplaced)         0.593     4.230    u_soc_top/u_axi_sram_direct/r_addr[21]_i_21_n_0
                         LUT6 (Prop_lut6_I0_O)        0.105     4.335 r  u_soc_top/u_axi_sram_direct/r_addr[21]_i_16/O
                         net (fo=1, unplaced)         0.938     5.273    u_soc_top/u_axi_sram_direct/r_addr[21]_i_16_n_0
                         LUT6 (Prop_lut6_I0_O)        0.105     5.378 r  u_soc_top/u_axi_sram_direct/r_addr[21]_i_12/O
                         net (fo=4, unplaced)         0.371     5.749    u_soc_top/u_axi_sram_direct/r_addr[21]_i_12_n_0
                         LUT6 (Prop_lut6_I2_O)        0.105     5.854 f  u_soc_top/u_axi_sram_direct/ram_reg_0_7_36_36_i_2/O
                         net (fo=12, unplaced)        0.281     6.135    u_soc_top/u_cpu/u_arbiter/wbeat_cnt_reg[1]_0
                         LUT6 (Prop_lut6_I2_O)        0.105     6.240 f  u_soc_top/u_cpu/u_arbiter/w_mmio_i_3/O
                         net (fo=4, unplaced)         0.249     6.489    u_soc_top/u_cpu/u_core/reg_ex_mem0_ctrl/wb_tail_reg[0]_7
                         LUT2 (Prop_lut2_I1_O)        0.105     6.594 r  u_soc_top/u_cpu/u_core/reg_ex_mem0_ctrl/wb_tail[2]_i_2/O
                         net (fo=21, unplaced)        0.402     6.996    u_soc_top/u_axi_sram_direct/wb_tail0
                         LUT4 (Prop_lut4_I0_O)        0.105     7.101 r  u_soc_top/u_axi_sram_direct/wb_q[3][be][3]_i_1/O
                         net (fo=66, unplaced)        0.455     7.556    u_soc_top/u_axi_sram_direct/wb_q[3][be][3]_i_1_n_0
                         FDRE                                         r  u_soc_top/u_axi_sram_direct/wb_q_reg[3][addr][11]/CE
  -------------------------------------------------------------------    -------------------

                         (clock cpu_clk rise edge)   10.000    10.000 r  
    K21                                               0.000    10.000 r  clk_50M (IN)
                         net (fo=0)                   0.000    10.000    u_soc_top/pll_clk.u_clk_pll/inst/clk_in1
    K21                  IBUF (Prop_ibuf_I_O)         1.328    11.328 r  u_soc_top/pll_clk.u_clk_pll/inst/clkin1_ibufg/O
                         net (fo=1, unplaced)         0.439    11.767    u_soc_top/pll_clk.u_clk_pll/inst/clk_in1_clk_pll
                         PLLE2_ADV (Prop_plle2_adv_CLKIN1_CLKOUT0)
                                                     -5.039     6.728 r  u_soc_top/pll_clk.u_clk_pll/inst/plle2_adv_inst/CLKOUT0
                         net (fo=1, unplaced)         0.613     7.341    u_soc_top/pll_clk.u_clk_pll/inst/cpu_clk_clk_pll
                         BUFG (Prop_bufg_I_O)         0.077     7.418 r  u_soc_top/pll_clk.u_clk_pll/inst/clkout1_buf/O
                         net (fo=6900, unplaced)      0.439     7.857    u_soc_top/u_axi_sram_direct/cpu_clk
                         FDRE                                         r  u_soc_top/u_axi_sram_direct/wb_q_reg[3][addr][11]/C
                         clock pessimism             -0.496     7.361    
                         clock uncertainty           -0.094     7.266    
                         FDRE (Setup_fdre_C_CE)      -0.165     7.101    u_soc_top/u_axi_sram_direct/wb_q_reg[3][addr][11]
  -------------------------------------------------------------------
                         required time                          7.101    
                         arrival time                          -7.556    
  -------------------------------------------------------------------
                         slack                                 -0.454    

Slack (VIOLATED) :        -0.454ns  (required time - arrival time)
  Source:                 u_soc_top/u_cpu/u_core/reg_ex_mem0_ctrl/data_out_reg[4]/C
                            (rising edge-triggered cell FDRE clocked by cpu_clk  {rise@0.000ns fall@5.000ns period=10.000ns})
  Destination:            u_soc_top/u_axi_sram_direct/wb_q_reg[3][addr][11]/CE
                            (rising edge-triggered cell FDRE clocked by cpu_clk  {rise@0.000ns fall@5.000ns period=10.000ns})
  Path Group:             cpu_clk
  Path Type:              Setup (Max at Slow Process Corner)
  Requirement:            10.000ns  (cpu_clk rise@10.000ns - cpu_clk rise@0.000ns)
  Data Path Delay:        10.050ns  (logic 2.848ns (28.338%)  route 7.202ns (71.662%))
  Logic Levels:           16  (CARRY4=1 LUT2=2 LUT4=3 LUT5=3 LUT6=7)
  Clock Path Skew:        -0.145ns (DCD - SCD + CPR)
    Destination Clock Delay (DCD):    -2.143ns = ( 7.857 - 10.000 ) 
    Source Clock Delay      (SCD):    -2.494ns
    Clock Pessimism Removal (CPR):    -0.496ns
  Clock Uncertainty:      0.094ns  ((TSJ^2 + DJ^2)^1/2) / 2 + PE
    Total System Jitter     (TSJ):    0.071ns
    Discrete Jitter          (DJ):    0.175ns
    Phase Error              (PE):    0.000ns

    Location             Delay type                Incr(ns)  Path(ns)    Netlist Resource(s)
  -------------------------------------------------------------------    -------------------
                         (clock cpu_clk rise edge)    0.000     0.000 r  
    K21                                               0.000     0.000 r  clk_50M (IN)
                         net (fo=0)                   0.000     0.000    u_soc_top/pll_clk.u_clk_pll/inst/clk_in1
    K21                  IBUF (Prop_ibuf_I_O)         1.394     1.394 r  u_soc_top/pll_clk.u_clk_pll/inst/clkin1_ibufg/O
                         net (fo=1, unplaced)         0.584     1.978    u_soc_top/pll_clk.u_clk_pll/inst/clk_in1_clk_pll
                         PLLE2_ADV (Prop_plle2_adv_CLKIN1_CLKOUT0)
                                                     -5.783    -3.805 r  u_soc_top/pll_clk.u_clk_pll/inst/plle2_adv_inst/CLKOUT0
                         net (fo=1, unplaced)         0.646    -3.159    u_soc_top/pll_clk.u_clk_pll/inst/cpu_clk_clk_pll
                         BUFG (Prop_bufg_I_O)         0.081    -3.078 r  u_soc_top/pll_clk.u_clk_pll/inst/clkout1_buf/O
                         net (fo=6900, unplaced)      0.584    -2.494    u_soc_top/u_cpu/u_core/reg_ex_mem0_ctrl/cpu_clk
                         FDRE                                         r  u_soc_top/u_cpu/u_core/reg_ex_mem0_ctrl/data_out_reg[4]/C
  -------------------------------------------------------------------    -------------------
                         FDRE (Prop_fdre_C_Q)         0.379    -2.115 r  u_soc_top/u_cpu/u_core/reg_ex_mem0_ctrl/data_out_reg[4]/Q
                         net (fo=129, unplaced)       0.705    -1.410    u_soc_top/u_cpu/u_core/reg_ex_mem0_ctrl/data_out_reg[4]_0[0]
                         LUT5 (Prop_lut5_I2_O)        0.251    -1.159 f  u_soc_top/u_cpu/u_core/reg_ex_mem0_ctrl/r_addr[21]_i_14/O
                         net (fo=3, unplaced)         0.365    -0.794    u_soc_top/u_cpu/u_core/reg_ex_mem0_ctrl/r_addr[21]_i_14_n_0
                         LUT6 (Prop_lut6_I5_O)        0.105    -0.689 r  u_soc_top/u_cpu/u_core/reg_ex_mem0_ctrl/r_addr[21]_i_7/O
                         net (fo=70, unplaced)        0.438    -0.251    u_soc_top/u_cpu/u_core/reg_ex_mem0_ctrl/data_out_reg[6]_0
                         LUT5 (Prop_lut5_I4_O)        0.105    -0.146 r  u_soc_top/u_cpu/u_core/reg_ex_mem0_ctrl/r_addr[21]_i_9/O
                         net (fo=34, unplaced)        0.540     0.394    u_soc_top/u_cpu/u_arbiter/ram_reg_0_3_30_35_i_1
                         LUT4 (Prop_lut4_I2_O)        0.108     0.502 f  u_soc_top/u_cpu/u_arbiter/ram_reg_0_3_30_35_i_8/O
                         net (fo=1, unplaced)         0.490     0.992    u_soc_top/u_cpu/u_core/reg_ex_mem0_ctrl/_zz_ram_port1_reg[31]_0
                         LUT6 (Prop_lut6_I1_O)        0.267     1.259 r  u_soc_top/u_cpu/u_core/reg_ex_mem0_ctrl/ram_reg_0_3_30_35_i_2/O
                         net (fo=10, unplaced)        0.384     1.643    u_soc_top/u_axi_sram_direct/cpu_araddr[28]
                         LUT6 (Prop_lut6_I5_O)        0.105     1.748 f  u_soc_top/u_axi_sram_direct/wb_cover_line_r[15]_i_190/O
                         net (fo=2, unplaced)         0.358     2.106    u_soc_top/u_axi_sram_direct/wb_cover_line_r[15]_i_190_n_0
                         LUT5 (Prop_lut5_I4_O)        0.105     2.211 f  u_soc_top/u_axi_sram_direct/ram_addr_out_r[19]_i_47/O
                         net (fo=1, unplaced)         0.000     2.211    u_soc_top/u_axi_sram_direct/ram_addr_out_r[19]_i_47_n_0
                         CARRY4 (Prop_carry4_S[1]_CO[1])
                                                      0.408     2.619 f  u_soc_top/u_axi_sram_direct/ram_addr_out_r_reg[19]_i_28/CO[1]
                         net (fo=2, unplaced)         0.251     2.870    u_soc_top/u_axi_sram_direct/wb_cover_ar19_out
                         LUT2 (Prop_lut2_I0_O)        0.280     3.150 r  u_soc_top/u_axi_sram_direct/ram_addr_out_r[19]_i_17/O
                         net (fo=7, unplaced)         0.382     3.532    u_soc_top/u_axi_sram_direct/ram_addr_out_r[19]_i_17_n_0
                         LUT4 (Prop_lut4_I2_O)        0.105     3.637 f  u_soc_top/u_axi_sram_direct/r_addr[21]_i_21/O
                         net (fo=2, unplaced)         0.593     4.230    u_soc_top/u_axi_sram_direct/r_addr[21]_i_21_n_0
                         LUT6 (Prop_lut6_I0_O)        0.105     4.335 r  u_soc_top/u_axi_sram_direct/r_addr[21]_i_16/O
                         net (fo=1, unplaced)         0.938     5.273    u_soc_top/u_axi_sram_direct/r_addr[21]_i_16_n_0
                         LUT6 (Prop_lut6_I0_O)        0.105     5.378 r  u_soc_top/u_axi_sram_direct/r_addr[21]_i_12/O
                         net (fo=4, unplaced)         0.371     5.749    u_soc_top/u_axi_sram_direct/r_addr[21]_i_12_n_0
                         LUT6 (Prop_lut6_I2_O)        0.105     5.854 f  u_soc_top/u_axi_sram_direct/ram_reg_0_7_36_36_i_2/O
                         net (fo=12, unplaced)        0.281     6.135    u_soc_top/u_cpu/u_arbiter/wbeat_cnt_reg[1]_0
                         LUT6 (Prop_lut6_I2_O)        0.105     6.240 f  u_soc_top/u_cpu/u_arbiter/w_mmio_i_3/O
                         net (fo=4, unplaced)         0.249     6.489    u_soc_top/u_cpu/u_core/reg_ex_mem0_ctrl/wb_tail_reg[0]_7
                         LUT2 (Prop_lut2_I1_O)        0.105     6.594 r  u_soc_top/u_cpu/u_core/reg_ex_mem0_ctrl/wb_tail[2]_i_2/O
                         net (fo=21, unplaced)        0.402     6.996    u_soc_top/u_axi_sram_direct/wb_tail0
                         LUT4 (Prop_lut4_I0_O)        0.105     7.101 r  u_soc_top/u_axi_sram_direct/wb_q[3][be][3]_i_1/O
                         net (fo=66, unplaced)        0.455     7.556    u_soc_top/u_axi_sram_direct/wb_q[3][be][3]_i_1_n_0
                         FDRE                                         r  u_soc_top/u_axi_sram_direct/wb_q_reg[3][addr][11]/CE
  -------------------------------------------------------------------    -------------------

                         (clock cpu_clk rise edge)   10.000    10.000 r  
    K21                                               0.000    10.000 r  clk_50M (IN)
                         net (fo=0)                   0.000    10.000    u_soc_top/pll_clk.u_clk_pll/inst/clk_in1
    K21                  IBUF (Prop_ibuf_I_O)         1.328    11.328 r  u_soc_top/pll_clk.u_clk_pll/inst/clkin1_ibufg/O
                         net (fo=1, unplaced)         0.439    11.767    u_soc_top/pll_clk.u_clk_pll/inst/clk_in1_clk_pll
                         PLLE2_ADV (Prop_plle2_adv_CLKIN1_CLKOUT0)
                                                     -5.039     6.728 r  u_soc_top/pll_clk.u_clk_pll/inst/plle2_adv_inst/CLKOUT0
                         net (fo=1, unplaced)         0.613     7.341    u_soc_top/pll_clk.u_clk_pll/inst/cpu_clk_clk_pll
                         BUFG (Prop_bufg_I_O)         0.077     7.418 r  u_soc_top/pll_clk.u_clk_pll/inst/clkout1_buf/O
                         net (fo=6900, unplaced)      0.439     7.857    u_soc_top/u_axi_sram_direct/cpu_clk
                         FDRE                                         r  u_soc_top/u_axi_sram_direct/wb_q_reg[3][addr][11]/C
                         clock pessimism             -0.496     7.361    
                         clock uncertainty           -0.094     7.266    
                         FDRE (Setup_fdre_C_CE)      -0.165     7.101    u_soc_top/u_axi_sram_direct/wb_q_reg[3][addr][11]
  -------------------------------------------------------------------
                         required time                          7.101    
                         arrival time                          -7.556    
  -------------------------------------------------------------------
                         slack                                 -0.454    

Slack (VIOLATED) :        -0.454ns  (required time - arrival time)
  Source:                 u_soc_top/u_cpu/u_core/reg_ex_mem0_ctrl/data_out_reg[4]/C
                            (rising edge-triggered cell FDRE clocked by cpu_clk  {rise@0.000ns fall@5.000ns period=10.000ns})
  Destination:            u_soc_top/u_axi_sram_direct/wb_q_reg[3][addr][11]/CE
                            (rising edge-triggered cell FDRE clocked by cpu_clk  {rise@0.000ns fall@5.000ns period=10.000ns})
  Path Group:             cpu_clk
  Path Type:              Setup (Max at Slow Process Corner)
  Requirement:            10.000ns  (cpu_clk rise@10.000ns - cpu_clk rise@0.000ns)
  Data Path Delay:        10.050ns  (logic 2.848ns (28.338%)  route 7.202ns (71.662%))
  Logic Levels:           16  (CARRY4=1 LUT2=2 LUT4=3 LUT5=3 LUT6=7)
  Clock Path Skew:        -0.145ns (DCD - SCD + CPR)
    Destination Clock Delay (DCD):    -2.143ns = ( 7.857 - 10.000 ) 
    Source Clock Delay      (SCD):    -2.494ns
    Clock Pessimism Removal (CPR):    -0.496ns
  Clock Uncertainty:      0.094ns  ((TSJ^2 + DJ^2)^1/2) / 2 + PE
    Total System Jitter     (TSJ):    0.071ns
    Discrete Jitter          (DJ):    0.175ns
    Phase Error              (PE):    0.000ns

    Location             Delay type                Incr(ns)  Path(ns)    Netlist Resource(s)
  -------------------------------------------------------------------    -------------------
                         (clock cpu_clk rise edge)    0.000     0.000 r  
    K21                                               0.000     0.000 r  clk_50M (IN)
                         net (fo=0)                   0.000     0.000    u_soc_top/pll_clk.u_clk_pll/inst/clk_in1
    K21                  IBUF (Prop_ibuf_I_O)         1.394     1.394 r  u_soc_top/pll_clk.u_clk_pll/inst/clkin1_ibufg/O
                         net (fo=1, unplaced)         0.584     1.978    u_soc_top/pll_clk.u_clk_pll/inst/clk_in1_clk_pll
                         PLLE2_ADV (Prop_plle2_adv_CLKIN1_CLKOUT0)
                                                     -5.783    -3.805 r  u_soc_top/pll_clk.u_clk_pll/inst/plle2_adv_inst/CLKOUT0
                         net (fo=1, unplaced)         0.646    -3.159    u_soc_top/pll_clk.u_clk_pll/inst/cpu_clk_clk_pll
                         BUFG (Prop_bufg_I_O)         0.081    -3.078 r  u_soc_top/pll_clk.u_clk_pll/inst/clkout1_buf/O
                         net (fo=6900, unplaced)      0.584    -2.494    u_soc_top/u_cpu/u_core/reg_ex_mem0_ctrl/cpu_clk
                         FDRE                                         r  u_soc_top/u_cpu/u_core/reg_ex_mem0_ctrl/data_out_reg[4]/C
  -------------------------------------------------------------------    -------------------
                         FDRE (Prop_fdre_C_Q)         0.379    -2.115 f  u_soc_top/u_cpu/u_core/reg_ex_mem0_ctrl/data_out_reg[4]/Q
                         net (fo=129, unplaced)       0.705    -1.410    u_soc_top/u_cpu/u_core/reg_ex_mem0_ctrl/data_out_reg[4]_0[0]
                         LUT5 (Prop_lut5_I2_O)        0.251    -1.159 r  u_soc_top/u_cpu/u_core/reg_ex_mem0_ctrl/r_addr[21]_i_14/O
                         net (fo=3, unplaced)         0.365    -0.794    u_soc_top/u_cpu/u_core/reg_ex_mem0_ctrl/r_addr[21]_i_14_n_0
                         LUT6 (Prop_lut6_I5_O)        0.105    -0.689 f  u_soc_top/u_cpu/u_core/reg_ex_mem0_ctrl/r_addr[21]_i_7/O
                         net (fo=70, unplaced)        0.438    -0.251    u_soc_top/u_cpu/u_core/reg_ex_mem0_ctrl/data_out_reg[6]_0
                         LUT5 (Prop_lut5_I4_O)        0.105    -0.146 f  u_soc_top/u_cpu/u_core/reg_ex_mem0_ctrl/r_addr[21]_i_9/O
                         net (fo=34, unplaced)        0.540     0.394    u_soc_top/u_cpu/u_arbiter/ram_reg_0_3_30_35_i_1
                         LUT4 (Prop_lut4_I2_O)        0.108     0.502 r  u_soc_top/u_cpu/u_arbiter/ram_reg_0_3_30_35_i_8/O
                         net (fo=1, unplaced)         0.490     0.992    u_soc_top/u_cpu/u_core/reg_ex_mem0_ctrl/_zz_ram_port1_reg[31]_0
                         LUT6 (Prop_lut6_I1_O)        0.267     1.259 f  u_soc_top/u_cpu/u_core/reg_ex_mem0_ctrl/ram_reg_0_3_30_35_i_2/O
                         net (fo=10, unplaced)        0.384     1.643    u_soc_top/u_axi_sram_direct/cpu_araddr[28]
                         LUT6 (Prop_lut6_I5_O)        0.105     1.748 f  u_soc_top/u_axi_sram_direct/wb_cover_line_r[15]_i_190/O
                         net (fo=2, unplaced)         0.358     2.106    u_soc_top/u_axi_sram_direct/wb_cover_line_r[15]_i_190_n_0
                         LUT5 (Prop_lut5_I4_O)        0.105     2.211 f  u_soc_top/u_axi_sram_direct/ram_addr_out_r[19]_i_47/O
                         net (fo=1, unplaced)         0.000     2.211    u_soc_top/u_axi_sram_direct/ram_addr_out_r[19]_i_47_n_0
                         CARRY4 (Prop_carry4_S[1]_CO[1])
                                                      0.408     2.619 f  u_soc_top/u_axi_sram_direct/ram_addr_out_r_reg[19]_i_28/CO[1]
                         net (fo=2, unplaced)         0.251     2.870    u_soc_top/u_axi_sram_direct/wb_cover_ar19_out
                         LUT2 (Prop_lut2_I0_O)        0.280     3.150 r  u_soc_top/u_axi_sram_direct/ram_addr_out_r[19]_i_17/O
                         net (fo=7, unplaced)         0.382     3.532    u_soc_top/u_axi_sram_direct/ram_addr_out_r[19]_i_17_n_0
                         LUT4 (Prop_lut4_I2_O)        0.105     3.637 f  u_soc_top/u_axi_sram_direct/r_addr[21]_i_21/O
                         net (fo=2, unplaced)         0.593     4.230    u_soc_top/u_axi_sram_direct/r_addr[21]_i_21_n_0
                         LUT6 (Prop_lut6_I0_O)        0.105     4.335 r  u_soc_top/u_axi_sram_direct/r_addr[21]_i_16/O
                         net (fo=1, unplaced)         0.938     5.273    u_soc_top/u_axi_sram_direct/r_addr[21]_i_16_n_0
                         LUT6 (Prop_lut6_I0_O)        0.105     5.378 r  u_soc_top/u_axi_sram_direct/r_addr[21]_i_12/O
                         net (fo=4, unplaced)         0.371     5.749    u_soc_top/u_axi_sram_direct/r_addr[21]_i_12_n_0
                         LUT6 (Prop_lut6_I2_O)        0.105     5.854 f  u_soc_top/u_axi_sram_direct/ram_reg_0_7_36_36_i_2/O
                         net (fo=12, unplaced)        0.281     6.135    u_soc_top/u_cpu/u_arbiter/wbeat_cnt_reg[1]_0
                         LUT6 (Prop_lut6_I2_O)        0.105     6.240 f  u_soc_top/u_cpu/u_arbiter/w_mmio_i_3/O
                         net (fo=4, unplaced)         0.249     6.489    u_soc_top/u_cpu/u_core/reg_ex_mem0_ctrl/wb_tail_reg[0]_7
                         LUT2 (Prop_lut2_I1_O)        0.105     6.594 r  u_soc_top/u_cpu/u_core/reg_ex_mem0_ctrl/wb_tail[2]_i_2/O
                         net (fo=21, unplaced)        0.402     6.996    u_soc_top/u_axi_sram_direct/wb_tail0
                         LUT4 (Prop_lut4_I0_O)        0.105     7.101 r  u_soc_top/u_axi_sram_direct/wb_q[3][be][3]_i_1/O
                         net (fo=66, unplaced)        0.455     7.556    u_soc_top/u_axi_sram_direct/wb_q[3][be][3]_i_1_n_0
                         FDRE                                         r  u_soc_top/u_axi_sram_direct/wb_q_reg[3][addr][11]/CE
  -------------------------------------------------------------------    -------------------

                         (clock cpu_clk rise edge)   10.000    10.000 r  
    K21                                               0.000    10.000 r  clk_50M (IN)
                         net (fo=0)                   0.000    10.000    u_soc_top/pll_clk.u_clk_pll/inst/clk_in1
    K21                  IBUF (Prop_ibuf_I_O)         1.328    11.328 r  u_soc_top/pll_clk.u_clk_pll/inst/clkin1_ibufg/O
                         net (fo=1, unplaced)         0.439    11.767    u_soc_top/pll_clk.u_clk_pll/inst/clk_in1_clk_pll
                         PLLE2_ADV (Prop_plle2_adv_CLKIN1_CLKOUT0)
                                                     -5.039     6.728 r  u_soc_top/pll_clk.u_clk_pll/inst/plle2_adv_inst/CLKOUT0
                         net (fo=1, unplaced)         0.613     7.341    u_soc_top/pll_clk.u_clk_pll/inst/cpu_clk_clk_pll
                         BUFG (Prop_bufg_I_O)         0.077     7.418 r  u_soc_top/pll_clk.u_clk_pll/inst/clkout1_buf/O
                         net (fo=6900, unplaced)      0.439     7.857    u_soc_top/u_axi_sram_direct/cpu_clk
                         FDRE                                         r  u_soc_top/u_axi_sram_direct/wb_q_reg[3][addr][11]/C
                         clock pessimism             -0.496     7.361    
                         clock uncertainty           -0.094     7.266    
                         FDRE (Setup_fdre_C_CE)      -0.165     7.101    u_soc_top/u_axi_sram_direct/wb_q_reg[3][addr][11]
  -------------------------------------------------------------------
                         required time                          7.101    
                         arrival time                          -7.556    
  -------------------------------------------------------------------
                         slack                                 -0.454    

Slack (VIOLATED) :        -0.454ns  (required time - arrival time)
  Source:                 u_soc_top/u_cpu/u_core/reg_ex_mem0_ctrl/data_out_reg[4]/C
                            (rising edge-triggered cell FDRE clocked by cpu_clk  {rise@0.000ns fall@5.000ns period=10.000ns})
  Destination:            u_soc_top/u_axi_sram_direct/wb_q_reg[3][addr][11]/CE
                            (rising edge-triggered cell FDRE clocked by cpu_clk  {rise@0.000ns fall@5.000ns period=10.000ns})
  Path Group:             cpu_clk
  Path Type:              Setup (Max at Slow Process Corner)
  Requirement:            10.000ns  (cpu_clk rise@10.000ns - cpu_clk rise@0.000ns)
  Data Path Delay:        10.050ns  (logic 2.848ns (28.338%)  route 7.202ns (71.662%))
  Logic Levels:           16  (CARRY4=1 LUT2=2 LUT4=3 LUT5=3 LUT6=7)
  Clock Path Skew:        -0.145ns (DCD - SCD + CPR)
    Destination Clock Delay (DCD):    -2.143ns = ( 7.857 - 10.000 ) 
    Source Clock Delay      (SCD):    -2.494ns
    Clock Pessimism Removal (CPR):    -0.496ns
  Clock Uncertainty:      0.094ns  ((TSJ^2 + DJ^2)^1/2) / 2 + PE
    Total System Jitter     (TSJ):    0.071ns
    Discrete Jitter          (DJ):    0.175ns
    Phase Error              (PE):    0.000ns

    Location             Delay type                Incr(ns)  Path(ns)    Netlist Resource(s)
  -------------------------------------------------------------------    -------------------
                         (clock cpu_clk rise edge)    0.000     0.000 r  
    K21                                               0.000     0.000 r  clk_50M (IN)
                         net (fo=0)                   0.000     0.000    u_soc_top/pll_clk.u_clk_pll/inst/clk_in1
    K21                  IBUF (Prop_ibuf_I_O)         1.394     1.394 r  u_soc_top/pll_clk.u_clk_pll/inst/clkin1_ibufg/O
                         net (fo=1, unplaced)         0.584     1.978    u_soc_top/pll_clk.u_clk_pll/inst/clk_in1_clk_pll
                         PLLE2_ADV (Prop_plle2_adv_CLKIN1_CLKOUT0)
                                                     -5.783    -3.805 r  u_soc_top/pll_clk.u_clk_pll/inst/plle2_adv_inst/CLKOUT0
                         net (fo=1, unplaced)         0.646    -3.159    u_soc_top/pll_clk.u_clk_pll/inst/cpu_clk_clk_pll
                         BUFG (Prop_bufg_I_O)         0.081    -3.078 r  u_soc_top/pll_clk.u_clk_pll/inst/clkout1_buf/O
                         net (fo=6900, unplaced)      0.584    -2.494    u_soc_top/u_cpu/u_core/reg_ex_mem0_ctrl/cpu_clk
                         FDRE                                         r  u_soc_top/u_cpu/u_core/reg_ex_mem0_ctrl/data_out_reg[4]/C
  -------------------------------------------------------------------    -------------------
                         FDRE (Prop_fdre_C_Q)         0.379    -2.115 r  u_soc_top/u_cpu/u_core/reg_ex_mem0_ctrl/data_out_reg[4]/Q
                         net (fo=129, unplaced)       0.705    -1.410    u_soc_top/u_cpu/u_core/reg_ex_mem0_ctrl/data_out_reg[4]_0[0]
                         LUT5 (Prop_lut5_I2_O)        0.251    -1.159 f  u_soc_top/u_cpu/u_core/reg_ex_mem0_ctrl/r_addr[21]_i_14/O
                         net (fo=3, unplaced)         0.365    -0.794    u_soc_top/u_cpu/u_core/reg_ex_mem0_ctrl/r_addr[21]_i_14_n_0
                         LUT6 (Prop_lut6_I5_O)        0.105    -0.689 r  u_soc_top/u_cpu/u_core/reg_ex_mem0_ctrl/r_addr[21]_i_7/O
                         net (fo=70, unplaced)        0.438    -0.251    u_soc_top/u_cpu/u_core/reg_ex_mem0_ctrl/data_out_reg[6]_0
                         LUT5 (Prop_lut5_I4_O)        0.105    -0.146 r  u_soc_top/u_cpu/u_core/reg_ex_mem0_ctrl/r_addr[21]_i_9/O
                         net (fo=34, unplaced)        0.540     0.394    u_soc_top/u_cpu/u_arbiter/ram_reg_0_3_30_35_i_1
                         LUT4 (Prop_lut4_I2_O)        0.108     0.502 f  u_soc_top/u_cpu/u_arbiter/ram_reg_0_3_30_35_i_8/O
                         net (fo=1, unplaced)         0.490     0.992    u_soc_top/u_cpu/u_core/reg_ex_mem0_ctrl/_zz_ram_port1_reg[31]_0
                         LUT6 (Prop_lut6_I1_O)        0.267     1.259 r  u_soc_top/u_cpu/u_core/reg_ex_mem0_ctrl/ram_reg_0_3_30_35_i_2/O
                         net (fo=10, unplaced)        0.384     1.643    u_soc_top/u_axi_sram_direct/cpu_araddr[28]
                         LUT6 (Prop_lut6_I5_O)        0.105     1.748 r  u_soc_top/u_axi_sram_direct/wb_cover_line_r[15]_i_190/O
                         net (fo=2, unplaced)         0.358     2.106    u_soc_top/u_axi_sram_direct/wb_cover_line_r[15]_i_190_n_0
                         LUT5 (Prop_lut5_I4_O)        0.105     2.211 r  u_soc_top/u_axi_sram_direct/ram_addr_out_r[19]_i_47/O
                         net (fo=1, unplaced)         0.000     2.211    u_soc_top/u_axi_sram_direct/ram_addr_out_r[19]_i_47_n_0
                         CARRY4 (Prop_carry4_S[1]_CO[1])
                                                      0.408     2.619 r  u_soc_top/u_axi_sram_direct/ram_addr_out_r_reg[19]_i_28/CO[1]
                         net (fo=2, unplaced)         0.251     2.870    u_soc_top/u_axi_sram_direct/wb_cover_ar19_out
                         LUT2 (Prop_lut2_I0_O)        0.280     3.150 f  u_soc_top/u_axi_sram_direct/ram_addr_out_r[19]_i_17/O
                         net (fo=7, unplaced)         0.382     3.532    u_soc_top/u_axi_sram_direct/ram_addr_out_r[19]_i_17_n_0
                         LUT4 (Prop_lut4_I2_O)        0.105     3.637 r  u_soc_top/u_axi_sram_direct/r_addr[21]_i_21/O
                         net (fo=2, unplaced)         0.593     4.230    u_soc_top/u_axi_sram_direct/r_addr[21]_i_21_n_0
                         LUT6 (Prop_lut6_I0_O)        0.105     4.335 f  u_soc_top/u_axi_sram_direct/r_addr[21]_i_16/O
                         net (fo=1, unplaced)         0.938     5.273    u_soc_top/u_axi_sram_direct/r_addr[21]_i_16_n_0
                         LUT6 (Prop_lut6_I0_O)        0.105     5.378 f  u_soc_top/u_axi_sram_direct/r_addr[21]_i_12/O
                         net (fo=4, unplaced)         0.371     5.749    u_soc_top/u_axi_sram_direct/r_addr[21]_i_12_n_0
                         LUT6 (Prop_lut6_I2_O)        0.105     5.854 r  u_soc_top/u_axi_sram_direct/ram_reg_0_7_36_36_i_2/O
                         net (fo=12, unplaced)        0.281     6.135    u_soc_top/u_cpu/u_arbiter/wbeat_cnt_reg[1]_0
                         LUT6 (Prop_lut6_I2_O)        0.105     6.240 r  u_soc_top/u_cpu/u_arbiter/w_mmio_i_3/O
                         net (fo=4, unplaced)         0.249     6.489    u_soc_top/u_cpu/u_core/reg_ex_mem0_ctrl/wb_tail_reg[0]_7
                         LUT2 (Prop_lut2_I1_O)        0.105     6.594 f  u_soc_top/u_cpu/u_core/reg_ex_mem0_ctrl/wb_tail[2]_i_2/O
                         net (fo=21, unplaced)        0.402     6.996    u_soc_top/u_axi_sram_direct/wb_tail0
                         LUT4 (Prop_lut4_I0_O)        0.105     7.101 f  u_soc_top/u_axi_sram_direct/wb_q[3][be][3]_i_1/O
                         net (fo=66, unplaced)        0.455     7.556    u_soc_top/u_axi_sram_direct/wb_q[3][be][3]_i_1_n_0
                         FDRE                                         f  u_soc_top/u_axi_sram_direct/wb_q_reg[3][addr][11]/CE
  -------------------------------------------------------------------    -------------------

                         (clock cpu_clk rise edge)   10.000    10.000 r  
    K21                                               0.000    10.000 r  clk_50M (IN)
                         net (fo=0)                   0.000    10.000    u_soc_top/pll_clk.u_clk_pll/inst/clk_in1
    K21                  IBUF (Prop_ibuf_I_O)         1.328    11.328 r  u_soc_top/pll_clk.u_clk_pll/inst/clkin1_ibufg/O
                         net (fo=1, unplaced)         0.439    11.767    u_soc_top/pll_clk.u_clk_pll/inst/clk_in1_clk_pll
                         PLLE2_ADV (Prop_plle2_adv_CLKIN1_CLKOUT0)
                                                     -5.039     6.728 r  u_soc_top/pll_clk.u_clk_pll/inst/plle2_adv_inst/CLKOUT0
                         net (fo=1, unplaced)         0.613     7.341    u_soc_top/pll_clk.u_clk_pll/inst/cpu_clk_clk_pll
                         BUFG (Prop_bufg_I_O)         0.077     7.418 r  u_soc_top/pll_clk.u_clk_pll/inst/clkout1_buf/O
                         net (fo=6900, unplaced)      0.439     7.857    u_soc_top/u_axi_sram_direct/cpu_clk
                         FDRE                                         r  u_soc_top/u_axi_sram_direct/wb_q_reg[3][addr][11]/C
                         clock pessimism             -0.496     7.361    
                         clock uncertainty           -0.094     7.266    
                         FDRE (Setup_fdre_C_CE)      -0.165     7.101    u_soc_top/u_axi_sram_direct/wb_q_reg[3][addr][11]
  -------------------------------------------------------------------
                         required time                          7.101    
                         arrival time                          -7.556    
  -------------------------------------------------------------------
                         slack                                 -0.454    

Slack (VIOLATED) :        -0.454ns  (required time - arrival time)
  Source:                 u_soc_top/u_cpu/u_core/reg_ex_mem0_ctrl/data_out_reg[4]/C
                            (rising edge-triggered cell FDRE clocked by cpu_clk  {rise@0.000ns fall@5.000ns period=10.000ns})
  Destination:            u_soc_top/u_axi_sram_direct/wb_q_reg[3][addr][11]/CE
                            (rising edge-triggered cell FDRE clocked by cpu_clk  {rise@0.000ns fall@5.000ns period=10.000ns})
  Path Group:             cpu_clk
  Path Type:              Setup (Max at Slow Process Corner)
  Requirement:            10.000ns  (cpu_clk rise@10.000ns - cpu_clk rise@0.000ns)
  Data Path Delay:        10.050ns  (logic 2.848ns (28.338%)  route 7.202ns (71.662%))
  Logic Levels:           16  (CARRY4=1 LUT2=2 LUT4=3 LUT5=3 LUT6=7)
  Clock Path Skew:        -0.145ns (DCD - SCD + CPR)
    Destination Clock Delay (DCD):    -2.143ns = ( 7.857 - 10.000 ) 
    Source Clock Delay      (SCD):    -2.494ns
    Clock Pessimism Removal (CPR):    -0.496ns
  Clock Uncertainty:      0.094ns  ((TSJ^2 + DJ^2)^1/2) / 2 + PE
    Total System Jitter     (TSJ):    0.071ns
    Discrete Jitter          (DJ):    0.175ns
    Phase Error              (PE):    0.000ns

    Location             Delay type                Incr(ns)  Path(ns)    Netlist Resource(s)
  -------------------------------------------------------------------    -------------------
                         (clock cpu_clk rise edge)    0.000     0.000 r  
    K21                                               0.000     0.000 r  clk_50M (IN)
                         net (fo=0)                   0.000     0.000    u_soc_top/pll_clk.u_clk_pll/inst/clk_in1
    K21                  IBUF (Prop_ibuf_I_O)         1.394     1.394 r  u_soc_top/pll_clk.u_clk_pll/inst/clkin1_ibufg/O
                         net (fo=1, unplaced)         0.584     1.978    u_soc_top/pll_clk.u_clk_pll/inst/clk_in1_clk_pll
                         PLLE2_ADV (Prop_plle2_adv_CLKIN1_CLKOUT0)
                                                     -5.783    -3.805 r  u_soc_top/pll_clk.u_clk_pll/inst/plle2_adv_inst/CLKOUT0
                         net (fo=1, unplaced)         0.646    -3.159    u_soc_top/pll_clk.u_clk_pll/inst/cpu_clk_clk_pll
                         BUFG (Prop_bufg_I_O)         0.081    -3.078 r  u_soc_top/pll_clk.u_clk_pll/inst/clkout1_buf/O
                         net (fo=6900, unplaced)      0.584    -2.494    u_soc_top/u_cpu/u_core/reg_ex_mem0_ctrl/cpu_clk
                         FDRE                                         r  u_soc_top/u_cpu/u_core/reg_ex_mem0_ctrl/data_out_reg[4]/C
  -------------------------------------------------------------------    -------------------
                         FDRE (Prop_fdre_C_Q)         0.379    -2.115 f  u_soc_top/u_cpu/u_core/reg_ex_mem0_ctrl/data_out_reg[4]/Q
                         net (fo=129, unplaced)       0.705    -1.410    u_soc_top/u_cpu/u_core/reg_ex_mem0_ctrl/data_out_reg[4]_0[0]
                         LUT5 (Prop_lut5_I2_O)        0.251    -1.159 r  u_soc_top/u_cpu/u_core/reg_ex_mem0_ctrl/r_addr[21]_i_14/O
                         net (fo=3, unplaced)         0.365    -0.794    u_soc_top/u_cpu/u_core/reg_ex_mem0_ctrl/r_addr[21]_i_14_n_0
                         LUT6 (Prop_lut6_I5_O)        0.105    -0.689 f  u_soc_top/u_cpu/u_core/reg_ex_mem0_ctrl/r_addr[21]_i_7/O
                         net (fo=70, unplaced)        0.438    -0.251    u_soc_top/u_cpu/u_core/reg_ex_mem0_ctrl/data_out_reg[6]_0
                         LUT5 (Prop_lut5_I4_O)        0.105    -0.146 f  u_soc_top/u_cpu/u_core/reg_ex_mem0_ctrl/r_addr[21]_i_9/O
                         net (fo=34, unplaced)        0.540     0.394    u_soc_top/u_cpu/u_arbiter/ram_reg_0_3_30_35_i_1
                         LUT4 (Prop_lut4_I2_O)        0.108     0.502 r  u_soc_top/u_cpu/u_arbiter/ram_reg_0_3_30_35_i_8/O
                         net (fo=1, unplaced)         0.490     0.992    u_soc_top/u_cpu/u_core/reg_ex_mem0_ctrl/_zz_ram_port1_reg[31]_0
                         LUT6 (Prop_lut6_I1_O)        0.267     1.259 f  u_soc_top/u_cpu/u_core/reg_ex_mem0_ctrl/ram_reg_0_3_30_35_i_2/O
                         net (fo=10, unplaced)        0.384     1.643    u_soc_top/u_axi_sram_direct/cpu_araddr[28]
                         LUT6 (Prop_lut6_I5_O)        0.105     1.748 r  u_soc_top/u_axi_sram_direct/wb_cover_line_r[15]_i_190/O
                         net (fo=2, unplaced)         0.358     2.106    u_soc_top/u_axi_sram_direct/wb_cover_line_r[15]_i_190_n_0
                         LUT5 (Prop_lut5_I4_O)        0.105     2.211 r  u_soc_top/u_axi_sram_direct/ram_addr_out_r[19]_i_47/O
                         net (fo=1, unplaced)         0.000     2.211    u_soc_top/u_axi_sram_direct/ram_addr_out_r[19]_i_47_n_0
                         CARRY4 (Prop_carry4_S[1]_CO[1])
                                                      0.408     2.619 r  u_soc_top/u_axi_sram_direct/ram_addr_out_r_reg[19]_i_28/CO[1]
                         net (fo=2, unplaced)         0.251     2.870    u_soc_top/u_axi_sram_direct/wb_cover_ar19_out
                         LUT2 (Prop_lut2_I0_O)        0.280     3.150 f  u_soc_top/u_axi_sram_direct/ram_addr_out_r[19]_i_17/O
                         net (fo=7, unplaced)         0.382     3.532    u_soc_top/u_axi_sram_direct/ram_addr_out_r[19]_i_17_n_0
                         LUT4 (Prop_lut4_I2_O)        0.105     3.637 r  u_soc_top/u_axi_sram_direct/r_addr[21]_i_21/O
                         net (fo=2, unplaced)         0.593     4.230    u_soc_top/u_axi_sram_direct/r_addr[21]_i_21_n_0
                         LUT6 (Prop_lut6_I0_O)        0.105     4.335 f  u_soc_top/u_axi_sram_direct/r_addr[21]_i_16/O
                         net (fo=1, unplaced)         0.938     5.273    u_soc_top/u_axi_sram_direct/r_addr[21]_i_16_n_0
                         LUT6 (Prop_lut6_I0_O)        0.105     5.378 f  u_soc_top/u_axi_sram_direct/r_addr[21]_i_12/O
                         net (fo=4, unplaced)         0.371     5.749    u_soc_top/u_axi_sram_direct/r_addr[21]_i_12_n_0
                         LUT6 (Prop_lut6_I2_O)        0.105     5.854 r  u_soc_top/u_axi_sram_direct/ram_reg_0_7_36_36_i_2/O
                         net (fo=12, unplaced)        0.281     6.135    u_soc_top/u_cpu/u_arbiter/wbeat_cnt_reg[1]_0
                         LUT6 (Prop_lut6_I2_O)        0.105     6.240 r  u_soc_top/u_cpu/u_arbiter/w_mmio_i_3/O
                         net (fo=4, unplaced)         0.249     6.489    u_soc_top/u_cpu/u_core/reg_ex_mem0_ctrl/wb_tail_reg[0]_7
                         LUT2 (Prop_lut2_I1_O)        0.105     6.594 f  u_soc_top/u_cpu/u_core/reg_ex_mem0_ctrl/wb_tail[2]_i_2/O
                         net (fo=21, unplaced)        0.402     6.996    u_soc_top/u_axi_sram_direct/wb_tail0
                         LUT4 (Prop_lut4_I0_O)        0.105     7.101 f  u_soc_top/u_axi_sram_direct/wb_q[3][be][3]_i_1/O
                         net (fo=66, unplaced)        0.455     7.556    u_soc_top/u_axi_sram_direct/wb_q[3][be][3]_i_1_n_0
                         FDRE                                         f  u_soc_top/u_axi_sram_direct/wb_q_reg[3][addr][11]/CE
  -------------------------------------------------------------------    -------------------

                         (clock cpu_clk rise edge)   10.000    10.000 r  
    K21                                               0.000    10.000 r  clk_50M (IN)
                         net (fo=0)                   0.000    10.000    u_soc_top/pll_clk.u_clk_pll/inst/clk_in1
    K21                  IBUF (Prop_ibuf_I_O)         1.328    11.328 r  u_soc_top/pll_clk.u_clk_pll/inst/clkin1_ibufg/O
                         net (fo=1, unplaced)         0.439    11.767    u_soc_top/pll_clk.u_clk_pll/inst/clk_in1_clk_pll
                         PLLE2_ADV (Prop_plle2_adv_CLKIN1_CLKOUT0)
                                                     -5.039     6.728 r  u_soc_top/pll_clk.u_clk_pll/inst/plle2_adv_inst/CLKOUT0
                         net (fo=1, unplaced)         0.613     7.341    u_soc_top/pll_clk.u_clk_pll/inst/cpu_clk_clk_pll
                         BUFG (Prop_bufg_I_O)         0.077     7.418 r  u_soc_top/pll_clk.u_clk_pll/inst/clkout1_buf/O
                         net (fo=6900, unplaced)      0.439     7.857    u_soc_top/u_axi_sram_direct/cpu_clk
                         FDRE                                         r  u_soc_top/u_axi_sram_direct/wb_q_reg[3][addr][11]/C
                         clock pessimism             -0.496     7.361    
                         clock uncertainty           -0.094     7.266    
                         FDRE (Setup_fdre_C_CE)      -0.165     7.101    u_soc_top/u_axi_sram_direct/wb_q_reg[3][addr][11]
  -------------------------------------------------------------------
                         required time                          7.101    
                         arrival time                          -7.556    
  -------------------------------------------------------------------
                         slack                                 -0.454    

Slack (VIOLATED) :        -0.454ns  (required time - arrival time)
  Source:                 u_soc_top/u_cpu/u_core/reg_ex_mem0_ctrl/data_out_reg[4]/C
                            (rising edge-triggered cell FDRE clocked by cpu_clk  {rise@0.000ns fall@5.000ns period=10.000ns})
  Destination:            u_soc_top/u_axi_sram_direct/wb_q_reg[3][addr][11]/CE
                            (rising edge-triggered cell FDRE clocked by cpu_clk  {rise@0.000ns fall@5.000ns period=10.000ns})
  Path Group:             cpu_clk
  Path Type:              Setup (Max at Slow Process Corner)
  Requirement:            10.000ns  (cpu_clk rise@10.000ns - cpu_clk rise@0.000ns)
  Data Path Delay:        10.050ns  (logic 2.848ns (28.338%)  route 7.202ns (71.662%))
  Logic Levels:           16  (CARRY4=1 LUT2=2 LUT4=3 LUT5=3 LUT6=7)
  Clock Path Skew:        -0.145ns (DCD - SCD + CPR)
    Destination Clock Delay (DCD):    -2.143ns = ( 7.857 - 10.000 ) 
    Source Clock Delay      (SCD):    -2.494ns
    Clock Pessimism Removal (CPR):    -0.496ns
  Clock Uncertainty:      0.094ns  ((TSJ^2 + DJ^2)^1/2) / 2 + PE
    Total System Jitter     (TSJ):    0.071ns
    Discrete Jitter          (DJ):    0.175ns
    Phase Error              (PE):    0.000ns

    Location             Delay type                Incr(ns)  Path(ns)    Netlist Resource(s)
  -------------------------------------------------------------------    -------------------
                         (clock cpu_clk rise edge)    0.000     0.000 r  
    K21                                               0.000     0.000 r  clk_50M (IN)
                         net (fo=0)                   0.000     0.000    u_soc_top/pll_clk.u_clk_pll/inst/clk_in1
    K21                  IBUF (Prop_ibuf_I_O)         1.394     1.394 r  u_soc_top/pll_clk.u_clk_pll/inst/clkin1_ibufg/O
                         net (fo=1, unplaced)         0.584     1.978    u_soc_top/pll_clk.u_clk_pll/inst/clk_in1_clk_pll
                         PLLE2_ADV (Prop_plle2_adv_CLKIN1_CLKOUT0)
                                                     -5.783    -3.805 r  u_soc_top/pll_clk.u_clk_pll/inst/plle2_adv_inst/CLKOUT0
                         net (fo=1, unplaced)         0.646    -3.159    u_soc_top/pll_clk.u_clk_pll/inst/cpu_clk_clk_pll
                         BUFG (Prop_bufg_I_O)         0.081    -3.078 r  u_soc_top/pll_clk.u_clk_pll/inst/clkout1_buf/O
                         net (fo=6900, unplaced)      0.584    -2.494    u_soc_top/u_cpu/u_core/reg_ex_mem0_ctrl/cpu_clk
                         FDRE                                         r  u_soc_top/u_cpu/u_core/reg_ex_mem0_ctrl/data_out_reg[4]/C
  -------------------------------------------------------------------    -------------------
                         FDRE (Prop_fdre_C_Q)         0.379    -2.115 r  u_soc_top/u_cpu/u_core/reg_ex_mem0_ctrl/data_out_reg[4]/Q
                         net (fo=129, unplaced)       0.705    -1.410    u_soc_top/u_cpu/u_core/reg_ex_mem0_ctrl/data_out_reg[4]_0[0]
                         LUT5 (Prop_lut5_I2_O)        0.251    -1.159 f  u_soc_top/u_cpu/u_core/reg_ex_mem0_ctrl/r_addr[21]_i_14/O
                         net (fo=3, unplaced)         0.365    -0.794    u_soc_top/u_cpu/u_core/reg_ex_mem0_ctrl/r_addr[21]_i_14_n_0
                         LUT6 (Prop_lut6_I5_O)        0.105    -0.689 r  u_soc_top/u_cpu/u_core/reg_ex_mem0_ctrl/r_addr[21]_i_7/O
                         net (fo=70, unplaced)        0.438    -0.251    u_soc_top/u_cpu/u_core/reg_ex_mem0_ctrl/data_out_reg[6]_0
                         LUT5 (Prop_lut5_I4_O)        0.105    -0.146 r  u_soc_top/u_cpu/u_core/reg_ex_mem0_ctrl/r_addr[21]_i_9/O
                         net (fo=34, unplaced)        0.540     0.394    u_soc_top/u_cpu/u_arbiter/ram_reg_0_3_30_35_i_1
                         LUT4 (Prop_lut4_I2_O)        0.108     0.502 f  u_soc_top/u_cpu/u_arbiter/ram_reg_0_3_30_35_i_8/O
                         net (fo=1, unplaced)         0.490     0.992    u_soc_top/u_cpu/u_core/reg_ex_mem0_ctrl/_zz_ram_port1_reg[31]_0
                         LUT6 (Prop_lut6_I1_O)        0.267     1.259 r  u_soc_top/u_cpu/u_core/reg_ex_mem0_ctrl/ram_reg_0_3_30_35_i_2/O
                         net (fo=10, unplaced)        0.384     1.643    u_soc_top/u_axi_sram_direct/cpu_araddr[28]
                         LUT6 (Prop_lut6_I5_O)        0.105     1.748 f  u_soc_top/u_axi_sram_direct/wb_cover_line_r[15]_i_190/O
                         net (fo=2, unplaced)         0.358     2.106    u_soc_top/u_axi_sram_direct/wb_cover_line_r[15]_i_190_n_0
                         LUT5 (Prop_lut5_I4_O)        0.105     2.211 f  u_soc_top/u_axi_sram_direct/ram_addr_out_r[19]_i_47/O
                         net (fo=1, unplaced)         0.000     2.211    u_soc_top/u_axi_sram_direct/ram_addr_out_r[19]_i_47_n_0
                         CARRY4 (Prop_carry4_S[1]_CO[1])
                                                      0.408     2.619 r  u_soc_top/u_axi_sram_direct/ram_addr_out_r_reg[19]_i_28/CO[1]
                         net (fo=2, unplaced)         0.251     2.870    u_soc_top/u_axi_sram_direct/wb_cover_ar19_out
                         LUT2 (Prop_lut2_I0_O)        0.280     3.150 f  u_soc_top/u_axi_sram_direct/ram_addr_out_r[19]_i_17/O
                         net (fo=7, unplaced)         0.382     3.532    u_soc_top/u_axi_sram_direct/ram_addr_out_r[19]_i_17_n_0
                         LUT4 (Prop_lut4_I2_O)        0.105     3.637 r  u_soc_top/u_axi_sram_direct/r_addr[21]_i_21/O
                         net (fo=2, unplaced)         0.593     4.230    u_soc_top/u_axi_sram_direct/r_addr[21]_i_21_n_0
                         LUT6 (Prop_lut6_I0_O)        0.105     4.335 f  u_soc_top/u_axi_sram_direct/r_addr[21]_i_16/O
                         net (fo=1, unplaced)         0.938     5.273    u_soc_top/u_axi_sram_direct/r_addr[21]_i_16_n_0
                         LUT6 (Prop_lut6_I0_O)        0.105     5.378 f  u_soc_top/u_axi_sram_direct/r_addr[21]_i_12/O
                         net (fo=4, unplaced)         0.371     5.749    u_soc_top/u_axi_sram_direct/r_addr[21]_i_12_n_0
                         LUT6 (Prop_lut6_I2_O)        0.105     5.854 r  u_soc_top/u_axi_sram_direct/ram_reg_0_7_36_36_i_2/O
                         net (fo=12, unplaced)        0.281     6.135    u_soc_top/u_cpu/u_arbiter/wbeat_cnt_reg[1]_0
                         LUT6 (Prop_lut6_I2_O)        0.105     6.240 r  u_soc_top/u_cpu/u_arbiter/w_mmio_i_3/O
                         net (fo=4, unplaced)         0.249     6.489    u_soc_top/u_cpu/u_core/reg_ex_mem0_ctrl/wb_tail_reg[0]_7
                         LUT2 (Prop_lut2_I1_O)        0.105     6.594 f  u_soc_top/u_cpu/u_core/reg_ex_mem0_ctrl/wb_tail[2]_i_2/O
                         net (fo=21, unplaced)        0.402     6.996    u_soc_top/u_axi_sram_direct/wb_tail0
                         LUT4 (Prop_lut4_I0_O)        0.105     7.101 f  u_soc_top/u_axi_sram_direct/wb_q[3][be][3]_i_1/O
                         net (fo=66, unplaced)        0.455     7.556    u_soc_top/u_axi_sram_direct/wb_q[3][be][3]_i_1_n_0
                         FDRE                                         f  u_soc_top/u_axi_sram_direct/wb_q_reg[3][addr][11]/CE
  -------------------------------------------------------------------    -------------------

                         (clock cpu_clk rise edge)   10.000    10.000 r  
    K21                                               0.000    10.000 r  clk_50M (IN)
                         net (fo=0)                   0.000    10.000    u_soc_top/pll_clk.u_clk_pll/inst/clk_in1
    K21                  IBUF (Prop_ibuf_I_O)         1.328    11.328 r  u_soc_top/pll_clk.u_clk_pll/inst/clkin1_ibufg/O
                         net (fo=1, unplaced)         0.439    11.767    u_soc_top/pll_clk.u_clk_pll/inst/clk_in1_clk_pll
                         PLLE2_ADV (Prop_plle2_adv_CLKIN1_CLKOUT0)
                                                     -5.039     6.728 r  u_soc_top/pll_clk.u_clk_pll/inst/plle2_adv_inst/CLKOUT0
                         net (fo=1, unplaced)         0.613     7.341    u_soc_top/pll_clk.u_clk_pll/inst/cpu_clk_clk_pll
                         BUFG (Prop_bufg_I_O)         0.077     7.418 r  u_soc_top/pll_clk.u_clk_pll/inst/clkout1_buf/O
                         net (fo=6900, unplaced)      0.439     7.857    u_soc_top/u_axi_sram_direct/cpu_clk
                         FDRE                                         r  u_soc_top/u_axi_sram_direct/wb_q_reg[3][addr][11]/C
                         clock pessimism             -0.496     7.361    
                         clock uncertainty           -0.094     7.266    
                         FDRE (Setup_fdre_C_CE)      -0.165     7.101    u_soc_top/u_axi_sram_direct/wb_q_reg[3][addr][11]
  -------------------------------------------------------------------
                         required time                          7.101    
                         arrival time                          -7.556    
  -------------------------------------------------------------------
                         slack                                 -0.454    

Slack (VIOLATED) :        -0.454ns  (required time - arrival time)
  Source:                 u_soc_top/u_cpu/u_core/reg_ex_mem0_ctrl/data_out_reg[4]/C
                            (rising edge-triggered cell FDRE clocked by cpu_clk  {rise@0.000ns fall@5.000ns period=10.000ns})
  Destination:            u_soc_top/u_axi_sram_direct/wb_q_reg[3][addr][11]/CE
                            (rising edge-triggered cell FDRE clocked by cpu_clk  {rise@0.000ns fall@5.000ns period=10.000ns})
  Path Group:             cpu_clk
  Path Type:              Setup (Max at Slow Process Corner)
  Requirement:            10.000ns  (cpu_clk rise@10.000ns - cpu_clk rise@0.000ns)
  Data Path Delay:        10.050ns  (logic 2.848ns (28.338%)  route 7.202ns (71.662%))
  Logic Levels:           16  (CARRY4=1 LUT2=2 LUT4=3 LUT5=3 LUT6=7)
  Clock Path Skew:        -0.145ns (DCD - SCD + CPR)
    Destination Clock Delay (DCD):    -2.143ns = ( 7.857 - 10.000 ) 
    Source Clock Delay      (SCD):    -2.494ns
    Clock Pessimism Removal (CPR):    -0.496ns
  Clock Uncertainty:      0.094ns  ((TSJ^2 + DJ^2)^1/2) / 2 + PE
    Total System Jitter     (TSJ):    0.071ns
    Discrete Jitter          (DJ):    0.175ns
    Phase Error              (PE):    0.000ns

    Location             Delay type                Incr(ns)  Path(ns)    Netlist Resource(s)
  -------------------------------------------------------------------    -------------------
                         (clock cpu_clk rise edge)    0.000     0.000 r  
    K21                                               0.000     0.000 r  clk_50M (IN)
                         net (fo=0)                   0.000     0.000    u_soc_top/pll_clk.u_clk_pll/inst/clk_in1
    K21                  IBUF (Prop_ibuf_I_O)         1.394     1.394 r  u_soc_top/pll_clk.u_clk_pll/inst/clkin1_ibufg/O
                         net (fo=1, unplaced)         0.584     1.978    u_soc_top/pll_clk.u_clk_pll/inst/clk_in1_clk_pll
                         PLLE2_ADV (Prop_plle2_adv_CLKIN1_CLKOUT0)
                                                     -5.783    -3.805 r  u_soc_top/pll_clk.u_clk_pll/inst/plle2_adv_inst/CLKOUT0
                         net (fo=1, unplaced)         0.646    -3.159    u_soc_top/pll_clk.u_clk_pll/inst/cpu_clk_clk_pll
                         BUFG (Prop_bufg_I_O)         0.081    -3.078 r  u_soc_top/pll_clk.u_clk_pll/inst/clkout1_buf/O
                         net (fo=6900, unplaced)      0.584    -2.494    u_soc_top/u_cpu/u_core/reg_ex_mem0_ctrl/cpu_clk
                         FDRE                                         r  u_soc_top/u_cpu/u_core/reg_ex_mem0_ctrl/data_out_reg[4]/C
  -------------------------------------------------------------------    -------------------
                         FDRE (Prop_fdre_C_Q)         0.379    -2.115 f  u_soc_top/u_cpu/u_core/reg_ex_mem0_ctrl/data_out_reg[4]/Q
                         net (fo=129, unplaced)       0.705    -1.410    u_soc_top/u_cpu/u_core/reg_ex_mem0_ctrl/data_out_reg[4]_0[0]
                         LUT5 (Prop_lut5_I2_O)        0.251    -1.159 r  u_soc_top/u_cpu/u_core/reg_ex_mem0_ctrl/r_addr[21]_i_14/O
                         net (fo=3, unplaced)         0.365    -0.794    u_soc_top/u_cpu/u_core/reg_ex_mem0_ctrl/r_addr[21]_i_14_n_0
                         LUT6 (Prop_lut6_I5_O)        0.105    -0.689 f  u_soc_top/u_cpu/u_core/reg_ex_mem0_ctrl/r_addr[21]_i_7/O
                         net (fo=70, unplaced)        0.438    -0.251    u_soc_top/u_cpu/u_core/reg_ex_mem0_ctrl/data_out_reg[6]_0
                         LUT5 (Prop_lut5_I4_O)        0.105    -0.146 f  u_soc_top/u_cpu/u_core/reg_ex_mem0_ctrl/r_addr[21]_i_9/O
                         net (fo=34, unplaced)        0.540     0.394    u_soc_top/u_cpu/u_arbiter/ram_reg_0_3_30_35_i_1
                         LUT4 (Prop_lut4_I2_O)        0.108     0.502 r  u_soc_top/u_cpu/u_arbiter/ram_reg_0_3_30_35_i_8/O
                         net (fo=1, unplaced)         0.490     0.992    u_soc_top/u_cpu/u_core/reg_ex_mem0_ctrl/_zz_ram_port1_reg[31]_0
                         LUT6 (Prop_lut6_I1_O)        0.267     1.259 f  u_soc_top/u_cpu/u_core/reg_ex_mem0_ctrl/ram_reg_0_3_30_35_i_2/O
                         net (fo=10, unplaced)        0.384     1.643    u_soc_top/u_axi_sram_direct/cpu_araddr[28]
                         LUT6 (Prop_lut6_I5_O)        0.105     1.748 f  u_soc_top/u_axi_sram_direct/wb_cover_line_r[15]_i_190/O
                         net (fo=2, unplaced)         0.358     2.106    u_soc_top/u_axi_sram_direct/wb_cover_line_r[15]_i_190_n_0
                         LUT5 (Prop_lut5_I4_O)        0.105     2.211 f  u_soc_top/u_axi_sram_direct/ram_addr_out_r[19]_i_47/O
                         net (fo=1, unplaced)         0.000     2.211    u_soc_top/u_axi_sram_direct/ram_addr_out_r[19]_i_47_n_0
                         CARRY4 (Prop_carry4_S[1]_CO[1])
                                                      0.408     2.619 r  u_soc_top/u_axi_sram_direct/ram_addr_out_r_reg[19]_i_28/CO[1]
                         net (fo=2, unplaced)         0.251     2.870    u_soc_top/u_axi_sram_direct/wb_cover_ar19_out
                         LUT2 (Prop_lut2_I0_O)        0.280     3.150 f  u_soc_top/u_axi_sram_direct/ram_addr_out_r[19]_i_17/O
                         net (fo=7, unplaced)         0.382     3.532    u_soc_top/u_axi_sram_direct/ram_addr_out_r[19]_i_17_n_0
                         LUT4 (Prop_lut4_I2_O)        0.105     3.637 r  u_soc_top/u_axi_sram_direct/r_addr[21]_i_21/O
                         net (fo=2, unplaced)         0.593     4.230    u_soc_top/u_axi_sram_direct/r_addr[21]_i_21_n_0
                         LUT6 (Prop_lut6_I0_O)        0.105     4.335 f  u_soc_top/u_axi_sram_direct/r_addr[21]_i_16/O
                         net (fo=1, unplaced)         0.938     5.273    u_soc_top/u_axi_sram_direct/r_addr[21]_i_16_n_0
                         LUT6 (Prop_lut6_I0_O)        0.105     5.378 f  u_soc_top/u_axi_sram_direct/r_addr[21]_i_12/O
                         net (fo=4, unplaced)         0.371     5.749    u_soc_top/u_axi_sram_direct/r_addr[21]_i_12_n_0
                         LUT6 (Prop_lut6_I2_O)        0.105     5.854 r  u_soc_top/u_axi_sram_direct/ram_reg_0_7_36_36_i_2/O
                         net (fo=12, unplaced)        0.281     6.135    u_soc_top/u_cpu/u_arbiter/wbeat_cnt_reg[1]_0
                         LUT6 (Prop_lut6_I2_O)        0.105     6.240 r  u_soc_top/u_cpu/u_arbiter/w_mmio_i_3/O
                         net (fo=4, unplaced)         0.249     6.489    u_soc_top/u_cpu/u_core/reg_ex_mem0_ctrl/wb_tail_reg[0]_7
                         LUT2 (Prop_lut2_I1_O)        0.105     6.594 f  u_soc_top/u_cpu/u_core/reg_ex_mem0_ctrl/wb_tail[2]_i_2/O
                         net (fo=21, unplaced)        0.402     6.996    u_soc_top/u_axi_sram_direct/wb_tail0
                         LUT4 (Prop_lut4_I0_O)        0.105     7.101 f  u_soc_top/u_axi_sram_direct/wb_q[3][be][3]_i_1/O
                         net (fo=66, unplaced)        0.455     7.556    u_soc_top/u_axi_sram_direct/wb_q[3][be][3]_i_1_n_0
                         FDRE                                         f  u_soc_top/u_axi_sram_direct/wb_q_reg[3][addr][11]/CE
  -------------------------------------------------------------------    -------------------

                         (clock cpu_clk rise edge)   10.000    10.000 r  
    K21                                               0.000    10.000 r  clk_50M (IN)
                         net (fo=0)                   0.000    10.000    u_soc_top/pll_clk.u_clk_pll/inst/clk_in1
    K21                  IBUF (Prop_ibuf_I_O)         1.328    11.328 r  u_soc_top/pll_clk.u_clk_pll/inst/clkin1_ibufg/O
                         net (fo=1, unplaced)         0.439    11.767    u_soc_top/pll_clk.u_clk_pll/inst/clk_in1_clk_pll
                         PLLE2_ADV (Prop_plle2_adv_CLKIN1_CLKOUT0)
                                                     -5.039     6.728 r  u_soc_top/pll_clk.u_clk_pll/inst/plle2_adv_inst/CLKOUT0
                         net (fo=1, unplaced)         0.613     7.341    u_soc_top/pll_clk.u_clk_pll/inst/cpu_clk_clk_pll
                         BUFG (Prop_bufg_I_O)         0.077     7.418 r  u_soc_top/pll_clk.u_clk_pll/inst/clkout1_buf/O
                         net (fo=6900, unplaced)      0.439     7.857    u_soc_top/u_axi_sram_direct/cpu_clk
                         FDRE                                         r  u_soc_top/u_axi_sram_direct/wb_q_reg[3][addr][11]/C
                         clock pessimism             -0.496     7.361    
                         clock uncertainty           -0.094     7.266    
                         FDRE (Setup_fdre_C_CE)      -0.165     7.101    u_soc_top/u_axi_sram_direct/wb_q_reg[3][addr][11]
  -------------------------------------------------------------------
                         required time                          7.101    
                         arrival time                          -7.556    
  -------------------------------------------------------------------
                         slack                                 -0.454    

Slack (VIOLATED) :        -0.454ns  (required time - arrival time)
  Source:                 u_soc_top/u_cpu/u_core/reg_ex_mem0_ctrl/data_out_reg[4]/C
                            (rising edge-triggered cell FDRE clocked by cpu_clk  {rise@0.000ns fall@5.000ns period=10.000ns})
  Destination:            u_soc_top/u_axi_sram_direct/wb_q_reg[3][addr][12]/CE
                            (rising edge-triggered cell FDRE clocked by cpu_clk  {rise@0.000ns fall@5.000ns period=10.000ns})
  Path Group:             cpu_clk
  Path Type:              Setup (Max at Slow Process Corner)
  Requirement:            10.000ns  (cpu_clk rise@10.000ns - cpu_clk rise@0.000ns)
  Data Path Delay:        10.050ns  (logic 2.848ns (28.338%)  route 7.202ns (71.662%))
  Logic Levels:           16  (CARRY4=1 LUT2=2 LUT4=3 LUT5=3 LUT6=7)
  Clock Path Skew:        -0.145ns (DCD - SCD + CPR)
    Destination Clock Delay (DCD):    -2.143ns = ( 7.857 - 10.000 ) 
    Source Clock Delay      (SCD):    -2.494ns
    Clock Pessimism Removal (CPR):    -0.496ns
  Clock Uncertainty:      0.094ns  ((TSJ^2 + DJ^2)^1/2) / 2 + PE
    Total System Jitter     (TSJ):    0.071ns
    Discrete Jitter          (DJ):    0.175ns
    Phase Error              (PE):    0.000ns

    Location             Delay type                Incr(ns)  Path(ns)    Netlist Resource(s)
  -------------------------------------------------------------------    -------------------
                         (clock cpu_clk rise edge)    0.000     0.000 r  
    K21                                               0.000     0.000 r  clk_50M (IN)
                         net (fo=0)                   0.000     0.000    u_soc_top/pll_clk.u_clk_pll/inst/clk_in1
    K21                  IBUF (Prop_ibuf_I_O)         1.394     1.394 r  u_soc_top/pll_clk.u_clk_pll/inst/clkin1_ibufg/O
                         net (fo=1, unplaced)         0.584     1.978    u_soc_top/pll_clk.u_clk_pll/inst/clk_in1_clk_pll
                         PLLE2_ADV (Prop_plle2_adv_CLKIN1_CLKOUT0)
                                                     -5.783    -3.805 r  u_soc_top/pll_clk.u_clk_pll/inst/plle2_adv_inst/CLKOUT0
                         net (fo=1, unplaced)         0.646    -3.159    u_soc_top/pll_clk.u_clk_pll/inst/cpu_clk_clk_pll
                         BUFG (Prop_bufg_I_O)         0.081    -3.078 r  u_soc_top/pll_clk.u_clk_pll/inst/clkout1_buf/O
                         net (fo=6900, unplaced)      0.584    -2.494    u_soc_top/u_cpu/u_core/reg_ex_mem0_ctrl/cpu_clk
                         FDRE                                         r  u_soc_top/u_cpu/u_core/reg_ex_mem0_ctrl/data_out_reg[4]/C
  -------------------------------------------------------------------    -------------------
                         FDRE (Prop_fdre_C_Q)         0.379    -2.115 r  u_soc_top/u_cpu/u_core/reg_ex_mem0_ctrl/data_out_reg[4]/Q
                         net (fo=129, unplaced)       0.705    -1.410    u_soc_top/u_cpu/u_core/reg_ex_mem0_ctrl/data_out_reg[4]_0[0]
                         LUT5 (Prop_lut5_I2_O)        0.251    -1.159 f  u_soc_top/u_cpu/u_core/reg_ex_mem0_ctrl/r_addr[21]_i_14/O
                         net (fo=3, unplaced)         0.365    -0.794    u_soc_top/u_cpu/u_core/reg_ex_mem0_ctrl/r_addr[21]_i_14_n_0
                         LUT6 (Prop_lut6_I5_O)        0.105    -0.689 r  u_soc_top/u_cpu/u_core/reg_ex_mem0_ctrl/r_addr[21]_i_7/O
                         net (fo=70, unplaced)        0.438    -0.251    u_soc_top/u_cpu/u_core/reg_ex_mem0_ctrl/data_out_reg[6]_0
                         LUT5 (Prop_lut5_I4_O)        0.105    -0.146 r  u_soc_top/u_cpu/u_core/reg_ex_mem0_ctrl/r_addr[21]_i_9/O
                         net (fo=34, unplaced)        0.540     0.394    u_soc_top/u_cpu/u_arbiter/ram_reg_0_3_30_35_i_1
                         LUT4 (Prop_lut4_I2_O)        0.108     0.502 f  u_soc_top/u_cpu/u_arbiter/ram_reg_0_3_30_35_i_8/O
                         net (fo=1, unplaced)         0.490     0.992    u_soc_top/u_cpu/u_core/reg_ex_mem0_ctrl/_zz_ram_port1_reg[31]_0
                         LUT6 (Prop_lut6_I1_O)        0.267     1.259 r  u_soc_top/u_cpu/u_core/reg_ex_mem0_ctrl/ram_reg_0_3_30_35_i_2/O
                         net (fo=10, unplaced)        0.384     1.643    u_soc_top/u_axi_sram_direct/cpu_araddr[28]
                         LUT6 (Prop_lut6_I5_O)        0.105     1.748 r  u_soc_top/u_axi_sram_direct/wb_cover_line_r[15]_i_190/O
                         net (fo=2, unplaced)         0.358     2.106    u_soc_top/u_axi_sram_direct/wb_cover_line_r[15]_i_190_n_0
                         LUT5 (Prop_lut5_I4_O)        0.105     2.211 r  u_soc_top/u_axi_sram_direct/ram_addr_out_r[19]_i_47/O
                         net (fo=1, unplaced)         0.000     2.211    u_soc_top/u_axi_sram_direct/ram_addr_out_r[19]_i_47_n_0
                         CARRY4 (Prop_carry4_S[1]_CO[1])
                                                      0.408     2.619 f  u_soc_top/u_axi_sram_direct/ram_addr_out_r_reg[19]_i_28/CO[1]
                         net (fo=2, unplaced)         0.251     2.870    u_soc_top/u_axi_sram_direct/wb_cover_ar19_out
                         LUT2 (Prop_lut2_I0_O)        0.280     3.150 r  u_soc_top/u_axi_sram_direct/ram_addr_out_r[19]_i_17/O
                         net (fo=7, unplaced)         0.382     3.532    u_soc_top/u_axi_sram_direct/ram_addr_out_r[19]_i_17_n_0
                         LUT4 (Prop_lut4_I2_O)        0.105     3.637 f  u_soc_top/u_axi_sram_direct/r_addr[21]_i_21/O
                         net (fo=2, unplaced)         0.593     4.230    u_soc_top/u_axi_sram_direct/r_addr[21]_i_21_n_0
                         LUT6 (Prop_lut6_I0_O)        0.105     4.335 r  u_soc_top/u_axi_sram_direct/r_addr[21]_i_16/O
                         net (fo=1, unplaced)         0.938     5.273    u_soc_top/u_axi_sram_direct/r_addr[21]_i_16_n_0
                         LUT6 (Prop_lut6_I0_O)        0.105     5.378 r  u_soc_top/u_axi_sram_direct/r_addr[21]_i_12/O
                         net (fo=4, unplaced)         0.371     5.749    u_soc_top/u_axi_sram_direct/r_addr[21]_i_12_n_0
                         LUT6 (Prop_lut6_I2_O)        0.105     5.854 f  u_soc_top/u_axi_sram_direct/ram_reg_0_7_36_36_i_2/O
                         net (fo=12, unplaced)        0.281     6.135    u_soc_top/u_cpu/u_arbiter/wbeat_cnt_reg[1]_0
                         LUT6 (Prop_lut6_I2_O)        0.105     6.240 f  u_soc_top/u_cpu/u_arbiter/w_mmio_i_3/O
                         net (fo=4, unplaced)         0.249     6.489    u_soc_top/u_cpu/u_core/reg_ex_mem0_ctrl/wb_tail_reg[0]_7
                         LUT2 (Prop_lut2_I1_O)        0.105     6.594 r  u_soc_top/u_cpu/u_core/reg_ex_mem0_ctrl/wb_tail[2]_i_2/O
                         net (fo=21, unplaced)        0.402     6.996    u_soc_top/u_axi_sram_direct/wb_tail0
                         LUT4 (Prop_lut4_I0_O)        0.105     7.101 r  u_soc_top/u_axi_sram_direct/wb_q[3][be][3]_i_1/O
                         net (fo=66, unplaced)        0.455     7.556    u_soc_top/u_axi_sram_direct/wb_q[3][be][3]_i_1_n_0
                         FDRE                                         r  u_soc_top/u_axi_sram_direct/wb_q_reg[3][addr][12]/CE
  -------------------------------------------------------------------    -------------------

                         (clock cpu_clk rise edge)   10.000    10.000 r  
    K21                                               0.000    10.000 r  clk_50M (IN)
                         net (fo=0)                   0.000    10.000    u_soc_top/pll_clk.u_clk_pll/inst/clk_in1
    K21                  IBUF (Prop_ibuf_I_O)         1.328    11.328 r  u_soc_top/pll_clk.u_clk_pll/inst/clkin1_ibufg/O
                         net (fo=1, unplaced)         0.439    11.767    u_soc_top/pll_clk.u_clk_pll/inst/clk_in1_clk_pll
                         PLLE2_ADV (Prop_plle2_adv_CLKIN1_CLKOUT0)
                                                     -5.039     6.728 r  u_soc_top/pll_clk.u_clk_pll/inst/plle2_adv_inst/CLKOUT0
                         net (fo=1, unplaced)         0.613     7.341    u_soc_top/pll_clk.u_clk_pll/inst/cpu_clk_clk_pll
                         BUFG (Prop_bufg_I_O)         0.077     7.418 r  u_soc_top/pll_clk.u_clk_pll/inst/clkout1_buf/O
                         net (fo=6900, unplaced)      0.439     7.857    u_soc_top/u_axi_sram_direct/cpu_clk
                         FDRE                                         r  u_soc_top/u_axi_sram_direct/wb_q_reg[3][addr][12]/C
                         clock pessimism             -0.496     7.361    
                         clock uncertainty           -0.094     7.266    
                         FDRE (Setup_fdre_C_CE)      -0.165     7.101    u_soc_top/u_axi_sram_direct/wb_q_reg[3][addr][12]
  -------------------------------------------------------------------
                         required time                          7.101    
                         arrival time                          -7.556    
  -------------------------------------------------------------------
                         slack                                 -0.454    

Slack (VIOLATED) :        -0.454ns  (required time - arrival time)
  Source:                 u_soc_top/u_cpu/u_core/reg_ex_mem0_ctrl/data_out_reg[4]/C
                            (rising edge-triggered cell FDRE clocked by cpu_clk  {rise@0.000ns fall@5.000ns period=10.000ns})
  Destination:            u_soc_top/u_axi_sram_direct/wb_q_reg[3][addr][12]/CE
                            (rising edge-triggered cell FDRE clocked by cpu_clk  {rise@0.000ns fall@5.000ns period=10.000ns})
  Path Group:             cpu_clk
  Path Type:              Setup (Max at Slow Process Corner)
  Requirement:            10.000ns  (cpu_clk rise@10.000ns - cpu_clk rise@0.000ns)
  Data Path Delay:        10.050ns  (logic 2.848ns (28.338%)  route 7.202ns (71.662%))
  Logic Levels:           16  (CARRY4=1 LUT2=2 LUT4=3 LUT5=3 LUT6=7)
  Clock Path Skew:        -0.145ns (DCD - SCD + CPR)
    Destination Clock Delay (DCD):    -2.143ns = ( 7.857 - 10.000 ) 
    Source Clock Delay      (SCD):    -2.494ns
    Clock Pessimism Removal (CPR):    -0.496ns
  Clock Uncertainty:      0.094ns  ((TSJ^2 + DJ^2)^1/2) / 2 + PE
    Total System Jitter     (TSJ):    0.071ns
    Discrete Jitter          (DJ):    0.175ns
    Phase Error              (PE):    0.000ns

    Location             Delay type                Incr(ns)  Path(ns)    Netlist Resource(s)
  -------------------------------------------------------------------    -------------------
                         (clock cpu_clk rise edge)    0.000     0.000 r  
    K21                                               0.000     0.000 r  clk_50M (IN)
                         net (fo=0)                   0.000     0.000    u_soc_top/pll_clk.u_clk_pll/inst/clk_in1
    K21                  IBUF (Prop_ibuf_I_O)         1.394     1.394 r  u_soc_top/pll_clk.u_clk_pll/inst/clkin1_ibufg/O
                         net (fo=1, unplaced)         0.584     1.978    u_soc_top/pll_clk.u_clk_pll/inst/clk_in1_clk_pll
                         PLLE2_ADV (Prop_plle2_adv_CLKIN1_CLKOUT0)
                                                     -5.783    -3.805 r  u_soc_top/pll_clk.u_clk_pll/inst/plle2_adv_inst/CLKOUT0
                         net (fo=1, unplaced)         0.646    -3.159    u_soc_top/pll_clk.u_clk_pll/inst/cpu_clk_clk_pll
                         BUFG (Prop_bufg_I_O)         0.081    -3.078 r  u_soc_top/pll_clk.u_clk_pll/inst/clkout1_buf/O
                         net (fo=6900, unplaced)      0.584    -2.494    u_soc_top/u_cpu/u_core/reg_ex_mem0_ctrl/cpu_clk
                         FDRE                                         r  u_soc_top/u_cpu/u_core/reg_ex_mem0_ctrl/data_out_reg[4]/C
  -------------------------------------------------------------------    -------------------
                         FDRE (Prop_fdre_C_Q)         0.379    -2.115 f  u_soc_top/u_cpu/u_core/reg_ex_mem0_ctrl/data_out_reg[4]/Q
                         net (fo=129, unplaced)       0.705    -1.410    u_soc_top/u_cpu/u_core/reg_ex_mem0_ctrl/data_out_reg[4]_0[0]
                         LUT5 (Prop_lut5_I2_O)        0.251    -1.159 r  u_soc_top/u_cpu/u_core/reg_ex_mem0_ctrl/r_addr[21]_i_14/O
                         net (fo=3, unplaced)         0.365    -0.794    u_soc_top/u_cpu/u_core/reg_ex_mem0_ctrl/r_addr[21]_i_14_n_0
                         LUT6 (Prop_lut6_I5_O)        0.105    -0.689 f  u_soc_top/u_cpu/u_core/reg_ex_mem0_ctrl/r_addr[21]_i_7/O
                         net (fo=70, unplaced)        0.438    -0.251    u_soc_top/u_cpu/u_core/reg_ex_mem0_ctrl/data_out_reg[6]_0
                         LUT5 (Prop_lut5_I4_O)        0.105    -0.146 f  u_soc_top/u_cpu/u_core/reg_ex_mem0_ctrl/r_addr[21]_i_9/O
                         net (fo=34, unplaced)        0.540     0.394    u_soc_top/u_cpu/u_arbiter/ram_reg_0_3_30_35_i_1
                         LUT4 (Prop_lut4_I2_O)        0.108     0.502 r  u_soc_top/u_cpu/u_arbiter/ram_reg_0_3_30_35_i_8/O
                         net (fo=1, unplaced)         0.490     0.992    u_soc_top/u_cpu/u_core/reg_ex_mem0_ctrl/_zz_ram_port1_reg[31]_0
                         LUT6 (Prop_lut6_I1_O)        0.267     1.259 f  u_soc_top/u_cpu/u_core/reg_ex_mem0_ctrl/ram_reg_0_3_30_35_i_2/O
                         net (fo=10, unplaced)        0.384     1.643    u_soc_top/u_axi_sram_direct/cpu_araddr[28]
                         LUT6 (Prop_lut6_I5_O)        0.105     1.748 r  u_soc_top/u_axi_sram_direct/wb_cover_line_r[15]_i_190/O
                         net (fo=2, unplaced)         0.358     2.106    u_soc_top/u_axi_sram_direct/wb_cover_line_r[15]_i_190_n_0
                         LUT5 (Prop_lut5_I4_O)        0.105     2.211 r  u_soc_top/u_axi_sram_direct/ram_addr_out_r[19]_i_47/O
                         net (fo=1, unplaced)         0.000     2.211    u_soc_top/u_axi_sram_direct/ram_addr_out_r[19]_i_47_n_0
                         CARRY4 (Prop_carry4_S[1]_CO[1])
                                                      0.408     2.619 f  u_soc_top/u_axi_sram_direct/ram_addr_out_r_reg[19]_i_28/CO[1]
                         net (fo=2, unplaced)         0.251     2.870    u_soc_top/u_axi_sram_direct/wb_cover_ar19_out
                         LUT2 (Prop_lut2_I0_O)        0.280     3.150 r  u_soc_top/u_axi_sram_direct/ram_addr_out_r[19]_i_17/O
                         net (fo=7, unplaced)         0.382     3.532    u_soc_top/u_axi_sram_direct/ram_addr_out_r[19]_i_17_n_0
                         LUT4 (Prop_lut4_I2_O)        0.105     3.637 f  u_soc_top/u_axi_sram_direct/r_addr[21]_i_21/O
                         net (fo=2, unplaced)         0.593     4.230    u_soc_top/u_axi_sram_direct/r_addr[21]_i_21_n_0
                         LUT6 (Prop_lut6_I0_O)        0.105     4.335 r  u_soc_top/u_axi_sram_direct/r_addr[21]_i_16/O
                         net (fo=1, unplaced)         0.938     5.273    u_soc_top/u_axi_sram_direct/r_addr[21]_i_16_n_0
                         LUT6 (Prop_lut6_I0_O)        0.105     5.378 r  u_soc_top/u_axi_sram_direct/r_addr[21]_i_12/O
                         net (fo=4, unplaced)         0.371     5.749    u_soc_top/u_axi_sram_direct/r_addr[21]_i_12_n_0
                         LUT6 (Prop_lut6_I2_O)        0.105     5.854 f  u_soc_top/u_axi_sram_direct/ram_reg_0_7_36_36_i_2/O
                         net (fo=12, unplaced)        0.281     6.135    u_soc_top/u_cpu/u_arbiter/wbeat_cnt_reg[1]_0
                         LUT6 (Prop_lut6_I2_O)        0.105     6.240 f  u_soc_top/u_cpu/u_arbiter/w_mmio_i_3/O
                         net (fo=4, unplaced)         0.249     6.489    u_soc_top/u_cpu/u_core/reg_ex_mem0_ctrl/wb_tail_reg[0]_7
                         LUT2 (Prop_lut2_I1_O)        0.105     6.594 r  u_soc_top/u_cpu/u_core/reg_ex_mem0_ctrl/wb_tail[2]_i_2/O
                         net (fo=21, unplaced)        0.402     6.996    u_soc_top/u_axi_sram_direct/wb_tail0
                         LUT4 (Prop_lut4_I0_O)        0.105     7.101 r  u_soc_top/u_axi_sram_direct/wb_q[3][be][3]_i_1/O
                         net (fo=66, unplaced)        0.455     7.556    u_soc_top/u_axi_sram_direct/wb_q[3][be][3]_i_1_n_0
                         FDRE                                         r  u_soc_top/u_axi_sram_direct/wb_q_reg[3][addr][12]/CE
  -------------------------------------------------------------------    -------------------

                         (clock cpu_clk rise edge)   10.000    10.000 r  
    K21                                               0.000    10.000 r  clk_50M (IN)
                         net (fo=0)                   0.000    10.000    u_soc_top/pll_clk.u_clk_pll/inst/clk_in1
    K21                  IBUF (Prop_ibuf_I_O)         1.328    11.328 r  u_soc_top/pll_clk.u_clk_pll/inst/clkin1_ibufg/O
                         net (fo=1, unplaced)         0.439    11.767    u_soc_top/pll_clk.u_clk_pll/inst/clk_in1_clk_pll
                         PLLE2_ADV (Prop_plle2_adv_CLKIN1_CLKOUT0)
                                                     -5.039     6.728 r  u_soc_top/pll_clk.u_clk_pll/inst/plle2_adv_inst/CLKOUT0
                         net (fo=1, unplaced)         0.613     7.341    u_soc_top/pll_clk.u_clk_pll/inst/cpu_clk_clk_pll
                         BUFG (Prop_bufg_I_O)         0.077     7.418 r  u_soc_top/pll_clk.u_clk_pll/inst/clkout1_buf/O
                         net (fo=6900, unplaced)      0.439     7.857    u_soc_top/u_axi_sram_direct/cpu_clk
                         FDRE                                         r  u_soc_top/u_axi_sram_direct/wb_q_reg[3][addr][12]/C
                         clock pessimism             -0.496     7.361    
                         clock uncertainty           -0.094     7.266    
                         FDRE (Setup_fdre_C_CE)      -0.165     7.101    u_soc_top/u_axi_sram_direct/wb_q_reg[3][addr][12]
  -------------------------------------------------------------------
                         required time                          7.101    
                         arrival time                          -7.556    
  -------------------------------------------------------------------
                         slack                                 -0.454    

Slack (VIOLATED) :        -0.454ns  (required time - arrival time)
  Source:                 u_soc_top/u_cpu/u_core/reg_ex_mem0_ctrl/data_out_reg[4]/C
                            (rising edge-triggered cell FDRE clocked by cpu_clk  {rise@0.000ns fall@5.000ns period=10.000ns})
  Destination:            u_soc_top/u_axi_sram_direct/wb_q_reg[3][addr][12]/CE
                            (rising edge-triggered cell FDRE clocked by cpu_clk  {rise@0.000ns fall@5.000ns period=10.000ns})
  Path Group:             cpu_clk
  Path Type:              Setup (Max at Slow Process Corner)
  Requirement:            10.000ns  (cpu_clk rise@10.000ns - cpu_clk rise@0.000ns)
  Data Path Delay:        10.050ns  (logic 2.848ns (28.338%)  route 7.202ns (71.662%))
  Logic Levels:           16  (CARRY4=1 LUT2=2 LUT4=3 LUT5=3 LUT6=7)
  Clock Path Skew:        -0.145ns (DCD - SCD + CPR)
    Destination Clock Delay (DCD):    -2.143ns = ( 7.857 - 10.000 ) 
    Source Clock Delay      (SCD):    -2.494ns
    Clock Pessimism Removal (CPR):    -0.496ns
  Clock Uncertainty:      0.094ns  ((TSJ^2 + DJ^2)^1/2) / 2 + PE
    Total System Jitter     (TSJ):    0.071ns
    Discrete Jitter          (DJ):    0.175ns
    Phase Error              (PE):    0.000ns

    Location             Delay type                Incr(ns)  Path(ns)    Netlist Resource(s)
  -------------------------------------------------------------------    -------------------
                         (clock cpu_clk rise edge)    0.000     0.000 r  
    K21                                               0.000     0.000 r  clk_50M (IN)
                         net (fo=0)                   0.000     0.000    u_soc_top/pll_clk.u_clk_pll/inst/clk_in1
    K21                  IBUF (Prop_ibuf_I_O)         1.394     1.394 r  u_soc_top/pll_clk.u_clk_pll/inst/clkin1_ibufg/O
                         net (fo=1, unplaced)         0.584     1.978    u_soc_top/pll_clk.u_clk_pll/inst/clk_in1_clk_pll
                         PLLE2_ADV (Prop_plle2_adv_CLKIN1_CLKOUT0)
                                                     -5.783    -3.805 r  u_soc_top/pll_clk.u_clk_pll/inst/plle2_adv_inst/CLKOUT0
                         net (fo=1, unplaced)         0.646    -3.159    u_soc_top/pll_clk.u_clk_pll/inst/cpu_clk_clk_pll
                         BUFG (Prop_bufg_I_O)         0.081    -3.078 r  u_soc_top/pll_clk.u_clk_pll/inst/clkout1_buf/O
                         net (fo=6900, unplaced)      0.584    -2.494    u_soc_top/u_cpu/u_core/reg_ex_mem0_ctrl/cpu_clk
                         FDRE                                         r  u_soc_top/u_cpu/u_core/reg_ex_mem0_ctrl/data_out_reg[4]/C
  -------------------------------------------------------------------    -------------------
                         FDRE (Prop_fdre_C_Q)         0.379    -2.115 r  u_soc_top/u_cpu/u_core/reg_ex_mem0_ctrl/data_out_reg[4]/Q
                         net (fo=129, unplaced)       0.705    -1.410    u_soc_top/u_cpu/u_core/reg_ex_mem0_ctrl/data_out_reg[4]_0[0]
                         LUT5 (Prop_lut5_I2_O)        0.251    -1.159 f  u_soc_top/u_cpu/u_core/reg_ex_mem0_ctrl/r_addr[21]_i_14/O
                         net (fo=3, unplaced)         0.365    -0.794    u_soc_top/u_cpu/u_core/reg_ex_mem0_ctrl/r_addr[21]_i_14_n_0
                         LUT6 (Prop_lut6_I5_O)        0.105    -0.689 r  u_soc_top/u_cpu/u_core/reg_ex_mem0_ctrl/r_addr[21]_i_7/O
                         net (fo=70, unplaced)        0.438    -0.251    u_soc_top/u_cpu/u_core/reg_ex_mem0_ctrl/data_out_reg[6]_0
                         LUT5 (Prop_lut5_I4_O)        0.105    -0.146 r  u_soc_top/u_cpu/u_core/reg_ex_mem0_ctrl/r_addr[21]_i_9/O
                         net (fo=34, unplaced)        0.540     0.394    u_soc_top/u_cpu/u_arbiter/ram_reg_0_3_30_35_i_1
                         LUT4 (Prop_lut4_I2_O)        0.108     0.502 f  u_soc_top/u_cpu/u_arbiter/ram_reg_0_3_30_35_i_8/O
                         net (fo=1, unplaced)         0.490     0.992    u_soc_top/u_cpu/u_core/reg_ex_mem0_ctrl/_zz_ram_port1_reg[31]_0
                         LUT6 (Prop_lut6_I1_O)        0.267     1.259 r  u_soc_top/u_cpu/u_core/reg_ex_mem0_ctrl/ram_reg_0_3_30_35_i_2/O
                         net (fo=10, unplaced)        0.384     1.643    u_soc_top/u_axi_sram_direct/cpu_araddr[28]
                         LUT6 (Prop_lut6_I5_O)        0.105     1.748 f  u_soc_top/u_axi_sram_direct/wb_cover_line_r[15]_i_190/O
                         net (fo=2, unplaced)         0.358     2.106    u_soc_top/u_axi_sram_direct/wb_cover_line_r[15]_i_190_n_0
                         LUT5 (Prop_lut5_I4_O)        0.105     2.211 f  u_soc_top/u_axi_sram_direct/ram_addr_out_r[19]_i_47/O
                         net (fo=1, unplaced)         0.000     2.211    u_soc_top/u_axi_sram_direct/ram_addr_out_r[19]_i_47_n_0
                         CARRY4 (Prop_carry4_S[1]_CO[1])
                                                      0.408     2.619 f  u_soc_top/u_axi_sram_direct/ram_addr_out_r_reg[19]_i_28/CO[1]
                         net (fo=2, unplaced)         0.251     2.870    u_soc_top/u_axi_sram_direct/wb_cover_ar19_out
                         LUT2 (Prop_lut2_I0_O)        0.280     3.150 r  u_soc_top/u_axi_sram_direct/ram_addr_out_r[19]_i_17/O
                         net (fo=7, unplaced)         0.382     3.532    u_soc_top/u_axi_sram_direct/ram_addr_out_r[19]_i_17_n_0
                         LUT4 (Prop_lut4_I2_O)        0.105     3.637 f  u_soc_top/u_axi_sram_direct/r_addr[21]_i_21/O
                         net (fo=2, unplaced)         0.593     4.230    u_soc_top/u_axi_sram_direct/r_addr[21]_i_21_n_0
                         LUT6 (Prop_lut6_I0_O)        0.105     4.335 r  u_soc_top/u_axi_sram_direct/r_addr[21]_i_16/O
                         net (fo=1, unplaced)         0.938     5.273    u_soc_top/u_axi_sram_direct/r_addr[21]_i_16_n_0
                         LUT6 (Prop_lut6_I0_O)        0.105     5.378 r  u_soc_top/u_axi_sram_direct/r_addr[21]_i_12/O
                         net (fo=4, unplaced)         0.371     5.749    u_soc_top/u_axi_sram_direct/r_addr[21]_i_12_n_0
                         LUT6 (Prop_lut6_I2_O)        0.105     5.854 f  u_soc_top/u_axi_sram_direct/ram_reg_0_7_36_36_i_2/O
                         net (fo=12, unplaced)        0.281     6.135    u_soc_top/u_cpu/u_arbiter/wbeat_cnt_reg[1]_0
                         LUT6 (Prop_lut6_I2_O)        0.105     6.240 f  u_soc_top/u_cpu/u_arbiter/w_mmio_i_3/O
                         net (fo=4, unplaced)         0.249     6.489    u_soc_top/u_cpu/u_core/reg_ex_mem0_ctrl/wb_tail_reg[0]_7
                         LUT2 (Prop_lut2_I1_O)        0.105     6.594 r  u_soc_top/u_cpu/u_core/reg_ex_mem0_ctrl/wb_tail[2]_i_2/O
                         net (fo=21, unplaced)        0.402     6.996    u_soc_top/u_axi_sram_direct/wb_tail0
                         LUT4 (Prop_lut4_I0_O)        0.105     7.101 r  u_soc_top/u_axi_sram_direct/wb_q[3][be][3]_i_1/O
                         net (fo=66, unplaced)        0.455     7.556    u_soc_top/u_axi_sram_direct/wb_q[3][be][3]_i_1_n_0
                         FDRE                                         r  u_soc_top/u_axi_sram_direct/wb_q_reg[3][addr][12]/CE
  -------------------------------------------------------------------    -------------------

                         (clock cpu_clk rise edge)   10.000    10.000 r  
    K21                                               0.000    10.000 r  clk_50M (IN)
                         net (fo=0)                   0.000    10.000    u_soc_top/pll_clk.u_clk_pll/inst/clk_in1
    K21                  IBUF (Prop_ibuf_I_O)         1.328    11.328 r  u_soc_top/pll_clk.u_clk_pll/inst/clkin1_ibufg/O
                         net (fo=1, unplaced)         0.439    11.767    u_soc_top/pll_clk.u_clk_pll/inst/clk_in1_clk_pll
                         PLLE2_ADV (Prop_plle2_adv_CLKIN1_CLKOUT0)
                                                     -5.039     6.728 r  u_soc_top/pll_clk.u_clk_pll/inst/plle2_adv_inst/CLKOUT0
                         net (fo=1, unplaced)         0.613     7.341    u_soc_top/pll_clk.u_clk_pll/inst/cpu_clk_clk_pll
                         BUFG (Prop_bufg_I_O)         0.077     7.418 r  u_soc_top/pll_clk.u_clk_pll/inst/clkout1_buf/O
                         net (fo=6900, unplaced)      0.439     7.857    u_soc_top/u_axi_sram_direct/cpu_clk
                         FDRE                                         r  u_soc_top/u_axi_sram_direct/wb_q_reg[3][addr][12]/C
                         clock pessimism             -0.496     7.361    
                         clock uncertainty           -0.094     7.266    
                         FDRE (Setup_fdre_C_CE)      -0.165     7.101    u_soc_top/u_axi_sram_direct/wb_q_reg[3][addr][12]
  -------------------------------------------------------------------
                         required time                          7.101    
                         arrival time                          -7.556    
  -------------------------------------------------------------------
                         slack                                 -0.454    

Slack (VIOLATED) :        -0.454ns  (required time - arrival time)
  Source:                 u_soc_top/u_cpu/u_core/reg_ex_mem0_ctrl/data_out_reg[4]/C
                            (rising edge-triggered cell FDRE clocked by cpu_clk  {rise@0.000ns fall@5.000ns period=10.000ns})
  Destination:            u_soc_top/u_axi_sram_direct/wb_q_reg[3][addr][12]/CE
                            (rising edge-triggered cell FDRE clocked by cpu_clk  {rise@0.000ns fall@5.000ns period=10.000ns})
  Path Group:             cpu_clk
  Path Type:              Setup (Max at Slow Process Corner)
  Requirement:            10.000ns  (cpu_clk rise@10.000ns - cpu_clk rise@0.000ns)
  Data Path Delay:        10.050ns  (logic 2.848ns (28.338%)  route 7.202ns (71.662%))
  Logic Levels:           16  (CARRY4=1 LUT2=2 LUT4=3 LUT5=3 LUT6=7)
  Clock Path Skew:        -0.145ns (DCD - SCD + CPR)
    Destination Clock Delay (DCD):    -2.143ns = ( 7.857 - 10.000 ) 
    Source Clock Delay      (SCD):    -2.494ns
    Clock Pessimism Removal (CPR):    -0.496ns
  Clock Uncertainty:      0.094ns  ((TSJ^2 + DJ^2)^1/2) / 2 + PE
    Total System Jitter     (TSJ):    0.071ns
    Discrete Jitter          (DJ):    0.175ns
    Phase Error              (PE):    0.000ns

    Location             Delay type                Incr(ns)  Path(ns)    Netlist Resource(s)
  -------------------------------------------------------------------    -------------------
                         (clock cpu_clk rise edge)    0.000     0.000 r  
    K21                                               0.000     0.000 r  clk_50M (IN)
                         net (fo=0)                   0.000     0.000    u_soc_top/pll_clk.u_clk_pll/inst/clk_in1
    K21                  IBUF (Prop_ibuf_I_O)         1.394     1.394 r  u_soc_top/pll_clk.u_clk_pll/inst/clkin1_ibufg/O
                         net (fo=1, unplaced)         0.584     1.978    u_soc_top/pll_clk.u_clk_pll/inst/clk_in1_clk_pll
                         PLLE2_ADV (Prop_plle2_adv_CLKIN1_CLKOUT0)
                                                     -5.783    -3.805 r  u_soc_top/pll_clk.u_clk_pll/inst/plle2_adv_inst/CLKOUT0
                         net (fo=1, unplaced)         0.646    -3.159    u_soc_top/pll_clk.u_clk_pll/inst/cpu_clk_clk_pll
                         BUFG (Prop_bufg_I_O)         0.081    -3.078 r  u_soc_top/pll_clk.u_clk_pll/inst/clkout1_buf/O
                         net (fo=6900, unplaced)      0.584    -2.494    u_soc_top/u_cpu/u_core/reg_ex_mem0_ctrl/cpu_clk
                         FDRE                                         r  u_soc_top/u_cpu/u_core/reg_ex_mem0_ctrl/data_out_reg[4]/C
  -------------------------------------------------------------------    -------------------
                         FDRE (Prop_fdre_C_Q)         0.379    -2.115 f  u_soc_top/u_cpu/u_core/reg_ex_mem0_ctrl/data_out_reg[4]/Q
                         net (fo=129, unplaced)       0.705    -1.410    u_soc_top/u_cpu/u_core/reg_ex_mem0_ctrl/data_out_reg[4]_0[0]
                         LUT5 (Prop_lut5_I2_O)        0.251    -1.159 r  u_soc_top/u_cpu/u_core/reg_ex_mem0_ctrl/r_addr[21]_i_14/O
                         net (fo=3, unplaced)         0.365    -0.794    u_soc_top/u_cpu/u_core/reg_ex_mem0_ctrl/r_addr[21]_i_14_n_0
                         LUT6 (Prop_lut6_I5_O)        0.105    -0.689 f  u_soc_top/u_cpu/u_core/reg_ex_mem0_ctrl/r_addr[21]_i_7/O
                         net (fo=70, unplaced)        0.438    -0.251    u_soc_top/u_cpu/u_core/reg_ex_mem0_ctrl/data_out_reg[6]_0
                         LUT5 (Prop_lut5_I4_O)        0.105    -0.146 f  u_soc_top/u_cpu/u_core/reg_ex_mem0_ctrl/r_addr[21]_i_9/O
                         net (fo=34, unplaced)        0.540     0.394    u_soc_top/u_cpu/u_arbiter/ram_reg_0_3_30_35_i_1
                         LUT4 (Prop_lut4_I2_O)        0.108     0.502 r  u_soc_top/u_cpu/u_arbiter/ram_reg_0_3_30_35_i_8/O
                         net (fo=1, unplaced)         0.490     0.992    u_soc_top/u_cpu/u_core/reg_ex_mem0_ctrl/_zz_ram_port1_reg[31]_0
                         LUT6 (Prop_lut6_I1_O)        0.267     1.259 f  u_soc_top/u_cpu/u_core/reg_ex_mem0_ctrl/ram_reg_0_3_30_35_i_2/O
                         net (fo=10, unplaced)        0.384     1.643    u_soc_top/u_axi_sram_direct/cpu_araddr[28]
                         LUT6 (Prop_lut6_I5_O)        0.105     1.748 f  u_soc_top/u_axi_sram_direct/wb_cover_line_r[15]_i_190/O
                         net (fo=2, unplaced)         0.358     2.106    u_soc_top/u_axi_sram_direct/wb_cover_line_r[15]_i_190_n_0
                         LUT5 (Prop_lut5_I4_O)        0.105     2.211 f  u_soc_top/u_axi_sram_direct/ram_addr_out_r[19]_i_47/O
                         net (fo=1, unplaced)         0.000     2.211    u_soc_top/u_axi_sram_direct/ram_addr_out_r[19]_i_47_n_0
                         CARRY4 (Prop_carry4_S[1]_CO[1])
                                                      0.408     2.619 f  u_soc_top/u_axi_sram_direct/ram_addr_out_r_reg[19]_i_28/CO[1]
                         net (fo=2, unplaced)         0.251     2.870    u_soc_top/u_axi_sram_direct/wb_cover_ar19_out
                         LUT2 (Prop_lut2_I0_O)        0.280     3.150 r  u_soc_top/u_axi_sram_direct/ram_addr_out_r[19]_i_17/O
                         net (fo=7, unplaced)         0.382     3.532    u_soc_top/u_axi_sram_direct/ram_addr_out_r[19]_i_17_n_0
                         LUT4 (Prop_lut4_I2_O)        0.105     3.637 f  u_soc_top/u_axi_sram_direct/r_addr[21]_i_21/O
                         net (fo=2, unplaced)         0.593     4.230    u_soc_top/u_axi_sram_direct/r_addr[21]_i_21_n_0
                         LUT6 (Prop_lut6_I0_O)        0.105     4.335 r  u_soc_top/u_axi_sram_direct/r_addr[21]_i_16/O
                         net (fo=1, unplaced)         0.938     5.273    u_soc_top/u_axi_sram_direct/r_addr[21]_i_16_n_0
                         LUT6 (Prop_lut6_I0_O)        0.105     5.378 r  u_soc_top/u_axi_sram_direct/r_addr[21]_i_12/O
                         net (fo=4, unplaced)         0.371     5.749    u_soc_top/u_axi_sram_direct/r_addr[21]_i_12_n_0
                         LUT6 (Prop_lut6_I2_O)        0.105     5.854 f  u_soc_top/u_axi_sram_direct/ram_reg_0_7_36_36_i_2/O
                         net (fo=12, unplaced)        0.281     6.135    u_soc_top/u_cpu/u_arbiter/wbeat_cnt_reg[1]_0
                         LUT6 (Prop_lut6_I2_O)        0.105     6.240 f  u_soc_top/u_cpu/u_arbiter/w_mmio_i_3/O
                         net (fo=4, unplaced)         0.249     6.489    u_soc_top/u_cpu/u_core/reg_ex_mem0_ctrl/wb_tail_reg[0]_7
                         LUT2 (Prop_lut2_I1_O)        0.105     6.594 r  u_soc_top/u_cpu/u_core/reg_ex_mem0_ctrl/wb_tail[2]_i_2/O
                         net (fo=21, unplaced)        0.402     6.996    u_soc_top/u_axi_sram_direct/wb_tail0
                         LUT4 (Prop_lut4_I0_O)        0.105     7.101 r  u_soc_top/u_axi_sram_direct/wb_q[3][be][3]_i_1/O
                         net (fo=66, unplaced)        0.455     7.556    u_soc_top/u_axi_sram_direct/wb_q[3][be][3]_i_1_n_0
                         FDRE                                         r  u_soc_top/u_axi_sram_direct/wb_q_reg[3][addr][12]/CE
  -------------------------------------------------------------------    -------------------

                         (clock cpu_clk rise edge)   10.000    10.000 r  
    K21                                               0.000    10.000 r  clk_50M (IN)
                         net (fo=0)                   0.000    10.000    u_soc_top/pll_clk.u_clk_pll/inst/clk_in1
    K21                  IBUF (Prop_ibuf_I_O)         1.328    11.328 r  u_soc_top/pll_clk.u_clk_pll/inst/clkin1_ibufg/O
                         net (fo=1, unplaced)         0.439    11.767    u_soc_top/pll_clk.u_clk_pll/inst/clk_in1_clk_pll
                         PLLE2_ADV (Prop_plle2_adv_CLKIN1_CLKOUT0)
                                                     -5.039     6.728 r  u_soc_top/pll_clk.u_clk_pll/inst/plle2_adv_inst/CLKOUT0
                         net (fo=1, unplaced)         0.613     7.341    u_soc_top/pll_clk.u_clk_pll/inst/cpu_clk_clk_pll
                         BUFG (Prop_bufg_I_O)         0.077     7.418 r  u_soc_top/pll_clk.u_clk_pll/inst/clkout1_buf/O
                         net (fo=6900, unplaced)      0.439     7.857    u_soc_top/u_axi_sram_direct/cpu_clk
                         FDRE                                         r  u_soc_top/u_axi_sram_direct/wb_q_reg[3][addr][12]/C
                         clock pessimism             -0.496     7.361    
                         clock uncertainty           -0.094     7.266    
                         FDRE (Setup_fdre_C_CE)      -0.165     7.101    u_soc_top/u_axi_sram_direct/wb_q_reg[3][addr][12]
  -------------------------------------------------------------------
                         required time                          7.101    
                         arrival time                          -7.556    
  -------------------------------------------------------------------
                         slack                                 -0.454    




