Copyright 1986-2019 Xilinx, Inc. All Rights Reserved.
---------------------------------------------------------------------------------------------------------------------
| Tool Version : Vivado v.2019.2 (lin64) Build 2708876 Wed Nov  6 21:39:14 MST 2019
| Date         : Tue Aug  4 14:48:37 2026
| Host         : 518c5ce980e4 running 64-bit Ubuntu 18.04.6 LTS
| Command      : report_timing -max_paths 20 -nworst 10 -file /workspace/run_vivado/project/synth_critical_paths.rpt
| Design       : thinpad_top
| Device       : 7a200t-fbg676
| Speed File   : -2  PRODUCTION 1.23 2018-06-13
---------------------------------------------------------------------------------------------------------------------

Timing Report

Slack (MET) :             0.592ns  (required time - arrival time)
  Source:                 u_soc_top/u_cpu/u_core/pc_reg[4]_rep/C
                            (rising edge-triggered cell FDRE clocked by cpu_clk  {rise@0.000ns fall@5.000ns period=10.000ns})
  Destination:            u_soc_top/u_cpu/u_core/fq_target_reg[0][28]/D
                            (rising edge-triggered cell FDRE clocked by cpu_clk  {rise@0.000ns fall@5.000ns period=10.000ns})
  Path Group:             cpu_clk
  Path Type:              Setup (Max at Slow Process Corner)
  Requirement:            10.000ns  (cpu_clk rise@10.000ns - cpu_clk rise@0.000ns)
  Data Path Delay:        9.198ns  (logic 3.452ns (37.530%)  route 5.746ns (62.470%))
  Logic Levels:           16  (CARRY4=5 LUT3=1 LUT4=1 LUT5=4 LUT6=4 RAMD64E=1)
  Clock Path Skew:        -0.145ns (DCD - SCD + CPR)
    Destination Clock Delay (DCD):    -2.143ns = ( 7.857 - 10.000 ) 
    Source Clock Delay      (SCD):    -2.494ns
    Clock Pessimism Removal (CPR):    -0.496ns
  Clock Uncertainty:      0.094ns  ((TSJ^2 + DJ^2)^1/2) / 2 + PE
    Total System Jitter     (TSJ):    0.071ns
    Discrete Jitter          (DJ):    0.175ns
    Phase Error              (PE):    0.000ns

    Location             Delay type                Incr(ns)  Path(ns)    Netlist Resource(s)
  -------------------------------------------------------------------    -------------------
                         (clock cpu_clk rise edge)    0.000     0.000 r  
    K21                                               0.000     0.000 r  clk_50M (IN)
                         net (fo=0)                   0.000     0.000    u_soc_top/pll_clk.u_clk_pll/inst/clk_in1
    K21                  IBUF (Prop_ibuf_I_O)         1.394     1.394 r  u_soc_top/pll_clk.u_clk_pll/inst/clkin1_ibufg/O
                         net (fo=1, unplaced)         0.584     1.978    u_soc_top/pll_clk.u_clk_pll/inst/clk_in1_clk_pll
                         PLLE2_ADV (Prop_plle2_adv_CLKIN1_CLKOUT0)
                                                     -5.783    -3.805 r  u_soc_top/pll_clk.u_clk_pll/inst/plle2_adv_inst/CLKOUT0
                         net (fo=1, unplaced)         0.646    -3.159    u_soc_top/pll_clk.u_clk_pll/inst/cpu_clk_clk_pll
                         BUFG (Prop_bufg_I_O)         0.081    -3.078 r  u_soc_top/pll_clk.u_clk_pll/inst/clkout1_buf/O
                         net (fo=5385, unplaced)      0.584    -2.494    u_soc_top/u_cpu/u_core/cpu_clk
                         FDRE                                         r  u_soc_top/u_cpu/u_core/pc_reg[4]_rep/C
  -------------------------------------------------------------------    -------------------
                         FDRE (Prop_fdre_C_Q)         0.379    -2.115 r  u_soc_top/u_cpu/u_core/pc_reg[4]_rep/Q
                         net (fo=84, unplaced)        0.874    -1.241    u_icache/u_tag_ram/g_dist.mem_reg_128_191_3_5/ADDRC0
                         RAMD64E (Prop_ramd64e_RADR0_O)
                                                      0.232    -1.009 r  u_icache/u_tag_ram/g_dist.mem_reg_128_191_3_5/RAMC/O
                         net (fo=1, unplaced)         0.938    -0.071    u_soc_top/u_cpu/u_icache/next_state2_carry_i_3_5
                         LUT6 (Prop_lut6_I1_O)        0.105     0.034 r  u_soc_top/u_cpu/u_icache/__2/next_state2_carry_i_11/O
                         net (fo=1, unplaced)         0.582     0.616    u_soc_top/u_cpu/u_icache/p_0_in_0[4]
                         LUT6 (Prop_lut6_I0_O)        0.105     0.721 r  u_soc_top/u_cpu/u_icache/next_state2_carry_i_3/O
                         net (fo=1, unplaced)         0.000     0.721    u_soc_top/u_cpu/u_icache/next_state2_carry_i_3_n_0
                         CARRY4 (Prop_carry4_S[1]_CO[3])
                                                      0.457     1.178 r  u_soc_top/u_cpu/u_icache/next_state2_carry/CO[3]
                         net (fo=1, unplaced)         0.000     1.178    u_soc_top/u_cpu/u_icache/next_state2_carry_n_0
                         CARRY4 (Prop_carry4_CI_CO[2])
                                                      0.209     1.387 f  u_soc_top/u_cpu/u_icache/next_state2_carry__0/CO[2]
                         net (fo=1, unplaced)         0.349     1.736    u_soc_top/u_cpu/u_icache/next_state219_in
                         LUT5 (Prop_lut5_I0_O)        0.252     1.988 r  u_soc_top/u_cpu/u_icache/captured_pc[31]_i_3/O
                         net (fo=8, unplaced)         0.263     2.251    u_soc_top/u_cpu/u_core/if_stage/state_reg[0]_0
                         LUT5 (Prop_lut5_I4_O)        0.105     2.356 f  u_soc_top/u_cpu/u_core/if_stage/FSM_onehot_state[0]_i_4/O
                         net (fo=34, unplaced)        0.447     2.803    u_soc_top/u_cpu/u_icache/captured_instr_reg[0]_0
                         LUT5 (Prop_lut5_I4_O)        0.105     2.908 r  u_soc_top/u_cpu/u_icache/captured_instr[31]_i_4/O
                         net (fo=5, unplaced)         0.610     3.518    u_soc_top/u_cpu/u_icache/state_reg[2]_37
                         LUT4 (Prop_lut4_I1_O)        0.105     3.623 f  u_soc_top/u_cpu/u_icache/fq_target[2][20]_i_13/O
                         net (fo=17, unplaced)        0.403     4.026    u_soc_top/u_cpu/u_icache/captured_instr[28]_i_2_0
                         LUT3 (Prop_lut3_I0_O)        0.108     4.134 r  u_soc_top/u_cpu/u_icache/fq_target[2][31]_i_12/O
                         net (fo=10, unplaced)        0.390     4.524    u_soc_top/u_cpu/u_icache/fq_target[2][31]_i_12_n_0
                         LUT6 (Prop_lut6_I5_O)        0.105     4.629 r  u_soc_top/u_cpu/u_icache/fq_target[2][20]_i_11/O
                         net (fo=1, unplaced)         0.000     4.629    u_soc_top/u_cpu/u_core/if_stage/fq_target_reg[2][20][0]
                         CARRY4 (Prop_carry4_S[1]_CO[3])
                                                      0.457     5.086 r  u_soc_top/u_cpu/u_core/if_stage/fq_target_reg[2][20]_i_3/CO[3]
                         net (fo=1, unplaced)         0.000     5.086    u_soc_top/u_cpu/u_core/if_stage/fq_target_reg[2][20]_i_3_n_0
                         CARRY4 (Prop_carry4_CI_CO[3])
                                                      0.098     5.184 r  u_soc_top/u_cpu/u_core/if_stage/fq_target_reg[2][24]_i_3/CO[3]
                         net (fo=1, unplaced)         0.000     5.184    u_soc_top/u_cpu/u_core/if_stage/fq_target_reg[2][24]_i_3_n_0
                         CARRY4 (Prop_carry4_CI_O[3])
                                                      0.275     5.459 r  u_soc_top/u_cpu/u_core/if_stage/fq_target_reg[2][28]_i_3/O[3]
                         net (fo=4, unplaced)         0.543     6.002    u_soc_top/u_cpu/u_core/reg_id_ex0_ctrl/fetch_target0[28]
                         LUT6 (Prop_lut6_I1_O)        0.250     6.252 r  u_soc_top/u_cpu/u_core/reg_id_ex0_ctrl/fq_target[0][28]_i_2/O
                         net (fo=1, unplaced)         0.347     6.599    u_soc_top/u_cpu/u_core/if_stage/fq_target_reg[0][28]
                         LUT5 (Prop_lut5_I4_O)        0.105     6.704 r  u_soc_top/u_cpu/u_core/if_stage/fq_target[0][28]_i_1/O
                         net (fo=1, unplaced)         0.000     6.704    u_soc_top/u_cpu/u_core/if_stage_n_134
                         FDRE                                         r  u_soc_top/u_cpu/u_core/fq_target_reg[0][28]/D
  -------------------------------------------------------------------    -------------------

                         (clock cpu_clk rise edge)   10.000    10.000 r  
    K21                                               0.000    10.000 r  clk_50M (IN)
                         net (fo=0)                   0.000    10.000    u_soc_top/pll_clk.u_clk_pll/inst/clk_in1
    K21                  IBUF (Prop_ibuf_I_O)         1.328    11.328 r  u_soc_top/pll_clk.u_clk_pll/inst/clkin1_ibufg/O
                         net (fo=1, unplaced)         0.439    11.767    u_soc_top/pll_clk.u_clk_pll/inst/clk_in1_clk_pll
                         PLLE2_ADV (Prop_plle2_adv_CLKIN1_CLKOUT0)
                                                     -5.039     6.728 r  u_soc_top/pll_clk.u_clk_pll/inst/plle2_adv_inst/CLKOUT0
                         net (fo=1, unplaced)         0.613     7.341    u_soc_top/pll_clk.u_clk_pll/inst/cpu_clk_clk_pll
                         BUFG (Prop_bufg_I_O)         0.077     7.418 r  u_soc_top/pll_clk.u_clk_pll/inst/clkout1_buf/O
                         net (fo=5385, unplaced)      0.439     7.857    u_soc_top/u_cpu/u_core/cpu_clk
                         FDRE                                         r  u_soc_top/u_cpu/u_core/fq_target_reg[0][28]/C
                         clock pessimism             -0.496     7.361    
                         clock uncertainty           -0.094     7.266    
                         FDRE (Setup_fdre_C_D)        0.029     7.295    u_soc_top/u_cpu/u_core/fq_target_reg[0][28]
  -------------------------------------------------------------------
                         required time                          7.295    
                         arrival time                          -6.704    
  -------------------------------------------------------------------
                         slack                                  0.592    

Slack (MET) :             0.592ns  (required time - arrival time)
  Source:                 u_soc_top/u_cpu/u_core/pc_reg[4]_rep/C
                            (rising edge-triggered cell FDRE clocked by cpu_clk  {rise@0.000ns fall@5.000ns period=10.000ns})
  Destination:            u_soc_top/u_cpu/u_core/fq_target_reg[0][28]/D
                            (rising edge-triggered cell FDRE clocked by cpu_clk  {rise@0.000ns fall@5.000ns period=10.000ns})
  Path Group:             cpu_clk
  Path Type:              Setup (Max at Slow Process Corner)
  Requirement:            10.000ns  (cpu_clk rise@10.000ns - cpu_clk rise@0.000ns)
  Data Path Delay:        9.198ns  (logic 3.452ns (37.530%)  route 5.746ns (62.470%))
  Logic Levels:           16  (CARRY4=5 LUT3=1 LUT4=1 LUT5=4 LUT6=4 RAMD64E=1)
  Clock Path Skew:        -0.145ns (DCD - SCD + CPR)
    Destination Clock Delay (DCD):    -2.143ns = ( 7.857 - 10.000 ) 
    Source Clock Delay      (SCD):    -2.494ns
    Clock Pessimism Removal (CPR):    -0.496ns
  Clock Uncertainty:      0.094ns  ((TSJ^2 + DJ^2)^1/2) / 2 + PE
    Total System Jitter     (TSJ):    0.071ns
    Discrete Jitter          (DJ):    0.175ns
    Phase Error              (PE):    0.000ns

    Location             Delay type                Incr(ns)  Path(ns)    Netlist Resource(s)
  -------------------------------------------------------------------    -------------------
                         (clock cpu_clk rise edge)    0.000     0.000 r  
    K21                                               0.000     0.000 r  clk_50M (IN)
                         net (fo=0)                   0.000     0.000    u_soc_top/pll_clk.u_clk_pll/inst/clk_in1
    K21                  IBUF (Prop_ibuf_I_O)         1.394     1.394 r  u_soc_top/pll_clk.u_clk_pll/inst/clkin1_ibufg/O
                         net (fo=1, unplaced)         0.584     1.978    u_soc_top/pll_clk.u_clk_pll/inst/clk_in1_clk_pll
                         PLLE2_ADV (Prop_plle2_adv_CLKIN1_CLKOUT0)
                                                     -5.783    -3.805 r  u_soc_top/pll_clk.u_clk_pll/inst/plle2_adv_inst/CLKOUT0
                         net (fo=1, unplaced)         0.646    -3.159    u_soc_top/pll_clk.u_clk_pll/inst/cpu_clk_clk_pll
                         BUFG (Prop_bufg_I_O)         0.081    -3.078 r  u_soc_top/pll_clk.u_clk_pll/inst/clkout1_buf/O
                         net (fo=5385, unplaced)      0.584    -2.494    u_soc_top/u_cpu/u_core/cpu_clk
                         FDRE                                         r  u_soc_top/u_cpu/u_core/pc_reg[4]_rep/C
  -------------------------------------------------------------------    -------------------
                         FDRE (Prop_fdre_C_Q)         0.379    -2.115 f  u_soc_top/u_cpu/u_core/pc_reg[4]_rep/Q
                         net (fo=84, unplaced)        0.874    -1.241    u_icache/u_tag_ram/g_dist.mem_reg_128_191_3_5/ADDRC0
                         RAMD64E (Prop_ramd64e_RADR0_O)
                                                      0.232    -1.009 r  u_icache/u_tag_ram/g_dist.mem_reg_128_191_3_5/RAMC/O
                         net (fo=1, unplaced)         0.938    -0.071    u_soc_top/u_cpu/u_icache/next_state2_carry_i_3_5
                         LUT6 (Prop_lut6_I1_O)        0.105     0.034 r  u_soc_top/u_cpu/u_icache/__2/next_state2_carry_i_11/O
                         net (fo=1, unplaced)         0.582     0.616    u_soc_top/u_cpu/u_icache/p_0_in_0[4]
                         LUT6 (Prop_lut6_I0_O)        0.105     0.721 r  u_soc_top/u_cpu/u_icache/next_state2_carry_i_3/O
                         net (fo=1, unplaced)         0.000     0.721    u_soc_top/u_cpu/u_icache/next_state2_carry_i_3_n_0
                         CARRY4 (Prop_carry4_S[1]_CO[3])
                                                      0.457     1.178 r  u_soc_top/u_cpu/u_icache/next_state2_carry/CO[3]
                         net (fo=1, unplaced)         0.000     1.178    u_soc_top/u_cpu/u_icache/next_state2_carry_n_0
                         CARRY4 (Prop_carry4_CI_CO[2])
                                                      0.209     1.387 f  u_soc_top/u_cpu/u_icache/next_state2_carry__0/CO[2]
                         net (fo=1, unplaced)         0.349     1.736    u_soc_top/u_cpu/u_icache/next_state219_in
                         LUT5 (Prop_lut5_I0_O)        0.252     1.988 r  u_soc_top/u_cpu/u_icache/captured_pc[31]_i_3/O
                         net (fo=8, unplaced)         0.263     2.251    u_soc_top/u_cpu/u_core/if_stage/state_reg[0]_0
                         LUT5 (Prop_lut5_I4_O)        0.105     2.356 f  u_soc_top/u_cpu/u_core/if_stage/FSM_onehot_state[0]_i_4/O
                         net (fo=34, unplaced)        0.447     2.803    u_soc_top/u_cpu/u_icache/captured_instr_reg[0]_0
                         LUT5 (Prop_lut5_I4_O)        0.105     2.908 r  u_soc_top/u_cpu/u_icache/captured_instr[31]_i_4/O
                         net (fo=5, unplaced)         0.610     3.518    u_soc_top/u_cpu/u_icache/state_reg[2]_37
                         LUT4 (Prop_lut4_I1_O)        0.105     3.623 f  u_soc_top/u_cpu/u_icache/fq_target[2][20]_i_13/O
                         net (fo=17, unplaced)        0.403     4.026    u_soc_top/u_cpu/u_icache/captured_instr[28]_i_2_0
                         LUT3 (Prop_lut3_I0_O)        0.108     4.134 r  u_soc_top/u_cpu/u_icache/fq_target[2][31]_i_12/O
                         net (fo=10, unplaced)        0.390     4.524    u_soc_top/u_cpu/u_icache/fq_target[2][31]_i_12_n_0
                         LUT6 (Prop_lut6_I5_O)        0.105     4.629 r  u_soc_top/u_cpu/u_icache/fq_target[2][20]_i_11/O
                         net (fo=1, unplaced)         0.000     4.629    u_soc_top/u_cpu/u_core/if_stage/fq_target_reg[2][20][0]
                         CARRY4 (Prop_carry4_S[1]_CO[3])
                                                      0.457     5.086 r  u_soc_top/u_cpu/u_core/if_stage/fq_target_reg[2][20]_i_3/CO[3]
                         net (fo=1, unplaced)         0.000     5.086    u_soc_top/u_cpu/u_core/if_stage/fq_target_reg[2][20]_i_3_n_0
                         CARRY4 (Prop_carry4_CI_CO[3])
                                                      0.098     5.184 r  u_soc_top/u_cpu/u_core/if_stage/fq_target_reg[2][24]_i_3/CO[3]
                         net (fo=1, unplaced)         0.000     5.184    u_soc_top/u_cpu/u_core/if_stage/fq_target_reg[2][24]_i_3_n_0
                         CARRY4 (Prop_carry4_CI_O[3])
                                                      0.275     5.459 r  u_soc_top/u_cpu/u_core/if_stage/fq_target_reg[2][28]_i_3/O[3]
                         net (fo=4, unplaced)         0.543     6.002    u_soc_top/u_cpu/u_core/reg_id_ex0_ctrl/fetch_target0[28]
                         LUT6 (Prop_lut6_I1_O)        0.250     6.252 r  u_soc_top/u_cpu/u_core/reg_id_ex0_ctrl/fq_target[0][28]_i_2/O
                         net (fo=1, unplaced)         0.347     6.599    u_soc_top/u_cpu/u_core/if_stage/fq_target_reg[0][28]
                         LUT5 (Prop_lut5_I4_O)        0.105     6.704 r  u_soc_top/u_cpu/u_core/if_stage/fq_target[0][28]_i_1/O
                         net (fo=1, unplaced)         0.000     6.704    u_soc_top/u_cpu/u_core/if_stage_n_134
                         FDRE                                         r  u_soc_top/u_cpu/u_core/fq_target_reg[0][28]/D
  -------------------------------------------------------------------    -------------------

                         (clock cpu_clk rise edge)   10.000    10.000 r  
    K21                                               0.000    10.000 r  clk_50M (IN)
                         net (fo=0)                   0.000    10.000    u_soc_top/pll_clk.u_clk_pll/inst/clk_in1
    K21                  IBUF (Prop_ibuf_I_O)         1.328    11.328 r  u_soc_top/pll_clk.u_clk_pll/inst/clkin1_ibufg/O
                         net (fo=1, unplaced)         0.439    11.767    u_soc_top/pll_clk.u_clk_pll/inst/clk_in1_clk_pll
                         PLLE2_ADV (Prop_plle2_adv_CLKIN1_CLKOUT0)
                                                     -5.039     6.728 r  u_soc_top/pll_clk.u_clk_pll/inst/plle2_adv_inst/CLKOUT0
                         net (fo=1, unplaced)         0.613     7.341    u_soc_top/pll_clk.u_clk_pll/inst/cpu_clk_clk_pll
                         BUFG (Prop_bufg_I_O)         0.077     7.418 r  u_soc_top/pll_clk.u_clk_pll/inst/clkout1_buf/O
                         net (fo=5385, unplaced)      0.439     7.857    u_soc_top/u_cpu/u_core/cpu_clk
                         FDRE                                         r  u_soc_top/u_cpu/u_core/fq_target_reg[0][28]/C
                         clock pessimism             -0.496     7.361    
                         clock uncertainty           -0.094     7.266    
                         FDRE (Setup_fdre_C_D)        0.029     7.295    u_soc_top/u_cpu/u_core/fq_target_reg[0][28]
  -------------------------------------------------------------------
                         required time                          7.295    
                         arrival time                          -6.704    
  -------------------------------------------------------------------
                         slack                                  0.592    

Slack (MET) :             0.592ns  (required time - arrival time)
  Source:                 u_soc_top/u_cpu/u_core/pc_reg[4]_rep/C
                            (rising edge-triggered cell FDRE clocked by cpu_clk  {rise@0.000ns fall@5.000ns period=10.000ns})
  Destination:            u_soc_top/u_cpu/u_core/fq_target_reg[0][28]/D
                            (rising edge-triggered cell FDRE clocked by cpu_clk  {rise@0.000ns fall@5.000ns period=10.000ns})
  Path Group:             cpu_clk
  Path Type:              Setup (Max at Slow Process Corner)
  Requirement:            10.000ns  (cpu_clk rise@10.000ns - cpu_clk rise@0.000ns)
  Data Path Delay:        9.198ns  (logic 3.452ns (37.530%)  route 5.746ns (62.470%))
  Logic Levels:           16  (CARRY4=5 LUT3=1 LUT4=1 LUT5=4 LUT6=4 RAMD64E=1)
  Clock Path Skew:        -0.145ns (DCD - SCD + CPR)
    Destination Clock Delay (DCD):    -2.143ns = ( 7.857 - 10.000 ) 
    Source Clock Delay      (SCD):    -2.494ns
    Clock Pessimism Removal (CPR):    -0.496ns
  Clock Uncertainty:      0.094ns  ((TSJ^2 + DJ^2)^1/2) / 2 + PE
    Total System Jitter     (TSJ):    0.071ns
    Discrete Jitter          (DJ):    0.175ns
    Phase Error              (PE):    0.000ns

    Location             Delay type                Incr(ns)  Path(ns)    Netlist Resource(s)
  -------------------------------------------------------------------    -------------------
                         (clock cpu_clk rise edge)    0.000     0.000 r  
    K21                                               0.000     0.000 r  clk_50M (IN)
                         net (fo=0)                   0.000     0.000    u_soc_top/pll_clk.u_clk_pll/inst/clk_in1
    K21                  IBUF (Prop_ibuf_I_O)         1.394     1.394 r  u_soc_top/pll_clk.u_clk_pll/inst/clkin1_ibufg/O
                         net (fo=1, unplaced)         0.584     1.978    u_soc_top/pll_clk.u_clk_pll/inst/clk_in1_clk_pll
                         PLLE2_ADV (Prop_plle2_adv_CLKIN1_CLKOUT0)
                                                     -5.783    -3.805 r  u_soc_top/pll_clk.u_clk_pll/inst/plle2_adv_inst/CLKOUT0
                         net (fo=1, unplaced)         0.646    -3.159    u_soc_top/pll_clk.u_clk_pll/inst/cpu_clk_clk_pll
                         BUFG (Prop_bufg_I_O)         0.081    -3.078 r  u_soc_top/pll_clk.u_clk_pll/inst/clkout1_buf/O
                         net (fo=5385, unplaced)      0.584    -2.494    u_soc_top/u_cpu/u_core/cpu_clk
                         FDRE                                         r  u_soc_top/u_cpu/u_core/pc_reg[4]_rep/C
  -------------------------------------------------------------------    -------------------
                         FDRE (Prop_fdre_C_Q)         0.379    -2.115 r  u_soc_top/u_cpu/u_core/pc_reg[4]_rep/Q
                         net (fo=84, unplaced)        0.874    -1.241    u_icache/u_tag_ram/g_dist.mem_reg_128_191_3_5/ADDRC0
                         RAMD64E (Prop_ramd64e_RADR0_O)
                                                      0.232    -1.009 r  u_icache/u_tag_ram/g_dist.mem_reg_128_191_3_5/RAMC/O
                         net (fo=1, unplaced)         0.938    -0.071    u_soc_top/u_cpu/u_icache/next_state2_carry_i_3_5
                         LUT6 (Prop_lut6_I1_O)        0.105     0.034 r  u_soc_top/u_cpu/u_icache/__2/next_state2_carry_i_11/O
                         net (fo=1, unplaced)         0.582     0.616    u_soc_top/u_cpu/u_icache/p_0_in_0[4]
                         LUT6 (Prop_lut6_I0_O)        0.105     0.721 r  u_soc_top/u_cpu/u_icache/next_state2_carry_i_3/O
                         net (fo=1, unplaced)         0.000     0.721    u_soc_top/u_cpu/u_icache/next_state2_carry_i_3_n_0
                         CARRY4 (Prop_carry4_S[1]_CO[3])
                                                      0.457     1.178 r  u_soc_top/u_cpu/u_icache/next_state2_carry/CO[3]
                         net (fo=1, unplaced)         0.000     1.178    u_soc_top/u_cpu/u_icache/next_state2_carry_n_0
                         CARRY4 (Prop_carry4_CI_CO[2])
                                                      0.209     1.387 f  u_soc_top/u_cpu/u_icache/next_state2_carry__0/CO[2]
                         net (fo=1, unplaced)         0.349     1.736    u_soc_top/u_cpu/u_icache/next_state219_in
                         LUT5 (Prop_lut5_I0_O)        0.252     1.988 r  u_soc_top/u_cpu/u_icache/captured_pc[31]_i_3/O
                         net (fo=8, unplaced)         0.263     2.251    u_soc_top/u_cpu/u_core/if_stage/state_reg[0]_0
                         LUT5 (Prop_lut5_I4_O)        0.105     2.356 f  u_soc_top/u_cpu/u_core/if_stage/FSM_onehot_state[0]_i_4/O
                         net (fo=34, unplaced)        0.447     2.803    u_soc_top/u_cpu/u_icache/captured_instr_reg[0]_0
                         LUT5 (Prop_lut5_I4_O)        0.105     2.908 r  u_soc_top/u_cpu/u_icache/captured_instr[31]_i_4/O
                         net (fo=5, unplaced)         0.610     3.518    u_soc_top/u_cpu/u_icache/state_reg[2]_37
                         LUT4 (Prop_lut4_I1_O)        0.105     3.623 f  u_soc_top/u_cpu/u_icache/fq_target[2][20]_i_13/O
                         net (fo=17, unplaced)        0.403     4.026    u_soc_top/u_cpu/u_icache/captured_instr[28]_i_2_0
                         LUT3 (Prop_lut3_I0_O)        0.108     4.134 r  u_soc_top/u_cpu/u_icache/fq_target[2][31]_i_12/O
                         net (fo=10, unplaced)        0.390     4.524    u_soc_top/u_cpu/u_icache/fq_target[2][31]_i_12_n_0
                         LUT6 (Prop_lut6_I5_O)        0.105     4.629 f  u_soc_top/u_cpu/u_icache/fq_target[2][20]_i_11/O
                         net (fo=1, unplaced)         0.000     4.629    u_soc_top/u_cpu/u_core/if_stage/fq_target_reg[2][20][0]
                         CARRY4 (Prop_carry4_S[1]_CO[3])
                                                      0.457     5.086 r  u_soc_top/u_cpu/u_core/if_stage/fq_target_reg[2][20]_i_3/CO[3]
                         net (fo=1, unplaced)         0.000     5.086    u_soc_top/u_cpu/u_core/if_stage/fq_target_reg[2][20]_i_3_n_0
                         CARRY4 (Prop_carry4_CI_CO[3])
                                                      0.098     5.184 r  u_soc_top/u_cpu/u_core/if_stage/fq_target_reg[2][24]_i_3/CO[3]
                         net (fo=1, unplaced)         0.000     5.184    u_soc_top/u_cpu/u_core/if_stage/fq_target_reg[2][24]_i_3_n_0
                         CARRY4 (Prop_carry4_CI_O[3])
                                                      0.275     5.459 r  u_soc_top/u_cpu/u_core/if_stage/fq_target_reg[2][28]_i_3/O[3]
                         net (fo=4, unplaced)         0.543     6.002    u_soc_top/u_cpu/u_core/reg_id_ex0_ctrl/fetch_target0[28]
                         LUT6 (Prop_lut6_I1_O)        0.250     6.252 r  u_soc_top/u_cpu/u_core/reg_id_ex0_ctrl/fq_target[0][28]_i_2/O
                         net (fo=1, unplaced)         0.347     6.599    u_soc_top/u_cpu/u_core/if_stage/fq_target_reg[0][28]
                         LUT5 (Prop_lut5_I4_O)        0.105     6.704 r  u_soc_top/u_cpu/u_core/if_stage/fq_target[0][28]_i_1/O
                         net (fo=1, unplaced)         0.000     6.704    u_soc_top/u_cpu/u_core/if_stage_n_134
                         FDRE                                         r  u_soc_top/u_cpu/u_core/fq_target_reg[0][28]/D
  -------------------------------------------------------------------    -------------------

                         (clock cpu_clk rise edge)   10.000    10.000 r  
    K21                                               0.000    10.000 r  clk_50M (IN)
                         net (fo=0)                   0.000    10.000    u_soc_top/pll_clk.u_clk_pll/inst/clk_in1
    K21                  IBUF (Prop_ibuf_I_O)         1.328    11.328 r  u_soc_top/pll_clk.u_clk_pll/inst/clkin1_ibufg/O
                         net (fo=1, unplaced)         0.439    11.767    u_soc_top/pll_clk.u_clk_pll/inst/clk_in1_clk_pll
                         PLLE2_ADV (Prop_plle2_adv_CLKIN1_CLKOUT0)
                                                     -5.039     6.728 r  u_soc_top/pll_clk.u_clk_pll/inst/plle2_adv_inst/CLKOUT0
                         net (fo=1, unplaced)         0.613     7.341    u_soc_top/pll_clk.u_clk_pll/inst/cpu_clk_clk_pll
                         BUFG (Prop_bufg_I_O)         0.077     7.418 r  u_soc_top/pll_clk.u_clk_pll/inst/clkout1_buf/O
                         net (fo=5385, unplaced)      0.439     7.857    u_soc_top/u_cpu/u_core/cpu_clk
                         FDRE                                         r  u_soc_top/u_cpu/u_core/fq_target_reg[0][28]/C
                         clock pessimism             -0.496     7.361    
                         clock uncertainty           -0.094     7.266    
                         FDRE (Setup_fdre_C_D)        0.029     7.295    u_soc_top/u_cpu/u_core/fq_target_reg[0][28]
  -------------------------------------------------------------------
                         required time                          7.295    
                         arrival time                          -6.704    
  -------------------------------------------------------------------
                         slack                                  0.592    

Slack (MET) :             0.592ns  (required time - arrival time)
  Source:                 u_soc_top/u_cpu/u_core/pc_reg[4]_rep/C
                            (rising edge-triggered cell FDRE clocked by cpu_clk  {rise@0.000ns fall@5.000ns period=10.000ns})
  Destination:            u_soc_top/u_cpu/u_core/fq_target_reg[0][28]/D
                            (rising edge-triggered cell FDRE clocked by cpu_clk  {rise@0.000ns fall@5.000ns period=10.000ns})
  Path Group:             cpu_clk
  Path Type:              Setup (Max at Slow Process Corner)
  Requirement:            10.000ns  (cpu_clk rise@10.000ns - cpu_clk rise@0.000ns)
  Data Path Delay:        9.198ns  (logic 3.452ns (37.530%)  route 5.746ns (62.470%))
  Logic Levels:           16  (CARRY4=5 LUT3=1 LUT4=1 LUT5=4 LUT6=4 RAMD64E=1)
  Clock Path Skew:        -0.145ns (DCD - SCD + CPR)
    Destination Clock Delay (DCD):    -2.143ns = ( 7.857 - 10.000 ) 
    Source Clock Delay      (SCD):    -2.494ns
    Clock Pessimism Removal (CPR):    -0.496ns
  Clock Uncertainty:      0.094ns  ((TSJ^2 + DJ^2)^1/2) / 2 + PE
    Total System Jitter     (TSJ):    0.071ns
    Discrete Jitter          (DJ):    0.175ns
    Phase Error              (PE):    0.000ns

    Location             Delay type                Incr(ns)  Path(ns)    Netlist Resource(s)
  -------------------------------------------------------------------    -------------------
                         (clock cpu_clk rise edge)    0.000     0.000 r  
    K21                                               0.000     0.000 r  clk_50M (IN)
                         net (fo=0)                   0.000     0.000    u_soc_top/pll_clk.u_clk_pll/inst/clk_in1
    K21                  IBUF (Prop_ibuf_I_O)         1.394     1.394 r  u_soc_top/pll_clk.u_clk_pll/inst/clkin1_ibufg/O
                         net (fo=1, unplaced)         0.584     1.978    u_soc_top/pll_clk.u_clk_pll/inst/clk_in1_clk_pll
                         PLLE2_ADV (Prop_plle2_adv_CLKIN1_CLKOUT0)
                                                     -5.783    -3.805 r  u_soc_top/pll_clk.u_clk_pll/inst/plle2_adv_inst/CLKOUT0
                         net (fo=1, unplaced)         0.646    -3.159    u_soc_top/pll_clk.u_clk_pll/inst/cpu_clk_clk_pll
                         BUFG (Prop_bufg_I_O)         0.081    -3.078 r  u_soc_top/pll_clk.u_clk_pll/inst/clkout1_buf/O
                         net (fo=5385, unplaced)      0.584    -2.494    u_soc_top/u_cpu/u_core/cpu_clk
                         FDRE                                         r  u_soc_top/u_cpu/u_core/pc_reg[4]_rep/C
  -------------------------------------------------------------------    -------------------
                         FDRE (Prop_fdre_C_Q)         0.379    -2.115 f  u_soc_top/u_cpu/u_core/pc_reg[4]_rep/Q
                         net (fo=84, unplaced)        0.874    -1.241    u_icache/u_tag_ram/g_dist.mem_reg_128_191_3_5/ADDRC0
                         RAMD64E (Prop_ramd64e_RADR0_O)
                                                      0.232    -1.009 r  u_icache/u_tag_ram/g_dist.mem_reg_128_191_3_5/RAMC/O
                         net (fo=1, unplaced)         0.938    -0.071    u_soc_top/u_cpu/u_icache/next_state2_carry_i_3_5
                         LUT6 (Prop_lut6_I1_O)        0.105     0.034 r  u_soc_top/u_cpu/u_icache/__2/next_state2_carry_i_11/O
                         net (fo=1, unplaced)         0.582     0.616    u_soc_top/u_cpu/u_icache/p_0_in_0[4]
                         LUT6 (Prop_lut6_I0_O)        0.105     0.721 r  u_soc_top/u_cpu/u_icache/next_state2_carry_i_3/O
                         net (fo=1, unplaced)         0.000     0.721    u_soc_top/u_cpu/u_icache/next_state2_carry_i_3_n_0
                         CARRY4 (Prop_carry4_S[1]_CO[3])
                                                      0.457     1.178 r  u_soc_top/u_cpu/u_icache/next_state2_carry/CO[3]
                         net (fo=1, unplaced)         0.000     1.178    u_soc_top/u_cpu/u_icache/next_state2_carry_n_0
                         CARRY4 (Prop_carry4_CI_CO[2])
                                                      0.209     1.387 f  u_soc_top/u_cpu/u_icache/next_state2_carry__0/CO[2]
                         net (fo=1, unplaced)         0.349     1.736    u_soc_top/u_cpu/u_icache/next_state219_in
                         LUT5 (Prop_lut5_I0_O)        0.252     1.988 r  u_soc_top/u_cpu/u_icache/captured_pc[31]_i_3/O
                         net (fo=8, unplaced)         0.263     2.251    u_soc_top/u_cpu/u_core/if_stage/state_reg[0]_0
                         LUT5 (Prop_lut5_I4_O)        0.105     2.356 f  u_soc_top/u_cpu/u_core/if_stage/FSM_onehot_state[0]_i_4/O
                         net (fo=34, unplaced)        0.447     2.803    u_soc_top/u_cpu/u_icache/captured_instr_reg[0]_0
                         LUT5 (Prop_lut5_I4_O)        0.105     2.908 r  u_soc_top/u_cpu/u_icache/captured_instr[31]_i_4/O
                         net (fo=5, unplaced)         0.610     3.518    u_soc_top/u_cpu/u_icache/state_reg[2]_37
                         LUT4 (Prop_lut4_I1_O)        0.105     3.623 f  u_soc_top/u_cpu/u_icache/fq_target[2][20]_i_13/O
                         net (fo=17, unplaced)        0.403     4.026    u_soc_top/u_cpu/u_icache/captured_instr[28]_i_2_0
                         LUT3 (Prop_lut3_I0_O)        0.108     4.134 r  u_soc_top/u_cpu/u_icache/fq_target[2][31]_i_12/O
                         net (fo=10, unplaced)        0.390     4.524    u_soc_top/u_cpu/u_icache/fq_target[2][31]_i_12_n_0
                         LUT6 (Prop_lut6_I5_O)        0.105     4.629 f  u_soc_top/u_cpu/u_icache/fq_target[2][20]_i_11/O
                         net (fo=1, unplaced)         0.000     4.629    u_soc_top/u_cpu/u_core/if_stage/fq_target_reg[2][20][0]
                         CARRY4 (Prop_carry4_S[1]_CO[3])
                                                      0.457     5.086 r  u_soc_top/u_cpu/u_core/if_stage/fq_target_reg[2][20]_i_3/CO[3]
                         net (fo=1, unplaced)         0.000     5.086    u_soc_top/u_cpu/u_core/if_stage/fq_target_reg[2][20]_i_3_n_0
                         CARRY4 (Prop_carry4_CI_CO[3])
                                                      0.098     5.184 r  u_soc_top/u_cpu/u_core/if_stage/fq_target_reg[2][24]_i_3/CO[3]
                         net (fo=1, unplaced)         0.000     5.184    u_soc_top/u_cpu/u_core/if_stage/fq_target_reg[2][24]_i_3_n_0
                         CARRY4 (Prop_carry4_CI_O[3])
                                                      0.275     5.459 r  u_soc_top/u_cpu/u_core/if_stage/fq_target_reg[2][28]_i_3/O[3]
                         net (fo=4, unplaced)         0.543     6.002    u_soc_top/u_cpu/u_core/reg_id_ex0_ctrl/fetch_target0[28]
                         LUT6 (Prop_lut6_I1_O)        0.250     6.252 r  u_soc_top/u_cpu/u_core/reg_id_ex0_ctrl/fq_target[0][28]_i_2/O
                         net (fo=1, unplaced)         0.347     6.599    u_soc_top/u_cpu/u_core/if_stage/fq_target_reg[0][28]
                         LUT5 (Prop_lut5_I4_O)        0.105     6.704 r  u_soc_top/u_cpu/u_core/if_stage/fq_target[0][28]_i_1/O
                         net (fo=1, unplaced)         0.000     6.704    u_soc_top/u_cpu/u_core/if_stage_n_134
                         FDRE                                         r  u_soc_top/u_cpu/u_core/fq_target_reg[0][28]/D
  -------------------------------------------------------------------    -------------------

                         (clock cpu_clk rise edge)   10.000    10.000 r  
    K21                                               0.000    10.000 r  clk_50M (IN)
                         net (fo=0)                   0.000    10.000    u_soc_top/pll_clk.u_clk_pll/inst/clk_in1
    K21                  IBUF (Prop_ibuf_I_O)         1.328    11.328 r  u_soc_top/pll_clk.u_clk_pll/inst/clkin1_ibufg/O
                         net (fo=1, unplaced)         0.439    11.767    u_soc_top/pll_clk.u_clk_pll/inst/clk_in1_clk_pll
                         PLLE2_ADV (Prop_plle2_adv_CLKIN1_CLKOUT0)
                                                     -5.039     6.728 r  u_soc_top/pll_clk.u_clk_pll/inst/plle2_adv_inst/CLKOUT0
                         net (fo=1, unplaced)         0.613     7.341    u_soc_top/pll_clk.u_clk_pll/inst/cpu_clk_clk_pll
                         BUFG (Prop_bufg_I_O)         0.077     7.418 r  u_soc_top/pll_clk.u_clk_pll/inst/clkout1_buf/O
                         net (fo=5385, unplaced)      0.439     7.857    u_soc_top/u_cpu/u_core/cpu_clk
                         FDRE                                         r  u_soc_top/u_cpu/u_core/fq_target_reg[0][28]/C
                         clock pessimism             -0.496     7.361    
                         clock uncertainty           -0.094     7.266    
                         FDRE (Setup_fdre_C_D)        0.029     7.295    u_soc_top/u_cpu/u_core/fq_target_reg[0][28]
  -------------------------------------------------------------------
                         required time                          7.295    
                         arrival time                          -6.704    
  -------------------------------------------------------------------
                         slack                                  0.592    

Slack (MET) :             0.592ns  (required time - arrival time)
  Source:                 u_soc_top/u_cpu/u_core/pc_reg[4]_rep/C
                            (rising edge-triggered cell FDRE clocked by cpu_clk  {rise@0.000ns fall@5.000ns period=10.000ns})
  Destination:            u_soc_top/u_cpu/u_core/fq_target_reg[0][28]/D
                            (rising edge-triggered cell FDRE clocked by cpu_clk  {rise@0.000ns fall@5.000ns period=10.000ns})
  Path Group:             cpu_clk
  Path Type:              Setup (Max at Slow Process Corner)
  Requirement:            10.000ns  (cpu_clk rise@10.000ns - cpu_clk rise@0.000ns)
  Data Path Delay:        9.198ns  (logic 3.452ns (37.530%)  route 5.746ns (62.470%))
  Logic Levels:           16  (CARRY4=5 LUT3=1 LUT4=1 LUT5=4 LUT6=4 RAMD64E=1)
  Clock Path Skew:        -0.145ns (DCD - SCD + CPR)
    Destination Clock Delay (DCD):    -2.143ns = ( 7.857 - 10.000 ) 
    Source Clock Delay      (SCD):    -2.494ns
    Clock Pessimism Removal (CPR):    -0.496ns
  Clock Uncertainty:      0.094ns  ((TSJ^2 + DJ^2)^1/2) / 2 + PE
    Total System Jitter     (TSJ):    0.071ns
    Discrete Jitter          (DJ):    0.175ns
    Phase Error              (PE):    0.000ns

    Location             Delay type                Incr(ns)  Path(ns)    Netlist Resource(s)
  -------------------------------------------------------------------    -------------------
                         (clock cpu_clk rise edge)    0.000     0.000 r  
    K21                                               0.000     0.000 r  clk_50M (IN)
                         net (fo=0)                   0.000     0.000    u_soc_top/pll_clk.u_clk_pll/inst/clk_in1
    K21                  IBUF (Prop_ibuf_I_O)         1.394     1.394 r  u_soc_top/pll_clk.u_clk_pll/inst/clkin1_ibufg/O
                         net (fo=1, unplaced)         0.584     1.978    u_soc_top/pll_clk.u_clk_pll/inst/clk_in1_clk_pll
                         PLLE2_ADV (Prop_plle2_adv_CLKIN1_CLKOUT0)
                                                     -5.783    -3.805 r  u_soc_top/pll_clk.u_clk_pll/inst/plle2_adv_inst/CLKOUT0
                         net (fo=1, unplaced)         0.646    -3.159    u_soc_top/pll_clk.u_clk_pll/inst/cpu_clk_clk_pll
                         BUFG (Prop_bufg_I_O)         0.081    -3.078 r  u_soc_top/pll_clk.u_clk_pll/inst/clkout1_buf/O
                         net (fo=5385, unplaced)      0.584    -2.494    u_soc_top/u_cpu/u_core/cpu_clk
                         FDRE                                         r  u_soc_top/u_cpu/u_core/pc_reg[4]_rep/C
  -------------------------------------------------------------------    -------------------
                         FDRE (Prop_fdre_C_Q)         0.379    -2.115 r  u_soc_top/u_cpu/u_core/pc_reg[4]_rep/Q
                         net (fo=84, unplaced)        0.874    -1.241    u_icache/u_tag_ram/g_dist.mem_reg_128_191_3_5/ADDRC0
                         RAMD64E (Prop_ramd64e_RADR0_O)
                                                      0.232    -1.009 r  u_icache/u_tag_ram/g_dist.mem_reg_128_191_3_5/RAMC/O
                         net (fo=1, unplaced)         0.938    -0.071    u_soc_top/u_cpu/u_icache/next_state2_carry_i_3_5
                         LUT6 (Prop_lut6_I1_O)        0.105     0.034 r  u_soc_top/u_cpu/u_icache/__2/next_state2_carry_i_11/O
                         net (fo=1, unplaced)         0.582     0.616    u_soc_top/u_cpu/u_icache/p_0_in_0[4]
                         LUT6 (Prop_lut6_I0_O)        0.105     0.721 r  u_soc_top/u_cpu/u_icache/next_state2_carry_i_3/O
                         net (fo=1, unplaced)         0.000     0.721    u_soc_top/u_cpu/u_icache/next_state2_carry_i_3_n_0
                         CARRY4 (Prop_carry4_S[1]_CO[3])
                                                      0.457     1.178 r  u_soc_top/u_cpu/u_icache/next_state2_carry/CO[3]
                         net (fo=1, unplaced)         0.000     1.178    u_soc_top/u_cpu/u_icache/next_state2_carry_n_0
                         CARRY4 (Prop_carry4_CI_CO[2])
                                                      0.209     1.387 f  u_soc_top/u_cpu/u_icache/next_state2_carry__0/CO[2]
                         net (fo=1, unplaced)         0.349     1.736    u_soc_top/u_cpu/u_icache/next_state219_in
                         LUT5 (Prop_lut5_I0_O)        0.252     1.988 r  u_soc_top/u_cpu/u_icache/captured_pc[31]_i_3/O
                         net (fo=8, unplaced)         0.263     2.251    u_soc_top/u_cpu/u_core/if_stage/state_reg[0]_0
                         LUT5 (Prop_lut5_I4_O)        0.105     2.356 f  u_soc_top/u_cpu/u_core/if_stage/FSM_onehot_state[0]_i_4/O
                         net (fo=34, unplaced)        0.447     2.803    u_soc_top/u_cpu/u_icache/captured_instr_reg[0]_0
                         LUT5 (Prop_lut5_I4_O)        0.105     2.908 r  u_soc_top/u_cpu/u_icache/captured_instr[31]_i_4/O
                         net (fo=5, unplaced)         0.610     3.518    u_soc_top/u_cpu/u_icache/state_reg[2]_37
                         LUT4 (Prop_lut4_I1_O)        0.105     3.623 f  u_soc_top/u_cpu/u_icache/fq_target[2][20]_i_13/O
                         net (fo=17, unplaced)        0.403     4.026    u_soc_top/u_cpu/u_icache/captured_instr[28]_i_2_0
                         LUT3 (Prop_lut3_I0_O)        0.108     4.134 r  u_soc_top/u_cpu/u_icache/fq_target[2][31]_i_12/O
                         net (fo=10, unplaced)        0.390     4.524    u_soc_top/u_cpu/u_icache/fq_target[2][31]_i_12_n_0
                         LUT6 (Prop_lut6_I5_O)        0.105     4.629 r  u_soc_top/u_cpu/u_icache/fq_target[2][20]_i_11/O
                         net (fo=1, unplaced)         0.000     4.629    u_soc_top/u_cpu/u_core/if_stage/fq_target_reg[2][20][0]
                         CARRY4 (Prop_carry4_S[1]_CO[3])
                                                      0.457     5.086 f  u_soc_top/u_cpu/u_core/if_stage/fq_target_reg[2][20]_i_3/CO[3]
                         net (fo=1, unplaced)         0.000     5.086    u_soc_top/u_cpu/u_core/if_stage/fq_target_reg[2][20]_i_3_n_0
                         CARRY4 (Prop_carry4_CI_CO[3])
                                                      0.098     5.184 r  u_soc_top/u_cpu/u_core/if_stage/fq_target_reg[2][24]_i_3/CO[3]
                         net (fo=1, unplaced)         0.000     5.184    u_soc_top/u_cpu/u_core/if_stage/fq_target_reg[2][24]_i_3_n_0
                         CARRY4 (Prop_carry4_CI_O[3])
                                                      0.275     5.459 r  u_soc_top/u_cpu/u_core/if_stage/fq_target_reg[2][28]_i_3/O[3]
                         net (fo=4, unplaced)         0.543     6.002    u_soc_top/u_cpu/u_core/reg_id_ex0_ctrl/fetch_target0[28]
                         LUT6 (Prop_lut6_I1_O)        0.250     6.252 r  u_soc_top/u_cpu/u_core/reg_id_ex0_ctrl/fq_target[0][28]_i_2/O
                         net (fo=1, unplaced)         0.347     6.599    u_soc_top/u_cpu/u_core/if_stage/fq_target_reg[0][28]
                         LUT5 (Prop_lut5_I4_O)        0.105     6.704 r  u_soc_top/u_cpu/u_core/if_stage/fq_target[0][28]_i_1/O
                         net (fo=1, unplaced)         0.000     6.704    u_soc_top/u_cpu/u_core/if_stage_n_134
                         FDRE                                         r  u_soc_top/u_cpu/u_core/fq_target_reg[0][28]/D
  -------------------------------------------------------------------    -------------------

                         (clock cpu_clk rise edge)   10.000    10.000 r  
    K21                                               0.000    10.000 r  clk_50M (IN)
                         net (fo=0)                   0.000    10.000    u_soc_top/pll_clk.u_clk_pll/inst/clk_in1
    K21                  IBUF (Prop_ibuf_I_O)         1.328    11.328 r  u_soc_top/pll_clk.u_clk_pll/inst/clkin1_ibufg/O
                         net (fo=1, unplaced)         0.439    11.767    u_soc_top/pll_clk.u_clk_pll/inst/clk_in1_clk_pll
                         PLLE2_ADV (Prop_plle2_adv_CLKIN1_CLKOUT0)
                                                     -5.039     6.728 r  u_soc_top/pll_clk.u_clk_pll/inst/plle2_adv_inst/CLKOUT0
                         net (fo=1, unplaced)         0.613     7.341    u_soc_top/pll_clk.u_clk_pll/inst/cpu_clk_clk_pll
                         BUFG (Prop_bufg_I_O)         0.077     7.418 r  u_soc_top/pll_clk.u_clk_pll/inst/clkout1_buf/O
                         net (fo=5385, unplaced)      0.439     7.857    u_soc_top/u_cpu/u_core/cpu_clk
                         FDRE                                         r  u_soc_top/u_cpu/u_core/fq_target_reg[0][28]/C
                         clock pessimism             -0.496     7.361    
                         clock uncertainty           -0.094     7.266    
                         FDRE (Setup_fdre_C_D)        0.029     7.295    u_soc_top/u_cpu/u_core/fq_target_reg[0][28]
  -------------------------------------------------------------------
                         required time                          7.295    
                         arrival time                          -6.704    
  -------------------------------------------------------------------
                         slack                                  0.592    

Slack (MET) :             0.592ns  (required time - arrival time)
  Source:                 u_soc_top/u_cpu/u_core/pc_reg[4]_rep/C
                            (rising edge-triggered cell FDRE clocked by cpu_clk  {rise@0.000ns fall@5.000ns period=10.000ns})
  Destination:            u_soc_top/u_cpu/u_core/fq_target_reg[0][28]/D
                            (rising edge-triggered cell FDRE clocked by cpu_clk  {rise@0.000ns fall@5.000ns period=10.000ns})
  Path Group:             cpu_clk
  Path Type:              Setup (Max at Slow Process Corner)
  Requirement:            10.000ns  (cpu_clk rise@10.000ns - cpu_clk rise@0.000ns)
  Data Path Delay:        9.198ns  (logic 3.452ns (37.530%)  route 5.746ns (62.470%))
  Logic Levels:           16  (CARRY4=5 LUT3=1 LUT4=1 LUT5=4 LUT6=4 RAMD64E=1)
  Clock Path Skew:        -0.145ns (DCD - SCD + CPR)
    Destination Clock Delay (DCD):    -2.143ns = ( 7.857 - 10.000 ) 
    Source Clock Delay      (SCD):    -2.494ns
    Clock Pessimism Removal (CPR):    -0.496ns
  Clock Uncertainty:      0.094ns  ((TSJ^2 + DJ^2)^1/2) / 2 + PE
    Total System Jitter     (TSJ):    0.071ns
    Discrete Jitter          (DJ):    0.175ns
    Phase Error              (PE):    0.000ns

    Location             Delay type                Incr(ns)  Path(ns)    Netlist Resource(s)
  -------------------------------------------------------------------    -------------------
                         (clock cpu_clk rise edge)    0.000     0.000 r  
    K21                                               0.000     0.000 r  clk_50M (IN)
                         net (fo=0)                   0.000     0.000    u_soc_top/pll_clk.u_clk_pll/inst/clk_in1
    K21                  IBUF (Prop_ibuf_I_O)         1.394     1.394 r  u_soc_top/pll_clk.u_clk_pll/inst/clkin1_ibufg/O
                         net (fo=1, unplaced)         0.584     1.978    u_soc_top/pll_clk.u_clk_pll/inst/clk_in1_clk_pll
                         PLLE2_ADV (Prop_plle2_adv_CLKIN1_CLKOUT0)
                                                     -5.783    -3.805 r  u_soc_top/pll_clk.u_clk_pll/inst/plle2_adv_inst/CLKOUT0
                         net (fo=1, unplaced)         0.646    -3.159    u_soc_top/pll_clk.u_clk_pll/inst/cpu_clk_clk_pll
                         BUFG (Prop_bufg_I_O)         0.081    -3.078 r  u_soc_top/pll_clk.u_clk_pll/inst/clkout1_buf/O
                         net (fo=5385, unplaced)      0.584    -2.494    u_soc_top/u_cpu/u_core/cpu_clk
                         FDRE                                         r  u_soc_top/u_cpu/u_core/pc_reg[4]_rep/C
  -------------------------------------------------------------------    -------------------
                         FDRE (Prop_fdre_C_Q)         0.379    -2.115 f  u_soc_top/u_cpu/u_core/pc_reg[4]_rep/Q
                         net (fo=84, unplaced)        0.874    -1.241    u_icache/u_tag_ram/g_dist.mem_reg_128_191_3_5/ADDRC0
                         RAMD64E (Prop_ramd64e_RADR0_O)
                                                      0.232    -1.009 r  u_icache/u_tag_ram/g_dist.mem_reg_128_191_3_5/RAMC/O
                         net (fo=1, unplaced)         0.938    -0.071    u_soc_top/u_cpu/u_icache/next_state2_carry_i_3_5
                         LUT6 (Prop_lut6_I1_O)        0.105     0.034 r  u_soc_top/u_cpu/u_icache/__2/next_state2_carry_i_11/O
                         net (fo=1, unplaced)         0.582     0.616    u_soc_top/u_cpu/u_icache/p_0_in_0[4]
                         LUT6 (Prop_lut6_I0_O)        0.105     0.721 r  u_soc_top/u_cpu/u_icache/next_state2_carry_i_3/O
                         net (fo=1, unplaced)         0.000     0.721    u_soc_top/u_cpu/u_icache/next_state2_carry_i_3_n_0
                         CARRY4 (Prop_carry4_S[1]_CO[3])
                                                      0.457     1.178 r  u_soc_top/u_cpu/u_icache/next_state2_carry/CO[3]
                         net (fo=1, unplaced)         0.000     1.178    u_soc_top/u_cpu/u_icache/next_state2_carry_n_0
                         CARRY4 (Prop_carry4_CI_CO[2])
                                                      0.209     1.387 f  u_soc_top/u_cpu/u_icache/next_state2_carry__0/CO[2]
                         net (fo=1, unplaced)         0.349     1.736    u_soc_top/u_cpu/u_icache/next_state219_in
                         LUT5 (Prop_lut5_I0_O)        0.252     1.988 r  u_soc_top/u_cpu/u_icache/captured_pc[31]_i_3/O
                         net (fo=8, unplaced)         0.263     2.251    u_soc_top/u_cpu/u_core/if_stage/state_reg[0]_0
                         LUT5 (Prop_lut5_I4_O)        0.105     2.356 f  u_soc_top/u_cpu/u_core/if_stage/FSM_onehot_state[0]_i_4/O
                         net (fo=34, unplaced)        0.447     2.803    u_soc_top/u_cpu/u_icache/captured_instr_reg[0]_0
                         LUT5 (Prop_lut5_I4_O)        0.105     2.908 r  u_soc_top/u_cpu/u_icache/captured_instr[31]_i_4/O
                         net (fo=5, unplaced)         0.610     3.518    u_soc_top/u_cpu/u_icache/state_reg[2]_37
                         LUT4 (Prop_lut4_I1_O)        0.105     3.623 f  u_soc_top/u_cpu/u_icache/fq_target[2][20]_i_13/O
                         net (fo=17, unplaced)        0.403     4.026    u_soc_top/u_cpu/u_icache/captured_instr[28]_i_2_0
                         LUT3 (Prop_lut3_I0_O)        0.108     4.134 r  u_soc_top/u_cpu/u_icache/fq_target[2][31]_i_12/O
                         net (fo=10, unplaced)        0.390     4.524    u_soc_top/u_cpu/u_icache/fq_target[2][31]_i_12_n_0
                         LUT6 (Prop_lut6_I5_O)        0.105     4.629 r  u_soc_top/u_cpu/u_icache/fq_target[2][20]_i_11/O
                         net (fo=1, unplaced)         0.000     4.629    u_soc_top/u_cpu/u_core/if_stage/fq_target_reg[2][20][0]
                         CARRY4 (Prop_carry4_S[1]_CO[3])
                                                      0.457     5.086 f  u_soc_top/u_cpu/u_core/if_stage/fq_target_reg[2][20]_i_3/CO[3]
                         net (fo=1, unplaced)         0.000     5.086    u_soc_top/u_cpu/u_core/if_stage/fq_target_reg[2][20]_i_3_n_0
                         CARRY4 (Prop_carry4_CI_CO[3])
                                                      0.098     5.184 r  u_soc_top/u_cpu/u_core/if_stage/fq_target_reg[2][24]_i_3/CO[3]
                         net (fo=1, unplaced)         0.000     5.184    u_soc_top/u_cpu/u_core/if_stage/fq_target_reg[2][24]_i_3_n_0
                         CARRY4 (Prop_carry4_CI_O[3])
                                                      0.275     5.459 r  u_soc_top/u_cpu/u_core/if_stage/fq_target_reg[2][28]_i_3/O[3]
                         net (fo=4, unplaced)         0.543     6.002    u_soc_top/u_cpu/u_core/reg_id_ex0_ctrl/fetch_target0[28]
                         LUT6 (Prop_lut6_I1_O)        0.250     6.252 r  u_soc_top/u_cpu/u_core/reg_id_ex0_ctrl/fq_target[0][28]_i_2/O
                         net (fo=1, unplaced)         0.347     6.599    u_soc_top/u_cpu/u_core/if_stage/fq_target_reg[0][28]
                         LUT5 (Prop_lut5_I4_O)        0.105     6.704 r  u_soc_top/u_cpu/u_core/if_stage/fq_target[0][28]_i_1/O
                         net (fo=1, unplaced)         0.000     6.704    u_soc_top/u_cpu/u_core/if_stage_n_134
                         FDRE                                         r  u_soc_top/u_cpu/u_core/fq_target_reg[0][28]/D
  -------------------------------------------------------------------    -------------------

                         (clock cpu_clk rise edge)   10.000    10.000 r  
    K21                                               0.000    10.000 r  clk_50M (IN)
                         net (fo=0)                   0.000    10.000    u_soc_top/pll_clk.u_clk_pll/inst/clk_in1
    K21                  IBUF (Prop_ibuf_I_O)         1.328    11.328 r  u_soc_top/pll_clk.u_clk_pll/inst/clkin1_ibufg/O
                         net (fo=1, unplaced)         0.439    11.767    u_soc_top/pll_clk.u_clk_pll/inst/clk_in1_clk_pll
                         PLLE2_ADV (Prop_plle2_adv_CLKIN1_CLKOUT0)
                                                     -5.039     6.728 r  u_soc_top/pll_clk.u_clk_pll/inst/plle2_adv_inst/CLKOUT0
                         net (fo=1, unplaced)         0.613     7.341    u_soc_top/pll_clk.u_clk_pll/inst/cpu_clk_clk_pll
                         BUFG (Prop_bufg_I_O)         0.077     7.418 r  u_soc_top/pll_clk.u_clk_pll/inst/clkout1_buf/O
                         net (fo=5385, unplaced)      0.439     7.857    u_soc_top/u_cpu/u_core/cpu_clk
                         FDRE                                         r  u_soc_top/u_cpu/u_core/fq_target_reg[0][28]/C
                         clock pessimism             -0.496     7.361    
                         clock uncertainty           -0.094     7.266    
                         FDRE (Setup_fdre_C_D)        0.029     7.295    u_soc_top/u_cpu/u_core/fq_target_reg[0][28]
  -------------------------------------------------------------------
                         required time                          7.295    
                         arrival time                          -6.704    
  -------------------------------------------------------------------
                         slack                                  0.592    

Slack (MET) :             0.592ns  (required time - arrival time)
  Source:                 u_soc_top/u_cpu/u_core/pc_reg[4]_rep/C
                            (rising edge-triggered cell FDRE clocked by cpu_clk  {rise@0.000ns fall@5.000ns period=10.000ns})
  Destination:            u_soc_top/u_cpu/u_core/fq_target_reg[0][28]/D
                            (rising edge-triggered cell FDRE clocked by cpu_clk  {rise@0.000ns fall@5.000ns period=10.000ns})
  Path Group:             cpu_clk
  Path Type:              Setup (Max at Slow Process Corner)
  Requirement:            10.000ns  (cpu_clk rise@10.000ns - cpu_clk rise@0.000ns)
  Data Path Delay:        9.198ns  (logic 3.452ns (37.530%)  route 5.746ns (62.470%))
  Logic Levels:           16  (CARRY4=5 LUT3=1 LUT4=1 LUT5=4 LUT6=4 RAMD64E=1)
  Clock Path Skew:        -0.145ns (DCD - SCD + CPR)
    Destination Clock Delay (DCD):    -2.143ns = ( 7.857 - 10.000 ) 
    Source Clock Delay      (SCD):    -2.494ns
    Clock Pessimism Removal (CPR):    -0.496ns
  Clock Uncertainty:      0.094ns  ((TSJ^2 + DJ^2)^1/2) / 2 + PE
    Total System Jitter     (TSJ):    0.071ns
    Discrete Jitter          (DJ):    0.175ns
    Phase Error              (PE):    0.000ns

    Location             Delay type                Incr(ns)  Path(ns)    Netlist Resource(s)
  -------------------------------------------------------------------    -------------------
                         (clock cpu_clk rise edge)    0.000     0.000 r  
    K21                                               0.000     0.000 r  clk_50M (IN)
                         net (fo=0)                   0.000     0.000    u_soc_top/pll_clk.u_clk_pll/inst/clk_in1
    K21                  IBUF (Prop_ibuf_I_O)         1.394     1.394 r  u_soc_top/pll_clk.u_clk_pll/inst/clkin1_ibufg/O
                         net (fo=1, unplaced)         0.584     1.978    u_soc_top/pll_clk.u_clk_pll/inst/clk_in1_clk_pll
                         PLLE2_ADV (Prop_plle2_adv_CLKIN1_CLKOUT0)
                                                     -5.783    -3.805 r  u_soc_top/pll_clk.u_clk_pll/inst/plle2_adv_inst/CLKOUT0
                         net (fo=1, unplaced)         0.646    -3.159    u_soc_top/pll_clk.u_clk_pll/inst/cpu_clk_clk_pll
                         BUFG (Prop_bufg_I_O)         0.081    -3.078 r  u_soc_top/pll_clk.u_clk_pll/inst/clkout1_buf/O
                         net (fo=5385, unplaced)      0.584    -2.494    u_soc_top/u_cpu/u_core/cpu_clk
                         FDRE                                         r  u_soc_top/u_cpu/u_core/pc_reg[4]_rep/C
  -------------------------------------------------------------------    -------------------
                         FDRE (Prop_fdre_C_Q)         0.379    -2.115 r  u_soc_top/u_cpu/u_core/pc_reg[4]_rep/Q
                         net (fo=84, unplaced)        0.874    -1.241    u_icache/u_tag_ram/g_dist.mem_reg_128_191_3_5/ADDRC0
                         RAMD64E (Prop_ramd64e_RADR0_O)
                                                      0.232    -1.009 r  u_icache/u_tag_ram/g_dist.mem_reg_128_191_3_5/RAMC/O
                         net (fo=1, unplaced)         0.938    -0.071    u_soc_top/u_cpu/u_icache/next_state2_carry_i_3_5
                         LUT6 (Prop_lut6_I1_O)        0.105     0.034 r  u_soc_top/u_cpu/u_icache/__2/next_state2_carry_i_11/O
                         net (fo=1, unplaced)         0.582     0.616    u_soc_top/u_cpu/u_icache/p_0_in_0[4]
                         LUT6 (Prop_lut6_I0_O)        0.105     0.721 r  u_soc_top/u_cpu/u_icache/next_state2_carry_i_3/O
                         net (fo=1, unplaced)         0.000     0.721    u_soc_top/u_cpu/u_icache/next_state2_carry_i_3_n_0
                         CARRY4 (Prop_carry4_S[1]_CO[3])
                                                      0.457     1.178 r  u_soc_top/u_cpu/u_icache/next_state2_carry/CO[3]
                         net (fo=1, unplaced)         0.000     1.178    u_soc_top/u_cpu/u_icache/next_state2_carry_n_0
                         CARRY4 (Prop_carry4_CI_CO[2])
                                                      0.209     1.387 f  u_soc_top/u_cpu/u_icache/next_state2_carry__0/CO[2]
                         net (fo=1, unplaced)         0.349     1.736    u_soc_top/u_cpu/u_icache/next_state219_in
                         LUT5 (Prop_lut5_I0_O)        0.252     1.988 r  u_soc_top/u_cpu/u_icache/captured_pc[31]_i_3/O
                         net (fo=8, unplaced)         0.263     2.251    u_soc_top/u_cpu/u_core/if_stage/state_reg[0]_0
                         LUT5 (Prop_lut5_I4_O)        0.105     2.356 f  u_soc_top/u_cpu/u_core/if_stage/FSM_onehot_state[0]_i_4/O
                         net (fo=34, unplaced)        0.447     2.803    u_soc_top/u_cpu/u_icache/captured_instr_reg[0]_0
                         LUT5 (Prop_lut5_I4_O)        0.105     2.908 r  u_soc_top/u_cpu/u_icache/captured_instr[31]_i_4/O
                         net (fo=5, unplaced)         0.610     3.518    u_soc_top/u_cpu/u_icache/state_reg[2]_37
                         LUT4 (Prop_lut4_I1_O)        0.105     3.623 f  u_soc_top/u_cpu/u_icache/fq_target[2][20]_i_13/O
                         net (fo=17, unplaced)        0.403     4.026    u_soc_top/u_cpu/u_icache/captured_instr[28]_i_2_0
                         LUT3 (Prop_lut3_I0_O)        0.108     4.134 r  u_soc_top/u_cpu/u_icache/fq_target[2][31]_i_12/O
                         net (fo=10, unplaced)        0.390     4.524    u_soc_top/u_cpu/u_icache/fq_target[2][31]_i_12_n_0
                         LUT6 (Prop_lut6_I5_O)        0.105     4.629 f  u_soc_top/u_cpu/u_icache/fq_target[2][20]_i_11/O
                         net (fo=1, unplaced)         0.000     4.629    u_soc_top/u_cpu/u_core/if_stage/fq_target_reg[2][20][0]
                         CARRY4 (Prop_carry4_S[1]_CO[3])
                                                      0.457     5.086 f  u_soc_top/u_cpu/u_core/if_stage/fq_target_reg[2][20]_i_3/CO[3]
                         net (fo=1, unplaced)         0.000     5.086    u_soc_top/u_cpu/u_core/if_stage/fq_target_reg[2][20]_i_3_n_0
                         CARRY4 (Prop_carry4_CI_CO[3])
                                                      0.098     5.184 r  u_soc_top/u_cpu/u_core/if_stage/fq_target_reg[2][24]_i_3/CO[3]
                         net (fo=1, unplaced)         0.000     5.184    u_soc_top/u_cpu/u_core/if_stage/fq_target_reg[2][24]_i_3_n_0
                         CARRY4 (Prop_carry4_CI_O[3])
                                                      0.275     5.459 r  u_soc_top/u_cpu/u_core/if_stage/fq_target_reg[2][28]_i_3/O[3]
                         net (fo=4, unplaced)         0.543     6.002    u_soc_top/u_cpu/u_core/reg_id_ex0_ctrl/fetch_target0[28]
                         LUT6 (Prop_lut6_I1_O)        0.250     6.252 r  u_soc_top/u_cpu/u_core/reg_id_ex0_ctrl/fq_target[0][28]_i_2/O
                         net (fo=1, unplaced)         0.347     6.599    u_soc_top/u_cpu/u_core/if_stage/fq_target_reg[0][28]
                         LUT5 (Prop_lut5_I4_O)        0.105     6.704 r  u_soc_top/u_cpu/u_core/if_stage/fq_target[0][28]_i_1/O
                         net (fo=1, unplaced)         0.000     6.704    u_soc_top/u_cpu/u_core/if_stage_n_134
                         FDRE                                         r  u_soc_top/u_cpu/u_core/fq_target_reg[0][28]/D
  -------------------------------------------------------------------    -------------------

                         (clock cpu_clk rise edge)   10.000    10.000 r  
    K21                                               0.000    10.000 r  clk_50M (IN)
                         net (fo=0)                   0.000    10.000    u_soc_top/pll_clk.u_clk_pll/inst/clk_in1
    K21                  IBUF (Prop_ibuf_I_O)         1.328    11.328 r  u_soc_top/pll_clk.u_clk_pll/inst/clkin1_ibufg/O
                         net (fo=1, unplaced)         0.439    11.767    u_soc_top/pll_clk.u_clk_pll/inst/clk_in1_clk_pll
                         PLLE2_ADV (Prop_plle2_adv_CLKIN1_CLKOUT0)
                                                     -5.039     6.728 r  u_soc_top/pll_clk.u_clk_pll/inst/plle2_adv_inst/CLKOUT0
                         net (fo=1, unplaced)         0.613     7.341    u_soc_top/pll_clk.u_clk_pll/inst/cpu_clk_clk_pll
                         BUFG (Prop_bufg_I_O)         0.077     7.418 r  u_soc_top/pll_clk.u_clk_pll/inst/clkout1_buf/O
                         net (fo=5385, unplaced)      0.439     7.857    u_soc_top/u_cpu/u_core/cpu_clk
                         FDRE                                         r  u_soc_top/u_cpu/u_core/fq_target_reg[0][28]/C
                         clock pessimism             -0.496     7.361    
                         clock uncertainty           -0.094     7.266    
                         FDRE (Setup_fdre_C_D)        0.029     7.295    u_soc_top/u_cpu/u_core/fq_target_reg[0][28]
  -------------------------------------------------------------------
                         required time                          7.295    
                         arrival time                          -6.704    
  -------------------------------------------------------------------
                         slack                                  0.592    

Slack (MET) :             0.592ns  (required time - arrival time)
  Source:                 u_soc_top/u_cpu/u_core/pc_reg[4]_rep/C
                            (rising edge-triggered cell FDRE clocked by cpu_clk  {rise@0.000ns fall@5.000ns period=10.000ns})
  Destination:            u_soc_top/u_cpu/u_core/fq_target_reg[0][28]/D
                            (rising edge-triggered cell FDRE clocked by cpu_clk  {rise@0.000ns fall@5.000ns period=10.000ns})
  Path Group:             cpu_clk
  Path Type:              Setup (Max at Slow Process Corner)
  Requirement:            10.000ns  (cpu_clk rise@10.000ns - cpu_clk rise@0.000ns)
  Data Path Delay:        9.198ns  (logic 3.452ns (37.530%)  route 5.746ns (62.470%))
  Logic Levels:           16  (CARRY4=5 LUT3=1 LUT4=1 LUT5=4 LUT6=4 RAMD64E=1)
  Clock Path Skew:        -0.145ns (DCD - SCD + CPR)
    Destination Clock Delay (DCD):    -2.143ns = ( 7.857 - 10.000 ) 
    Source Clock Delay      (SCD):    -2.494ns
    Clock Pessimism Removal (CPR):    -0.496ns
  Clock Uncertainty:      0.094ns  ((TSJ^2 + DJ^2)^1/2) / 2 + PE
    Total System Jitter     (TSJ):    0.071ns
    Discrete Jitter          (DJ):    0.175ns
    Phase Error              (PE):    0.000ns

    Location             Delay type                Incr(ns)  Path(ns)    Netlist Resource(s)
  -------------------------------------------------------------------    -------------------
                         (clock cpu_clk rise edge)    0.000     0.000 r  
    K21                                               0.000     0.000 r  clk_50M (IN)
                         net (fo=0)                   0.000     0.000    u_soc_top/pll_clk.u_clk_pll/inst/clk_in1
    K21                  IBUF (Prop_ibuf_I_O)         1.394     1.394 r  u_soc_top/pll_clk.u_clk_pll/inst/clkin1_ibufg/O
                         net (fo=1, unplaced)         0.584     1.978    u_soc_top/pll_clk.u_clk_pll/inst/clk_in1_clk_pll
                         PLLE2_ADV (Prop_plle2_adv_CLKIN1_CLKOUT0)
                                                     -5.783    -3.805 r  u_soc_top/pll_clk.u_clk_pll/inst/plle2_adv_inst/CLKOUT0
                         net (fo=1, unplaced)         0.646    -3.159    u_soc_top/pll_clk.u_clk_pll/inst/cpu_clk_clk_pll
                         BUFG (Prop_bufg_I_O)         0.081    -3.078 r  u_soc_top/pll_clk.u_clk_pll/inst/clkout1_buf/O
                         net (fo=5385, unplaced)      0.584    -2.494    u_soc_top/u_cpu/u_core/cpu_clk
                         FDRE                                         r  u_soc_top/u_cpu/u_core/pc_reg[4]_rep/C
  -------------------------------------------------------------------    -------------------
                         FDRE (Prop_fdre_C_Q)         0.379    -2.115 f  u_soc_top/u_cpu/u_core/pc_reg[4]_rep/Q
                         net (fo=84, unplaced)        0.874    -1.241    u_icache/u_tag_ram/g_dist.mem_reg_128_191_3_5/ADDRC0
                         RAMD64E (Prop_ramd64e_RADR0_O)
                                                      0.232    -1.009 r  u_icache/u_tag_ram/g_dist.mem_reg_128_191_3_5/RAMC/O
                         net (fo=1, unplaced)         0.938    -0.071    u_soc_top/u_cpu/u_icache/next_state2_carry_i_3_5
                         LUT6 (Prop_lut6_I1_O)        0.105     0.034 r  u_soc_top/u_cpu/u_icache/__2/next_state2_carry_i_11/O
                         net (fo=1, unplaced)         0.582     0.616    u_soc_top/u_cpu/u_icache/p_0_in_0[4]
                         LUT6 (Prop_lut6_I0_O)        0.105     0.721 r  u_soc_top/u_cpu/u_icache/next_state2_carry_i_3/O
                         net (fo=1, unplaced)         0.000     0.721    u_soc_top/u_cpu/u_icache/next_state2_carry_i_3_n_0
                         CARRY4 (Prop_carry4_S[1]_CO[3])
                                                      0.457     1.178 r  u_soc_top/u_cpu/u_icache/next_state2_carry/CO[3]
                         net (fo=1, unplaced)         0.000     1.178    u_soc_top/u_cpu/u_icache/next_state2_carry_n_0
                         CARRY4 (Prop_carry4_CI_CO[2])
                                                      0.209     1.387 f  u_soc_top/u_cpu/u_icache/next_state2_carry__0/CO[2]
                         net (fo=1, unplaced)         0.349     1.736    u_soc_top/u_cpu/u_icache/next_state219_in
                         LUT5 (Prop_lut5_I0_O)        0.252     1.988 r  u_soc_top/u_cpu/u_icache/captured_pc[31]_i_3/O
                         net (fo=8, unplaced)         0.263     2.251    u_soc_top/u_cpu/u_core/if_stage/state_reg[0]_0
                         LUT5 (Prop_lut5_I4_O)        0.105     2.356 f  u_soc_top/u_cpu/u_core/if_stage/FSM_onehot_state[0]_i_4/O
                         net (fo=34, unplaced)        0.447     2.803    u_soc_top/u_cpu/u_icache/captured_instr_reg[0]_0
                         LUT5 (Prop_lut5_I4_O)        0.105     2.908 r  u_soc_top/u_cpu/u_icache/captured_instr[31]_i_4/O
                         net (fo=5, unplaced)         0.610     3.518    u_soc_top/u_cpu/u_icache/state_reg[2]_37
                         LUT4 (Prop_lut4_I1_O)        0.105     3.623 f  u_soc_top/u_cpu/u_icache/fq_target[2][20]_i_13/O
                         net (fo=17, unplaced)        0.403     4.026    u_soc_top/u_cpu/u_icache/captured_instr[28]_i_2_0
                         LUT3 (Prop_lut3_I0_O)        0.108     4.134 r  u_soc_top/u_cpu/u_icache/fq_target[2][31]_i_12/O
                         net (fo=10, unplaced)        0.390     4.524    u_soc_top/u_cpu/u_icache/fq_target[2][31]_i_12_n_0
                         LUT6 (Prop_lut6_I5_O)        0.105     4.629 f  u_soc_top/u_cpu/u_icache/fq_target[2][20]_i_11/O
                         net (fo=1, unplaced)         0.000     4.629    u_soc_top/u_cpu/u_core/if_stage/fq_target_reg[2][20][0]
                         CARRY4 (Prop_carry4_S[1]_CO[3])
                                                      0.457     5.086 f  u_soc_top/u_cpu/u_core/if_stage/fq_target_reg[2][20]_i_3/CO[3]
                         net (fo=1, unplaced)         0.000     5.086    u_soc_top/u_cpu/u_core/if_stage/fq_target_reg[2][20]_i_3_n_0
                         CARRY4 (Prop_carry4_CI_CO[3])
                                                      0.098     5.184 r  u_soc_top/u_cpu/u_core/if_stage/fq_target_reg[2][24]_i_3/CO[3]
                         net (fo=1, unplaced)         0.000     5.184    u_soc_top/u_cpu/u_core/if_stage/fq_target_reg[2][24]_i_3_n_0
                         CARRY4 (Prop_carry4_CI_O[3])
                                                      0.275     5.459 r  u_soc_top/u_cpu/u_core/if_stage/fq_target_reg[2][28]_i_3/O[3]
                         net (fo=4, unplaced)         0.543     6.002    u_soc_top/u_cpu/u_core/reg_id_ex0_ctrl/fetch_target0[28]
                         LUT6 (Prop_lut6_I1_O)        0.250     6.252 r  u_soc_top/u_cpu/u_core/reg_id_ex0_ctrl/fq_target[0][28]_i_2/O
                         net (fo=1, unplaced)         0.347     6.599    u_soc_top/u_cpu/u_core/if_stage/fq_target_reg[0][28]
                         LUT5 (Prop_lut5_I4_O)        0.105     6.704 r  u_soc_top/u_cpu/u_core/if_stage/fq_target[0][28]_i_1/O
                         net (fo=1, unplaced)         0.000     6.704    u_soc_top/u_cpu/u_core/if_stage_n_134
                         FDRE                                         r  u_soc_top/u_cpu/u_core/fq_target_reg[0][28]/D
  -------------------------------------------------------------------    -------------------

                         (clock cpu_clk rise edge)   10.000    10.000 r  
    K21                                               0.000    10.000 r  clk_50M (IN)
                         net (fo=0)                   0.000    10.000    u_soc_top/pll_clk.u_clk_pll/inst/clk_in1
    K21                  IBUF (Prop_ibuf_I_O)         1.328    11.328 r  u_soc_top/pll_clk.u_clk_pll/inst/clkin1_ibufg/O
                         net (fo=1, unplaced)         0.439    11.767    u_soc_top/pll_clk.u_clk_pll/inst/clk_in1_clk_pll
                         PLLE2_ADV (Prop_plle2_adv_CLKIN1_CLKOUT0)
                                                     -5.039     6.728 r  u_soc_top/pll_clk.u_clk_pll/inst/plle2_adv_inst/CLKOUT0
                         net (fo=1, unplaced)         0.613     7.341    u_soc_top/pll_clk.u_clk_pll/inst/cpu_clk_clk_pll
                         BUFG (Prop_bufg_I_O)         0.077     7.418 r  u_soc_top/pll_clk.u_clk_pll/inst/clkout1_buf/O
                         net (fo=5385, unplaced)      0.439     7.857    u_soc_top/u_cpu/u_core/cpu_clk
                         FDRE                                         r  u_soc_top/u_cpu/u_core/fq_target_reg[0][28]/C
                         clock pessimism             -0.496     7.361    
                         clock uncertainty           -0.094     7.266    
                         FDRE (Setup_fdre_C_D)        0.029     7.295    u_soc_top/u_cpu/u_core/fq_target_reg[0][28]
  -------------------------------------------------------------------
                         required time                          7.295    
                         arrival time                          -6.704    
  -------------------------------------------------------------------
                         slack                                  0.592    

Slack (MET) :             0.592ns  (required time - arrival time)
  Source:                 u_soc_top/u_cpu/u_core/pc_reg[4]_rep/C
                            (rising edge-triggered cell FDRE clocked by cpu_clk  {rise@0.000ns fall@5.000ns period=10.000ns})
  Destination:            u_soc_top/u_cpu/u_core/fq_target_reg[0][28]/D
                            (rising edge-triggered cell FDRE clocked by cpu_clk  {rise@0.000ns fall@5.000ns period=10.000ns})
  Path Group:             cpu_clk
  Path Type:              Setup (Max at Slow Process Corner)
  Requirement:            10.000ns  (cpu_clk rise@10.000ns - cpu_clk rise@0.000ns)
  Data Path Delay:        9.198ns  (logic 3.452ns (37.530%)  route 5.746ns (62.470%))
  Logic Levels:           16  (CARRY4=5 LUT3=1 LUT4=1 LUT5=4 LUT6=4 RAMD64E=1)
  Clock Path Skew:        -0.145ns (DCD - SCD + CPR)
    Destination Clock Delay (DCD):    -2.143ns = ( 7.857 - 10.000 ) 
    Source Clock Delay      (SCD):    -2.494ns
    Clock Pessimism Removal (CPR):    -0.496ns
  Clock Uncertainty:      0.094ns  ((TSJ^2 + DJ^2)^1/2) / 2 + PE
    Total System Jitter     (TSJ):    0.071ns
    Discrete Jitter          (DJ):    0.175ns
    Phase Error              (PE):    0.000ns

    Location             Delay type                Incr(ns)  Path(ns)    Netlist Resource(s)
  -------------------------------------------------------------------    -------------------
                         (clock cpu_clk rise edge)    0.000     0.000 r  
    K21                                               0.000     0.000 r  clk_50M (IN)
                         net (fo=0)                   0.000     0.000    u_soc_top/pll_clk.u_clk_pll/inst/clk_in1
    K21                  IBUF (Prop_ibuf_I_O)         1.394     1.394 r  u_soc_top/pll_clk.u_clk_pll/inst/clkin1_ibufg/O
                         net (fo=1, unplaced)         0.584     1.978    u_soc_top/pll_clk.u_clk_pll/inst/clk_in1_clk_pll
                         PLLE2_ADV (Prop_plle2_adv_CLKIN1_CLKOUT0)
                                                     -5.783    -3.805 r  u_soc_top/pll_clk.u_clk_pll/inst/plle2_adv_inst/CLKOUT0
                         net (fo=1, unplaced)         0.646    -3.159    u_soc_top/pll_clk.u_clk_pll/inst/cpu_clk_clk_pll
                         BUFG (Prop_bufg_I_O)         0.081    -3.078 r  u_soc_top/pll_clk.u_clk_pll/inst/clkout1_buf/O
                         net (fo=5385, unplaced)      0.584    -2.494    u_soc_top/u_cpu/u_core/cpu_clk
                         FDRE                                         r  u_soc_top/u_cpu/u_core/pc_reg[4]_rep/C
  -------------------------------------------------------------------    -------------------
                         FDRE (Prop_fdre_C_Q)         0.379    -2.115 r  u_soc_top/u_cpu/u_core/pc_reg[4]_rep/Q
                         net (fo=84, unplaced)        0.874    -1.241    u_icache/u_tag_ram/g_dist.mem_reg_128_191_3_5/ADDRC0
                         RAMD64E (Prop_ramd64e_RADR0_O)
                                                      0.232    -1.009 r  u_icache/u_tag_ram/g_dist.mem_reg_128_191_3_5/RAMC/O
                         net (fo=1, unplaced)         0.938    -0.071    u_soc_top/u_cpu/u_icache/next_state2_carry_i_3_5
                         LUT6 (Prop_lut6_I1_O)        0.105     0.034 r  u_soc_top/u_cpu/u_icache/__2/next_state2_carry_i_11/O
                         net (fo=1, unplaced)         0.582     0.616    u_soc_top/u_cpu/u_icache/p_0_in_0[4]
                         LUT6 (Prop_lut6_I0_O)        0.105     0.721 r  u_soc_top/u_cpu/u_icache/next_state2_carry_i_3/O
                         net (fo=1, unplaced)         0.000     0.721    u_soc_top/u_cpu/u_icache/next_state2_carry_i_3_n_0
                         CARRY4 (Prop_carry4_S[1]_CO[3])
                                                      0.457     1.178 r  u_soc_top/u_cpu/u_icache/next_state2_carry/CO[3]
                         net (fo=1, unplaced)         0.000     1.178    u_soc_top/u_cpu/u_icache/next_state2_carry_n_0
                         CARRY4 (Prop_carry4_CI_CO[2])
                                                      0.209     1.387 f  u_soc_top/u_cpu/u_icache/next_state2_carry__0/CO[2]
                         net (fo=1, unplaced)         0.349     1.736    u_soc_top/u_cpu/u_icache/next_state219_in
                         LUT5 (Prop_lut5_I0_O)        0.252     1.988 r  u_soc_top/u_cpu/u_icache/captured_pc[31]_i_3/O
                         net (fo=8, unplaced)         0.263     2.251    u_soc_top/u_cpu/u_core/if_stage/state_reg[0]_0
                         LUT5 (Prop_lut5_I4_O)        0.105     2.356 f  u_soc_top/u_cpu/u_core/if_stage/FSM_onehot_state[0]_i_4/O
                         net (fo=34, unplaced)        0.447     2.803    u_soc_top/u_cpu/u_icache/captured_instr_reg[0]_0
                         LUT5 (Prop_lut5_I4_O)        0.105     2.908 r  u_soc_top/u_cpu/u_icache/captured_instr[31]_i_4/O
                         net (fo=5, unplaced)         0.610     3.518    u_soc_top/u_cpu/u_icache/state_reg[2]_37
                         LUT4 (Prop_lut4_I1_O)        0.105     3.623 f  u_soc_top/u_cpu/u_icache/fq_target[2][20]_i_13/O
                         net (fo=17, unplaced)        0.403     4.026    u_soc_top/u_cpu/u_icache/captured_instr[28]_i_2_0
                         LUT3 (Prop_lut3_I0_O)        0.108     4.134 r  u_soc_top/u_cpu/u_icache/fq_target[2][31]_i_12/O
                         net (fo=10, unplaced)        0.390     4.524    u_soc_top/u_cpu/u_icache/fq_target[2][31]_i_12_n_0
                         LUT6 (Prop_lut6_I5_O)        0.105     4.629 r  u_soc_top/u_cpu/u_icache/fq_target[2][20]_i_11/O
                         net (fo=1, unplaced)         0.000     4.629    u_soc_top/u_cpu/u_core/if_stage/fq_target_reg[2][20][0]
                         CARRY4 (Prop_carry4_S[1]_CO[3])
                                                      0.457     5.086 r  u_soc_top/u_cpu/u_core/if_stage/fq_target_reg[2][20]_i_3/CO[3]
                         net (fo=1, unplaced)         0.000     5.086    u_soc_top/u_cpu/u_core/if_stage/fq_target_reg[2][20]_i_3_n_0
                         CARRY4 (Prop_carry4_CI_CO[3])
                                                      0.098     5.184 f  u_soc_top/u_cpu/u_core/if_stage/fq_target_reg[2][24]_i_3/CO[3]
                         net (fo=1, unplaced)         0.000     5.184    u_soc_top/u_cpu/u_core/if_stage/fq_target_reg[2][24]_i_3_n_0
                         CARRY4 (Prop_carry4_CI_O[3])
                                                      0.275     5.459 r  u_soc_top/u_cpu/u_core/if_stage/fq_target_reg[2][28]_i_3/O[3]
                         net (fo=4, unplaced)         0.543     6.002    u_soc_top/u_cpu/u_core/reg_id_ex0_ctrl/fetch_target0[28]
                         LUT6 (Prop_lut6_I1_O)        0.250     6.252 r  u_soc_top/u_cpu/u_core/reg_id_ex0_ctrl/fq_target[0][28]_i_2/O
                         net (fo=1, unplaced)         0.347     6.599    u_soc_top/u_cpu/u_core/if_stage/fq_target_reg[0][28]
                         LUT5 (Prop_lut5_I4_O)        0.105     6.704 r  u_soc_top/u_cpu/u_core/if_stage/fq_target[0][28]_i_1/O
                         net (fo=1, unplaced)         0.000     6.704    u_soc_top/u_cpu/u_core/if_stage_n_134
                         FDRE                                         r  u_soc_top/u_cpu/u_core/fq_target_reg[0][28]/D
  -------------------------------------------------------------------    -------------------

                         (clock cpu_clk rise edge)   10.000    10.000 r  
    K21                                               0.000    10.000 r  clk_50M (IN)
                         net (fo=0)                   0.000    10.000    u_soc_top/pll_clk.u_clk_pll/inst/clk_in1
    K21                  IBUF (Prop_ibuf_I_O)         1.328    11.328 r  u_soc_top/pll_clk.u_clk_pll/inst/clkin1_ibufg/O
                         net (fo=1, unplaced)         0.439    11.767    u_soc_top/pll_clk.u_clk_pll/inst/clk_in1_clk_pll
                         PLLE2_ADV (Prop_plle2_adv_CLKIN1_CLKOUT0)
                                                     -5.039     6.728 r  u_soc_top/pll_clk.u_clk_pll/inst/plle2_adv_inst/CLKOUT0
                         net (fo=1, unplaced)         0.613     7.341    u_soc_top/pll_clk.u_clk_pll/inst/cpu_clk_clk_pll
                         BUFG (Prop_bufg_I_O)         0.077     7.418 r  u_soc_top/pll_clk.u_clk_pll/inst/clkout1_buf/O
                         net (fo=5385, unplaced)      0.439     7.857    u_soc_top/u_cpu/u_core/cpu_clk
                         FDRE                                         r  u_soc_top/u_cpu/u_core/fq_target_reg[0][28]/C
                         clock pessimism             -0.496     7.361    
                         clock uncertainty           -0.094     7.266    
                         FDRE (Setup_fdre_C_D)        0.029     7.295    u_soc_top/u_cpu/u_core/fq_target_reg[0][28]
  -------------------------------------------------------------------
                         required time                          7.295    
                         arrival time                          -6.704    
  -------------------------------------------------------------------
                         slack                                  0.592    

Slack (MET) :             0.592ns  (required time - arrival time)
  Source:                 u_soc_top/u_cpu/u_core/pc_reg[4]_rep/C
                            (rising edge-triggered cell FDRE clocked by cpu_clk  {rise@0.000ns fall@5.000ns period=10.000ns})
  Destination:            u_soc_top/u_cpu/u_core/fq_target_reg[0][28]/D
                            (rising edge-triggered cell FDRE clocked by cpu_clk  {rise@0.000ns fall@5.000ns period=10.000ns})
  Path Group:             cpu_clk
  Path Type:              Setup (Max at Slow Process Corner)
  Requirement:            10.000ns  (cpu_clk rise@10.000ns - cpu_clk rise@0.000ns)
  Data Path Delay:        9.198ns  (logic 3.452ns (37.530%)  route 5.746ns (62.470%))
  Logic Levels:           16  (CARRY4=5 LUT3=1 LUT4=1 LUT5=4 LUT6=4 RAMD64E=1)
  Clock Path Skew:        -0.145ns (DCD - SCD + CPR)
    Destination Clock Delay (DCD):    -2.143ns = ( 7.857 - 10.000 ) 
    Source Clock Delay      (SCD):    -2.494ns
    Clock Pessimism Removal (CPR):    -0.496ns
  Clock Uncertainty:      0.094ns  ((TSJ^2 + DJ^2)^1/2) / 2 + PE
    Total System Jitter     (TSJ):    0.071ns
    Discrete Jitter          (DJ):    0.175ns
    Phase Error              (PE):    0.000ns

    Location             Delay type                Incr(ns)  Path(ns)    Netlist Resource(s)
  -------------------------------------------------------------------    -------------------
                         (clock cpu_clk rise edge)    0.000     0.000 r  
    K21                                               0.000     0.000 r  clk_50M (IN)
                         net (fo=0)                   0.000     0.000    u_soc_top/pll_clk.u_clk_pll/inst/clk_in1
    K21                  IBUF (Prop_ibuf_I_O)         1.394     1.394 r  u_soc_top/pll_clk.u_clk_pll/inst/clkin1_ibufg/O
                         net (fo=1, unplaced)         0.584     1.978    u_soc_top/pll_clk.u_clk_pll/inst/clk_in1_clk_pll
                         PLLE2_ADV (Prop_plle2_adv_CLKIN1_CLKOUT0)
                                                     -5.783    -3.805 r  u_soc_top/pll_clk.u_clk_pll/inst/plle2_adv_inst/CLKOUT0
                         net (fo=1, unplaced)         0.646    -3.159    u_soc_top/pll_clk.u_clk_pll/inst/cpu_clk_clk_pll
                         BUFG (Prop_bufg_I_O)         0.081    -3.078 r  u_soc_top/pll_clk.u_clk_pll/inst/clkout1_buf/O
                         net (fo=5385, unplaced)      0.584    -2.494    u_soc_top/u_cpu/u_core/cpu_clk
                         FDRE                                         r  u_soc_top/u_cpu/u_core/pc_reg[4]_rep/C
  -------------------------------------------------------------------    -------------------
                         FDRE (Prop_fdre_C_Q)         0.379    -2.115 f  u_soc_top/u_cpu/u_core/pc_reg[4]_rep/Q
                         net (fo=84, unplaced)        0.874    -1.241    u_icache/u_tag_ram/g_dist.mem_reg_128_191_3_5/ADDRC0
                         RAMD64E (Prop_ramd64e_RADR0_O)
                                                      0.232    -1.009 r  u_icache/u_tag_ram/g_dist.mem_reg_128_191_3_5/RAMC/O
                         net (fo=1, unplaced)         0.938    -0.071    u_soc_top/u_cpu/u_icache/next_state2_carry_i_3_5
                         LUT6 (Prop_lut6_I1_O)        0.105     0.034 r  u_soc_top/u_cpu/u_icache/__2/next_state2_carry_i_11/O
                         net (fo=1, unplaced)         0.582     0.616    u_soc_top/u_cpu/u_icache/p_0_in_0[4]
                         LUT6 (Prop_lut6_I0_O)        0.105     0.721 r  u_soc_top/u_cpu/u_icache/next_state2_carry_i_3/O
                         net (fo=1, unplaced)         0.000     0.721    u_soc_top/u_cpu/u_icache/next_state2_carry_i_3_n_0
                         CARRY4 (Prop_carry4_S[1]_CO[3])
                                                      0.457     1.178 r  u_soc_top/u_cpu/u_icache/next_state2_carry/CO[3]
                         net (fo=1, unplaced)         0.000     1.178    u_soc_top/u_cpu/u_icache/next_state2_carry_n_0
                         CARRY4 (Prop_carry4_CI_CO[2])
                                                      0.209     1.387 f  u_soc_top/u_cpu/u_icache/next_state2_carry__0/CO[2]
                         net (fo=1, unplaced)         0.349     1.736    u_soc_top/u_cpu/u_icache/next_state219_in
                         LUT5 (Prop_lut5_I0_O)        0.252     1.988 r  u_soc_top/u_cpu/u_icache/captured_pc[31]_i_3/O
                         net (fo=8, unplaced)         0.263     2.251    u_soc_top/u_cpu/u_core/if_stage/state_reg[0]_0
                         LUT5 (Prop_lut5_I4_O)        0.105     2.356 f  u_soc_top/u_cpu/u_core/if_stage/FSM_onehot_state[0]_i_4/O
                         net (fo=34, unplaced)        0.447     2.803    u_soc_top/u_cpu/u_icache/captured_instr_reg[0]_0
                         LUT5 (Prop_lut5_I4_O)        0.105     2.908 r  u_soc_top/u_cpu/u_icache/captured_instr[31]_i_4/O
                         net (fo=5, unplaced)         0.610     3.518    u_soc_top/u_cpu/u_icache/state_reg[2]_37
                         LUT4 (Prop_lut4_I1_O)        0.105     3.623 f  u_soc_top/u_cpu/u_icache/fq_target[2][20]_i_13/O
                         net (fo=17, unplaced)        0.403     4.026    u_soc_top/u_cpu/u_icache/captured_instr[28]_i_2_0
                         LUT3 (Prop_lut3_I0_O)        0.108     4.134 r  u_soc_top/u_cpu/u_icache/fq_target[2][31]_i_12/O
                         net (fo=10, unplaced)        0.390     4.524    u_soc_top/u_cpu/u_icache/fq_target[2][31]_i_12_n_0
                         LUT6 (Prop_lut6_I5_O)        0.105     4.629 r  u_soc_top/u_cpu/u_icache/fq_target[2][20]_i_11/O
                         net (fo=1, unplaced)         0.000     4.629    u_soc_top/u_cpu/u_core/if_stage/fq_target_reg[2][20][0]
                         CARRY4 (Prop_carry4_S[1]_CO[3])
                                                      0.457     5.086 r  u_soc_top/u_cpu/u_core/if_stage/fq_target_reg[2][20]_i_3/CO[3]
                         net (fo=1, unplaced)         0.000     5.086    u_soc_top/u_cpu/u_core/if_stage/fq_target_reg[2][20]_i_3_n_0
                         CARRY4 (Prop_carry4_CI_CO[3])
                                                      0.098     5.184 f  u_soc_top/u_cpu/u_core/if_stage/fq_target_reg[2][24]_i_3/CO[3]
                         net (fo=1, unplaced)         0.000     5.184    u_soc_top/u_cpu/u_core/if_stage/fq_target_reg[2][24]_i_3_n_0
                         CARRY4 (Prop_carry4_CI_O[3])
                                                      0.275     5.459 r  u_soc_top/u_cpu/u_core/if_stage/fq_target_reg[2][28]_i_3/O[3]
                         net (fo=4, unplaced)         0.543     6.002    u_soc_top/u_cpu/u_core/reg_id_ex0_ctrl/fetch_target0[28]
                         LUT6 (Prop_lut6_I1_O)        0.250     6.252 r  u_soc_top/u_cpu/u_core/reg_id_ex0_ctrl/fq_target[0][28]_i_2/O
                         net (fo=1, unplaced)         0.347     6.599    u_soc_top/u_cpu/u_core/if_stage/fq_target_reg[0][28]
                         LUT5 (Prop_lut5_I4_O)        0.105     6.704 r  u_soc_top/u_cpu/u_core/if_stage/fq_target[0][28]_i_1/O
                         net (fo=1, unplaced)         0.000     6.704    u_soc_top/u_cpu/u_core/if_stage_n_134
                         FDRE                                         r  u_soc_top/u_cpu/u_core/fq_target_reg[0][28]/D
  -------------------------------------------------------------------    -------------------

                         (clock cpu_clk rise edge)   10.000    10.000 r  
    K21                                               0.000    10.000 r  clk_50M (IN)
                         net (fo=0)                   0.000    10.000    u_soc_top/pll_clk.u_clk_pll/inst/clk_in1
    K21                  IBUF (Prop_ibuf_I_O)         1.328    11.328 r  u_soc_top/pll_clk.u_clk_pll/inst/clkin1_ibufg/O
                         net (fo=1, unplaced)         0.439    11.767    u_soc_top/pll_clk.u_clk_pll/inst/clk_in1_clk_pll
                         PLLE2_ADV (Prop_plle2_adv_CLKIN1_CLKOUT0)
                                                     -5.039     6.728 r  u_soc_top/pll_clk.u_clk_pll/inst/plle2_adv_inst/CLKOUT0
                         net (fo=1, unplaced)         0.613     7.341    u_soc_top/pll_clk.u_clk_pll/inst/cpu_clk_clk_pll
                         BUFG (Prop_bufg_I_O)         0.077     7.418 r  u_soc_top/pll_clk.u_clk_pll/inst/clkout1_buf/O
                         net (fo=5385, unplaced)      0.439     7.857    u_soc_top/u_cpu/u_core/cpu_clk
                         FDRE                                         r  u_soc_top/u_cpu/u_core/fq_target_reg[0][28]/C
                         clock pessimism             -0.496     7.361    
                         clock uncertainty           -0.094     7.266    
                         FDRE (Setup_fdre_C_D)        0.029     7.295    u_soc_top/u_cpu/u_core/fq_target_reg[0][28]
  -------------------------------------------------------------------
                         required time                          7.295    
                         arrival time                          -6.704    
  -------------------------------------------------------------------
                         slack                                  0.592    

Slack (MET) :             0.617ns  (required time - arrival time)
  Source:                 u_soc_top/u_cpu/u_core/pc_reg[4]_rep/C
                            (rising edge-triggered cell FDRE clocked by cpu_clk  {rise@0.000ns fall@5.000ns period=10.000ns})
  Destination:            u_soc_top/u_cpu/u_core/fq_target_reg[0][31]/D
                            (rising edge-triggered cell FDRE clocked by cpu_clk  {rise@0.000ns fall@5.000ns period=10.000ns})
  Path Group:             cpu_clk
  Path Type:              Setup (Max at Slow Process Corner)
  Requirement:            10.000ns  (cpu_clk rise@10.000ns - cpu_clk rise@0.000ns)
  Data Path Delay:        9.173ns  (logic 3.159ns (34.438%)  route 6.014ns (65.562%))
  Logic Levels:           15  (CARRY4=4 LUT3=1 LUT4=1 LUT5=5 LUT6=3 RAMD64E=1)
  Clock Path Skew:        -0.145ns (DCD - SCD + CPR)
    Destination Clock Delay (DCD):    -2.143ns = ( 7.857 - 10.000 ) 
    Source Clock Delay      (SCD):    -2.494ns
    Clock Pessimism Removal (CPR):    -0.496ns
  Clock Uncertainty:      0.094ns  ((TSJ^2 + DJ^2)^1/2) / 2 + PE
    Total System Jitter     (TSJ):    0.071ns
    Discrete Jitter          (DJ):    0.175ns
    Phase Error              (PE):    0.000ns

    Location             Delay type                Incr(ns)  Path(ns)    Netlist Resource(s)
  -------------------------------------------------------------------    -------------------
                         (clock cpu_clk rise edge)    0.000     0.000 r  
    K21                                               0.000     0.000 r  clk_50M (IN)
                         net (fo=0)                   0.000     0.000    u_soc_top/pll_clk.u_clk_pll/inst/clk_in1
    K21                  IBUF (Prop_ibuf_I_O)         1.394     1.394 r  u_soc_top/pll_clk.u_clk_pll/inst/clkin1_ibufg/O
                         net (fo=1, unplaced)         0.584     1.978    u_soc_top/pll_clk.u_clk_pll/inst/clk_in1_clk_pll
                         PLLE2_ADV (Prop_plle2_adv_CLKIN1_CLKOUT0)
                                                     -5.783    -3.805 r  u_soc_top/pll_clk.u_clk_pll/inst/plle2_adv_inst/CLKOUT0
                         net (fo=1, unplaced)         0.646    -3.159    u_soc_top/pll_clk.u_clk_pll/inst/cpu_clk_clk_pll
                         BUFG (Prop_bufg_I_O)         0.081    -3.078 r  u_soc_top/pll_clk.u_clk_pll/inst/clkout1_buf/O
                         net (fo=5385, unplaced)      0.584    -2.494    u_soc_top/u_cpu/u_core/cpu_clk
                         FDRE                                         r  u_soc_top/u_cpu/u_core/pc_reg[4]_rep/C
  -------------------------------------------------------------------    -------------------
                         FDRE (Prop_fdre_C_Q)         0.379    -2.115 r  u_soc_top/u_cpu/u_core/pc_reg[4]_rep/Q
                         net (fo=84, unplaced)        0.874    -1.241    u_icache/u_tag_ram/g_dist.mem_reg_128_191_3_5/ADDRC0
                         RAMD64E (Prop_ramd64e_RADR0_O)
                                                      0.232    -1.009 r  u_icache/u_tag_ram/g_dist.mem_reg_128_191_3_5/RAMC/O
                         net (fo=1, unplaced)         0.938    -0.071    u_soc_top/u_cpu/u_icache/next_state2_carry_i_3_5
                         LUT6 (Prop_lut6_I1_O)        0.105     0.034 r  u_soc_top/u_cpu/u_icache/__2/next_state2_carry_i_11/O
                         net (fo=1, unplaced)         0.582     0.616    u_soc_top/u_cpu/u_icache/p_0_in_0[4]
                         LUT6 (Prop_lut6_I0_O)        0.105     0.721 r  u_soc_top/u_cpu/u_icache/next_state2_carry_i_3/O
                         net (fo=1, unplaced)         0.000     0.721    u_soc_top/u_cpu/u_icache/next_state2_carry_i_3_n_0
                         CARRY4 (Prop_carry4_S[1]_CO[3])
                                                      0.457     1.178 r  u_soc_top/u_cpu/u_icache/next_state2_carry/CO[3]
                         net (fo=1, unplaced)         0.000     1.178    u_soc_top/u_cpu/u_icache/next_state2_carry_n_0
                         CARRY4 (Prop_carry4_CI_CO[2])
                                                      0.209     1.387 f  u_soc_top/u_cpu/u_icache/next_state2_carry__0/CO[2]
                         net (fo=1, unplaced)         0.349     1.736    u_soc_top/u_cpu/u_icache/next_state219_in
                         LUT5 (Prop_lut5_I0_O)        0.252     1.988 r  u_soc_top/u_cpu/u_icache/captured_pc[31]_i_3/O
                         net (fo=8, unplaced)         0.263     2.251    u_soc_top/u_cpu/u_core/if_stage/state_reg[0]_0
                         LUT5 (Prop_lut5_I4_O)        0.105     2.356 f  u_soc_top/u_cpu/u_core/if_stage/FSM_onehot_state[0]_i_4/O
                         net (fo=34, unplaced)        0.447     2.803    u_soc_top/u_cpu/u_icache/captured_instr_reg[0]_0
                         LUT5 (Prop_lut5_I4_O)        0.105     2.908 r  u_soc_top/u_cpu/u_icache/captured_instr[31]_i_4/O
                         net (fo=5, unplaced)         0.610     3.518    u_soc_top/u_cpu/u_icache/state_reg[2]_37
                         LUT4 (Prop_lut4_I1_O)        0.105     3.623 f  u_soc_top/u_cpu/u_icache/fq_target[2][20]_i_13/O
                         net (fo=17, unplaced)        0.403     4.026    u_soc_top/u_cpu/u_icache/captured_instr[28]_i_2_0
                         LUT3 (Prop_lut3_I0_O)        0.108     4.134 r  u_soc_top/u_cpu/u_icache/fq_target[2][31]_i_12/O
                         net (fo=10, unplaced)        0.390     4.524    u_soc_top/u_cpu/u_icache/fq_target[2][31]_i_12_n_0
                         LUT5 (Prop_lut5_I4_O)        0.105     4.629 r  u_soc_top/u_cpu/u_icache/fq_target[2][31]_i_7/O
                         net (fo=9, unplaced)         0.438     5.067    u_soc_top/u_cpu/u_core/if_stage/p_0_in[0]
                         CARRY4 (Prop_carry4_DI[2]_CO[3])
                                                      0.329     5.396 r  u_soc_top/u_cpu/u_core/if_stage/fq_target_reg[2][28]_i_3/CO[3]
                         net (fo=1, unplaced)         0.000     5.396    u_soc_top/u_cpu/u_core/if_stage/fq_target_reg[2][28]_i_3_n_0
                         CARRY4 (Prop_carry4_CI_O[2])
                                                      0.214     5.610 r  u_soc_top/u_cpu/u_core/if_stage/fq_target_reg[2][31]_i_3/O[2]
                         net (fo=4, unplaced)         0.373     5.983    u_soc_top/u_cpu/u_core/reg_id_ex0_ctrl/fetch_target0[31]
                         LUT6 (Prop_lut6_I1_O)        0.244     6.227 r  u_soc_top/u_cpu/u_core/reg_id_ex0_ctrl/fq_target[0][31]_i_2/O
                         net (fo=1, unplaced)         0.347     6.574    u_soc_top/u_cpu/u_core/if_stage/fq_target_reg[0][31]_0
                         LUT5 (Prop_lut5_I4_O)        0.105     6.679 r  u_soc_top/u_cpu/u_core/if_stage/fq_target[0][31]_i_1/O
                         net (fo=1, unplaced)         0.000     6.679    u_soc_top/u_cpu/u_core/if_stage_n_131
                         FDRE                                         r  u_soc_top/u_cpu/u_core/fq_target_reg[0][31]/D
  -------------------------------------------------------------------    -------------------

                         (clock cpu_clk rise edge)   10.000    10.000 r  
    K21                                               0.000    10.000 r  clk_50M (IN)
                         net (fo=0)                   0.000    10.000    u_soc_top/pll_clk.u_clk_pll/inst/clk_in1
    K21                  IBUF (Prop_ibuf_I_O)         1.328    11.328 r  u_soc_top/pll_clk.u_clk_pll/inst/clkin1_ibufg/O
                         net (fo=1, unplaced)         0.439    11.767    u_soc_top/pll_clk.u_clk_pll/inst/clk_in1_clk_pll
                         PLLE2_ADV (Prop_plle2_adv_CLKIN1_CLKOUT0)
                                                     -5.039     6.728 r  u_soc_top/pll_clk.u_clk_pll/inst/plle2_adv_inst/CLKOUT0
                         net (fo=1, unplaced)         0.613     7.341    u_soc_top/pll_clk.u_clk_pll/inst/cpu_clk_clk_pll
                         BUFG (Prop_bufg_I_O)         0.077     7.418 r  u_soc_top/pll_clk.u_clk_pll/inst/clkout1_buf/O
                         net (fo=5385, unplaced)      0.439     7.857    u_soc_top/u_cpu/u_core/cpu_clk
                         FDRE                                         r  u_soc_top/u_cpu/u_core/fq_target_reg[0][31]/C
                         clock pessimism             -0.496     7.361    
                         clock uncertainty           -0.094     7.266    
                         FDRE (Setup_fdre_C_D)        0.029     7.295    u_soc_top/u_cpu/u_core/fq_target_reg[0][31]
  -------------------------------------------------------------------
                         required time                          7.295    
                         arrival time                          -6.679    
  -------------------------------------------------------------------
                         slack                                  0.617    

Slack (MET) :             0.617ns  (required time - arrival time)
  Source:                 u_soc_top/u_cpu/u_core/pc_reg[4]_rep/C
                            (rising edge-triggered cell FDRE clocked by cpu_clk  {rise@0.000ns fall@5.000ns period=10.000ns})
  Destination:            u_soc_top/u_cpu/u_core/fq_target_reg[0][31]/D
                            (rising edge-triggered cell FDRE clocked by cpu_clk  {rise@0.000ns fall@5.000ns period=10.000ns})
  Path Group:             cpu_clk
  Path Type:              Setup (Max at Slow Process Corner)
  Requirement:            10.000ns  (cpu_clk rise@10.000ns - cpu_clk rise@0.000ns)
  Data Path Delay:        9.173ns  (logic 3.159ns (34.438%)  route 6.014ns (65.562%))
  Logic Levels:           15  (CARRY4=4 LUT3=1 LUT4=1 LUT5=5 LUT6=3 RAMD64E=1)
  Clock Path Skew:        -0.145ns (DCD - SCD + CPR)
    Destination Clock Delay (DCD):    -2.143ns = ( 7.857 - 10.000 ) 
    Source Clock Delay      (SCD):    -2.494ns
    Clock Pessimism Removal (CPR):    -0.496ns
  Clock Uncertainty:      0.094ns  ((TSJ^2 + DJ^2)^1/2) / 2 + PE
    Total System Jitter     (TSJ):    0.071ns
    Discrete Jitter          (DJ):    0.175ns
    Phase Error              (PE):    0.000ns

    Location             Delay type                Incr(ns)  Path(ns)    Netlist Resource(s)
  -------------------------------------------------------------------    -------------------
                         (clock cpu_clk rise edge)    0.000     0.000 r  
    K21                                               0.000     0.000 r  clk_50M (IN)
                         net (fo=0)                   0.000     0.000    u_soc_top/pll_clk.u_clk_pll/inst/clk_in1
    K21                  IBUF (Prop_ibuf_I_O)         1.394     1.394 r  u_soc_top/pll_clk.u_clk_pll/inst/clkin1_ibufg/O
                         net (fo=1, unplaced)         0.584     1.978    u_soc_top/pll_clk.u_clk_pll/inst/clk_in1_clk_pll
                         PLLE2_ADV (Prop_plle2_adv_CLKIN1_CLKOUT0)
                                                     -5.783    -3.805 r  u_soc_top/pll_clk.u_clk_pll/inst/plle2_adv_inst/CLKOUT0
                         net (fo=1, unplaced)         0.646    -3.159    u_soc_top/pll_clk.u_clk_pll/inst/cpu_clk_clk_pll
                         BUFG (Prop_bufg_I_O)         0.081    -3.078 r  u_soc_top/pll_clk.u_clk_pll/inst/clkout1_buf/O
                         net (fo=5385, unplaced)      0.584    -2.494    u_soc_top/u_cpu/u_core/cpu_clk
                         FDRE                                         r  u_soc_top/u_cpu/u_core/pc_reg[4]_rep/C
  -------------------------------------------------------------------    -------------------
                         FDRE (Prop_fdre_C_Q)         0.379    -2.115 f  u_soc_top/u_cpu/u_core/pc_reg[4]_rep/Q
                         net (fo=84, unplaced)        0.874    -1.241    u_icache/u_tag_ram/g_dist.mem_reg_128_191_3_5/ADDRC0
                         RAMD64E (Prop_ramd64e_RADR0_O)
                                                      0.232    -1.009 r  u_icache/u_tag_ram/g_dist.mem_reg_128_191_3_5/RAMC/O
                         net (fo=1, unplaced)         0.938    -0.071    u_soc_top/u_cpu/u_icache/next_state2_carry_i_3_5
                         LUT6 (Prop_lut6_I1_O)        0.105     0.034 r  u_soc_top/u_cpu/u_icache/__2/next_state2_carry_i_11/O
                         net (fo=1, unplaced)         0.582     0.616    u_soc_top/u_cpu/u_icache/p_0_in_0[4]
                         LUT6 (Prop_lut6_I0_O)        0.105     0.721 r  u_soc_top/u_cpu/u_icache/next_state2_carry_i_3/O
                         net (fo=1, unplaced)         0.000     0.721    u_soc_top/u_cpu/u_icache/next_state2_carry_i_3_n_0
                         CARRY4 (Prop_carry4_S[1]_CO[3])
                                                      0.457     1.178 r  u_soc_top/u_cpu/u_icache/next_state2_carry/CO[3]
                         net (fo=1, unplaced)         0.000     1.178    u_soc_top/u_cpu/u_icache/next_state2_carry_n_0
                         CARRY4 (Prop_carry4_CI_CO[2])
                                                      0.209     1.387 f  u_soc_top/u_cpu/u_icache/next_state2_carry__0/CO[2]
                         net (fo=1, unplaced)         0.349     1.736    u_soc_top/u_cpu/u_icache/next_state219_in
                         LUT5 (Prop_lut5_I0_O)        0.252     1.988 r  u_soc_top/u_cpu/u_icache/captured_pc[31]_i_3/O
                         net (fo=8, unplaced)         0.263     2.251    u_soc_top/u_cpu/u_core/if_stage/state_reg[0]_0
                         LUT5 (Prop_lut5_I4_O)        0.105     2.356 f  u_soc_top/u_cpu/u_core/if_stage/FSM_onehot_state[0]_i_4/O
                         net (fo=34, unplaced)        0.447     2.803    u_soc_top/u_cpu/u_icache/captured_instr_reg[0]_0
                         LUT5 (Prop_lut5_I4_O)        0.105     2.908 r  u_soc_top/u_cpu/u_icache/captured_instr[31]_i_4/O
                         net (fo=5, unplaced)         0.610     3.518    u_soc_top/u_cpu/u_icache/state_reg[2]_37
                         LUT4 (Prop_lut4_I1_O)        0.105     3.623 f  u_soc_top/u_cpu/u_icache/fq_target[2][20]_i_13/O
                         net (fo=17, unplaced)        0.403     4.026    u_soc_top/u_cpu/u_icache/captured_instr[28]_i_2_0
                         LUT3 (Prop_lut3_I0_O)        0.108     4.134 r  u_soc_top/u_cpu/u_icache/fq_target[2][31]_i_12/O
                         net (fo=10, unplaced)        0.390     4.524    u_soc_top/u_cpu/u_icache/fq_target[2][31]_i_12_n_0
                         LUT5 (Prop_lut5_I4_O)        0.105     4.629 r  u_soc_top/u_cpu/u_icache/fq_target[2][31]_i_7/O
                         net (fo=9, unplaced)         0.438     5.067    u_soc_top/u_cpu/u_core/if_stage/p_0_in[0]
                         CARRY4 (Prop_carry4_DI[2]_CO[3])
                                                      0.329     5.396 r  u_soc_top/u_cpu/u_core/if_stage/fq_target_reg[2][28]_i_3/CO[3]
                         net (fo=1, unplaced)         0.000     5.396    u_soc_top/u_cpu/u_core/if_stage/fq_target_reg[2][28]_i_3_n_0
                         CARRY4 (Prop_carry4_CI_O[2])
                                                      0.214     5.610 r  u_soc_top/u_cpu/u_core/if_stage/fq_target_reg[2][31]_i_3/O[2]
                         net (fo=4, unplaced)         0.373     5.983    u_soc_top/u_cpu/u_core/reg_id_ex0_ctrl/fetch_target0[31]
                         LUT6 (Prop_lut6_I1_O)        0.244     6.227 r  u_soc_top/u_cpu/u_core/reg_id_ex0_ctrl/fq_target[0][31]_i_2/O
                         net (fo=1, unplaced)         0.347     6.574    u_soc_top/u_cpu/u_core/if_stage/fq_target_reg[0][31]_0
                         LUT5 (Prop_lut5_I4_O)        0.105     6.679 r  u_soc_top/u_cpu/u_core/if_stage/fq_target[0][31]_i_1/O
                         net (fo=1, unplaced)         0.000     6.679    u_soc_top/u_cpu/u_core/if_stage_n_131
                         FDRE                                         r  u_soc_top/u_cpu/u_core/fq_target_reg[0][31]/D
  -------------------------------------------------------------------    -------------------

                         (clock cpu_clk rise edge)   10.000    10.000 r  
    K21                                               0.000    10.000 r  clk_50M (IN)
                         net (fo=0)                   0.000    10.000    u_soc_top/pll_clk.u_clk_pll/inst/clk_in1
    K21                  IBUF (Prop_ibuf_I_O)         1.328    11.328 r  u_soc_top/pll_clk.u_clk_pll/inst/clkin1_ibufg/O
                         net (fo=1, unplaced)         0.439    11.767    u_soc_top/pll_clk.u_clk_pll/inst/clk_in1_clk_pll
                         PLLE2_ADV (Prop_plle2_adv_CLKIN1_CLKOUT0)
                                                     -5.039     6.728 r  u_soc_top/pll_clk.u_clk_pll/inst/plle2_adv_inst/CLKOUT0
                         net (fo=1, unplaced)         0.613     7.341    u_soc_top/pll_clk.u_clk_pll/inst/cpu_clk_clk_pll
                         BUFG (Prop_bufg_I_O)         0.077     7.418 r  u_soc_top/pll_clk.u_clk_pll/inst/clkout1_buf/O
                         net (fo=5385, unplaced)      0.439     7.857    u_soc_top/u_cpu/u_core/cpu_clk
                         FDRE                                         r  u_soc_top/u_cpu/u_core/fq_target_reg[0][31]/C
                         clock pessimism             -0.496     7.361    
                         clock uncertainty           -0.094     7.266    
                         FDRE (Setup_fdre_C_D)        0.029     7.295    u_soc_top/u_cpu/u_core/fq_target_reg[0][31]
  -------------------------------------------------------------------
                         required time                          7.295    
                         arrival time                          -6.679    
  -------------------------------------------------------------------
                         slack                                  0.617    

Slack (MET) :             0.617ns  (required time - arrival time)
  Source:                 u_soc_top/u_cpu/u_core/pc_reg[4]_rep/C
                            (rising edge-triggered cell FDRE clocked by cpu_clk  {rise@0.000ns fall@5.000ns period=10.000ns})
  Destination:            u_soc_top/u_cpu/u_core/fq_target_reg[0][31]/D
                            (rising edge-triggered cell FDRE clocked by cpu_clk  {rise@0.000ns fall@5.000ns period=10.000ns})
  Path Group:             cpu_clk
  Path Type:              Setup (Max at Slow Process Corner)
  Requirement:            10.000ns  (cpu_clk rise@10.000ns - cpu_clk rise@0.000ns)
  Data Path Delay:        9.173ns  (logic 3.159ns (34.438%)  route 6.014ns (65.562%))
  Logic Levels:           15  (CARRY4=4 LUT3=1 LUT4=1 LUT5=5 LUT6=3 RAMD64E=1)
  Clock Path Skew:        -0.145ns (DCD - SCD + CPR)
    Destination Clock Delay (DCD):    -2.143ns = ( 7.857 - 10.000 ) 
    Source Clock Delay      (SCD):    -2.494ns
    Clock Pessimism Removal (CPR):    -0.496ns
  Clock Uncertainty:      0.094ns  ((TSJ^2 + DJ^2)^1/2) / 2 + PE
    Total System Jitter     (TSJ):    0.071ns
    Discrete Jitter          (DJ):    0.175ns
    Phase Error              (PE):    0.000ns

    Location             Delay type                Incr(ns)  Path(ns)    Netlist Resource(s)
  -------------------------------------------------------------------    -------------------
                         (clock cpu_clk rise edge)    0.000     0.000 r  
    K21                                               0.000     0.000 r  clk_50M (IN)
                         net (fo=0)                   0.000     0.000    u_soc_top/pll_clk.u_clk_pll/inst/clk_in1
    K21                  IBUF (Prop_ibuf_I_O)         1.394     1.394 r  u_soc_top/pll_clk.u_clk_pll/inst/clkin1_ibufg/O
                         net (fo=1, unplaced)         0.584     1.978    u_soc_top/pll_clk.u_clk_pll/inst/clk_in1_clk_pll
                         PLLE2_ADV (Prop_plle2_adv_CLKIN1_CLKOUT0)
                                                     -5.783    -3.805 r  u_soc_top/pll_clk.u_clk_pll/inst/plle2_adv_inst/CLKOUT0
                         net (fo=1, unplaced)         0.646    -3.159    u_soc_top/pll_clk.u_clk_pll/inst/cpu_clk_clk_pll
                         BUFG (Prop_bufg_I_O)         0.081    -3.078 r  u_soc_top/pll_clk.u_clk_pll/inst/clkout1_buf/O
                         net (fo=5385, unplaced)      0.584    -2.494    u_soc_top/u_cpu/u_core/cpu_clk
                         FDRE                                         r  u_soc_top/u_cpu/u_core/pc_reg[4]_rep/C
  -------------------------------------------------------------------    -------------------
                         FDRE (Prop_fdre_C_Q)         0.379    -2.115 r  u_soc_top/u_cpu/u_core/pc_reg[4]_rep/Q
                         net (fo=84, unplaced)        0.874    -1.241    u_icache/u_tag_ram/g_dist.mem_reg_128_191_3_5/ADDRC0
                         RAMD64E (Prop_ramd64e_RADR0_O)
                                                      0.232    -1.009 r  u_icache/u_tag_ram/g_dist.mem_reg_128_191_3_5/RAMC/O
                         net (fo=1, unplaced)         0.938    -0.071    u_soc_top/u_cpu/u_icache/next_state2_carry_i_3_5
                         LUT6 (Prop_lut6_I1_O)        0.105     0.034 r  u_soc_top/u_cpu/u_icache/__2/next_state2_carry_i_11/O
                         net (fo=1, unplaced)         0.582     0.616    u_soc_top/u_cpu/u_icache/p_0_in_0[4]
                         LUT6 (Prop_lut6_I0_O)        0.105     0.721 r  u_soc_top/u_cpu/u_icache/next_state2_carry_i_3/O
                         net (fo=1, unplaced)         0.000     0.721    u_soc_top/u_cpu/u_icache/next_state2_carry_i_3_n_0
                         CARRY4 (Prop_carry4_S[1]_CO[3])
                                                      0.457     1.178 r  u_soc_top/u_cpu/u_icache/next_state2_carry/CO[3]
                         net (fo=1, unplaced)         0.000     1.178    u_soc_top/u_cpu/u_icache/next_state2_carry_n_0
                         CARRY4 (Prop_carry4_CI_CO[2])
                                                      0.209     1.387 r  u_soc_top/u_cpu/u_icache/next_state2_carry__0/CO[2]
                         net (fo=1, unplaced)         0.349     1.736    u_soc_top/u_cpu/u_icache/next_state219_in
                         LUT5 (Prop_lut5_I0_O)        0.252     1.988 f  u_soc_top/u_cpu/u_icache/captured_pc[31]_i_3/O
                         net (fo=8, unplaced)         0.263     2.251    u_soc_top/u_cpu/u_core/if_stage/state_reg[0]_0
                         LUT5 (Prop_lut5_I4_O)        0.105     2.356 r  u_soc_top/u_cpu/u_core/if_stage/FSM_onehot_state[0]_i_4/O
                         net (fo=34, unplaced)        0.447     2.803    u_soc_top/u_cpu/u_icache/captured_instr_reg[0]_0
                         LUT5 (Prop_lut5_I4_O)        0.105     2.908 f  u_soc_top/u_cpu/u_icache/captured_instr[31]_i_4/O
                         net (fo=5, unplaced)         0.610     3.518    u_soc_top/u_cpu/u_icache/state_reg[2]_37
                         LUT4 (Prop_lut4_I1_O)        0.105     3.623 r  u_soc_top/u_cpu/u_icache/fq_target[2][20]_i_13/O
                         net (fo=17, unplaced)        0.403     4.026    u_soc_top/u_cpu/u_icache/captured_instr[28]_i_2_0
                         LUT3 (Prop_lut3_I0_O)        0.108     4.134 f  u_soc_top/u_cpu/u_icache/fq_target[2][31]_i_12/O
                         net (fo=10, unplaced)        0.390     4.524    u_soc_top/u_cpu/u_icache/fq_target[2][31]_i_12_n_0
                         LUT5 (Prop_lut5_I4_O)        0.105     4.629 f  u_soc_top/u_cpu/u_icache/fq_target[2][31]_i_7/O
                         net (fo=9, unplaced)         0.438     5.067    u_soc_top/u_cpu/u_core/if_stage/p_0_in[0]
                         CARRY4 (Prop_carry4_DI[2]_CO[3])
                                                      0.329     5.396 r  u_soc_top/u_cpu/u_core/if_stage/fq_target_reg[2][28]_i_3/CO[3]
                         net (fo=1, unplaced)         0.000     5.396    u_soc_top/u_cpu/u_core/if_stage/fq_target_reg[2][28]_i_3_n_0
                         CARRY4 (Prop_carry4_CI_O[2])
                                                      0.214     5.610 r  u_soc_top/u_cpu/u_core/if_stage/fq_target_reg[2][31]_i_3/O[2]
                         net (fo=4, unplaced)         0.373     5.983    u_soc_top/u_cpu/u_core/reg_id_ex0_ctrl/fetch_target0[31]
                         LUT6 (Prop_lut6_I1_O)        0.244     6.227 r  u_soc_top/u_cpu/u_core/reg_id_ex0_ctrl/fq_target[0][31]_i_2/O
                         net (fo=1, unplaced)         0.347     6.574    u_soc_top/u_cpu/u_core/if_stage/fq_target_reg[0][31]_0
                         LUT5 (Prop_lut5_I4_O)        0.105     6.679 r  u_soc_top/u_cpu/u_core/if_stage/fq_target[0][31]_i_1/O
                         net (fo=1, unplaced)         0.000     6.679    u_soc_top/u_cpu/u_core/if_stage_n_131
                         FDRE                                         r  u_soc_top/u_cpu/u_core/fq_target_reg[0][31]/D
  -------------------------------------------------------------------    -------------------

                         (clock cpu_clk rise edge)   10.000    10.000 r  
    K21                                               0.000    10.000 r  clk_50M (IN)
                         net (fo=0)                   0.000    10.000    u_soc_top/pll_clk.u_clk_pll/inst/clk_in1
    K21                  IBUF (Prop_ibuf_I_O)         1.328    11.328 r  u_soc_top/pll_clk.u_clk_pll/inst/clkin1_ibufg/O
                         net (fo=1, unplaced)         0.439    11.767    u_soc_top/pll_clk.u_clk_pll/inst/clk_in1_clk_pll
                         PLLE2_ADV (Prop_plle2_adv_CLKIN1_CLKOUT0)
                                                     -5.039     6.728 r  u_soc_top/pll_clk.u_clk_pll/inst/plle2_adv_inst/CLKOUT0
                         net (fo=1, unplaced)         0.613     7.341    u_soc_top/pll_clk.u_clk_pll/inst/cpu_clk_clk_pll
                         BUFG (Prop_bufg_I_O)         0.077     7.418 r  u_soc_top/pll_clk.u_clk_pll/inst/clkout1_buf/O
                         net (fo=5385, unplaced)      0.439     7.857    u_soc_top/u_cpu/u_core/cpu_clk
                         FDRE                                         r  u_soc_top/u_cpu/u_core/fq_target_reg[0][31]/C
                         clock pessimism             -0.496     7.361    
                         clock uncertainty           -0.094     7.266    
                         FDRE (Setup_fdre_C_D)        0.029     7.295    u_soc_top/u_cpu/u_core/fq_target_reg[0][31]
  -------------------------------------------------------------------
                         required time                          7.295    
                         arrival time                          -6.679    
  -------------------------------------------------------------------
                         slack                                  0.617    

Slack (MET) :             0.617ns  (required time - arrival time)
  Source:                 u_soc_top/u_cpu/u_core/pc_reg[4]_rep/C
                            (rising edge-triggered cell FDRE clocked by cpu_clk  {rise@0.000ns fall@5.000ns period=10.000ns})
  Destination:            u_soc_top/u_cpu/u_core/fq_target_reg[0][31]/D
                            (rising edge-triggered cell FDRE clocked by cpu_clk  {rise@0.000ns fall@5.000ns period=10.000ns})
  Path Group:             cpu_clk
  Path Type:              Setup (Max at Slow Process Corner)
  Requirement:            10.000ns  (cpu_clk rise@10.000ns - cpu_clk rise@0.000ns)
  Data Path Delay:        9.173ns  (logic 3.159ns (34.438%)  route 6.014ns (65.562%))
  Logic Levels:           15  (CARRY4=4 LUT3=1 LUT4=1 LUT5=5 LUT6=3 RAMD64E=1)
  Clock Path Skew:        -0.145ns (DCD - SCD + CPR)
    Destination Clock Delay (DCD):    -2.143ns = ( 7.857 - 10.000 ) 
    Source Clock Delay      (SCD):    -2.494ns
    Clock Pessimism Removal (CPR):    -0.496ns
  Clock Uncertainty:      0.094ns  ((TSJ^2 + DJ^2)^1/2) / 2 + PE
    Total System Jitter     (TSJ):    0.071ns
    Discrete Jitter          (DJ):    0.175ns
    Phase Error              (PE):    0.000ns

    Location             Delay type                Incr(ns)  Path(ns)    Netlist Resource(s)
  -------------------------------------------------------------------    -------------------
                         (clock cpu_clk rise edge)    0.000     0.000 r  
    K21                                               0.000     0.000 r  clk_50M (IN)
                         net (fo=0)                   0.000     0.000    u_soc_top/pll_clk.u_clk_pll/inst/clk_in1
    K21                  IBUF (Prop_ibuf_I_O)         1.394     1.394 r  u_soc_top/pll_clk.u_clk_pll/inst/clkin1_ibufg/O
                         net (fo=1, unplaced)         0.584     1.978    u_soc_top/pll_clk.u_clk_pll/inst/clk_in1_clk_pll
                         PLLE2_ADV (Prop_plle2_adv_CLKIN1_CLKOUT0)
                                                     -5.783    -3.805 r  u_soc_top/pll_clk.u_clk_pll/inst/plle2_adv_inst/CLKOUT0
                         net (fo=1, unplaced)         0.646    -3.159    u_soc_top/pll_clk.u_clk_pll/inst/cpu_clk_clk_pll
                         BUFG (Prop_bufg_I_O)         0.081    -3.078 r  u_soc_top/pll_clk.u_clk_pll/inst/clkout1_buf/O
                         net (fo=5385, unplaced)      0.584    -2.494    u_soc_top/u_cpu/u_core/cpu_clk
                         FDRE                                         r  u_soc_top/u_cpu/u_core/pc_reg[4]_rep/C
  -------------------------------------------------------------------    -------------------
                         FDRE (Prop_fdre_C_Q)         0.379    -2.115 f  u_soc_top/u_cpu/u_core/pc_reg[4]_rep/Q
                         net (fo=84, unplaced)        0.874    -1.241    u_icache/u_tag_ram/g_dist.mem_reg_128_191_3_5/ADDRC0
                         RAMD64E (Prop_ramd64e_RADR0_O)
                                                      0.232    -1.009 r  u_icache/u_tag_ram/g_dist.mem_reg_128_191_3_5/RAMC/O
                         net (fo=1, unplaced)         0.938    -0.071    u_soc_top/u_cpu/u_icache/next_state2_carry_i_3_5
                         LUT6 (Prop_lut6_I1_O)        0.105     0.034 r  u_soc_top/u_cpu/u_icache/__2/next_state2_carry_i_11/O
                         net (fo=1, unplaced)         0.582     0.616    u_soc_top/u_cpu/u_icache/p_0_in_0[4]
                         LUT6 (Prop_lut6_I0_O)        0.105     0.721 r  u_soc_top/u_cpu/u_icache/next_state2_carry_i_3/O
                         net (fo=1, unplaced)         0.000     0.721    u_soc_top/u_cpu/u_icache/next_state2_carry_i_3_n_0
                         CARRY4 (Prop_carry4_S[1]_CO[3])
                                                      0.457     1.178 r  u_soc_top/u_cpu/u_icache/next_state2_carry/CO[3]
                         net (fo=1, unplaced)         0.000     1.178    u_soc_top/u_cpu/u_icache/next_state2_carry_n_0
                         CARRY4 (Prop_carry4_CI_CO[2])
                                                      0.209     1.387 r  u_soc_top/u_cpu/u_icache/next_state2_carry__0/CO[2]
                         net (fo=1, unplaced)         0.349     1.736    u_soc_top/u_cpu/u_icache/next_state219_in
                         LUT5 (Prop_lut5_I0_O)        0.252     1.988 f  u_soc_top/u_cpu/u_icache/captured_pc[31]_i_3/O
                         net (fo=8, unplaced)         0.263     2.251    u_soc_top/u_cpu/u_core/if_stage/state_reg[0]_0
                         LUT5 (Prop_lut5_I4_O)        0.105     2.356 r  u_soc_top/u_cpu/u_core/if_stage/FSM_onehot_state[0]_i_4/O
                         net (fo=34, unplaced)        0.447     2.803    u_soc_top/u_cpu/u_icache/captured_instr_reg[0]_0
                         LUT5 (Prop_lut5_I4_O)        0.105     2.908 f  u_soc_top/u_cpu/u_icache/captured_instr[31]_i_4/O
                         net (fo=5, unplaced)         0.610     3.518    u_soc_top/u_cpu/u_icache/state_reg[2]_37
                         LUT4 (Prop_lut4_I1_O)        0.105     3.623 r  u_soc_top/u_cpu/u_icache/fq_target[2][20]_i_13/O
                         net (fo=17, unplaced)        0.403     4.026    u_soc_top/u_cpu/u_icache/captured_instr[28]_i_2_0
                         LUT3 (Prop_lut3_I0_O)        0.108     4.134 f  u_soc_top/u_cpu/u_icache/fq_target[2][31]_i_12/O
                         net (fo=10, unplaced)        0.390     4.524    u_soc_top/u_cpu/u_icache/fq_target[2][31]_i_12_n_0
                         LUT5 (Prop_lut5_I4_O)        0.105     4.629 f  u_soc_top/u_cpu/u_icache/fq_target[2][31]_i_7/O
                         net (fo=9, unplaced)         0.438     5.067    u_soc_top/u_cpu/u_core/if_stage/p_0_in[0]
                         CARRY4 (Prop_carry4_DI[2]_CO[3])
                                                      0.329     5.396 r  u_soc_top/u_cpu/u_core/if_stage/fq_target_reg[2][28]_i_3/CO[3]
                         net (fo=1, unplaced)         0.000     5.396    u_soc_top/u_cpu/u_core/if_stage/fq_target_reg[2][28]_i_3_n_0
                         CARRY4 (Prop_carry4_CI_O[2])
                                                      0.214     5.610 r  u_soc_top/u_cpu/u_core/if_stage/fq_target_reg[2][31]_i_3/O[2]
                         net (fo=4, unplaced)         0.373     5.983    u_soc_top/u_cpu/u_core/reg_id_ex0_ctrl/fetch_target0[31]
                         LUT6 (Prop_lut6_I1_O)        0.244     6.227 r  u_soc_top/u_cpu/u_core/reg_id_ex0_ctrl/fq_target[0][31]_i_2/O
                         net (fo=1, unplaced)         0.347     6.574    u_soc_top/u_cpu/u_core/if_stage/fq_target_reg[0][31]_0
                         LUT5 (Prop_lut5_I4_O)        0.105     6.679 r  u_soc_top/u_cpu/u_core/if_stage/fq_target[0][31]_i_1/O
                         net (fo=1, unplaced)         0.000     6.679    u_soc_top/u_cpu/u_core/if_stage_n_131
                         FDRE                                         r  u_soc_top/u_cpu/u_core/fq_target_reg[0][31]/D
  -------------------------------------------------------------------    -------------------

                         (clock cpu_clk rise edge)   10.000    10.000 r  
    K21                                               0.000    10.000 r  clk_50M (IN)
                         net (fo=0)                   0.000    10.000    u_soc_top/pll_clk.u_clk_pll/inst/clk_in1
    K21                  IBUF (Prop_ibuf_I_O)         1.328    11.328 r  u_soc_top/pll_clk.u_clk_pll/inst/clkin1_ibufg/O
                         net (fo=1, unplaced)         0.439    11.767    u_soc_top/pll_clk.u_clk_pll/inst/clk_in1_clk_pll
                         PLLE2_ADV (Prop_plle2_adv_CLKIN1_CLKOUT0)
                                                     -5.039     6.728 r  u_soc_top/pll_clk.u_clk_pll/inst/plle2_adv_inst/CLKOUT0
                         net (fo=1, unplaced)         0.613     7.341    u_soc_top/pll_clk.u_clk_pll/inst/cpu_clk_clk_pll
                         BUFG (Prop_bufg_I_O)         0.077     7.418 r  u_soc_top/pll_clk.u_clk_pll/inst/clkout1_buf/O
                         net (fo=5385, unplaced)      0.439     7.857    u_soc_top/u_cpu/u_core/cpu_clk
                         FDRE                                         r  u_soc_top/u_cpu/u_core/fq_target_reg[0][31]/C
                         clock pessimism             -0.496     7.361    
                         clock uncertainty           -0.094     7.266    
                         FDRE (Setup_fdre_C_D)        0.029     7.295    u_soc_top/u_cpu/u_core/fq_target_reg[0][31]
  -------------------------------------------------------------------
                         required time                          7.295    
                         arrival time                          -6.679    
  -------------------------------------------------------------------
                         slack                                  0.617    

Slack (MET) :             0.617ns  (required time - arrival time)
  Source:                 u_soc_top/u_cpu/u_core/pc_reg[4]_rep/C
                            (rising edge-triggered cell FDRE clocked by cpu_clk  {rise@0.000ns fall@5.000ns period=10.000ns})
  Destination:            u_soc_top/u_cpu/u_core/fq_target_reg[0][31]/D
                            (rising edge-triggered cell FDRE clocked by cpu_clk  {rise@0.000ns fall@5.000ns period=10.000ns})
  Path Group:             cpu_clk
  Path Type:              Setup (Max at Slow Process Corner)
  Requirement:            10.000ns  (cpu_clk rise@10.000ns - cpu_clk rise@0.000ns)
  Data Path Delay:        9.173ns  (logic 3.159ns (34.438%)  route 6.014ns (65.562%))
  Logic Levels:           15  (CARRY4=4 LUT3=1 LUT4=1 LUT5=5 LUT6=3 RAMD64E=1)
  Clock Path Skew:        -0.145ns (DCD - SCD + CPR)
    Destination Clock Delay (DCD):    -2.143ns = ( 7.857 - 10.000 ) 
    Source Clock Delay      (SCD):    -2.494ns
    Clock Pessimism Removal (CPR):    -0.496ns
  Clock Uncertainty:      0.094ns  ((TSJ^2 + DJ^2)^1/2) / 2 + PE
    Total System Jitter     (TSJ):    0.071ns
    Discrete Jitter          (DJ):    0.175ns
    Phase Error              (PE):    0.000ns

    Location             Delay type                Incr(ns)  Path(ns)    Netlist Resource(s)
  -------------------------------------------------------------------    -------------------
                         (clock cpu_clk rise edge)    0.000     0.000 r  
    K21                                               0.000     0.000 r  clk_50M (IN)
                         net (fo=0)                   0.000     0.000    u_soc_top/pll_clk.u_clk_pll/inst/clk_in1
    K21                  IBUF (Prop_ibuf_I_O)         1.394     1.394 r  u_soc_top/pll_clk.u_clk_pll/inst/clkin1_ibufg/O
                         net (fo=1, unplaced)         0.584     1.978    u_soc_top/pll_clk.u_clk_pll/inst/clk_in1_clk_pll
                         PLLE2_ADV (Prop_plle2_adv_CLKIN1_CLKOUT0)
                                                     -5.783    -3.805 r  u_soc_top/pll_clk.u_clk_pll/inst/plle2_adv_inst/CLKOUT0
                         net (fo=1, unplaced)         0.646    -3.159    u_soc_top/pll_clk.u_clk_pll/inst/cpu_clk_clk_pll
                         BUFG (Prop_bufg_I_O)         0.081    -3.078 r  u_soc_top/pll_clk.u_clk_pll/inst/clkout1_buf/O
                         net (fo=5385, unplaced)      0.584    -2.494    u_soc_top/u_cpu/u_core/cpu_clk
                         FDRE                                         r  u_soc_top/u_cpu/u_core/pc_reg[4]_rep/C
  -------------------------------------------------------------------    -------------------
                         FDRE (Prop_fdre_C_Q)         0.379    -2.115 r  u_soc_top/u_cpu/u_core/pc_reg[4]_rep/Q
                         net (fo=84, unplaced)        0.874    -1.241    u_icache/u_tag_ram/g_dist.mem_reg_128_191_3_5/ADDRC0
                         RAMD64E (Prop_ramd64e_RADR0_O)
                                                      0.232    -1.009 r  u_icache/u_tag_ram/g_dist.mem_reg_128_191_3_5/RAMC/O
                         net (fo=1, unplaced)         0.938    -0.071    u_soc_top/u_cpu/u_icache/next_state2_carry_i_3_5
                         LUT6 (Prop_lut6_I1_O)        0.105     0.034 r  u_soc_top/u_cpu/u_icache/__2/next_state2_carry_i_11/O
                         net (fo=1, unplaced)         0.582     0.616    u_soc_top/u_cpu/u_icache/p_0_in_0[4]
                         LUT6 (Prop_lut6_I0_O)        0.105     0.721 f  u_soc_top/u_cpu/u_icache/next_state2_carry_i_3/O
                         net (fo=1, unplaced)         0.000     0.721    u_soc_top/u_cpu/u_icache/next_state2_carry_i_3_n_0
                         CARRY4 (Prop_carry4_S[1]_CO[3])
                                                      0.457     1.178 r  u_soc_top/u_cpu/u_icache/next_state2_carry/CO[3]
                         net (fo=1, unplaced)         0.000     1.178    u_soc_top/u_cpu/u_icache/next_state2_carry_n_0
                         CARRY4 (Prop_carry4_CI_CO[2])
                                                      0.209     1.387 r  u_soc_top/u_cpu/u_icache/next_state2_carry__0/CO[2]
                         net (fo=1, unplaced)         0.349     1.736    u_soc_top/u_cpu/u_icache/next_state219_in
                         LUT5 (Prop_lut5_I0_O)        0.252     1.988 f  u_soc_top/u_cpu/u_icache/captured_pc[31]_i_3/O
                         net (fo=8, unplaced)         0.263     2.251    u_soc_top/u_cpu/u_core/if_stage/state_reg[0]_0
                         LUT5 (Prop_lut5_I4_O)        0.105     2.356 r  u_soc_top/u_cpu/u_core/if_stage/FSM_onehot_state[0]_i_4/O
                         net (fo=34, unplaced)        0.447     2.803    u_soc_top/u_cpu/u_icache/captured_instr_reg[0]_0
                         LUT5 (Prop_lut5_I4_O)        0.105     2.908 f  u_soc_top/u_cpu/u_icache/captured_instr[31]_i_4/O
                         net (fo=5, unplaced)         0.610     3.518    u_soc_top/u_cpu/u_icache/state_reg[2]_37
                         LUT4 (Prop_lut4_I1_O)        0.105     3.623 r  u_soc_top/u_cpu/u_icache/fq_target[2][20]_i_13/O
                         net (fo=17, unplaced)        0.403     4.026    u_soc_top/u_cpu/u_icache/captured_instr[28]_i_2_0
                         LUT3 (Prop_lut3_I0_O)        0.108     4.134 f  u_soc_top/u_cpu/u_icache/fq_target[2][31]_i_12/O
                         net (fo=10, unplaced)        0.390     4.524    u_soc_top/u_cpu/u_icache/fq_target[2][31]_i_12_n_0
                         LUT5 (Prop_lut5_I4_O)        0.105     4.629 f  u_soc_top/u_cpu/u_icache/fq_target[2][31]_i_7/O
                         net (fo=9, unplaced)         0.438     5.067    u_soc_top/u_cpu/u_core/if_stage/p_0_in[0]
                         CARRY4 (Prop_carry4_DI[2]_CO[3])
                                                      0.329     5.396 r  u_soc_top/u_cpu/u_core/if_stage/fq_target_reg[2][28]_i_3/CO[3]
                         net (fo=1, unplaced)         0.000     5.396    u_soc_top/u_cpu/u_core/if_stage/fq_target_reg[2][28]_i_3_n_0
                         CARRY4 (Prop_carry4_CI_O[2])
                                                      0.214     5.610 r  u_soc_top/u_cpu/u_core/if_stage/fq_target_reg[2][31]_i_3/O[2]
                         net (fo=4, unplaced)         0.373     5.983    u_soc_top/u_cpu/u_core/reg_id_ex0_ctrl/fetch_target0[31]
                         LUT6 (Prop_lut6_I1_O)        0.244     6.227 r  u_soc_top/u_cpu/u_core/reg_id_ex0_ctrl/fq_target[0][31]_i_2/O
                         net (fo=1, unplaced)         0.347     6.574    u_soc_top/u_cpu/u_core/if_stage/fq_target_reg[0][31]_0
                         LUT5 (Prop_lut5_I4_O)        0.105     6.679 r  u_soc_top/u_cpu/u_core/if_stage/fq_target[0][31]_i_1/O
                         net (fo=1, unplaced)         0.000     6.679    u_soc_top/u_cpu/u_core/if_stage_n_131
                         FDRE                                         r  u_soc_top/u_cpu/u_core/fq_target_reg[0][31]/D
  -------------------------------------------------------------------    -------------------

                         (clock cpu_clk rise edge)   10.000    10.000 r  
    K21                                               0.000    10.000 r  clk_50M (IN)
                         net (fo=0)                   0.000    10.000    u_soc_top/pll_clk.u_clk_pll/inst/clk_in1
    K21                  IBUF (Prop_ibuf_I_O)         1.328    11.328 r  u_soc_top/pll_clk.u_clk_pll/inst/clkin1_ibufg/O
                         net (fo=1, unplaced)         0.439    11.767    u_soc_top/pll_clk.u_clk_pll/inst/clk_in1_clk_pll
                         PLLE2_ADV (Prop_plle2_adv_CLKIN1_CLKOUT0)
                                                     -5.039     6.728 r  u_soc_top/pll_clk.u_clk_pll/inst/plle2_adv_inst/CLKOUT0
                         net (fo=1, unplaced)         0.613     7.341    u_soc_top/pll_clk.u_clk_pll/inst/cpu_clk_clk_pll
                         BUFG (Prop_bufg_I_O)         0.077     7.418 r  u_soc_top/pll_clk.u_clk_pll/inst/clkout1_buf/O
                         net (fo=5385, unplaced)      0.439     7.857    u_soc_top/u_cpu/u_core/cpu_clk
                         FDRE                                         r  u_soc_top/u_cpu/u_core/fq_target_reg[0][31]/C
                         clock pessimism             -0.496     7.361    
                         clock uncertainty           -0.094     7.266    
                         FDRE (Setup_fdre_C_D)        0.029     7.295    u_soc_top/u_cpu/u_core/fq_target_reg[0][31]
  -------------------------------------------------------------------
                         required time                          7.295    
                         arrival time                          -6.679    
  -------------------------------------------------------------------
                         slack                                  0.617    

Slack (MET) :             0.617ns  (required time - arrival time)
  Source:                 u_soc_top/u_cpu/u_core/pc_reg[4]_rep/C
                            (rising edge-triggered cell FDRE clocked by cpu_clk  {rise@0.000ns fall@5.000ns period=10.000ns})
  Destination:            u_soc_top/u_cpu/u_core/fq_target_reg[0][31]/D
                            (rising edge-triggered cell FDRE clocked by cpu_clk  {rise@0.000ns fall@5.000ns period=10.000ns})
  Path Group:             cpu_clk
  Path Type:              Setup (Max at Slow Process Corner)
  Requirement:            10.000ns  (cpu_clk rise@10.000ns - cpu_clk rise@0.000ns)
  Data Path Delay:        9.173ns  (logic 3.159ns (34.438%)  route 6.014ns (65.562%))
  Logic Levels:           15  (CARRY4=4 LUT3=1 LUT4=1 LUT5=5 LUT6=3 RAMD64E=1)
  Clock Path Skew:        -0.145ns (DCD - SCD + CPR)
    Destination Clock Delay (DCD):    -2.143ns = ( 7.857 - 10.000 ) 
    Source Clock Delay      (SCD):    -2.494ns
    Clock Pessimism Removal (CPR):    -0.496ns
  Clock Uncertainty:      0.094ns  ((TSJ^2 + DJ^2)^1/2) / 2 + PE
    Total System Jitter     (TSJ):    0.071ns
    Discrete Jitter          (DJ):    0.175ns
    Phase Error              (PE):    0.000ns

    Location             Delay type                Incr(ns)  Path(ns)    Netlist Resource(s)
  -------------------------------------------------------------------    -------------------
                         (clock cpu_clk rise edge)    0.000     0.000 r  
    K21                                               0.000     0.000 r  clk_50M (IN)
                         net (fo=0)                   0.000     0.000    u_soc_top/pll_clk.u_clk_pll/inst/clk_in1
    K21                  IBUF (Prop_ibuf_I_O)         1.394     1.394 r  u_soc_top/pll_clk.u_clk_pll/inst/clkin1_ibufg/O
                         net (fo=1, unplaced)         0.584     1.978    u_soc_top/pll_clk.u_clk_pll/inst/clk_in1_clk_pll
                         PLLE2_ADV (Prop_plle2_adv_CLKIN1_CLKOUT0)
                                                     -5.783    -3.805 r  u_soc_top/pll_clk.u_clk_pll/inst/plle2_adv_inst/CLKOUT0
                         net (fo=1, unplaced)         0.646    -3.159    u_soc_top/pll_clk.u_clk_pll/inst/cpu_clk_clk_pll
                         BUFG (Prop_bufg_I_O)         0.081    -3.078 r  u_soc_top/pll_clk.u_clk_pll/inst/clkout1_buf/O
                         net (fo=5385, unplaced)      0.584    -2.494    u_soc_top/u_cpu/u_core/cpu_clk
                         FDRE                                         r  u_soc_top/u_cpu/u_core/pc_reg[4]_rep/C
  -------------------------------------------------------------------    -------------------
                         FDRE (Prop_fdre_C_Q)         0.379    -2.115 f  u_soc_top/u_cpu/u_core/pc_reg[4]_rep/Q
                         net (fo=84, unplaced)        0.874    -1.241    u_icache/u_tag_ram/g_dist.mem_reg_128_191_3_5/ADDRC0
                         RAMD64E (Prop_ramd64e_RADR0_O)
                                                      0.232    -1.009 r  u_icache/u_tag_ram/g_dist.mem_reg_128_191_3_5/RAMC/O
                         net (fo=1, unplaced)         0.938    -0.071    u_soc_top/u_cpu/u_icache/next_state2_carry_i_3_5
                         LUT6 (Prop_lut6_I1_O)        0.105     0.034 r  u_soc_top/u_cpu/u_icache/__2/next_state2_carry_i_11/O
                         net (fo=1, unplaced)         0.582     0.616    u_soc_top/u_cpu/u_icache/p_0_in_0[4]
                         LUT6 (Prop_lut6_I0_O)        0.105     0.721 f  u_soc_top/u_cpu/u_icache/next_state2_carry_i_3/O
                         net (fo=1, unplaced)         0.000     0.721    u_soc_top/u_cpu/u_icache/next_state2_carry_i_3_n_0
                         CARRY4 (Prop_carry4_S[1]_CO[3])
                                                      0.457     1.178 r  u_soc_top/u_cpu/u_icache/next_state2_carry/CO[3]
                         net (fo=1, unplaced)         0.000     1.178    u_soc_top/u_cpu/u_icache/next_state2_carry_n_0
                         CARRY4 (Prop_carry4_CI_CO[2])
                                                      0.209     1.387 r  u_soc_top/u_cpu/u_icache/next_state2_carry__0/CO[2]
                         net (fo=1, unplaced)         0.349     1.736    u_soc_top/u_cpu/u_icache/next_state219_in
                         LUT5 (Prop_lut5_I0_O)        0.252     1.988 f  u_soc_top/u_cpu/u_icache/captured_pc[31]_i_3/O
                         net (fo=8, unplaced)         0.263     2.251    u_soc_top/u_cpu/u_core/if_stage/state_reg[0]_0
                         LUT5 (Prop_lut5_I4_O)        0.105     2.356 r  u_soc_top/u_cpu/u_core/if_stage/FSM_onehot_state[0]_i_4/O
                         net (fo=34, unplaced)        0.447     2.803    u_soc_top/u_cpu/u_icache/captured_instr_reg[0]_0
                         LUT5 (Prop_lut5_I4_O)        0.105     2.908 f  u_soc_top/u_cpu/u_icache/captured_instr[31]_i_4/O
                         net (fo=5, unplaced)         0.610     3.518    u_soc_top/u_cpu/u_icache/state_reg[2]_37
                         LUT4 (Prop_lut4_I1_O)        0.105     3.623 r  u_soc_top/u_cpu/u_icache/fq_target[2][20]_i_13/O
                         net (fo=17, unplaced)        0.403     4.026    u_soc_top/u_cpu/u_icache/captured_instr[28]_i_2_0
                         LUT3 (Prop_lut3_I0_O)        0.108     4.134 f  u_soc_top/u_cpu/u_icache/fq_target[2][31]_i_12/O
                         net (fo=10, unplaced)        0.390     4.524    u_soc_top/u_cpu/u_icache/fq_target[2][31]_i_12_n_0
                         LUT5 (Prop_lut5_I4_O)        0.105     4.629 f  u_soc_top/u_cpu/u_icache/fq_target[2][31]_i_7/O
                         net (fo=9, unplaced)         0.438     5.067    u_soc_top/u_cpu/u_core/if_stage/p_0_in[0]
                         CARRY4 (Prop_carry4_DI[2]_CO[3])
                                                      0.329     5.396 r  u_soc_top/u_cpu/u_core/if_stage/fq_target_reg[2][28]_i_3/CO[3]
                         net (fo=1, unplaced)         0.000     5.396    u_soc_top/u_cpu/u_core/if_stage/fq_target_reg[2][28]_i_3_n_0
                         CARRY4 (Prop_carry4_CI_O[2])
                                                      0.214     5.610 r  u_soc_top/u_cpu/u_core/if_stage/fq_target_reg[2][31]_i_3/O[2]
                         net (fo=4, unplaced)         0.373     5.983    u_soc_top/u_cpu/u_core/reg_id_ex0_ctrl/fetch_target0[31]
                         LUT6 (Prop_lut6_I1_O)        0.244     6.227 r  u_soc_top/u_cpu/u_core/reg_id_ex0_ctrl/fq_target[0][31]_i_2/O
                         net (fo=1, unplaced)         0.347     6.574    u_soc_top/u_cpu/u_core/if_stage/fq_target_reg[0][31]_0
                         LUT5 (Prop_lut5_I4_O)        0.105     6.679 r  u_soc_top/u_cpu/u_core/if_stage/fq_target[0][31]_i_1/O
                         net (fo=1, unplaced)         0.000     6.679    u_soc_top/u_cpu/u_core/if_stage_n_131
                         FDRE                                         r  u_soc_top/u_cpu/u_core/fq_target_reg[0][31]/D
  -------------------------------------------------------------------    -------------------

                         (clock cpu_clk rise edge)   10.000    10.000 r  
    K21                                               0.000    10.000 r  clk_50M (IN)
                         net (fo=0)                   0.000    10.000    u_soc_top/pll_clk.u_clk_pll/inst/clk_in1
    K21                  IBUF (Prop_ibuf_I_O)         1.328    11.328 r  u_soc_top/pll_clk.u_clk_pll/inst/clkin1_ibufg/O
                         net (fo=1, unplaced)         0.439    11.767    u_soc_top/pll_clk.u_clk_pll/inst/clk_in1_clk_pll
                         PLLE2_ADV (Prop_plle2_adv_CLKIN1_CLKOUT0)
                                                     -5.039     6.728 r  u_soc_top/pll_clk.u_clk_pll/inst/plle2_adv_inst/CLKOUT0
                         net (fo=1, unplaced)         0.613     7.341    u_soc_top/pll_clk.u_clk_pll/inst/cpu_clk_clk_pll
                         BUFG (Prop_bufg_I_O)         0.077     7.418 r  u_soc_top/pll_clk.u_clk_pll/inst/clkout1_buf/O
                         net (fo=5385, unplaced)      0.439     7.857    u_soc_top/u_cpu/u_core/cpu_clk
                         FDRE                                         r  u_soc_top/u_cpu/u_core/fq_target_reg[0][31]/C
                         clock pessimism             -0.496     7.361    
                         clock uncertainty           -0.094     7.266    
                         FDRE (Setup_fdre_C_D)        0.029     7.295    u_soc_top/u_cpu/u_core/fq_target_reg[0][31]
  -------------------------------------------------------------------
                         required time                          7.295    
                         arrival time                          -6.679    
  -------------------------------------------------------------------
                         slack                                  0.617    

Slack (MET) :             0.617ns  (required time - arrival time)
  Source:                 u_soc_top/u_cpu/u_core/pc_reg[4]_rep/C
                            (rising edge-triggered cell FDRE clocked by cpu_clk  {rise@0.000ns fall@5.000ns period=10.000ns})
  Destination:            u_soc_top/u_cpu/u_core/fq_target_reg[0][31]/D
                            (rising edge-triggered cell FDRE clocked by cpu_clk  {rise@0.000ns fall@5.000ns period=10.000ns})
  Path Group:             cpu_clk
  Path Type:              Setup (Max at Slow Process Corner)
  Requirement:            10.000ns  (cpu_clk rise@10.000ns - cpu_clk rise@0.000ns)
  Data Path Delay:        9.173ns  (logic 3.159ns (34.438%)  route 6.014ns (65.562%))
  Logic Levels:           15  (CARRY4=4 LUT3=1 LUT4=1 LUT5=5 LUT6=3 RAMD64E=1)
  Clock Path Skew:        -0.145ns (DCD - SCD + CPR)
    Destination Clock Delay (DCD):    -2.143ns = ( 7.857 - 10.000 ) 
    Source Clock Delay      (SCD):    -2.494ns
    Clock Pessimism Removal (CPR):    -0.496ns
  Clock Uncertainty:      0.094ns  ((TSJ^2 + DJ^2)^1/2) / 2 + PE
    Total System Jitter     (TSJ):    0.071ns
    Discrete Jitter          (DJ):    0.175ns
    Phase Error              (PE):    0.000ns

    Location             Delay type                Incr(ns)  Path(ns)    Netlist Resource(s)
  -------------------------------------------------------------------    -------------------
                         (clock cpu_clk rise edge)    0.000     0.000 r  
    K21                                               0.000     0.000 r  clk_50M (IN)
                         net (fo=0)                   0.000     0.000    u_soc_top/pll_clk.u_clk_pll/inst/clk_in1
    K21                  IBUF (Prop_ibuf_I_O)         1.394     1.394 r  u_soc_top/pll_clk.u_clk_pll/inst/clkin1_ibufg/O
                         net (fo=1, unplaced)         0.584     1.978    u_soc_top/pll_clk.u_clk_pll/inst/clk_in1_clk_pll
                         PLLE2_ADV (Prop_plle2_adv_CLKIN1_CLKOUT0)
                                                     -5.783    -3.805 r  u_soc_top/pll_clk.u_clk_pll/inst/plle2_adv_inst/CLKOUT0
                         net (fo=1, unplaced)         0.646    -3.159    u_soc_top/pll_clk.u_clk_pll/inst/cpu_clk_clk_pll
                         BUFG (Prop_bufg_I_O)         0.081    -3.078 r  u_soc_top/pll_clk.u_clk_pll/inst/clkout1_buf/O
                         net (fo=5385, unplaced)      0.584    -2.494    u_soc_top/u_cpu/u_core/cpu_clk
                         FDRE                                         r  u_soc_top/u_cpu/u_core/pc_reg[4]_rep/C
  -------------------------------------------------------------------    -------------------
                         FDRE (Prop_fdre_C_Q)         0.379    -2.115 r  u_soc_top/u_cpu/u_core/pc_reg[4]_rep/Q
                         net (fo=84, unplaced)        0.874    -1.241    u_icache/u_tag_ram/g_dist.mem_reg_128_191_3_5/ADDRC0
                         RAMD64E (Prop_ramd64e_RADR0_O)
                                                      0.232    -1.009 r  u_icache/u_tag_ram/g_dist.mem_reg_128_191_3_5/RAMC/O
                         net (fo=1, unplaced)         0.938    -0.071    u_soc_top/u_cpu/u_icache/next_state2_carry_i_3_5
                         LUT6 (Prop_lut6_I1_O)        0.105     0.034 r  u_soc_top/u_cpu/u_icache/__2/next_state2_carry_i_11/O
                         net (fo=1, unplaced)         0.582     0.616    u_soc_top/u_cpu/u_icache/p_0_in_0[4]
                         LUT6 (Prop_lut6_I0_O)        0.105     0.721 r  u_soc_top/u_cpu/u_icache/next_state2_carry_i_3/O
                         net (fo=1, unplaced)         0.000     0.721    u_soc_top/u_cpu/u_icache/next_state2_carry_i_3_n_0
                         CARRY4 (Prop_carry4_S[1]_CO[3])
                                                      0.457     1.178 r  u_soc_top/u_cpu/u_icache/next_state2_carry/CO[3]
                         net (fo=1, unplaced)         0.000     1.178    u_soc_top/u_cpu/u_icache/next_state2_carry_n_0
                         CARRY4 (Prop_carry4_CI_CO[2])
                                                      0.209     1.387 f  u_soc_top/u_cpu/u_icache/next_state2_carry__0/CO[2]
                         net (fo=1, unplaced)         0.349     1.736    u_soc_top/u_cpu/u_icache/next_state219_in
                         LUT5 (Prop_lut5_I0_O)        0.252     1.988 r  u_soc_top/u_cpu/u_icache/captured_pc[31]_i_3/O
                         net (fo=8, unplaced)         0.263     2.251    u_soc_top/u_cpu/u_core/if_stage/state_reg[0]_0
                         LUT5 (Prop_lut5_I4_O)        0.105     2.356 f  u_soc_top/u_cpu/u_core/if_stage/FSM_onehot_state[0]_i_4/O
                         net (fo=34, unplaced)        0.447     2.803    u_soc_top/u_cpu/u_icache/captured_instr_reg[0]_0
                         LUT5 (Prop_lut5_I4_O)        0.105     2.908 r  u_soc_top/u_cpu/u_icache/captured_instr[31]_i_4/O
                         net (fo=5, unplaced)         0.610     3.518    u_soc_top/u_cpu/u_icache/state_reg[2]_37
                         LUT4 (Prop_lut4_I1_O)        0.105     3.623 f  u_soc_top/u_cpu/u_icache/fq_target[2][20]_i_13/O
                         net (fo=17, unplaced)        0.403     4.026    u_soc_top/u_cpu/u_icache/captured_instr[28]_i_2_0
                         LUT3 (Prop_lut3_I0_O)        0.108     4.134 r  u_soc_top/u_cpu/u_icache/fq_target[2][31]_i_12/O
                         net (fo=10, unplaced)        0.390     4.524    u_soc_top/u_cpu/u_icache/fq_target[2][31]_i_12_n_0
                         LUT5 (Prop_lut5_I4_O)        0.105     4.629 r  u_soc_top/u_cpu/u_icache/fq_target[2][31]_i_7/O
                         net (fo=9, unplaced)         0.438     5.067    u_soc_top/u_cpu/u_core/if_stage/p_0_in[0]
                         CARRY4 (Prop_carry4_DI[2]_CO[3])
                                                      0.329     5.396 f  u_soc_top/u_cpu/u_core/if_stage/fq_target_reg[2][28]_i_3/CO[3]
                         net (fo=1, unplaced)         0.000     5.396    u_soc_top/u_cpu/u_core/if_stage/fq_target_reg[2][28]_i_3_n_0
                         CARRY4 (Prop_carry4_CI_O[2])
                                                      0.214     5.610 r  u_soc_top/u_cpu/u_core/if_stage/fq_target_reg[2][31]_i_3/O[2]
                         net (fo=4, unplaced)         0.373     5.983    u_soc_top/u_cpu/u_core/reg_id_ex0_ctrl/fetch_target0[31]
                         LUT6 (Prop_lut6_I1_O)        0.244     6.227 r  u_soc_top/u_cpu/u_core/reg_id_ex0_ctrl/fq_target[0][31]_i_2/O
                         net (fo=1, unplaced)         0.347     6.574    u_soc_top/u_cpu/u_core/if_stage/fq_target_reg[0][31]_0
                         LUT5 (Prop_lut5_I4_O)        0.105     6.679 r  u_soc_top/u_cpu/u_core/if_stage/fq_target[0][31]_i_1/O
                         net (fo=1, unplaced)         0.000     6.679    u_soc_top/u_cpu/u_core/if_stage_n_131
                         FDRE                                         r  u_soc_top/u_cpu/u_core/fq_target_reg[0][31]/D
  -------------------------------------------------------------------    -------------------

                         (clock cpu_clk rise edge)   10.000    10.000 r  
    K21                                               0.000    10.000 r  clk_50M (IN)
                         net (fo=0)                   0.000    10.000    u_soc_top/pll_clk.u_clk_pll/inst/clk_in1
    K21                  IBUF (Prop_ibuf_I_O)         1.328    11.328 r  u_soc_top/pll_clk.u_clk_pll/inst/clkin1_ibufg/O
                         net (fo=1, unplaced)         0.439    11.767    u_soc_top/pll_clk.u_clk_pll/inst/clk_in1_clk_pll
                         PLLE2_ADV (Prop_plle2_adv_CLKIN1_CLKOUT0)
                                                     -5.039     6.728 r  u_soc_top/pll_clk.u_clk_pll/inst/plle2_adv_inst/CLKOUT0
                         net (fo=1, unplaced)         0.613     7.341    u_soc_top/pll_clk.u_clk_pll/inst/cpu_clk_clk_pll
                         BUFG (Prop_bufg_I_O)         0.077     7.418 r  u_soc_top/pll_clk.u_clk_pll/inst/clkout1_buf/O
                         net (fo=5385, unplaced)      0.439     7.857    u_soc_top/u_cpu/u_core/cpu_clk
                         FDRE                                         r  u_soc_top/u_cpu/u_core/fq_target_reg[0][31]/C
                         clock pessimism             -0.496     7.361    
                         clock uncertainty           -0.094     7.266    
                         FDRE (Setup_fdre_C_D)        0.029     7.295    u_soc_top/u_cpu/u_core/fq_target_reg[0][31]
  -------------------------------------------------------------------
                         required time                          7.295    
                         arrival time                          -6.679    
  -------------------------------------------------------------------
                         slack                                  0.617    

Slack (MET) :             0.617ns  (required time - arrival time)
  Source:                 u_soc_top/u_cpu/u_core/pc_reg[4]_rep/C
                            (rising edge-triggered cell FDRE clocked by cpu_clk  {rise@0.000ns fall@5.000ns period=10.000ns})
  Destination:            u_soc_top/u_cpu/u_core/fq_target_reg[0][31]/D
                            (rising edge-triggered cell FDRE clocked by cpu_clk  {rise@0.000ns fall@5.000ns period=10.000ns})
  Path Group:             cpu_clk
  Path Type:              Setup (Max at Slow Process Corner)
  Requirement:            10.000ns  (cpu_clk rise@10.000ns - cpu_clk rise@0.000ns)
  Data Path Delay:        9.173ns  (logic 3.159ns (34.438%)  route 6.014ns (65.562%))
  Logic Levels:           15  (CARRY4=4 LUT3=1 LUT4=1 LUT5=5 LUT6=3 RAMD64E=1)
  Clock Path Skew:        -0.145ns (DCD - SCD + CPR)
    Destination Clock Delay (DCD):    -2.143ns = ( 7.857 - 10.000 ) 
    Source Clock Delay      (SCD):    -2.494ns
    Clock Pessimism Removal (CPR):    -0.496ns
  Clock Uncertainty:      0.094ns  ((TSJ^2 + DJ^2)^1/2) / 2 + PE
    Total System Jitter     (TSJ):    0.071ns
    Discrete Jitter          (DJ):    0.175ns
    Phase Error              (PE):    0.000ns

    Location             Delay type                Incr(ns)  Path(ns)    Netlist Resource(s)
  -------------------------------------------------------------------    -------------------
                         (clock cpu_clk rise edge)    0.000     0.000 r  
    K21                                               0.000     0.000 r  clk_50M (IN)
                         net (fo=0)                   0.000     0.000    u_soc_top/pll_clk.u_clk_pll/inst/clk_in1
    K21                  IBUF (Prop_ibuf_I_O)         1.394     1.394 r  u_soc_top/pll_clk.u_clk_pll/inst/clkin1_ibufg/O
                         net (fo=1, unplaced)         0.584     1.978    u_soc_top/pll_clk.u_clk_pll/inst/clk_in1_clk_pll
                         PLLE2_ADV (Prop_plle2_adv_CLKIN1_CLKOUT0)
                                                     -5.783    -3.805 r  u_soc_top/pll_clk.u_clk_pll/inst/plle2_adv_inst/CLKOUT0
                         net (fo=1, unplaced)         0.646    -3.159    u_soc_top/pll_clk.u_clk_pll/inst/cpu_clk_clk_pll
                         BUFG (Prop_bufg_I_O)         0.081    -3.078 r  u_soc_top/pll_clk.u_clk_pll/inst/clkout1_buf/O
                         net (fo=5385, unplaced)      0.584    -2.494    u_soc_top/u_cpu/u_core/cpu_clk
                         FDRE                                         r  u_soc_top/u_cpu/u_core/pc_reg[4]_rep/C
  -------------------------------------------------------------------    -------------------
                         FDRE (Prop_fdre_C_Q)         0.379    -2.115 f  u_soc_top/u_cpu/u_core/pc_reg[4]_rep/Q
                         net (fo=84, unplaced)        0.874    -1.241    u_icache/u_tag_ram/g_dist.mem_reg_128_191_3_5/ADDRC0
                         RAMD64E (Prop_ramd64e_RADR0_O)
                                                      0.232    -1.009 r  u_icache/u_tag_ram/g_dist.mem_reg_128_191_3_5/RAMC/O
                         net (fo=1, unplaced)         0.938    -0.071    u_soc_top/u_cpu/u_icache/next_state2_carry_i_3_5
                         LUT6 (Prop_lut6_I1_O)        0.105     0.034 r  u_soc_top/u_cpu/u_icache/__2/next_state2_carry_i_11/O
                         net (fo=1, unplaced)         0.582     0.616    u_soc_top/u_cpu/u_icache/p_0_in_0[4]
                         LUT6 (Prop_lut6_I0_O)        0.105     0.721 r  u_soc_top/u_cpu/u_icache/next_state2_carry_i_3/O
                         net (fo=1, unplaced)         0.000     0.721    u_soc_top/u_cpu/u_icache/next_state2_carry_i_3_n_0
                         CARRY4 (Prop_carry4_S[1]_CO[3])
                                                      0.457     1.178 r  u_soc_top/u_cpu/u_icache/next_state2_carry/CO[3]
                         net (fo=1, unplaced)         0.000     1.178    u_soc_top/u_cpu/u_icache/next_state2_carry_n_0
                         CARRY4 (Prop_carry4_CI_CO[2])
                                                      0.209     1.387 f  u_soc_top/u_cpu/u_icache/next_state2_carry__0/CO[2]
                         net (fo=1, unplaced)         0.349     1.736    u_soc_top/u_cpu/u_icache/next_state219_in
                         LUT5 (Prop_lut5_I0_O)        0.252     1.988 r  u_soc_top/u_cpu/u_icache/captured_pc[31]_i_3/O
                         net (fo=8, unplaced)         0.263     2.251    u_soc_top/u_cpu/u_core/if_stage/state_reg[0]_0
                         LUT5 (Prop_lut5_I4_O)        0.105     2.356 f  u_soc_top/u_cpu/u_core/if_stage/FSM_onehot_state[0]_i_4/O
                         net (fo=34, unplaced)        0.447     2.803    u_soc_top/u_cpu/u_icache/captured_instr_reg[0]_0
                         LUT5 (Prop_lut5_I4_O)        0.105     2.908 r  u_soc_top/u_cpu/u_icache/captured_instr[31]_i_4/O
                         net (fo=5, unplaced)         0.610     3.518    u_soc_top/u_cpu/u_icache/state_reg[2]_37
                         LUT4 (Prop_lut4_I1_O)        0.105     3.623 f  u_soc_top/u_cpu/u_icache/fq_target[2][20]_i_13/O
                         net (fo=17, unplaced)        0.403     4.026    u_soc_top/u_cpu/u_icache/captured_instr[28]_i_2_0
                         LUT3 (Prop_lut3_I0_O)        0.108     4.134 r  u_soc_top/u_cpu/u_icache/fq_target[2][31]_i_12/O
                         net (fo=10, unplaced)        0.390     4.524    u_soc_top/u_cpu/u_icache/fq_target[2][31]_i_12_n_0
                         LUT5 (Prop_lut5_I4_O)        0.105     4.629 r  u_soc_top/u_cpu/u_icache/fq_target[2][31]_i_7/O
                         net (fo=9, unplaced)         0.438     5.067    u_soc_top/u_cpu/u_core/if_stage/p_0_in[0]
                         CARRY4 (Prop_carry4_DI[2]_CO[3])
                                                      0.329     5.396 f  u_soc_top/u_cpu/u_core/if_stage/fq_target_reg[2][28]_i_3/CO[3]
                         net (fo=1, unplaced)         0.000     5.396    u_soc_top/u_cpu/u_core/if_stage/fq_target_reg[2][28]_i_3_n_0
                         CARRY4 (Prop_carry4_CI_O[2])
                                                      0.214     5.610 r  u_soc_top/u_cpu/u_core/if_stage/fq_target_reg[2][31]_i_3/O[2]
                         net (fo=4, unplaced)         0.373     5.983    u_soc_top/u_cpu/u_core/reg_id_ex0_ctrl/fetch_target0[31]
                         LUT6 (Prop_lut6_I1_O)        0.244     6.227 r  u_soc_top/u_cpu/u_core/reg_id_ex0_ctrl/fq_target[0][31]_i_2/O
                         net (fo=1, unplaced)         0.347     6.574    u_soc_top/u_cpu/u_core/if_stage/fq_target_reg[0][31]_0
                         LUT5 (Prop_lut5_I4_O)        0.105     6.679 r  u_soc_top/u_cpu/u_core/if_stage/fq_target[0][31]_i_1/O
                         net (fo=1, unplaced)         0.000     6.679    u_soc_top/u_cpu/u_core/if_stage_n_131
                         FDRE                                         r  u_soc_top/u_cpu/u_core/fq_target_reg[0][31]/D
  -------------------------------------------------------------------    -------------------

                         (clock cpu_clk rise edge)   10.000    10.000 r  
    K21                                               0.000    10.000 r  clk_50M (IN)
                         net (fo=0)                   0.000    10.000    u_soc_top/pll_clk.u_clk_pll/inst/clk_in1
    K21                  IBUF (Prop_ibuf_I_O)         1.328    11.328 r  u_soc_top/pll_clk.u_clk_pll/inst/clkin1_ibufg/O
                         net (fo=1, unplaced)         0.439    11.767    u_soc_top/pll_clk.u_clk_pll/inst/clk_in1_clk_pll
                         PLLE2_ADV (Prop_plle2_adv_CLKIN1_CLKOUT0)
                                                     -5.039     6.728 r  u_soc_top/pll_clk.u_clk_pll/inst/plle2_adv_inst/CLKOUT0
                         net (fo=1, unplaced)         0.613     7.341    u_soc_top/pll_clk.u_clk_pll/inst/cpu_clk_clk_pll
                         BUFG (Prop_bufg_I_O)         0.077     7.418 r  u_soc_top/pll_clk.u_clk_pll/inst/clkout1_buf/O
                         net (fo=5385, unplaced)      0.439     7.857    u_soc_top/u_cpu/u_core/cpu_clk
                         FDRE                                         r  u_soc_top/u_cpu/u_core/fq_target_reg[0][31]/C
                         clock pessimism             -0.496     7.361    
                         clock uncertainty           -0.094     7.266    
                         FDRE (Setup_fdre_C_D)        0.029     7.295    u_soc_top/u_cpu/u_core/fq_target_reg[0][31]
  -------------------------------------------------------------------
                         required time                          7.295    
                         arrival time                          -6.679    
  -------------------------------------------------------------------
                         slack                                  0.617    

Slack (MET) :             0.617ns  (required time - arrival time)
  Source:                 u_soc_top/u_cpu/u_core/pc_reg[4]_rep/C
                            (rising edge-triggered cell FDRE clocked by cpu_clk  {rise@0.000ns fall@5.000ns period=10.000ns})
  Destination:            u_soc_top/u_cpu/u_core/fq_target_reg[0][31]/D
                            (rising edge-triggered cell FDRE clocked by cpu_clk  {rise@0.000ns fall@5.000ns period=10.000ns})
  Path Group:             cpu_clk
  Path Type:              Setup (Max at Slow Process Corner)
  Requirement:            10.000ns  (cpu_clk rise@10.000ns - cpu_clk rise@0.000ns)
  Data Path Delay:        9.173ns  (logic 3.159ns (34.438%)  route 6.014ns (65.562%))
  Logic Levels:           15  (CARRY4=4 LUT3=1 LUT4=1 LUT5=5 LUT6=3 RAMD64E=1)
  Clock Path Skew:        -0.145ns (DCD - SCD + CPR)
    Destination Clock Delay (DCD):    -2.143ns = ( 7.857 - 10.000 ) 
    Source Clock Delay      (SCD):    -2.494ns
    Clock Pessimism Removal (CPR):    -0.496ns
  Clock Uncertainty:      0.094ns  ((TSJ^2 + DJ^2)^1/2) / 2 + PE
    Total System Jitter     (TSJ):    0.071ns
    Discrete Jitter          (DJ):    0.175ns
    Phase Error              (PE):    0.000ns

    Location             Delay type                Incr(ns)  Path(ns)    Netlist Resource(s)
  -------------------------------------------------------------------    -------------------
                         (clock cpu_clk rise edge)    0.000     0.000 r  
    K21                                               0.000     0.000 r  clk_50M (IN)
                         net (fo=0)                   0.000     0.000    u_soc_top/pll_clk.u_clk_pll/inst/clk_in1
    K21                  IBUF (Prop_ibuf_I_O)         1.394     1.394 r  u_soc_top/pll_clk.u_clk_pll/inst/clkin1_ibufg/O
                         net (fo=1, unplaced)         0.584     1.978    u_soc_top/pll_clk.u_clk_pll/inst/clk_in1_clk_pll
                         PLLE2_ADV (Prop_plle2_adv_CLKIN1_CLKOUT0)
                                                     -5.783    -3.805 r  u_soc_top/pll_clk.u_clk_pll/inst/plle2_adv_inst/CLKOUT0
                         net (fo=1, unplaced)         0.646    -3.159    u_soc_top/pll_clk.u_clk_pll/inst/cpu_clk_clk_pll
                         BUFG (Prop_bufg_I_O)         0.081    -3.078 r  u_soc_top/pll_clk.u_clk_pll/inst/clkout1_buf/O
                         net (fo=5385, unplaced)      0.584    -2.494    u_soc_top/u_cpu/u_core/cpu_clk
                         FDRE                                         r  u_soc_top/u_cpu/u_core/pc_reg[4]_rep/C
  -------------------------------------------------------------------    -------------------
                         FDRE (Prop_fdre_C_Q)         0.379    -2.115 r  u_soc_top/u_cpu/u_core/pc_reg[4]_rep/Q
                         net (fo=84, unplaced)        0.874    -1.241    u_icache/u_tag_ram/g_dist.mem_reg_128_191_3_5/ADDRC0
                         RAMD64E (Prop_ramd64e_RADR0_O)
                                                      0.232    -1.009 r  u_icache/u_tag_ram/g_dist.mem_reg_128_191_3_5/RAMC/O
                         net (fo=1, unplaced)         0.938    -0.071    u_soc_top/u_cpu/u_icache/next_state2_carry_i_3_5
                         LUT6 (Prop_lut6_I1_O)        0.105     0.034 r  u_soc_top/u_cpu/u_icache/__2/next_state2_carry_i_11/O
                         net (fo=1, unplaced)         0.582     0.616    u_soc_top/u_cpu/u_icache/p_0_in_0[4]
                         LUT6 (Prop_lut6_I0_O)        0.105     0.721 r  u_soc_top/u_cpu/u_icache/next_state2_carry_i_3/O
                         net (fo=1, unplaced)         0.000     0.721    u_soc_top/u_cpu/u_icache/next_state2_carry_i_3_n_0
                         CARRY4 (Prop_carry4_S[1]_CO[3])
                                                      0.457     1.178 r  u_soc_top/u_cpu/u_icache/next_state2_carry/CO[3]
                         net (fo=1, unplaced)         0.000     1.178    u_soc_top/u_cpu/u_icache/next_state2_carry_n_0
                         CARRY4 (Prop_carry4_CI_CO[2])
                                                      0.209     1.387 r  u_soc_top/u_cpu/u_icache/next_state2_carry__0/CO[2]
                         net (fo=1, unplaced)         0.349     1.736    u_soc_top/u_cpu/u_icache/next_state219_in
                         LUT5 (Prop_lut5_I0_O)        0.252     1.988 f  u_soc_top/u_cpu/u_icache/captured_pc[31]_i_3/O
                         net (fo=8, unplaced)         0.263     2.251    u_soc_top/u_cpu/u_core/if_stage/state_reg[0]_0
                         LUT5 (Prop_lut5_I4_O)        0.105     2.356 r  u_soc_top/u_cpu/u_core/if_stage/FSM_onehot_state[0]_i_4/O
                         net (fo=34, unplaced)        0.447     2.803    u_soc_top/u_cpu/u_icache/captured_instr_reg[0]_0
                         LUT5 (Prop_lut5_I4_O)        0.105     2.908 f  u_soc_top/u_cpu/u_icache/captured_instr[31]_i_4/O
                         net (fo=5, unplaced)         0.610     3.518    u_soc_top/u_cpu/u_icache/state_reg[2]_37
                         LUT4 (Prop_lut4_I1_O)        0.105     3.623 r  u_soc_top/u_cpu/u_icache/fq_target[2][20]_i_13/O
                         net (fo=17, unplaced)        0.403     4.026    u_soc_top/u_cpu/u_icache/captured_instr[28]_i_2_0
                         LUT3 (Prop_lut3_I0_O)        0.108     4.134 f  u_soc_top/u_cpu/u_icache/fq_target[2][31]_i_12/O
                         net (fo=10, unplaced)        0.390     4.524    u_soc_top/u_cpu/u_icache/fq_target[2][31]_i_12_n_0
                         LUT5 (Prop_lut5_I4_O)        0.105     4.629 f  u_soc_top/u_cpu/u_icache/fq_target[2][31]_i_7/O
                         net (fo=9, unplaced)         0.438     5.067    u_soc_top/u_cpu/u_core/if_stage/p_0_in[0]
                         CARRY4 (Prop_carry4_DI[2]_CO[3])
                                                      0.329     5.396 f  u_soc_top/u_cpu/u_core/if_stage/fq_target_reg[2][28]_i_3/CO[3]
                         net (fo=1, unplaced)         0.000     5.396    u_soc_top/u_cpu/u_core/if_stage/fq_target_reg[2][28]_i_3_n_0
                         CARRY4 (Prop_carry4_CI_O[2])
                                                      0.214     5.610 r  u_soc_top/u_cpu/u_core/if_stage/fq_target_reg[2][31]_i_3/O[2]
                         net (fo=4, unplaced)         0.373     5.983    u_soc_top/u_cpu/u_core/reg_id_ex0_ctrl/fetch_target0[31]
                         LUT6 (Prop_lut6_I1_O)        0.244     6.227 r  u_soc_top/u_cpu/u_core/reg_id_ex0_ctrl/fq_target[0][31]_i_2/O
                         net (fo=1, unplaced)         0.347     6.574    u_soc_top/u_cpu/u_core/if_stage/fq_target_reg[0][31]_0
                         LUT5 (Prop_lut5_I4_O)        0.105     6.679 r  u_soc_top/u_cpu/u_core/if_stage/fq_target[0][31]_i_1/O
                         net (fo=1, unplaced)         0.000     6.679    u_soc_top/u_cpu/u_core/if_stage_n_131
                         FDRE                                         r  u_soc_top/u_cpu/u_core/fq_target_reg[0][31]/D
  -------------------------------------------------------------------    -------------------

                         (clock cpu_clk rise edge)   10.000    10.000 r  
    K21                                               0.000    10.000 r  clk_50M (IN)
                         net (fo=0)                   0.000    10.000    u_soc_top/pll_clk.u_clk_pll/inst/clk_in1
    K21                  IBUF (Prop_ibuf_I_O)         1.328    11.328 r  u_soc_top/pll_clk.u_clk_pll/inst/clkin1_ibufg/O
                         net (fo=1, unplaced)         0.439    11.767    u_soc_top/pll_clk.u_clk_pll/inst/clk_in1_clk_pll
                         PLLE2_ADV (Prop_plle2_adv_CLKIN1_CLKOUT0)
                                                     -5.039     6.728 r  u_soc_top/pll_clk.u_clk_pll/inst/plle2_adv_inst/CLKOUT0
                         net (fo=1, unplaced)         0.613     7.341    u_soc_top/pll_clk.u_clk_pll/inst/cpu_clk_clk_pll
                         BUFG (Prop_bufg_I_O)         0.077     7.418 r  u_soc_top/pll_clk.u_clk_pll/inst/clkout1_buf/O
                         net (fo=5385, unplaced)      0.439     7.857    u_soc_top/u_cpu/u_core/cpu_clk
                         FDRE                                         r  u_soc_top/u_cpu/u_core/fq_target_reg[0][31]/C
                         clock pessimism             -0.496     7.361    
                         clock uncertainty           -0.094     7.266    
                         FDRE (Setup_fdre_C_D)        0.029     7.295    u_soc_top/u_cpu/u_core/fq_target_reg[0][31]
  -------------------------------------------------------------------
                         required time                          7.295    
                         arrival time                          -6.679    
  -------------------------------------------------------------------
                         slack                                  0.617    

Slack (MET) :             0.617ns  (required time - arrival time)
  Source:                 u_soc_top/u_cpu/u_core/pc_reg[4]_rep/C
                            (rising edge-triggered cell FDRE clocked by cpu_clk  {rise@0.000ns fall@5.000ns period=10.000ns})
  Destination:            u_soc_top/u_cpu/u_core/fq_target_reg[0][31]/D
                            (rising edge-triggered cell FDRE clocked by cpu_clk  {rise@0.000ns fall@5.000ns period=10.000ns})
  Path Group:             cpu_clk
  Path Type:              Setup (Max at Slow Process Corner)
  Requirement:            10.000ns  (cpu_clk rise@10.000ns - cpu_clk rise@0.000ns)
  Data Path Delay:        9.173ns  (logic 3.159ns (34.438%)  route 6.014ns (65.562%))
  Logic Levels:           15  (CARRY4=4 LUT3=1 LUT4=1 LUT5=5 LUT6=3 RAMD64E=1)
  Clock Path Skew:        -0.145ns (DCD - SCD + CPR)
    Destination Clock Delay (DCD):    -2.143ns = ( 7.857 - 10.000 ) 
    Source Clock Delay      (SCD):    -2.494ns
    Clock Pessimism Removal (CPR):    -0.496ns
  Clock Uncertainty:      0.094ns  ((TSJ^2 + DJ^2)^1/2) / 2 + PE
    Total System Jitter     (TSJ):    0.071ns
    Discrete Jitter          (DJ):    0.175ns
    Phase Error              (PE):    0.000ns

    Location             Delay type                Incr(ns)  Path(ns)    Netlist Resource(s)
  -------------------------------------------------------------------    -------------------
                         (clock cpu_clk rise edge)    0.000     0.000 r  
    K21                                               0.000     0.000 r  clk_50M (IN)
                         net (fo=0)                   0.000     0.000    u_soc_top/pll_clk.u_clk_pll/inst/clk_in1
    K21                  IBUF (Prop_ibuf_I_O)         1.394     1.394 r  u_soc_top/pll_clk.u_clk_pll/inst/clkin1_ibufg/O
                         net (fo=1, unplaced)         0.584     1.978    u_soc_top/pll_clk.u_clk_pll/inst/clk_in1_clk_pll
                         PLLE2_ADV (Prop_plle2_adv_CLKIN1_CLKOUT0)
                                                     -5.783    -3.805 r  u_soc_top/pll_clk.u_clk_pll/inst/plle2_adv_inst/CLKOUT0
                         net (fo=1, unplaced)         0.646    -3.159    u_soc_top/pll_clk.u_clk_pll/inst/cpu_clk_clk_pll
                         BUFG (Prop_bufg_I_O)         0.081    -3.078 r  u_soc_top/pll_clk.u_clk_pll/inst/clkout1_buf/O
                         net (fo=5385, unplaced)      0.584    -2.494    u_soc_top/u_cpu/u_core/cpu_clk
                         FDRE                                         r  u_soc_top/u_cpu/u_core/pc_reg[4]_rep/C
  -------------------------------------------------------------------    -------------------
                         FDRE (Prop_fdre_C_Q)         0.379    -2.115 f  u_soc_top/u_cpu/u_core/pc_reg[4]_rep/Q
                         net (fo=84, unplaced)        0.874    -1.241    u_icache/u_tag_ram/g_dist.mem_reg_128_191_3_5/ADDRC0
                         RAMD64E (Prop_ramd64e_RADR0_O)
                                                      0.232    -1.009 r  u_icache/u_tag_ram/g_dist.mem_reg_128_191_3_5/RAMC/O
                         net (fo=1, unplaced)         0.938    -0.071    u_soc_top/u_cpu/u_icache/next_state2_carry_i_3_5
                         LUT6 (Prop_lut6_I1_O)        0.105     0.034 r  u_soc_top/u_cpu/u_icache/__2/next_state2_carry_i_11/O
                         net (fo=1, unplaced)         0.582     0.616    u_soc_top/u_cpu/u_icache/p_0_in_0[4]
                         LUT6 (Prop_lut6_I0_O)        0.105     0.721 r  u_soc_top/u_cpu/u_icache/next_state2_carry_i_3/O
                         net (fo=1, unplaced)         0.000     0.721    u_soc_top/u_cpu/u_icache/next_state2_carry_i_3_n_0
                         CARRY4 (Prop_carry4_S[1]_CO[3])
                                                      0.457     1.178 r  u_soc_top/u_cpu/u_icache/next_state2_carry/CO[3]
                         net (fo=1, unplaced)         0.000     1.178    u_soc_top/u_cpu/u_icache/next_state2_carry_n_0
                         CARRY4 (Prop_carry4_CI_CO[2])
                                                      0.209     1.387 r  u_soc_top/u_cpu/u_icache/next_state2_carry__0/CO[2]
                         net (fo=1, unplaced)         0.349     1.736    u_soc_top/u_cpu/u_icache/next_state219_in
                         LUT5 (Prop_lut5_I0_O)        0.252     1.988 f  u_soc_top/u_cpu/u_icache/captured_pc[31]_i_3/O
                         net (fo=8, unplaced)         0.263     2.251    u_soc_top/u_cpu/u_core/if_stage/state_reg[0]_0
                         LUT5 (Prop_lut5_I4_O)        0.105     2.356 r  u_soc_top/u_cpu/u_core/if_stage/FSM_onehot_state[0]_i_4/O
                         net (fo=34, unplaced)        0.447     2.803    u_soc_top/u_cpu/u_icache/captured_instr_reg[0]_0
                         LUT5 (Prop_lut5_I4_O)        0.105     2.908 f  u_soc_top/u_cpu/u_icache/captured_instr[31]_i_4/O
                         net (fo=5, unplaced)         0.610     3.518    u_soc_top/u_cpu/u_icache/state_reg[2]_37
                         LUT4 (Prop_lut4_I1_O)        0.105     3.623 r  u_soc_top/u_cpu/u_icache/fq_target[2][20]_i_13/O
                         net (fo=17, unplaced)        0.403     4.026    u_soc_top/u_cpu/u_icache/captured_instr[28]_i_2_0
                         LUT3 (Prop_lut3_I0_O)        0.108     4.134 f  u_soc_top/u_cpu/u_icache/fq_target[2][31]_i_12/O
                         net (fo=10, unplaced)        0.390     4.524    u_soc_top/u_cpu/u_icache/fq_target[2][31]_i_12_n_0
                         LUT5 (Prop_lut5_I4_O)        0.105     4.629 f  u_soc_top/u_cpu/u_icache/fq_target[2][31]_i_7/O
                         net (fo=9, unplaced)         0.438     5.067    u_soc_top/u_cpu/u_core/if_stage/p_0_in[0]
                         CARRY4 (Prop_carry4_DI[2]_CO[3])
                                                      0.329     5.396 f  u_soc_top/u_cpu/u_core/if_stage/fq_target_reg[2][28]_i_3/CO[3]
                         net (fo=1, unplaced)         0.000     5.396    u_soc_top/u_cpu/u_core/if_stage/fq_target_reg[2][28]_i_3_n_0
                         CARRY4 (Prop_carry4_CI_O[2])
                                                      0.214     5.610 r  u_soc_top/u_cpu/u_core/if_stage/fq_target_reg[2][31]_i_3/O[2]
                         net (fo=4, unplaced)         0.373     5.983    u_soc_top/u_cpu/u_core/reg_id_ex0_ctrl/fetch_target0[31]
                         LUT6 (Prop_lut6_I1_O)        0.244     6.227 r  u_soc_top/u_cpu/u_core/reg_id_ex0_ctrl/fq_target[0][31]_i_2/O
                         net (fo=1, unplaced)         0.347     6.574    u_soc_top/u_cpu/u_core/if_stage/fq_target_reg[0][31]_0
                         LUT5 (Prop_lut5_I4_O)        0.105     6.679 r  u_soc_top/u_cpu/u_core/if_stage/fq_target[0][31]_i_1/O
                         net (fo=1, unplaced)         0.000     6.679    u_soc_top/u_cpu/u_core/if_stage_n_131
                         FDRE                                         r  u_soc_top/u_cpu/u_core/fq_target_reg[0][31]/D
  -------------------------------------------------------------------    -------------------

                         (clock cpu_clk rise edge)   10.000    10.000 r  
    K21                                               0.000    10.000 r  clk_50M (IN)
                         net (fo=0)                   0.000    10.000    u_soc_top/pll_clk.u_clk_pll/inst/clk_in1
    K21                  IBUF (Prop_ibuf_I_O)         1.328    11.328 r  u_soc_top/pll_clk.u_clk_pll/inst/clkin1_ibufg/O
                         net (fo=1, unplaced)         0.439    11.767    u_soc_top/pll_clk.u_clk_pll/inst/clk_in1_clk_pll
                         PLLE2_ADV (Prop_plle2_adv_CLKIN1_CLKOUT0)
                                                     -5.039     6.728 r  u_soc_top/pll_clk.u_clk_pll/inst/plle2_adv_inst/CLKOUT0
                         net (fo=1, unplaced)         0.613     7.341    u_soc_top/pll_clk.u_clk_pll/inst/cpu_clk_clk_pll
                         BUFG (Prop_bufg_I_O)         0.077     7.418 r  u_soc_top/pll_clk.u_clk_pll/inst/clkout1_buf/O
                         net (fo=5385, unplaced)      0.439     7.857    u_soc_top/u_cpu/u_core/cpu_clk
                         FDRE                                         r  u_soc_top/u_cpu/u_core/fq_target_reg[0][31]/C
                         clock pessimism             -0.496     7.361    
                         clock uncertainty           -0.094     7.266    
                         FDRE (Setup_fdre_C_D)        0.029     7.295    u_soc_top/u_cpu/u_core/fq_target_reg[0][31]
  -------------------------------------------------------------------
                         required time                          7.295    
                         arrival time                          -6.679    
  -------------------------------------------------------------------
                         slack                                  0.617    




