Copyright 1986-2019 Xilinx, Inc. All Rights Reserved.
---------------------------------------------------------------------------------------------------------------------
| Tool Version : Vivado v.2019.2 (lin64) Build 2708876 Wed Nov  6 21:39:14 MST 2019
| Date         : Tue Aug  4 13:29:51 2026
| Host         : 38cd9a78e126 running 64-bit Ubuntu 18.04.6 LTS
| Command      : report_timing -max_paths 20 -nworst 10 -file /workspace/run_vivado/project/synth_critical_paths.rpt
| Design       : thinpad_top
| Device       : 7a200t-fbg676
| Speed File   : -2  PRODUCTION 1.23 2018-06-13
---------------------------------------------------------------------------------------------------------------------

Timing Report

Slack (MET) :             0.499ns  (required time - arrival time)
  Source:                 u_soc_top/u_cpu/u_core/fq_instr_reg[0][16]/C
                            (rising edge-triggered cell FDRE clocked by cpu_clk  {rise@0.000ns fall@5.000ns period=10.000ns})
  Destination:            u_soc_top/u_cpu/u_core/pc_reg[10]/D
                            (rising edge-triggered cell FDRE clocked by cpu_clk  {rise@0.000ns fall@5.000ns period=10.000ns})
  Path Group:             cpu_clk
  Path Type:              Setup (Max at Slow Process Corner)
  Requirement:            10.000ns  (cpu_clk rise@10.000ns - cpu_clk rise@0.000ns)
  Data Path Delay:        9.291ns  (logic 3.954ns (42.557%)  route 5.337ns (57.443%))
  Logic Levels:           22  (CARRY4=8 LUT2=2 LUT4=1 LUT5=2 LUT6=9)
  Clock Path Skew:        -0.145ns (DCD - SCD + CPR)
    Destination Clock Delay (DCD):    -2.143ns = ( 7.857 - 10.000 ) 
    Source Clock Delay      (SCD):    -2.494ns
    Clock Pessimism Removal (CPR):    -0.496ns
  Clock Uncertainty:      0.094ns  ((TSJ^2 + DJ^2)^1/2) / 2 + PE
    Total System Jitter     (TSJ):    0.071ns
    Discrete Jitter          (DJ):    0.175ns
    Phase Error              (PE):    0.000ns

    Location             Delay type                Incr(ns)  Path(ns)    Netlist Resource(s)
  -------------------------------------------------------------------    -------------------
                         (clock cpu_clk rise edge)    0.000     0.000 r  
    K21                                               0.000     0.000 r  clk_50M (IN)
                         net (fo=0)                   0.000     0.000    u_soc_top/pll_clk.u_clk_pll/inst/clk_in1
    K21                  IBUF (Prop_ibuf_I_O)         1.394     1.394 r  u_soc_top/pll_clk.u_clk_pll/inst/clkin1_ibufg/O
                         net (fo=1, unplaced)         0.584     1.978    u_soc_top/pll_clk.u_clk_pll/inst/clk_in1_clk_pll
                         PLLE2_ADV (Prop_plle2_adv_CLKIN1_CLKOUT0)
                                                     -5.783    -3.805 r  u_soc_top/pll_clk.u_clk_pll/inst/plle2_adv_inst/CLKOUT0
                         net (fo=1, unplaced)         0.646    -3.159    u_soc_top/pll_clk.u_clk_pll/inst/cpu_clk_clk_pll
                         BUFG (Prop_bufg_I_O)         0.081    -3.078 r  u_soc_top/pll_clk.u_clk_pll/inst/clkout1_buf/O
                         net (fo=5297, unplaced)      0.584    -2.494    u_soc_top/u_cpu/u_core/cpu_clk
                         FDRE                                         r  u_soc_top/u_cpu/u_core/fq_instr_reg[0][16]/C
  -------------------------------------------------------------------    -------------------
                         FDRE (Prop_fdre_C_Q)         0.379    -2.115 f  u_soc_top/u_cpu/u_core/fq_instr_reg[0][16]/Q
                         net (fo=20, unplaced)        0.422    -1.693    u_soc_top/u_cpu/u_core/reg_id_ex0_data/data_out_reg[100]_0[16]
                         LUT2 (Prop_lut2_I0_O)        0.253    -1.440 r  u_soc_top/u_cpu/u_core/reg_id_ex0_data/data_out[14]_i_9/O
                         net (fo=3, unplaced)         0.365    -1.075    u_soc_top/u_cpu/u_core/reg_id_ex0_data/fq_instr_reg[0][16]
                         LUT6 (Prop_lut6_I2_O)        0.105    -0.970 r  u_soc_top/u_cpu/u_core/reg_id_ex0_data/data_out[87]_i_5/O
                         net (fo=1, unplaced)         0.347    -0.623    u_soc_top/u_cpu/u_core/reg_id_ex0_data/data_out[87]_i_5_n_0
                         LUT4 (Prop_lut4_I3_O)        0.105    -0.518 f  u_soc_top/u_cpu/u_core/reg_id_ex0_data/data_out[87]_i_4__1/O
                         net (fo=2, unplaced)         0.358    -0.160    u_soc_top/u_cpu/u_core/reg_id_ex0_data/data_out[87]_i_4__1_n_0
                         LUT5 (Prop_lut5_I4_O)        0.105    -0.055 r  u_soc_top/u_cpu/u_core/reg_id_ex0_data/data_out[3]_i_2__1/O
                         net (fo=2, unplaced)         0.358     0.303    u_soc_top/u_cpu/u_core/reg_id_ex0_data/data_out[3]_i_2__1_n_0
                         LUT6 (Prop_lut6_I2_O)        0.105     0.408 r  u_soc_top/u_cpu/u_core/reg_id_ex0_data/data_out[84]_i_2__1/O
                         net (fo=2, unplaced)         0.358     0.766    u_soc_top/u_cpu/u_core/reg_id_ex0_data/data_out[84]_i_2__1_n_0
                         LUT6 (Prop_lut6_I0_O)        0.105     0.871 r  u_soc_top/u_cpu/u_core/reg_id_ex0_data/data_out[84]_i_1__3/O
                         net (fo=3, unplaced)         0.365     1.236    u_soc_top/u_cpu/u_core/bp_unit/D[1]
                         LUT2 (Prop_lut2_I1_O)        0.105     1.341 r  u_soc_top/u_cpu/u_core/bp_unit/pc[3]_i_7/O
                         net (fo=1, unplaced)         0.000     1.341    u_soc_top/u_cpu/u_core/bp_unit/pc[3]_i_7_n_0
                         CARRY4 (Prop_carry4_S[1]_CO[3])
                                                      0.457     1.798 r  u_soc_top/u_cpu/u_core/bp_unit/pc_reg[3]_i_4/CO[3]
                         net (fo=1, unplaced)         0.000     1.798    u_soc_top/u_cpu/u_core/bp_unit/pc_reg[3]_i_4_n_0
                         CARRY4 (Prop_carry4_CI_CO[3])
                                                      0.098     1.896 r  u_soc_top/u_cpu/u_core/bp_unit/pc_reg[7]_i_4/CO[3]
                         net (fo=1, unplaced)         0.000     1.896    u_soc_top/u_cpu/u_core/bp_unit/pc_reg[7]_i_4_n_0
                         CARRY4 (Prop_carry4_CI_CO[3])
                                                      0.098     1.994 r  u_soc_top/u_cpu/u_core/bp_unit/pc_reg[11]_i_4/CO[3]
                         net (fo=1, unplaced)         0.000     1.994    u_soc_top/u_cpu/u_core/bp_unit/pc_reg[11]_i_4_n_0
                         CARRY4 (Prop_carry4_CI_CO[3])
                                                      0.098     2.092 r  u_soc_top/u_cpu/u_core/bp_unit/pc_reg[15]_i_4/CO[3]
                         net (fo=1, unplaced)         0.000     2.092    u_soc_top/u_cpu/u_core/bp_unit/pc_reg[15]_i_4_n_0
                         CARRY4 (Prop_carry4_CI_CO[3])
                                                      0.098     2.190 r  u_soc_top/u_cpu/u_core/bp_unit/pc_reg[19]_i_4/CO[3]
                         net (fo=1, unplaced)         0.000     2.190    u_soc_top/u_cpu/u_core/bp_unit/pc_reg[19]_i_4_n_0
                         CARRY4 (Prop_carry4_CI_O[3])
                                                      0.275     2.465 r  u_soc_top/u_cpu/u_core/bp_unit/pc_reg[23]_i_4/O[3]
                         net (fo=3, unplaced)         0.537     3.002    u_soc_top/u_cpu/u_core/bp_unit/bp_jump_pc[23]
                         LUT6 (Prop_lut6_I4_O)        0.250     3.252 r  u_soc_top/u_cpu/u_core/bp_unit/fq_pc[0][31]_i_18/O
                         net (fo=1, unplaced)         0.000     3.252    u_soc_top/u_cpu/u_core/hazard_ctrl/fq_pc_reg[0][31]_i_9_0[3]
                         CARRY4 (Prop_carry4_S[3]_CO[3])
                                                      0.332     3.584 r  u_soc_top/u_cpu/u_core/hazard_ctrl/fq_pc_reg[0][31]_i_13/CO[3]
                         net (fo=1, unplaced)         0.000     3.584    u_soc_top/u_cpu/u_core/hazard_ctrl/fq_pc_reg[0][31]_i_13_n_0
                         CARRY4 (Prop_carry4_CI_CO[2])
                                                      0.209     3.793 r  u_soc_top/u_cpu/u_core/hazard_ctrl/fq_pc_reg[0][31]_i_9/CO[2]
                         net (fo=2, unplaced)         0.360     4.153    u_soc_top/u_cpu/u_core/reg_id_ex0_ctrl/fq_valid_reg[0]_5[0]
                         LUT5 (Prop_lut5_I4_O)        0.252     4.405 r  u_soc_top/u_cpu/u_core/reg_id_ex0_ctrl/fq_instr[1][31]_i_11/O
                         net (fo=4, unplaced)         0.371     4.776    u_soc_top/u_cpu/u_core/reg_id_ex0_ctrl/fq_valid_reg[0]_1
                         LUT6 (Prop_lut6_I0_O)        0.105     4.881 r  u_soc_top/u_cpu/u_core/reg_id_ex0_ctrl/pc[31]_i_42/O
                         net (fo=1, unplaced)         0.347     5.228    u_soc_top/u_cpu/u_core/reg_id_ex0_ctrl/pc[31]_i_42_n_0
                         LUT6 (Prop_lut6_I1_O)        0.105     5.333 r  u_soc_top/u_cpu/u_core/reg_id_ex0_ctrl/pc[31]_i_28/O
                         net (fo=1, unplaced)         0.347     5.680    u_soc_top/u_cpu/u_core/reg_id_ex0_ctrl/pc[31]_i_28_n_0
                         LUT6 (Prop_lut6_I0_O)        0.105     5.785 r  u_soc_top/u_cpu/u_core/reg_id_ex0_ctrl/pc[31]_i_16/O
                         net (fo=31, unplaced)        0.417     6.202    u_soc_top/u_cpu/u_core/if_stage/pc_stall_fetch
                         LUT6 (Prop_lut6_I5_O)        0.105     6.307 r  u_soc_top/u_cpu/u_core/if_stage/pc[10]_i_3/O
                         net (fo=8, unplaced)         0.385     6.692    u_soc_top/u_cpu/u_core/reg_id_ex0_ctrl/pc_reg[10]
                         LUT6 (Prop_lut6_I5_O)        0.105     6.797 r  u_soc_top/u_cpu/u_core/reg_id_ex0_ctrl/pc[10]_i_1/O
                         net (fo=1, unplaced)         0.000     6.797    u_soc_top/u_cpu/u_core/next_pc_reg[10]
                         FDRE                                         r  u_soc_top/u_cpu/u_core/pc_reg[10]/D
  -------------------------------------------------------------------    -------------------

                         (clock cpu_clk rise edge)   10.000    10.000 r  
    K21                                               0.000    10.000 r  clk_50M (IN)
                         net (fo=0)                   0.000    10.000    u_soc_top/pll_clk.u_clk_pll/inst/clk_in1
    K21                  IBUF (Prop_ibuf_I_O)         1.328    11.328 r  u_soc_top/pll_clk.u_clk_pll/inst/clkin1_ibufg/O
                         net (fo=1, unplaced)         0.439    11.767    u_soc_top/pll_clk.u_clk_pll/inst/clk_in1_clk_pll
                         PLLE2_ADV (Prop_plle2_adv_CLKIN1_CLKOUT0)
                                                     -5.039     6.728 r  u_soc_top/pll_clk.u_clk_pll/inst/plle2_adv_inst/CLKOUT0
                         net (fo=1, unplaced)         0.613     7.341    u_soc_top/pll_clk.u_clk_pll/inst/cpu_clk_clk_pll
                         BUFG (Prop_bufg_I_O)         0.077     7.418 r  u_soc_top/pll_clk.u_clk_pll/inst/clkout1_buf/O
                         net (fo=5297, unplaced)      0.439     7.857    u_soc_top/u_cpu/u_core/cpu_clk
                         FDRE                                         r  u_soc_top/u_cpu/u_core/pc_reg[10]/C
                         clock pessimism             -0.496     7.361    
                         clock uncertainty           -0.094     7.266    
                         FDRE (Setup_fdre_C_D)        0.029     7.295    u_soc_top/u_cpu/u_core/pc_reg[10]
  -------------------------------------------------------------------
                         required time                          7.295    
                         arrival time                          -6.797    
  -------------------------------------------------------------------
                         slack                                  0.499    

Slack (MET) :             0.499ns  (required time - arrival time)
  Source:                 u_soc_top/u_cpu/u_core/fq_instr_reg[0][16]/C
                            (rising edge-triggered cell FDRE clocked by cpu_clk  {rise@0.000ns fall@5.000ns period=10.000ns})
  Destination:            u_soc_top/u_cpu/u_core/pc_reg[10]/D
                            (rising edge-triggered cell FDRE clocked by cpu_clk  {rise@0.000ns fall@5.000ns period=10.000ns})
  Path Group:             cpu_clk
  Path Type:              Setup (Max at Slow Process Corner)
  Requirement:            10.000ns  (cpu_clk rise@10.000ns - cpu_clk rise@0.000ns)
  Data Path Delay:        9.291ns  (logic 3.954ns (42.557%)  route 5.337ns (57.443%))
  Logic Levels:           22  (CARRY4=8 LUT2=2 LUT4=1 LUT5=2 LUT6=9)
  Clock Path Skew:        -0.145ns (DCD - SCD + CPR)
    Destination Clock Delay (DCD):    -2.143ns = ( 7.857 - 10.000 ) 
    Source Clock Delay      (SCD):    -2.494ns
    Clock Pessimism Removal (CPR):    -0.496ns
  Clock Uncertainty:      0.094ns  ((TSJ^2 + DJ^2)^1/2) / 2 + PE
    Total System Jitter     (TSJ):    0.071ns
    Discrete Jitter          (DJ):    0.175ns
    Phase Error              (PE):    0.000ns

    Location             Delay type                Incr(ns)  Path(ns)    Netlist Resource(s)
  -------------------------------------------------------------------    -------------------
                         (clock cpu_clk rise edge)    0.000     0.000 r  
    K21                                               0.000     0.000 r  clk_50M (IN)
                         net (fo=0)                   0.000     0.000    u_soc_top/pll_clk.u_clk_pll/inst/clk_in1
    K21                  IBUF (Prop_ibuf_I_O)         1.394     1.394 r  u_soc_top/pll_clk.u_clk_pll/inst/clkin1_ibufg/O
                         net (fo=1, unplaced)         0.584     1.978    u_soc_top/pll_clk.u_clk_pll/inst/clk_in1_clk_pll
                         PLLE2_ADV (Prop_plle2_adv_CLKIN1_CLKOUT0)
                                                     -5.783    -3.805 r  u_soc_top/pll_clk.u_clk_pll/inst/plle2_adv_inst/CLKOUT0
                         net (fo=1, unplaced)         0.646    -3.159    u_soc_top/pll_clk.u_clk_pll/inst/cpu_clk_clk_pll
                         BUFG (Prop_bufg_I_O)         0.081    -3.078 r  u_soc_top/pll_clk.u_clk_pll/inst/clkout1_buf/O
                         net (fo=5297, unplaced)      0.584    -2.494    u_soc_top/u_cpu/u_core/cpu_clk
                         FDRE                                         r  u_soc_top/u_cpu/u_core/fq_instr_reg[0][16]/C
  -------------------------------------------------------------------    -------------------
                         FDRE (Prop_fdre_C_Q)         0.379    -2.115 f  u_soc_top/u_cpu/u_core/fq_instr_reg[0][16]/Q
                         net (fo=20, unplaced)        0.422    -1.693    u_soc_top/u_cpu/u_core/reg_id_ex0_data/data_out_reg[100]_0[16]
                         LUT2 (Prop_lut2_I0_O)        0.253    -1.440 r  u_soc_top/u_cpu/u_core/reg_id_ex0_data/data_out[14]_i_9/O
                         net (fo=3, unplaced)         0.365    -1.075    u_soc_top/u_cpu/u_core/reg_id_ex0_data/fq_instr_reg[0][16]
                         LUT6 (Prop_lut6_I2_O)        0.105    -0.970 r  u_soc_top/u_cpu/u_core/reg_id_ex0_data/data_out[87]_i_5/O
                         net (fo=1, unplaced)         0.347    -0.623    u_soc_top/u_cpu/u_core/reg_id_ex0_data/data_out[87]_i_5_n_0
                         LUT4 (Prop_lut4_I3_O)        0.105    -0.518 f  u_soc_top/u_cpu/u_core/reg_id_ex0_data/data_out[87]_i_4__1/O
                         net (fo=2, unplaced)         0.358    -0.160    u_soc_top/u_cpu/u_core/reg_id_ex0_data/data_out[87]_i_4__1_n_0
                         LUT5 (Prop_lut5_I4_O)        0.105    -0.055 r  u_soc_top/u_cpu/u_core/reg_id_ex0_data/data_out[3]_i_2__1/O
                         net (fo=2, unplaced)         0.358     0.303    u_soc_top/u_cpu/u_core/reg_id_ex0_data/data_out[3]_i_2__1_n_0
                         LUT6 (Prop_lut6_I2_O)        0.105     0.408 r  u_soc_top/u_cpu/u_core/reg_id_ex0_data/data_out[84]_i_2__1/O
                         net (fo=2, unplaced)         0.358     0.766    u_soc_top/u_cpu/u_core/reg_id_ex0_data/data_out[84]_i_2__1_n_0
                         LUT6 (Prop_lut6_I0_O)        0.105     0.871 r  u_soc_top/u_cpu/u_core/reg_id_ex0_data/data_out[84]_i_1__3/O
                         net (fo=3, unplaced)         0.365     1.236    u_soc_top/u_cpu/u_core/bp_unit/D[1]
                         LUT2 (Prop_lut2_I1_O)        0.105     1.341 r  u_soc_top/u_cpu/u_core/bp_unit/pc[3]_i_7/O
                         net (fo=1, unplaced)         0.000     1.341    u_soc_top/u_cpu/u_core/bp_unit/pc[3]_i_7_n_0
                         CARRY4 (Prop_carry4_S[1]_CO[3])
                                                      0.457     1.798 r  u_soc_top/u_cpu/u_core/bp_unit/pc_reg[3]_i_4/CO[3]
                         net (fo=1, unplaced)         0.000     1.798    u_soc_top/u_cpu/u_core/bp_unit/pc_reg[3]_i_4_n_0
                         CARRY4 (Prop_carry4_CI_CO[3])
                                                      0.098     1.896 r  u_soc_top/u_cpu/u_core/bp_unit/pc_reg[7]_i_4/CO[3]
                         net (fo=1, unplaced)         0.000     1.896    u_soc_top/u_cpu/u_core/bp_unit/pc_reg[7]_i_4_n_0
                         CARRY4 (Prop_carry4_CI_CO[3])
                                                      0.098     1.994 r  u_soc_top/u_cpu/u_core/bp_unit/pc_reg[11]_i_4/CO[3]
                         net (fo=1, unplaced)         0.000     1.994    u_soc_top/u_cpu/u_core/bp_unit/pc_reg[11]_i_4_n_0
                         CARRY4 (Prop_carry4_CI_CO[3])
                                                      0.098     2.092 r  u_soc_top/u_cpu/u_core/bp_unit/pc_reg[15]_i_4/CO[3]
                         net (fo=1, unplaced)         0.000     2.092    u_soc_top/u_cpu/u_core/bp_unit/pc_reg[15]_i_4_n_0
                         CARRY4 (Prop_carry4_CI_CO[3])
                                                      0.098     2.190 r  u_soc_top/u_cpu/u_core/bp_unit/pc_reg[19]_i_4/CO[3]
                         net (fo=1, unplaced)         0.000     2.190    u_soc_top/u_cpu/u_core/bp_unit/pc_reg[19]_i_4_n_0
                         CARRY4 (Prop_carry4_CI_O[3])
                                                      0.275     2.465 r  u_soc_top/u_cpu/u_core/bp_unit/pc_reg[23]_i_4/O[3]
                         net (fo=3, unplaced)         0.537     3.002    u_soc_top/u_cpu/u_core/bp_unit/bp_jump_pc[23]
                         LUT6 (Prop_lut6_I4_O)        0.250     3.252 f  u_soc_top/u_cpu/u_core/bp_unit/fq_pc[0][31]_i_18/O
                         net (fo=1, unplaced)         0.000     3.252    u_soc_top/u_cpu/u_core/hazard_ctrl/fq_pc_reg[0][31]_i_9_0[3]
                         CARRY4 (Prop_carry4_S[3]_CO[3])
                                                      0.332     3.584 r  u_soc_top/u_cpu/u_core/hazard_ctrl/fq_pc_reg[0][31]_i_13/CO[3]
                         net (fo=1, unplaced)         0.000     3.584    u_soc_top/u_cpu/u_core/hazard_ctrl/fq_pc_reg[0][31]_i_13_n_0
                         CARRY4 (Prop_carry4_CI_CO[2])
                                                      0.209     3.793 r  u_soc_top/u_cpu/u_core/hazard_ctrl/fq_pc_reg[0][31]_i_9/CO[2]
                         net (fo=2, unplaced)         0.360     4.153    u_soc_top/u_cpu/u_core/reg_id_ex0_ctrl/fq_valid_reg[0]_5[0]
                         LUT5 (Prop_lut5_I4_O)        0.252     4.405 r  u_soc_top/u_cpu/u_core/reg_id_ex0_ctrl/fq_instr[1][31]_i_11/O
                         net (fo=4, unplaced)         0.371     4.776    u_soc_top/u_cpu/u_core/reg_id_ex0_ctrl/fq_valid_reg[0]_1
                         LUT6 (Prop_lut6_I0_O)        0.105     4.881 r  u_soc_top/u_cpu/u_core/reg_id_ex0_ctrl/pc[31]_i_42/O
                         net (fo=1, unplaced)         0.347     5.228    u_soc_top/u_cpu/u_core/reg_id_ex0_ctrl/pc[31]_i_42_n_0
                         LUT6 (Prop_lut6_I1_O)        0.105     5.333 r  u_soc_top/u_cpu/u_core/reg_id_ex0_ctrl/pc[31]_i_28/O
                         net (fo=1, unplaced)         0.347     5.680    u_soc_top/u_cpu/u_core/reg_id_ex0_ctrl/pc[31]_i_28_n_0
                         LUT6 (Prop_lut6_I0_O)        0.105     5.785 r  u_soc_top/u_cpu/u_core/reg_id_ex0_ctrl/pc[31]_i_16/O
                         net (fo=31, unplaced)        0.417     6.202    u_soc_top/u_cpu/u_core/if_stage/pc_stall_fetch
                         LUT6 (Prop_lut6_I5_O)        0.105     6.307 r  u_soc_top/u_cpu/u_core/if_stage/pc[10]_i_3/O
                         net (fo=8, unplaced)         0.385     6.692    u_soc_top/u_cpu/u_core/reg_id_ex0_ctrl/pc_reg[10]
                         LUT6 (Prop_lut6_I5_O)        0.105     6.797 r  u_soc_top/u_cpu/u_core/reg_id_ex0_ctrl/pc[10]_i_1/O
                         net (fo=1, unplaced)         0.000     6.797    u_soc_top/u_cpu/u_core/next_pc_reg[10]
                         FDRE                                         r  u_soc_top/u_cpu/u_core/pc_reg[10]/D
  -------------------------------------------------------------------    -------------------

                         (clock cpu_clk rise edge)   10.000    10.000 r  
    K21                                               0.000    10.000 r  clk_50M (IN)
                         net (fo=0)                   0.000    10.000    u_soc_top/pll_clk.u_clk_pll/inst/clk_in1
    K21                  IBUF (Prop_ibuf_I_O)         1.328    11.328 r  u_soc_top/pll_clk.u_clk_pll/inst/clkin1_ibufg/O
                         net (fo=1, unplaced)         0.439    11.767    u_soc_top/pll_clk.u_clk_pll/inst/clk_in1_clk_pll
                         PLLE2_ADV (Prop_plle2_adv_CLKIN1_CLKOUT0)
                                                     -5.039     6.728 r  u_soc_top/pll_clk.u_clk_pll/inst/plle2_adv_inst/CLKOUT0
                         net (fo=1, unplaced)         0.613     7.341    u_soc_top/pll_clk.u_clk_pll/inst/cpu_clk_clk_pll
                         BUFG (Prop_bufg_I_O)         0.077     7.418 r  u_soc_top/pll_clk.u_clk_pll/inst/clkout1_buf/O
                         net (fo=5297, unplaced)      0.439     7.857    u_soc_top/u_cpu/u_core/cpu_clk
                         FDRE                                         r  u_soc_top/u_cpu/u_core/pc_reg[10]/C
                         clock pessimism             -0.496     7.361    
                         clock uncertainty           -0.094     7.266    
                         FDRE (Setup_fdre_C_D)        0.029     7.295    u_soc_top/u_cpu/u_core/pc_reg[10]
  -------------------------------------------------------------------
                         required time                          7.295    
                         arrival time                          -6.797    
  -------------------------------------------------------------------
                         slack                                  0.499    

Slack (MET) :             0.499ns  (required time - arrival time)
  Source:                 u_soc_top/u_cpu/u_core/fq_instr_reg[0][16]/C
                            (rising edge-triggered cell FDRE clocked by cpu_clk  {rise@0.000ns fall@5.000ns period=10.000ns})
  Destination:            u_soc_top/u_cpu/u_core/pc_reg[10]/D
                            (rising edge-triggered cell FDRE clocked by cpu_clk  {rise@0.000ns fall@5.000ns period=10.000ns})
  Path Group:             cpu_clk
  Path Type:              Setup (Max at Slow Process Corner)
  Requirement:            10.000ns  (cpu_clk rise@10.000ns - cpu_clk rise@0.000ns)
  Data Path Delay:        9.291ns  (logic 3.954ns (42.557%)  route 5.337ns (57.443%))
  Logic Levels:           22  (CARRY4=8 LUT2=2 LUT4=1 LUT5=2 LUT6=9)
  Clock Path Skew:        -0.145ns (DCD - SCD + CPR)
    Destination Clock Delay (DCD):    -2.143ns = ( 7.857 - 10.000 ) 
    Source Clock Delay      (SCD):    -2.494ns
    Clock Pessimism Removal (CPR):    -0.496ns
  Clock Uncertainty:      0.094ns  ((TSJ^2 + DJ^2)^1/2) / 2 + PE
    Total System Jitter     (TSJ):    0.071ns
    Discrete Jitter          (DJ):    0.175ns
    Phase Error              (PE):    0.000ns

    Location             Delay type                Incr(ns)  Path(ns)    Netlist Resource(s)
  -------------------------------------------------------------------    -------------------
                         (clock cpu_clk rise edge)    0.000     0.000 r  
    K21                                               0.000     0.000 r  clk_50M (IN)
                         net (fo=0)                   0.000     0.000    u_soc_top/pll_clk.u_clk_pll/inst/clk_in1
    K21                  IBUF (Prop_ibuf_I_O)         1.394     1.394 r  u_soc_top/pll_clk.u_clk_pll/inst/clkin1_ibufg/O
                         net (fo=1, unplaced)         0.584     1.978    u_soc_top/pll_clk.u_clk_pll/inst/clk_in1_clk_pll
                         PLLE2_ADV (Prop_plle2_adv_CLKIN1_CLKOUT0)
                                                     -5.783    -3.805 r  u_soc_top/pll_clk.u_clk_pll/inst/plle2_adv_inst/CLKOUT0
                         net (fo=1, unplaced)         0.646    -3.159    u_soc_top/pll_clk.u_clk_pll/inst/cpu_clk_clk_pll
                         BUFG (Prop_bufg_I_O)         0.081    -3.078 r  u_soc_top/pll_clk.u_clk_pll/inst/clkout1_buf/O
                         net (fo=5297, unplaced)      0.584    -2.494    u_soc_top/u_cpu/u_core/cpu_clk
                         FDRE                                         r  u_soc_top/u_cpu/u_core/fq_instr_reg[0][16]/C
  -------------------------------------------------------------------    -------------------
                         FDRE (Prop_fdre_C_Q)         0.379    -2.115 f  u_soc_top/u_cpu/u_core/fq_instr_reg[0][16]/Q
                         net (fo=20, unplaced)        0.422    -1.693    u_soc_top/u_cpu/u_core/reg_id_ex0_data/data_out_reg[100]_0[16]
                         LUT2 (Prop_lut2_I0_O)        0.253    -1.440 r  u_soc_top/u_cpu/u_core/reg_id_ex0_data/data_out[14]_i_9/O
                         net (fo=3, unplaced)         0.365    -1.075    u_soc_top/u_cpu/u_core/reg_id_ex0_data/fq_instr_reg[0][16]
                         LUT6 (Prop_lut6_I2_O)        0.105    -0.970 r  u_soc_top/u_cpu/u_core/reg_id_ex0_data/data_out[87]_i_5/O
                         net (fo=1, unplaced)         0.347    -0.623    u_soc_top/u_cpu/u_core/reg_id_ex0_data/data_out[87]_i_5_n_0
                         LUT4 (Prop_lut4_I3_O)        0.105    -0.518 f  u_soc_top/u_cpu/u_core/reg_id_ex0_data/data_out[87]_i_4__1/O
                         net (fo=2, unplaced)         0.358    -0.160    u_soc_top/u_cpu/u_core/reg_id_ex0_data/data_out[87]_i_4__1_n_0
                         LUT5 (Prop_lut5_I4_O)        0.105    -0.055 r  u_soc_top/u_cpu/u_core/reg_id_ex0_data/data_out[3]_i_2__1/O
                         net (fo=2, unplaced)         0.358     0.303    u_soc_top/u_cpu/u_core/reg_id_ex0_data/data_out[3]_i_2__1_n_0
                         LUT6 (Prop_lut6_I2_O)        0.105     0.408 r  u_soc_top/u_cpu/u_core/reg_id_ex0_data/data_out[84]_i_2__1/O
                         net (fo=2, unplaced)         0.358     0.766    u_soc_top/u_cpu/u_core/reg_id_ex0_data/data_out[84]_i_2__1_n_0
                         LUT6 (Prop_lut6_I0_O)        0.105     0.871 r  u_soc_top/u_cpu/u_core/reg_id_ex0_data/data_out[84]_i_1__3/O
                         net (fo=3, unplaced)         0.365     1.236    u_soc_top/u_cpu/u_core/bp_unit/D[1]
                         LUT2 (Prop_lut2_I1_O)        0.105     1.341 r  u_soc_top/u_cpu/u_core/bp_unit/pc[3]_i_7/O
                         net (fo=1, unplaced)         0.000     1.341    u_soc_top/u_cpu/u_core/bp_unit/pc[3]_i_7_n_0
                         CARRY4 (Prop_carry4_S[1]_CO[3])
                                                      0.457     1.798 r  u_soc_top/u_cpu/u_core/bp_unit/pc_reg[3]_i_4/CO[3]
                         net (fo=1, unplaced)         0.000     1.798    u_soc_top/u_cpu/u_core/bp_unit/pc_reg[3]_i_4_n_0
                         CARRY4 (Prop_carry4_CI_CO[3])
                                                      0.098     1.896 r  u_soc_top/u_cpu/u_core/bp_unit/pc_reg[7]_i_4/CO[3]
                         net (fo=1, unplaced)         0.000     1.896    u_soc_top/u_cpu/u_core/bp_unit/pc_reg[7]_i_4_n_0
                         CARRY4 (Prop_carry4_CI_CO[3])
                                                      0.098     1.994 r  u_soc_top/u_cpu/u_core/bp_unit/pc_reg[11]_i_4/CO[3]
                         net (fo=1, unplaced)         0.000     1.994    u_soc_top/u_cpu/u_core/bp_unit/pc_reg[11]_i_4_n_0
                         CARRY4 (Prop_carry4_CI_CO[3])
                                                      0.098     2.092 r  u_soc_top/u_cpu/u_core/bp_unit/pc_reg[15]_i_4/CO[3]
                         net (fo=1, unplaced)         0.000     2.092    u_soc_top/u_cpu/u_core/bp_unit/pc_reg[15]_i_4_n_0
                         CARRY4 (Prop_carry4_CI_CO[3])
                                                      0.098     2.190 r  u_soc_top/u_cpu/u_core/bp_unit/pc_reg[19]_i_4/CO[3]
                         net (fo=1, unplaced)         0.000     2.190    u_soc_top/u_cpu/u_core/bp_unit/pc_reg[19]_i_4_n_0
                         CARRY4 (Prop_carry4_CI_O[3])
                                                      0.275     2.465 r  u_soc_top/u_cpu/u_core/bp_unit/pc_reg[23]_i_4/O[3]
                         net (fo=3, unplaced)         0.537     3.002    u_soc_top/u_cpu/u_core/bp_unit/bp_jump_pc[23]
                         LUT6 (Prop_lut6_I4_O)        0.250     3.252 r  u_soc_top/u_cpu/u_core/bp_unit/fq_pc[0][31]_i_18/O
                         net (fo=1, unplaced)         0.000     3.252    u_soc_top/u_cpu/u_core/hazard_ctrl/fq_pc_reg[0][31]_i_9_0[3]
                         CARRY4 (Prop_carry4_S[3]_CO[3])
                                                      0.332     3.584 f  u_soc_top/u_cpu/u_core/hazard_ctrl/fq_pc_reg[0][31]_i_13/CO[3]
                         net (fo=1, unplaced)         0.000     3.584    u_soc_top/u_cpu/u_core/hazard_ctrl/fq_pc_reg[0][31]_i_13_n_0
                         CARRY4 (Prop_carry4_CI_CO[2])
                                                      0.209     3.793 r  u_soc_top/u_cpu/u_core/hazard_ctrl/fq_pc_reg[0][31]_i_9/CO[2]
                         net (fo=2, unplaced)         0.360     4.153    u_soc_top/u_cpu/u_core/reg_id_ex0_ctrl/fq_valid_reg[0]_5[0]
                         LUT5 (Prop_lut5_I4_O)        0.252     4.405 r  u_soc_top/u_cpu/u_core/reg_id_ex0_ctrl/fq_instr[1][31]_i_11/O
                         net (fo=4, unplaced)         0.371     4.776    u_soc_top/u_cpu/u_core/reg_id_ex0_ctrl/fq_valid_reg[0]_1
                         LUT6 (Prop_lut6_I0_O)        0.105     4.881 r  u_soc_top/u_cpu/u_core/reg_id_ex0_ctrl/pc[31]_i_42/O
                         net (fo=1, unplaced)         0.347     5.228    u_soc_top/u_cpu/u_core/reg_id_ex0_ctrl/pc[31]_i_42_n_0
                         LUT6 (Prop_lut6_I1_O)        0.105     5.333 r  u_soc_top/u_cpu/u_core/reg_id_ex0_ctrl/pc[31]_i_28/O
                         net (fo=1, unplaced)         0.347     5.680    u_soc_top/u_cpu/u_core/reg_id_ex0_ctrl/pc[31]_i_28_n_0
                         LUT6 (Prop_lut6_I0_O)        0.105     5.785 r  u_soc_top/u_cpu/u_core/reg_id_ex0_ctrl/pc[31]_i_16/O
                         net (fo=31, unplaced)        0.417     6.202    u_soc_top/u_cpu/u_core/if_stage/pc_stall_fetch
                         LUT6 (Prop_lut6_I5_O)        0.105     6.307 r  u_soc_top/u_cpu/u_core/if_stage/pc[10]_i_3/O
                         net (fo=8, unplaced)         0.385     6.692    u_soc_top/u_cpu/u_core/reg_id_ex0_ctrl/pc_reg[10]
                         LUT6 (Prop_lut6_I5_O)        0.105     6.797 r  u_soc_top/u_cpu/u_core/reg_id_ex0_ctrl/pc[10]_i_1/O
                         net (fo=1, unplaced)         0.000     6.797    u_soc_top/u_cpu/u_core/next_pc_reg[10]
                         FDRE                                         r  u_soc_top/u_cpu/u_core/pc_reg[10]/D
  -------------------------------------------------------------------    -------------------

                         (clock cpu_clk rise edge)   10.000    10.000 r  
    K21                                               0.000    10.000 r  clk_50M (IN)
                         net (fo=0)                   0.000    10.000    u_soc_top/pll_clk.u_clk_pll/inst/clk_in1
    K21                  IBUF (Prop_ibuf_I_O)         1.328    11.328 r  u_soc_top/pll_clk.u_clk_pll/inst/clkin1_ibufg/O
                         net (fo=1, unplaced)         0.439    11.767    u_soc_top/pll_clk.u_clk_pll/inst/clk_in1_clk_pll
                         PLLE2_ADV (Prop_plle2_adv_CLKIN1_CLKOUT0)
                                                     -5.039     6.728 r  u_soc_top/pll_clk.u_clk_pll/inst/plle2_adv_inst/CLKOUT0
                         net (fo=1, unplaced)         0.613     7.341    u_soc_top/pll_clk.u_clk_pll/inst/cpu_clk_clk_pll
                         BUFG (Prop_bufg_I_O)         0.077     7.418 r  u_soc_top/pll_clk.u_clk_pll/inst/clkout1_buf/O
                         net (fo=5297, unplaced)      0.439     7.857    u_soc_top/u_cpu/u_core/cpu_clk
                         FDRE                                         r  u_soc_top/u_cpu/u_core/pc_reg[10]/C
                         clock pessimism             -0.496     7.361    
                         clock uncertainty           -0.094     7.266    
                         FDRE (Setup_fdre_C_D)        0.029     7.295    u_soc_top/u_cpu/u_core/pc_reg[10]
  -------------------------------------------------------------------
                         required time                          7.295    
                         arrival time                          -6.797    
  -------------------------------------------------------------------
                         slack                                  0.499    

Slack (MET) :             0.499ns  (required time - arrival time)
  Source:                 u_soc_top/u_cpu/u_core/fq_instr_reg[0][16]/C
                            (rising edge-triggered cell FDRE clocked by cpu_clk  {rise@0.000ns fall@5.000ns period=10.000ns})
  Destination:            u_soc_top/u_cpu/u_core/pc_reg[10]/D
                            (rising edge-triggered cell FDRE clocked by cpu_clk  {rise@0.000ns fall@5.000ns period=10.000ns})
  Path Group:             cpu_clk
  Path Type:              Setup (Max at Slow Process Corner)
  Requirement:            10.000ns  (cpu_clk rise@10.000ns - cpu_clk rise@0.000ns)
  Data Path Delay:        9.291ns  (logic 3.954ns (42.557%)  route 5.337ns (57.443%))
  Logic Levels:           22  (CARRY4=8 LUT2=2 LUT4=1 LUT5=2 LUT6=9)
  Clock Path Skew:        -0.145ns (DCD - SCD + CPR)
    Destination Clock Delay (DCD):    -2.143ns = ( 7.857 - 10.000 ) 
    Source Clock Delay      (SCD):    -2.494ns
    Clock Pessimism Removal (CPR):    -0.496ns
  Clock Uncertainty:      0.094ns  ((TSJ^2 + DJ^2)^1/2) / 2 + PE
    Total System Jitter     (TSJ):    0.071ns
    Discrete Jitter          (DJ):    0.175ns
    Phase Error              (PE):    0.000ns

    Location             Delay type                Incr(ns)  Path(ns)    Netlist Resource(s)
  -------------------------------------------------------------------    -------------------
                         (clock cpu_clk rise edge)    0.000     0.000 r  
    K21                                               0.000     0.000 r  clk_50M (IN)
                         net (fo=0)                   0.000     0.000    u_soc_top/pll_clk.u_clk_pll/inst/clk_in1
    K21                  IBUF (Prop_ibuf_I_O)         1.394     1.394 r  u_soc_top/pll_clk.u_clk_pll/inst/clkin1_ibufg/O
                         net (fo=1, unplaced)         0.584     1.978    u_soc_top/pll_clk.u_clk_pll/inst/clk_in1_clk_pll
                         PLLE2_ADV (Prop_plle2_adv_CLKIN1_CLKOUT0)
                                                     -5.783    -3.805 r  u_soc_top/pll_clk.u_clk_pll/inst/plle2_adv_inst/CLKOUT0
                         net (fo=1, unplaced)         0.646    -3.159    u_soc_top/pll_clk.u_clk_pll/inst/cpu_clk_clk_pll
                         BUFG (Prop_bufg_I_O)         0.081    -3.078 r  u_soc_top/pll_clk.u_clk_pll/inst/clkout1_buf/O
                         net (fo=5297, unplaced)      0.584    -2.494    u_soc_top/u_cpu/u_core/cpu_clk
                         FDRE                                         r  u_soc_top/u_cpu/u_core/fq_instr_reg[0][16]/C
  -------------------------------------------------------------------    -------------------
                         FDRE (Prop_fdre_C_Q)         0.379    -2.115 f  u_soc_top/u_cpu/u_core/fq_instr_reg[0][16]/Q
                         net (fo=20, unplaced)        0.422    -1.693    u_soc_top/u_cpu/u_core/reg_id_ex0_data/data_out_reg[100]_0[16]
                         LUT2 (Prop_lut2_I0_O)        0.253    -1.440 r  u_soc_top/u_cpu/u_core/reg_id_ex0_data/data_out[14]_i_9/O
                         net (fo=3, unplaced)         0.365    -1.075    u_soc_top/u_cpu/u_core/reg_id_ex0_data/fq_instr_reg[0][16]
                         LUT6 (Prop_lut6_I2_O)        0.105    -0.970 r  u_soc_top/u_cpu/u_core/reg_id_ex0_data/data_out[87]_i_5/O
                         net (fo=1, unplaced)         0.347    -0.623    u_soc_top/u_cpu/u_core/reg_id_ex0_data/data_out[87]_i_5_n_0
                         LUT4 (Prop_lut4_I3_O)        0.105    -0.518 f  u_soc_top/u_cpu/u_core/reg_id_ex0_data/data_out[87]_i_4__1/O
                         net (fo=2, unplaced)         0.358    -0.160    u_soc_top/u_cpu/u_core/reg_id_ex0_data/data_out[87]_i_4__1_n_0
                         LUT5 (Prop_lut5_I4_O)        0.105    -0.055 r  u_soc_top/u_cpu/u_core/reg_id_ex0_data/data_out[3]_i_2__1/O
                         net (fo=2, unplaced)         0.358     0.303    u_soc_top/u_cpu/u_core/reg_id_ex0_data/data_out[3]_i_2__1_n_0
                         LUT6 (Prop_lut6_I2_O)        0.105     0.408 r  u_soc_top/u_cpu/u_core/reg_id_ex0_data/data_out[84]_i_2__1/O
                         net (fo=2, unplaced)         0.358     0.766    u_soc_top/u_cpu/u_core/reg_id_ex0_data/data_out[84]_i_2__1_n_0
                         LUT6 (Prop_lut6_I0_O)        0.105     0.871 r  u_soc_top/u_cpu/u_core/reg_id_ex0_data/data_out[84]_i_1__3/O
                         net (fo=3, unplaced)         0.365     1.236    u_soc_top/u_cpu/u_core/bp_unit/D[1]
                         LUT2 (Prop_lut2_I1_O)        0.105     1.341 r  u_soc_top/u_cpu/u_core/bp_unit/pc[3]_i_7/O
                         net (fo=1, unplaced)         0.000     1.341    u_soc_top/u_cpu/u_core/bp_unit/pc[3]_i_7_n_0
                         CARRY4 (Prop_carry4_S[1]_CO[3])
                                                      0.457     1.798 r  u_soc_top/u_cpu/u_core/bp_unit/pc_reg[3]_i_4/CO[3]
                         net (fo=1, unplaced)         0.000     1.798    u_soc_top/u_cpu/u_core/bp_unit/pc_reg[3]_i_4_n_0
                         CARRY4 (Prop_carry4_CI_CO[3])
                                                      0.098     1.896 r  u_soc_top/u_cpu/u_core/bp_unit/pc_reg[7]_i_4/CO[3]
                         net (fo=1, unplaced)         0.000     1.896    u_soc_top/u_cpu/u_core/bp_unit/pc_reg[7]_i_4_n_0
                         CARRY4 (Prop_carry4_CI_CO[3])
                                                      0.098     1.994 r  u_soc_top/u_cpu/u_core/bp_unit/pc_reg[11]_i_4/CO[3]
                         net (fo=1, unplaced)         0.000     1.994    u_soc_top/u_cpu/u_core/bp_unit/pc_reg[11]_i_4_n_0
                         CARRY4 (Prop_carry4_CI_CO[3])
                                                      0.098     2.092 r  u_soc_top/u_cpu/u_core/bp_unit/pc_reg[15]_i_4/CO[3]
                         net (fo=1, unplaced)         0.000     2.092    u_soc_top/u_cpu/u_core/bp_unit/pc_reg[15]_i_4_n_0
                         CARRY4 (Prop_carry4_CI_CO[3])
                                                      0.098     2.190 r  u_soc_top/u_cpu/u_core/bp_unit/pc_reg[19]_i_4/CO[3]
                         net (fo=1, unplaced)         0.000     2.190    u_soc_top/u_cpu/u_core/bp_unit/pc_reg[19]_i_4_n_0
                         CARRY4 (Prop_carry4_CI_O[3])
                                                      0.275     2.465 r  u_soc_top/u_cpu/u_core/bp_unit/pc_reg[23]_i_4/O[3]
                         net (fo=3, unplaced)         0.537     3.002    u_soc_top/u_cpu/u_core/bp_unit/bp_jump_pc[23]
                         LUT6 (Prop_lut6_I4_O)        0.250     3.252 f  u_soc_top/u_cpu/u_core/bp_unit/fq_pc[0][31]_i_18/O
                         net (fo=1, unplaced)         0.000     3.252    u_soc_top/u_cpu/u_core/hazard_ctrl/fq_pc_reg[0][31]_i_9_0[3]
                         CARRY4 (Prop_carry4_S[3]_CO[3])
                                                      0.332     3.584 f  u_soc_top/u_cpu/u_core/hazard_ctrl/fq_pc_reg[0][31]_i_13/CO[3]
                         net (fo=1, unplaced)         0.000     3.584    u_soc_top/u_cpu/u_core/hazard_ctrl/fq_pc_reg[0][31]_i_13_n_0
                         CARRY4 (Prop_carry4_CI_CO[2])
                                                      0.209     3.793 r  u_soc_top/u_cpu/u_core/hazard_ctrl/fq_pc_reg[0][31]_i_9/CO[2]
                         net (fo=2, unplaced)         0.360     4.153    u_soc_top/u_cpu/u_core/reg_id_ex0_ctrl/fq_valid_reg[0]_5[0]
                         LUT5 (Prop_lut5_I4_O)        0.252     4.405 r  u_soc_top/u_cpu/u_core/reg_id_ex0_ctrl/fq_instr[1][31]_i_11/O
                         net (fo=4, unplaced)         0.371     4.776    u_soc_top/u_cpu/u_core/reg_id_ex0_ctrl/fq_valid_reg[0]_1
                         LUT6 (Prop_lut6_I0_O)        0.105     4.881 r  u_soc_top/u_cpu/u_core/reg_id_ex0_ctrl/pc[31]_i_42/O
                         net (fo=1, unplaced)         0.347     5.228    u_soc_top/u_cpu/u_core/reg_id_ex0_ctrl/pc[31]_i_42_n_0
                         LUT6 (Prop_lut6_I1_O)        0.105     5.333 r  u_soc_top/u_cpu/u_core/reg_id_ex0_ctrl/pc[31]_i_28/O
                         net (fo=1, unplaced)         0.347     5.680    u_soc_top/u_cpu/u_core/reg_id_ex0_ctrl/pc[31]_i_28_n_0
                         LUT6 (Prop_lut6_I0_O)        0.105     5.785 r  u_soc_top/u_cpu/u_core/reg_id_ex0_ctrl/pc[31]_i_16/O
                         net (fo=31, unplaced)        0.417     6.202    u_soc_top/u_cpu/u_core/if_stage/pc_stall_fetch
                         LUT6 (Prop_lut6_I5_O)        0.105     6.307 r  u_soc_top/u_cpu/u_core/if_stage/pc[10]_i_3/O
                         net (fo=8, unplaced)         0.385     6.692    u_soc_top/u_cpu/u_core/reg_id_ex0_ctrl/pc_reg[10]
                         LUT6 (Prop_lut6_I5_O)        0.105     6.797 r  u_soc_top/u_cpu/u_core/reg_id_ex0_ctrl/pc[10]_i_1/O
                         net (fo=1, unplaced)         0.000     6.797    u_soc_top/u_cpu/u_core/next_pc_reg[10]
                         FDRE                                         r  u_soc_top/u_cpu/u_core/pc_reg[10]/D
  -------------------------------------------------------------------    -------------------

                         (clock cpu_clk rise edge)   10.000    10.000 r  
    K21                                               0.000    10.000 r  clk_50M (IN)
                         net (fo=0)                   0.000    10.000    u_soc_top/pll_clk.u_clk_pll/inst/clk_in1
    K21                  IBUF (Prop_ibuf_I_O)         1.328    11.328 r  u_soc_top/pll_clk.u_clk_pll/inst/clkin1_ibufg/O
                         net (fo=1, unplaced)         0.439    11.767    u_soc_top/pll_clk.u_clk_pll/inst/clk_in1_clk_pll
                         PLLE2_ADV (Prop_plle2_adv_CLKIN1_CLKOUT0)
                                                     -5.039     6.728 r  u_soc_top/pll_clk.u_clk_pll/inst/plle2_adv_inst/CLKOUT0
                         net (fo=1, unplaced)         0.613     7.341    u_soc_top/pll_clk.u_clk_pll/inst/cpu_clk_clk_pll
                         BUFG (Prop_bufg_I_O)         0.077     7.418 r  u_soc_top/pll_clk.u_clk_pll/inst/clkout1_buf/O
                         net (fo=5297, unplaced)      0.439     7.857    u_soc_top/u_cpu/u_core/cpu_clk
                         FDRE                                         r  u_soc_top/u_cpu/u_core/pc_reg[10]/C
                         clock pessimism             -0.496     7.361    
                         clock uncertainty           -0.094     7.266    
                         FDRE (Setup_fdre_C_D)        0.029     7.295    u_soc_top/u_cpu/u_core/pc_reg[10]
  -------------------------------------------------------------------
                         required time                          7.295    
                         arrival time                          -6.797    
  -------------------------------------------------------------------
                         slack                                  0.499    

Slack (MET) :             0.499ns  (required time - arrival time)
  Source:                 u_soc_top/u_cpu/u_core/fq_instr_reg[0][16]/C
                            (rising edge-triggered cell FDRE clocked by cpu_clk  {rise@0.000ns fall@5.000ns period=10.000ns})
  Destination:            u_soc_top/u_cpu/u_core/pc_reg[10]/D
                            (rising edge-triggered cell FDRE clocked by cpu_clk  {rise@0.000ns fall@5.000ns period=10.000ns})
  Path Group:             cpu_clk
  Path Type:              Setup (Max at Slow Process Corner)
  Requirement:            10.000ns  (cpu_clk rise@10.000ns - cpu_clk rise@0.000ns)
  Data Path Delay:        9.291ns  (logic 3.954ns (42.557%)  route 5.337ns (57.443%))
  Logic Levels:           22  (CARRY4=8 LUT2=2 LUT4=1 LUT5=2 LUT6=9)
  Clock Path Skew:        -0.145ns (DCD - SCD + CPR)
    Destination Clock Delay (DCD):    -2.143ns = ( 7.857 - 10.000 ) 
    Source Clock Delay      (SCD):    -2.494ns
    Clock Pessimism Removal (CPR):    -0.496ns
  Clock Uncertainty:      0.094ns  ((TSJ^2 + DJ^2)^1/2) / 2 + PE
    Total System Jitter     (TSJ):    0.071ns
    Discrete Jitter          (DJ):    0.175ns
    Phase Error              (PE):    0.000ns

    Location             Delay type                Incr(ns)  Path(ns)    Netlist Resource(s)
  -------------------------------------------------------------------    -------------------
                         (clock cpu_clk rise edge)    0.000     0.000 r  
    K21                                               0.000     0.000 r  clk_50M (IN)
                         net (fo=0)                   0.000     0.000    u_soc_top/pll_clk.u_clk_pll/inst/clk_in1
    K21                  IBUF (Prop_ibuf_I_O)         1.394     1.394 r  u_soc_top/pll_clk.u_clk_pll/inst/clkin1_ibufg/O
                         net (fo=1, unplaced)         0.584     1.978    u_soc_top/pll_clk.u_clk_pll/inst/clk_in1_clk_pll
                         PLLE2_ADV (Prop_plle2_adv_CLKIN1_CLKOUT0)
                                                     -5.783    -3.805 r  u_soc_top/pll_clk.u_clk_pll/inst/plle2_adv_inst/CLKOUT0
                         net (fo=1, unplaced)         0.646    -3.159    u_soc_top/pll_clk.u_clk_pll/inst/cpu_clk_clk_pll
                         BUFG (Prop_bufg_I_O)         0.081    -3.078 r  u_soc_top/pll_clk.u_clk_pll/inst/clkout1_buf/O
                         net (fo=5297, unplaced)      0.584    -2.494    u_soc_top/u_cpu/u_core/cpu_clk
                         FDRE                                         r  u_soc_top/u_cpu/u_core/fq_instr_reg[0][16]/C
  -------------------------------------------------------------------    -------------------
                         FDRE (Prop_fdre_C_Q)         0.379    -2.115 f  u_soc_top/u_cpu/u_core/fq_instr_reg[0][16]/Q
                         net (fo=20, unplaced)        0.422    -1.693    u_soc_top/u_cpu/u_core/reg_id_ex0_data/data_out_reg[100]_0[16]
                         LUT2 (Prop_lut2_I0_O)        0.253    -1.440 r  u_soc_top/u_cpu/u_core/reg_id_ex0_data/data_out[14]_i_9/O
                         net (fo=3, unplaced)         0.365    -1.075    u_soc_top/u_cpu/u_core/reg_id_ex0_data/fq_instr_reg[0][16]
                         LUT6 (Prop_lut6_I2_O)        0.105    -0.970 r  u_soc_top/u_cpu/u_core/reg_id_ex0_data/data_out[87]_i_5/O
                         net (fo=1, unplaced)         0.347    -0.623    u_soc_top/u_cpu/u_core/reg_id_ex0_data/data_out[87]_i_5_n_0
                         LUT4 (Prop_lut4_I3_O)        0.105    -0.518 f  u_soc_top/u_cpu/u_core/reg_id_ex0_data/data_out[87]_i_4__1/O
                         net (fo=2, unplaced)         0.358    -0.160    u_soc_top/u_cpu/u_core/reg_id_ex0_data/data_out[87]_i_4__1_n_0
                         LUT5 (Prop_lut5_I4_O)        0.105    -0.055 r  u_soc_top/u_cpu/u_core/reg_id_ex0_data/data_out[3]_i_2__1/O
                         net (fo=2, unplaced)         0.358     0.303    u_soc_top/u_cpu/u_core/reg_id_ex0_data/data_out[3]_i_2__1_n_0
                         LUT6 (Prop_lut6_I2_O)        0.105     0.408 r  u_soc_top/u_cpu/u_core/reg_id_ex0_data/data_out[84]_i_2__1/O
                         net (fo=2, unplaced)         0.358     0.766    u_soc_top/u_cpu/u_core/reg_id_ex0_data/data_out[84]_i_2__1_n_0
                         LUT6 (Prop_lut6_I0_O)        0.105     0.871 r  u_soc_top/u_cpu/u_core/reg_id_ex0_data/data_out[84]_i_1__3/O
                         net (fo=3, unplaced)         0.365     1.236    u_soc_top/u_cpu/u_core/bp_unit/D[1]
                         LUT2 (Prop_lut2_I1_O)        0.105     1.341 r  u_soc_top/u_cpu/u_core/bp_unit/pc[3]_i_7/O
                         net (fo=1, unplaced)         0.000     1.341    u_soc_top/u_cpu/u_core/bp_unit/pc[3]_i_7_n_0
                         CARRY4 (Prop_carry4_S[1]_CO[3])
                                                      0.457     1.798 r  u_soc_top/u_cpu/u_core/bp_unit/pc_reg[3]_i_4/CO[3]
                         net (fo=1, unplaced)         0.000     1.798    u_soc_top/u_cpu/u_core/bp_unit/pc_reg[3]_i_4_n_0
                         CARRY4 (Prop_carry4_CI_CO[3])
                                                      0.098     1.896 r  u_soc_top/u_cpu/u_core/bp_unit/pc_reg[7]_i_4/CO[3]
                         net (fo=1, unplaced)         0.000     1.896    u_soc_top/u_cpu/u_core/bp_unit/pc_reg[7]_i_4_n_0
                         CARRY4 (Prop_carry4_CI_CO[3])
                                                      0.098     1.994 r  u_soc_top/u_cpu/u_core/bp_unit/pc_reg[11]_i_4/CO[3]
                         net (fo=1, unplaced)         0.000     1.994    u_soc_top/u_cpu/u_core/bp_unit/pc_reg[11]_i_4_n_0
                         CARRY4 (Prop_carry4_CI_CO[3])
                                                      0.098     2.092 r  u_soc_top/u_cpu/u_core/bp_unit/pc_reg[15]_i_4/CO[3]
                         net (fo=1, unplaced)         0.000     2.092    u_soc_top/u_cpu/u_core/bp_unit/pc_reg[15]_i_4_n_0
                         CARRY4 (Prop_carry4_CI_CO[3])
                                                      0.098     2.190 r  u_soc_top/u_cpu/u_core/bp_unit/pc_reg[19]_i_4/CO[3]
                         net (fo=1, unplaced)         0.000     2.190    u_soc_top/u_cpu/u_core/bp_unit/pc_reg[19]_i_4_n_0
                         CARRY4 (Prop_carry4_CI_O[3])
                                                      0.275     2.465 r  u_soc_top/u_cpu/u_core/bp_unit/pc_reg[23]_i_4/O[3]
                         net (fo=3, unplaced)         0.537     3.002    u_soc_top/u_cpu/u_core/bp_unit/bp_jump_pc[23]
                         LUT6 (Prop_lut6_I4_O)        0.250     3.252 r  u_soc_top/u_cpu/u_core/bp_unit/fq_pc[0][31]_i_18/O
                         net (fo=1, unplaced)         0.000     3.252    u_soc_top/u_cpu/u_core/hazard_ctrl/fq_pc_reg[0][31]_i_9_0[3]
                         CARRY4 (Prop_carry4_S[3]_CO[3])
                                                      0.332     3.584 r  u_soc_top/u_cpu/u_core/hazard_ctrl/fq_pc_reg[0][31]_i_13/CO[3]
                         net (fo=1, unplaced)         0.000     3.584    u_soc_top/u_cpu/u_core/hazard_ctrl/fq_pc_reg[0][31]_i_13_n_0
                         CARRY4 (Prop_carry4_CI_CO[2])
                                                      0.209     3.793 f  u_soc_top/u_cpu/u_core/hazard_ctrl/fq_pc_reg[0][31]_i_9/CO[2]
                         net (fo=2, unplaced)         0.360     4.153    u_soc_top/u_cpu/u_core/reg_id_ex0_ctrl/fq_valid_reg[0]_5[0]
                         LUT5 (Prop_lut5_I4_O)        0.252     4.405 f  u_soc_top/u_cpu/u_core/reg_id_ex0_ctrl/fq_instr[1][31]_i_11/O
                         net (fo=4, unplaced)         0.371     4.776    u_soc_top/u_cpu/u_core/reg_id_ex0_ctrl/fq_valid_reg[0]_1
                         LUT6 (Prop_lut6_I0_O)        0.105     4.881 f  u_soc_top/u_cpu/u_core/reg_id_ex0_ctrl/pc[31]_i_42/O
                         net (fo=1, unplaced)         0.347     5.228    u_soc_top/u_cpu/u_core/reg_id_ex0_ctrl/pc[31]_i_42_n_0
                         LUT6 (Prop_lut6_I1_O)        0.105     5.333 f  u_soc_top/u_cpu/u_core/reg_id_ex0_ctrl/pc[31]_i_28/O
                         net (fo=1, unplaced)         0.347     5.680    u_soc_top/u_cpu/u_core/reg_id_ex0_ctrl/pc[31]_i_28_n_0
                         LUT6 (Prop_lut6_I0_O)        0.105     5.785 f  u_soc_top/u_cpu/u_core/reg_id_ex0_ctrl/pc[31]_i_16/O
                         net (fo=31, unplaced)        0.417     6.202    u_soc_top/u_cpu/u_core/if_stage/pc_stall_fetch
                         LUT6 (Prop_lut6_I5_O)        0.105     6.307 r  u_soc_top/u_cpu/u_core/if_stage/pc[10]_i_3/O
                         net (fo=8, unplaced)         0.385     6.692    u_soc_top/u_cpu/u_core/reg_id_ex0_ctrl/pc_reg[10]
                         LUT6 (Prop_lut6_I5_O)        0.105     6.797 r  u_soc_top/u_cpu/u_core/reg_id_ex0_ctrl/pc[10]_i_1/O
                         net (fo=1, unplaced)         0.000     6.797    u_soc_top/u_cpu/u_core/next_pc_reg[10]
                         FDRE                                         r  u_soc_top/u_cpu/u_core/pc_reg[10]/D
  -------------------------------------------------------------------    -------------------

                         (clock cpu_clk rise edge)   10.000    10.000 r  
    K21                                               0.000    10.000 r  clk_50M (IN)
                         net (fo=0)                   0.000    10.000    u_soc_top/pll_clk.u_clk_pll/inst/clk_in1
    K21                  IBUF (Prop_ibuf_I_O)         1.328    11.328 r  u_soc_top/pll_clk.u_clk_pll/inst/clkin1_ibufg/O
                         net (fo=1, unplaced)         0.439    11.767    u_soc_top/pll_clk.u_clk_pll/inst/clk_in1_clk_pll
                         PLLE2_ADV (Prop_plle2_adv_CLKIN1_CLKOUT0)
                                                     -5.039     6.728 r  u_soc_top/pll_clk.u_clk_pll/inst/plle2_adv_inst/CLKOUT0
                         net (fo=1, unplaced)         0.613     7.341    u_soc_top/pll_clk.u_clk_pll/inst/cpu_clk_clk_pll
                         BUFG (Prop_bufg_I_O)         0.077     7.418 r  u_soc_top/pll_clk.u_clk_pll/inst/clkout1_buf/O
                         net (fo=5297, unplaced)      0.439     7.857    u_soc_top/u_cpu/u_core/cpu_clk
                         FDRE                                         r  u_soc_top/u_cpu/u_core/pc_reg[10]/C
                         clock pessimism             -0.496     7.361    
                         clock uncertainty           -0.094     7.266    
                         FDRE (Setup_fdre_C_D)        0.029     7.295    u_soc_top/u_cpu/u_core/pc_reg[10]
  -------------------------------------------------------------------
                         required time                          7.295    
                         arrival time                          -6.797    
  -------------------------------------------------------------------
                         slack                                  0.499    

Slack (MET) :             0.499ns  (required time - arrival time)
  Source:                 u_soc_top/u_cpu/u_core/fq_instr_reg[0][16]/C
                            (rising edge-triggered cell FDRE clocked by cpu_clk  {rise@0.000ns fall@5.000ns period=10.000ns})
  Destination:            u_soc_top/u_cpu/u_core/pc_reg[10]/D
                            (rising edge-triggered cell FDRE clocked by cpu_clk  {rise@0.000ns fall@5.000ns period=10.000ns})
  Path Group:             cpu_clk
  Path Type:              Setup (Max at Slow Process Corner)
  Requirement:            10.000ns  (cpu_clk rise@10.000ns - cpu_clk rise@0.000ns)
  Data Path Delay:        9.291ns  (logic 3.954ns (42.557%)  route 5.337ns (57.443%))
  Logic Levels:           22  (CARRY4=8 LUT2=2 LUT4=1 LUT5=2 LUT6=9)
  Clock Path Skew:        -0.145ns (DCD - SCD + CPR)
    Destination Clock Delay (DCD):    -2.143ns = ( 7.857 - 10.000 ) 
    Source Clock Delay      (SCD):    -2.494ns
    Clock Pessimism Removal (CPR):    -0.496ns
  Clock Uncertainty:      0.094ns  ((TSJ^2 + DJ^2)^1/2) / 2 + PE
    Total System Jitter     (TSJ):    0.071ns
    Discrete Jitter          (DJ):    0.175ns
    Phase Error              (PE):    0.000ns

    Location             Delay type                Incr(ns)  Path(ns)    Netlist Resource(s)
  -------------------------------------------------------------------    -------------------
                         (clock cpu_clk rise edge)    0.000     0.000 r  
    K21                                               0.000     0.000 r  clk_50M (IN)
                         net (fo=0)                   0.000     0.000    u_soc_top/pll_clk.u_clk_pll/inst/clk_in1
    K21                  IBUF (Prop_ibuf_I_O)         1.394     1.394 r  u_soc_top/pll_clk.u_clk_pll/inst/clkin1_ibufg/O
                         net (fo=1, unplaced)         0.584     1.978    u_soc_top/pll_clk.u_clk_pll/inst/clk_in1_clk_pll
                         PLLE2_ADV (Prop_plle2_adv_CLKIN1_CLKOUT0)
                                                     -5.783    -3.805 r  u_soc_top/pll_clk.u_clk_pll/inst/plle2_adv_inst/CLKOUT0
                         net (fo=1, unplaced)         0.646    -3.159    u_soc_top/pll_clk.u_clk_pll/inst/cpu_clk_clk_pll
                         BUFG (Prop_bufg_I_O)         0.081    -3.078 r  u_soc_top/pll_clk.u_clk_pll/inst/clkout1_buf/O
                         net (fo=5297, unplaced)      0.584    -2.494    u_soc_top/u_cpu/u_core/cpu_clk
                         FDRE                                         r  u_soc_top/u_cpu/u_core/fq_instr_reg[0][16]/C
  -------------------------------------------------------------------    -------------------
                         FDRE (Prop_fdre_C_Q)         0.379    -2.115 f  u_soc_top/u_cpu/u_core/fq_instr_reg[0][16]/Q
                         net (fo=20, unplaced)        0.422    -1.693    u_soc_top/u_cpu/u_core/reg_id_ex0_data/data_out_reg[100]_0[16]
                         LUT2 (Prop_lut2_I0_O)        0.253    -1.440 r  u_soc_top/u_cpu/u_core/reg_id_ex0_data/data_out[14]_i_9/O
                         net (fo=3, unplaced)         0.365    -1.075    u_soc_top/u_cpu/u_core/reg_id_ex0_data/fq_instr_reg[0][16]
                         LUT6 (Prop_lut6_I2_O)        0.105    -0.970 r  u_soc_top/u_cpu/u_core/reg_id_ex0_data/data_out[87]_i_5/O
                         net (fo=1, unplaced)         0.347    -0.623    u_soc_top/u_cpu/u_core/reg_id_ex0_data/data_out[87]_i_5_n_0
                         LUT4 (Prop_lut4_I3_O)        0.105    -0.518 f  u_soc_top/u_cpu/u_core/reg_id_ex0_data/data_out[87]_i_4__1/O
                         net (fo=2, unplaced)         0.358    -0.160    u_soc_top/u_cpu/u_core/reg_id_ex0_data/data_out[87]_i_4__1_n_0
                         LUT5 (Prop_lut5_I4_O)        0.105    -0.055 r  u_soc_top/u_cpu/u_core/reg_id_ex0_data/data_out[3]_i_2__1/O
                         net (fo=2, unplaced)         0.358     0.303    u_soc_top/u_cpu/u_core/reg_id_ex0_data/data_out[3]_i_2__1_n_0
                         LUT6 (Prop_lut6_I2_O)        0.105     0.408 r  u_soc_top/u_cpu/u_core/reg_id_ex0_data/data_out[84]_i_2__1/O
                         net (fo=2, unplaced)         0.358     0.766    u_soc_top/u_cpu/u_core/reg_id_ex0_data/data_out[84]_i_2__1_n_0
                         LUT6 (Prop_lut6_I0_O)        0.105     0.871 r  u_soc_top/u_cpu/u_core/reg_id_ex0_data/data_out[84]_i_1__3/O
                         net (fo=3, unplaced)         0.365     1.236    u_soc_top/u_cpu/u_core/bp_unit/D[1]
                         LUT2 (Prop_lut2_I1_O)        0.105     1.341 r  u_soc_top/u_cpu/u_core/bp_unit/pc[3]_i_7/O
                         net (fo=1, unplaced)         0.000     1.341    u_soc_top/u_cpu/u_core/bp_unit/pc[3]_i_7_n_0
                         CARRY4 (Prop_carry4_S[1]_CO[3])
                                                      0.457     1.798 r  u_soc_top/u_cpu/u_core/bp_unit/pc_reg[3]_i_4/CO[3]
                         net (fo=1, unplaced)         0.000     1.798    u_soc_top/u_cpu/u_core/bp_unit/pc_reg[3]_i_4_n_0
                         CARRY4 (Prop_carry4_CI_CO[3])
                                                      0.098     1.896 r  u_soc_top/u_cpu/u_core/bp_unit/pc_reg[7]_i_4/CO[3]
                         net (fo=1, unplaced)         0.000     1.896    u_soc_top/u_cpu/u_core/bp_unit/pc_reg[7]_i_4_n_0
                         CARRY4 (Prop_carry4_CI_CO[3])
                                                      0.098     1.994 r  u_soc_top/u_cpu/u_core/bp_unit/pc_reg[11]_i_4/CO[3]
                         net (fo=1, unplaced)         0.000     1.994    u_soc_top/u_cpu/u_core/bp_unit/pc_reg[11]_i_4_n_0
                         CARRY4 (Prop_carry4_CI_CO[3])
                                                      0.098     2.092 r  u_soc_top/u_cpu/u_core/bp_unit/pc_reg[15]_i_4/CO[3]
                         net (fo=1, unplaced)         0.000     2.092    u_soc_top/u_cpu/u_core/bp_unit/pc_reg[15]_i_4_n_0
                         CARRY4 (Prop_carry4_CI_CO[3])
                                                      0.098     2.190 r  u_soc_top/u_cpu/u_core/bp_unit/pc_reg[19]_i_4/CO[3]
                         net (fo=1, unplaced)         0.000     2.190    u_soc_top/u_cpu/u_core/bp_unit/pc_reg[19]_i_4_n_0
                         CARRY4 (Prop_carry4_CI_O[3])
                                                      0.275     2.465 r  u_soc_top/u_cpu/u_core/bp_unit/pc_reg[23]_i_4/O[3]
                         net (fo=3, unplaced)         0.537     3.002    u_soc_top/u_cpu/u_core/bp_unit/bp_jump_pc[23]
                         LUT6 (Prop_lut6_I4_O)        0.250     3.252 f  u_soc_top/u_cpu/u_core/bp_unit/fq_pc[0][31]_i_18/O
                         net (fo=1, unplaced)         0.000     3.252    u_soc_top/u_cpu/u_core/hazard_ctrl/fq_pc_reg[0][31]_i_9_0[3]
                         CARRY4 (Prop_carry4_S[3]_CO[3])
                                                      0.332     3.584 r  u_soc_top/u_cpu/u_core/hazard_ctrl/fq_pc_reg[0][31]_i_13/CO[3]
                         net (fo=1, unplaced)         0.000     3.584    u_soc_top/u_cpu/u_core/hazard_ctrl/fq_pc_reg[0][31]_i_13_n_0
                         CARRY4 (Prop_carry4_CI_CO[2])
                                                      0.209     3.793 f  u_soc_top/u_cpu/u_core/hazard_ctrl/fq_pc_reg[0][31]_i_9/CO[2]
                         net (fo=2, unplaced)         0.360     4.153    u_soc_top/u_cpu/u_core/reg_id_ex0_ctrl/fq_valid_reg[0]_5[0]
                         LUT5 (Prop_lut5_I4_O)        0.252     4.405 f  u_soc_top/u_cpu/u_core/reg_id_ex0_ctrl/fq_instr[1][31]_i_11/O
                         net (fo=4, unplaced)         0.371     4.776    u_soc_top/u_cpu/u_core/reg_id_ex0_ctrl/fq_valid_reg[0]_1
                         LUT6 (Prop_lut6_I0_O)        0.105     4.881 f  u_soc_top/u_cpu/u_core/reg_id_ex0_ctrl/pc[31]_i_42/O
                         net (fo=1, unplaced)         0.347     5.228    u_soc_top/u_cpu/u_core/reg_id_ex0_ctrl/pc[31]_i_42_n_0
                         LUT6 (Prop_lut6_I1_O)        0.105     5.333 f  u_soc_top/u_cpu/u_core/reg_id_ex0_ctrl/pc[31]_i_28/O
                         net (fo=1, unplaced)         0.347     5.680    u_soc_top/u_cpu/u_core/reg_id_ex0_ctrl/pc[31]_i_28_n_0
                         LUT6 (Prop_lut6_I0_O)        0.105     5.785 f  u_soc_top/u_cpu/u_core/reg_id_ex0_ctrl/pc[31]_i_16/O
                         net (fo=31, unplaced)        0.417     6.202    u_soc_top/u_cpu/u_core/if_stage/pc_stall_fetch
                         LUT6 (Prop_lut6_I5_O)        0.105     6.307 r  u_soc_top/u_cpu/u_core/if_stage/pc[10]_i_3/O
                         net (fo=8, unplaced)         0.385     6.692    u_soc_top/u_cpu/u_core/reg_id_ex0_ctrl/pc_reg[10]
                         LUT6 (Prop_lut6_I5_O)        0.105     6.797 r  u_soc_top/u_cpu/u_core/reg_id_ex0_ctrl/pc[10]_i_1/O
                         net (fo=1, unplaced)         0.000     6.797    u_soc_top/u_cpu/u_core/next_pc_reg[10]
                         FDRE                                         r  u_soc_top/u_cpu/u_core/pc_reg[10]/D
  -------------------------------------------------------------------    -------------------

                         (clock cpu_clk rise edge)   10.000    10.000 r  
    K21                                               0.000    10.000 r  clk_50M (IN)
                         net (fo=0)                   0.000    10.000    u_soc_top/pll_clk.u_clk_pll/inst/clk_in1
    K21                  IBUF (Prop_ibuf_I_O)         1.328    11.328 r  u_soc_top/pll_clk.u_clk_pll/inst/clkin1_ibufg/O
                         net (fo=1, unplaced)         0.439    11.767    u_soc_top/pll_clk.u_clk_pll/inst/clk_in1_clk_pll
                         PLLE2_ADV (Prop_plle2_adv_CLKIN1_CLKOUT0)
                                                     -5.039     6.728 r  u_soc_top/pll_clk.u_clk_pll/inst/plle2_adv_inst/CLKOUT0
                         net (fo=1, unplaced)         0.613     7.341    u_soc_top/pll_clk.u_clk_pll/inst/cpu_clk_clk_pll
                         BUFG (Prop_bufg_I_O)         0.077     7.418 r  u_soc_top/pll_clk.u_clk_pll/inst/clkout1_buf/O
                         net (fo=5297, unplaced)      0.439     7.857    u_soc_top/u_cpu/u_core/cpu_clk
                         FDRE                                         r  u_soc_top/u_cpu/u_core/pc_reg[10]/C
                         clock pessimism             -0.496     7.361    
                         clock uncertainty           -0.094     7.266    
                         FDRE (Setup_fdre_C_D)        0.029     7.295    u_soc_top/u_cpu/u_core/pc_reg[10]
  -------------------------------------------------------------------
                         required time                          7.295    
                         arrival time                          -6.797    
  -------------------------------------------------------------------
                         slack                                  0.499    

Slack (MET) :             0.499ns  (required time - arrival time)
  Source:                 u_soc_top/u_cpu/u_core/fq_instr_reg[0][16]/C
                            (rising edge-triggered cell FDRE clocked by cpu_clk  {rise@0.000ns fall@5.000ns period=10.000ns})
  Destination:            u_soc_top/u_cpu/u_core/pc_reg[10]/D
                            (rising edge-triggered cell FDRE clocked by cpu_clk  {rise@0.000ns fall@5.000ns period=10.000ns})
  Path Group:             cpu_clk
  Path Type:              Setup (Max at Slow Process Corner)
  Requirement:            10.000ns  (cpu_clk rise@10.000ns - cpu_clk rise@0.000ns)
  Data Path Delay:        9.291ns  (logic 3.954ns (42.557%)  route 5.337ns (57.443%))
  Logic Levels:           22  (CARRY4=8 LUT2=2 LUT4=1 LUT5=2 LUT6=9)
  Clock Path Skew:        -0.145ns (DCD - SCD + CPR)
    Destination Clock Delay (DCD):    -2.143ns = ( 7.857 - 10.000 ) 
    Source Clock Delay      (SCD):    -2.494ns
    Clock Pessimism Removal (CPR):    -0.496ns
  Clock Uncertainty:      0.094ns  ((TSJ^2 + DJ^2)^1/2) / 2 + PE
    Total System Jitter     (TSJ):    0.071ns
    Discrete Jitter          (DJ):    0.175ns
    Phase Error              (PE):    0.000ns

    Location             Delay type                Incr(ns)  Path(ns)    Netlist Resource(s)
  -------------------------------------------------------------------    -------------------
                         (clock cpu_clk rise edge)    0.000     0.000 r  
    K21                                               0.000     0.000 r  clk_50M (IN)
                         net (fo=0)                   0.000     0.000    u_soc_top/pll_clk.u_clk_pll/inst/clk_in1
    K21                  IBUF (Prop_ibuf_I_O)         1.394     1.394 r  u_soc_top/pll_clk.u_clk_pll/inst/clkin1_ibufg/O
                         net (fo=1, unplaced)         0.584     1.978    u_soc_top/pll_clk.u_clk_pll/inst/clk_in1_clk_pll
                         PLLE2_ADV (Prop_plle2_adv_CLKIN1_CLKOUT0)
                                                     -5.783    -3.805 r  u_soc_top/pll_clk.u_clk_pll/inst/plle2_adv_inst/CLKOUT0
                         net (fo=1, unplaced)         0.646    -3.159    u_soc_top/pll_clk.u_clk_pll/inst/cpu_clk_clk_pll
                         BUFG (Prop_bufg_I_O)         0.081    -3.078 r  u_soc_top/pll_clk.u_clk_pll/inst/clkout1_buf/O
                         net (fo=5297, unplaced)      0.584    -2.494    u_soc_top/u_cpu/u_core/cpu_clk
                         FDRE                                         r  u_soc_top/u_cpu/u_core/fq_instr_reg[0][16]/C
  -------------------------------------------------------------------    -------------------
                         FDRE (Prop_fdre_C_Q)         0.379    -2.115 f  u_soc_top/u_cpu/u_core/fq_instr_reg[0][16]/Q
                         net (fo=20, unplaced)        0.422    -1.693    u_soc_top/u_cpu/u_core/reg_id_ex0_data/data_out_reg[100]_0[16]
                         LUT2 (Prop_lut2_I0_O)        0.253    -1.440 r  u_soc_top/u_cpu/u_core/reg_id_ex0_data/data_out[14]_i_9/O
                         net (fo=3, unplaced)         0.365    -1.075    u_soc_top/u_cpu/u_core/reg_id_ex0_data/fq_instr_reg[0][16]
                         LUT6 (Prop_lut6_I2_O)        0.105    -0.970 r  u_soc_top/u_cpu/u_core/reg_id_ex0_data/data_out[87]_i_5/O
                         net (fo=1, unplaced)         0.347    -0.623    u_soc_top/u_cpu/u_core/reg_id_ex0_data/data_out[87]_i_5_n_0
                         LUT4 (Prop_lut4_I3_O)        0.105    -0.518 f  u_soc_top/u_cpu/u_core/reg_id_ex0_data/data_out[87]_i_4__1/O
                         net (fo=2, unplaced)         0.358    -0.160    u_soc_top/u_cpu/u_core/reg_id_ex0_data/data_out[87]_i_4__1_n_0
                         LUT5 (Prop_lut5_I4_O)        0.105    -0.055 r  u_soc_top/u_cpu/u_core/reg_id_ex0_data/data_out[3]_i_2__1/O
                         net (fo=2, unplaced)         0.358     0.303    u_soc_top/u_cpu/u_core/reg_id_ex0_data/data_out[3]_i_2__1_n_0
                         LUT6 (Prop_lut6_I2_O)        0.105     0.408 r  u_soc_top/u_cpu/u_core/reg_id_ex0_data/data_out[84]_i_2__1/O
                         net (fo=2, unplaced)         0.358     0.766    u_soc_top/u_cpu/u_core/reg_id_ex0_data/data_out[84]_i_2__1_n_0
                         LUT6 (Prop_lut6_I0_O)        0.105     0.871 r  u_soc_top/u_cpu/u_core/reg_id_ex0_data/data_out[84]_i_1__3/O
                         net (fo=3, unplaced)         0.365     1.236    u_soc_top/u_cpu/u_core/bp_unit/D[1]
                         LUT2 (Prop_lut2_I1_O)        0.105     1.341 r  u_soc_top/u_cpu/u_core/bp_unit/pc[3]_i_7/O
                         net (fo=1, unplaced)         0.000     1.341    u_soc_top/u_cpu/u_core/bp_unit/pc[3]_i_7_n_0
                         CARRY4 (Prop_carry4_S[1]_CO[3])
                                                      0.457     1.798 r  u_soc_top/u_cpu/u_core/bp_unit/pc_reg[3]_i_4/CO[3]
                         net (fo=1, unplaced)         0.000     1.798    u_soc_top/u_cpu/u_core/bp_unit/pc_reg[3]_i_4_n_0
                         CARRY4 (Prop_carry4_CI_CO[3])
                                                      0.098     1.896 r  u_soc_top/u_cpu/u_core/bp_unit/pc_reg[7]_i_4/CO[3]
                         net (fo=1, unplaced)         0.000     1.896    u_soc_top/u_cpu/u_core/bp_unit/pc_reg[7]_i_4_n_0
                         CARRY4 (Prop_carry4_CI_CO[3])
                                                      0.098     1.994 r  u_soc_top/u_cpu/u_core/bp_unit/pc_reg[11]_i_4/CO[3]
                         net (fo=1, unplaced)         0.000     1.994    u_soc_top/u_cpu/u_core/bp_unit/pc_reg[11]_i_4_n_0
                         CARRY4 (Prop_carry4_CI_CO[3])
                                                      0.098     2.092 r  u_soc_top/u_cpu/u_core/bp_unit/pc_reg[15]_i_4/CO[3]
                         net (fo=1, unplaced)         0.000     2.092    u_soc_top/u_cpu/u_core/bp_unit/pc_reg[15]_i_4_n_0
                         CARRY4 (Prop_carry4_CI_CO[3])
                                                      0.098     2.190 r  u_soc_top/u_cpu/u_core/bp_unit/pc_reg[19]_i_4/CO[3]
                         net (fo=1, unplaced)         0.000     2.190    u_soc_top/u_cpu/u_core/bp_unit/pc_reg[19]_i_4_n_0
                         CARRY4 (Prop_carry4_CI_O[3])
                                                      0.275     2.465 f  u_soc_top/u_cpu/u_core/bp_unit/pc_reg[23]_i_4/O[3]
                         net (fo=3, unplaced)         0.537     3.002    u_soc_top/u_cpu/u_core/bp_unit/bp_jump_pc[23]
                         LUT6 (Prop_lut6_I4_O)        0.250     3.252 f  u_soc_top/u_cpu/u_core/bp_unit/fq_pc[0][31]_i_18/O
                         net (fo=1, unplaced)         0.000     3.252    u_soc_top/u_cpu/u_core/hazard_ctrl/fq_pc_reg[0][31]_i_9_0[3]
                         CARRY4 (Prop_carry4_S[3]_CO[3])
                                                      0.332     3.584 r  u_soc_top/u_cpu/u_core/hazard_ctrl/fq_pc_reg[0][31]_i_13/CO[3]
                         net (fo=1, unplaced)         0.000     3.584    u_soc_top/u_cpu/u_core/hazard_ctrl/fq_pc_reg[0][31]_i_13_n_0
                         CARRY4 (Prop_carry4_CI_CO[2])
                                                      0.209     3.793 f  u_soc_top/u_cpu/u_core/hazard_ctrl/fq_pc_reg[0][31]_i_9/CO[2]
                         net (fo=2, unplaced)         0.360     4.153    u_soc_top/u_cpu/u_core/reg_id_ex0_ctrl/fq_valid_reg[0]_5[0]
                         LUT5 (Prop_lut5_I4_O)        0.252     4.405 f  u_soc_top/u_cpu/u_core/reg_id_ex0_ctrl/fq_instr[1][31]_i_11/O
                         net (fo=4, unplaced)         0.371     4.776    u_soc_top/u_cpu/u_core/reg_id_ex0_ctrl/fq_valid_reg[0]_1
                         LUT6 (Prop_lut6_I0_O)        0.105     4.881 f  u_soc_top/u_cpu/u_core/reg_id_ex0_ctrl/pc[31]_i_42/O
                         net (fo=1, unplaced)         0.347     5.228    u_soc_top/u_cpu/u_core/reg_id_ex0_ctrl/pc[31]_i_42_n_0
                         LUT6 (Prop_lut6_I1_O)        0.105     5.333 f  u_soc_top/u_cpu/u_core/reg_id_ex0_ctrl/pc[31]_i_28/O
                         net (fo=1, unplaced)         0.347     5.680    u_soc_top/u_cpu/u_core/reg_id_ex0_ctrl/pc[31]_i_28_n_0
                         LUT6 (Prop_lut6_I0_O)        0.105     5.785 f  u_soc_top/u_cpu/u_core/reg_id_ex0_ctrl/pc[31]_i_16/O
                         net (fo=31, unplaced)        0.417     6.202    u_soc_top/u_cpu/u_core/if_stage/pc_stall_fetch
                         LUT6 (Prop_lut6_I5_O)        0.105     6.307 r  u_soc_top/u_cpu/u_core/if_stage/pc[10]_i_3/O
                         net (fo=8, unplaced)         0.385     6.692    u_soc_top/u_cpu/u_core/reg_id_ex0_ctrl/pc_reg[10]
                         LUT6 (Prop_lut6_I5_O)        0.105     6.797 r  u_soc_top/u_cpu/u_core/reg_id_ex0_ctrl/pc[10]_i_1/O
                         net (fo=1, unplaced)         0.000     6.797    u_soc_top/u_cpu/u_core/next_pc_reg[10]
                         FDRE                                         r  u_soc_top/u_cpu/u_core/pc_reg[10]/D
  -------------------------------------------------------------------    -------------------

                         (clock cpu_clk rise edge)   10.000    10.000 r  
    K21                                               0.000    10.000 r  clk_50M (IN)
                         net (fo=0)                   0.000    10.000    u_soc_top/pll_clk.u_clk_pll/inst/clk_in1
    K21                  IBUF (Prop_ibuf_I_O)         1.328    11.328 r  u_soc_top/pll_clk.u_clk_pll/inst/clkin1_ibufg/O
                         net (fo=1, unplaced)         0.439    11.767    u_soc_top/pll_clk.u_clk_pll/inst/clk_in1_clk_pll
                         PLLE2_ADV (Prop_plle2_adv_CLKIN1_CLKOUT0)
                                                     -5.039     6.728 r  u_soc_top/pll_clk.u_clk_pll/inst/plle2_adv_inst/CLKOUT0
                         net (fo=1, unplaced)         0.613     7.341    u_soc_top/pll_clk.u_clk_pll/inst/cpu_clk_clk_pll
                         BUFG (Prop_bufg_I_O)         0.077     7.418 r  u_soc_top/pll_clk.u_clk_pll/inst/clkout1_buf/O
                         net (fo=5297, unplaced)      0.439     7.857    u_soc_top/u_cpu/u_core/cpu_clk
                         FDRE                                         r  u_soc_top/u_cpu/u_core/pc_reg[10]/C
                         clock pessimism             -0.496     7.361    
                         clock uncertainty           -0.094     7.266    
                         FDRE (Setup_fdre_C_D)        0.029     7.295    u_soc_top/u_cpu/u_core/pc_reg[10]
  -------------------------------------------------------------------
                         required time                          7.295    
                         arrival time                          -6.797    
  -------------------------------------------------------------------
                         slack                                  0.499    

Slack (MET) :             0.499ns  (required time - arrival time)
  Source:                 u_soc_top/u_cpu/u_core/fq_instr_reg[0][16]/C
                            (rising edge-triggered cell FDRE clocked by cpu_clk  {rise@0.000ns fall@5.000ns period=10.000ns})
  Destination:            u_soc_top/u_cpu/u_core/pc_reg[10]/D
                            (rising edge-triggered cell FDRE clocked by cpu_clk  {rise@0.000ns fall@5.000ns period=10.000ns})
  Path Group:             cpu_clk
  Path Type:              Setup (Max at Slow Process Corner)
  Requirement:            10.000ns  (cpu_clk rise@10.000ns - cpu_clk rise@0.000ns)
  Data Path Delay:        9.291ns  (logic 3.954ns (42.557%)  route 5.337ns (57.443%))
  Logic Levels:           22  (CARRY4=8 LUT2=2 LUT4=1 LUT5=2 LUT6=9)
  Clock Path Skew:        -0.145ns (DCD - SCD + CPR)
    Destination Clock Delay (DCD):    -2.143ns = ( 7.857 - 10.000 ) 
    Source Clock Delay      (SCD):    -2.494ns
    Clock Pessimism Removal (CPR):    -0.496ns
  Clock Uncertainty:      0.094ns  ((TSJ^2 + DJ^2)^1/2) / 2 + PE
    Total System Jitter     (TSJ):    0.071ns
    Discrete Jitter          (DJ):    0.175ns
    Phase Error              (PE):    0.000ns

    Location             Delay type                Incr(ns)  Path(ns)    Netlist Resource(s)
  -------------------------------------------------------------------    -------------------
                         (clock cpu_clk rise edge)    0.000     0.000 r  
    K21                                               0.000     0.000 r  clk_50M (IN)
                         net (fo=0)                   0.000     0.000    u_soc_top/pll_clk.u_clk_pll/inst/clk_in1
    K21                  IBUF (Prop_ibuf_I_O)         1.394     1.394 r  u_soc_top/pll_clk.u_clk_pll/inst/clkin1_ibufg/O
                         net (fo=1, unplaced)         0.584     1.978    u_soc_top/pll_clk.u_clk_pll/inst/clk_in1_clk_pll
                         PLLE2_ADV (Prop_plle2_adv_CLKIN1_CLKOUT0)
                                                     -5.783    -3.805 r  u_soc_top/pll_clk.u_clk_pll/inst/plle2_adv_inst/CLKOUT0
                         net (fo=1, unplaced)         0.646    -3.159    u_soc_top/pll_clk.u_clk_pll/inst/cpu_clk_clk_pll
                         BUFG (Prop_bufg_I_O)         0.081    -3.078 r  u_soc_top/pll_clk.u_clk_pll/inst/clkout1_buf/O
                         net (fo=5297, unplaced)      0.584    -2.494    u_soc_top/u_cpu/u_core/cpu_clk
                         FDRE                                         r  u_soc_top/u_cpu/u_core/fq_instr_reg[0][16]/C
  -------------------------------------------------------------------    -------------------
                         FDRE (Prop_fdre_C_Q)         0.379    -2.115 f  u_soc_top/u_cpu/u_core/fq_instr_reg[0][16]/Q
                         net (fo=20, unplaced)        0.422    -1.693    u_soc_top/u_cpu/u_core/reg_id_ex0_data/data_out_reg[100]_0[16]
                         LUT2 (Prop_lut2_I0_O)        0.253    -1.440 r  u_soc_top/u_cpu/u_core/reg_id_ex0_data/data_out[14]_i_9/O
                         net (fo=3, unplaced)         0.365    -1.075    u_soc_top/u_cpu/u_core/reg_id_ex0_data/fq_instr_reg[0][16]
                         LUT6 (Prop_lut6_I2_O)        0.105    -0.970 r  u_soc_top/u_cpu/u_core/reg_id_ex0_data/data_out[87]_i_5/O
                         net (fo=1, unplaced)         0.347    -0.623    u_soc_top/u_cpu/u_core/reg_id_ex0_data/data_out[87]_i_5_n_0
                         LUT4 (Prop_lut4_I3_O)        0.105    -0.518 f  u_soc_top/u_cpu/u_core/reg_id_ex0_data/data_out[87]_i_4__1/O
                         net (fo=2, unplaced)         0.358    -0.160    u_soc_top/u_cpu/u_core/reg_id_ex0_data/data_out[87]_i_4__1_n_0
                         LUT5 (Prop_lut5_I4_O)        0.105    -0.055 r  u_soc_top/u_cpu/u_core/reg_id_ex0_data/data_out[3]_i_2__1/O
                         net (fo=2, unplaced)         0.358     0.303    u_soc_top/u_cpu/u_core/reg_id_ex0_data/data_out[3]_i_2__1_n_0
                         LUT6 (Prop_lut6_I2_O)        0.105     0.408 r  u_soc_top/u_cpu/u_core/reg_id_ex0_data/data_out[84]_i_2__1/O
                         net (fo=2, unplaced)         0.358     0.766    u_soc_top/u_cpu/u_core/reg_id_ex0_data/data_out[84]_i_2__1_n_0
                         LUT6 (Prop_lut6_I0_O)        0.105     0.871 r  u_soc_top/u_cpu/u_core/reg_id_ex0_data/data_out[84]_i_1__3/O
                         net (fo=3, unplaced)         0.365     1.236    u_soc_top/u_cpu/u_core/bp_unit/D[1]
                         LUT2 (Prop_lut2_I1_O)        0.105     1.341 r  u_soc_top/u_cpu/u_core/bp_unit/pc[3]_i_7/O
                         net (fo=1, unplaced)         0.000     1.341    u_soc_top/u_cpu/u_core/bp_unit/pc[3]_i_7_n_0
                         CARRY4 (Prop_carry4_S[1]_CO[3])
                                                      0.457     1.798 r  u_soc_top/u_cpu/u_core/bp_unit/pc_reg[3]_i_4/CO[3]
                         net (fo=1, unplaced)         0.000     1.798    u_soc_top/u_cpu/u_core/bp_unit/pc_reg[3]_i_4_n_0
                         CARRY4 (Prop_carry4_CI_CO[3])
                                                      0.098     1.896 r  u_soc_top/u_cpu/u_core/bp_unit/pc_reg[7]_i_4/CO[3]
                         net (fo=1, unplaced)         0.000     1.896    u_soc_top/u_cpu/u_core/bp_unit/pc_reg[7]_i_4_n_0
                         CARRY4 (Prop_carry4_CI_CO[3])
                                                      0.098     1.994 r  u_soc_top/u_cpu/u_core/bp_unit/pc_reg[11]_i_4/CO[3]
                         net (fo=1, unplaced)         0.000     1.994    u_soc_top/u_cpu/u_core/bp_unit/pc_reg[11]_i_4_n_0
                         CARRY4 (Prop_carry4_CI_CO[3])
                                                      0.098     2.092 r  u_soc_top/u_cpu/u_core/bp_unit/pc_reg[15]_i_4/CO[3]
                         net (fo=1, unplaced)         0.000     2.092    u_soc_top/u_cpu/u_core/bp_unit/pc_reg[15]_i_4_n_0
                         CARRY4 (Prop_carry4_CI_CO[3])
                                                      0.098     2.190 r  u_soc_top/u_cpu/u_core/bp_unit/pc_reg[19]_i_4/CO[3]
                         net (fo=1, unplaced)         0.000     2.190    u_soc_top/u_cpu/u_core/bp_unit/pc_reg[19]_i_4_n_0
                         CARRY4 (Prop_carry4_CI_O[3])
                                                      0.275     2.465 r  u_soc_top/u_cpu/u_core/bp_unit/pc_reg[23]_i_4/O[3]
                         net (fo=3, unplaced)         0.537     3.002    u_soc_top/u_cpu/u_core/bp_unit/bp_jump_pc[23]
                         LUT6 (Prop_lut6_I4_O)        0.250     3.252 r  u_soc_top/u_cpu/u_core/bp_unit/fq_pc[0][31]_i_18/O
                         net (fo=1, unplaced)         0.000     3.252    u_soc_top/u_cpu/u_core/hazard_ctrl/fq_pc_reg[0][31]_i_9_0[3]
                         CARRY4 (Prop_carry4_S[3]_CO[3])
                                                      0.332     3.584 f  u_soc_top/u_cpu/u_core/hazard_ctrl/fq_pc_reg[0][31]_i_13/CO[3]
                         net (fo=1, unplaced)         0.000     3.584    u_soc_top/u_cpu/u_core/hazard_ctrl/fq_pc_reg[0][31]_i_13_n_0
                         CARRY4 (Prop_carry4_CI_CO[2])
                                                      0.209     3.793 f  u_soc_top/u_cpu/u_core/hazard_ctrl/fq_pc_reg[0][31]_i_9/CO[2]
                         net (fo=2, unplaced)         0.360     4.153    u_soc_top/u_cpu/u_core/reg_id_ex0_ctrl/fq_valid_reg[0]_5[0]
                         LUT5 (Prop_lut5_I4_O)        0.252     4.405 f  u_soc_top/u_cpu/u_core/reg_id_ex0_ctrl/fq_instr[1][31]_i_11/O
                         net (fo=4, unplaced)         0.371     4.776    u_soc_top/u_cpu/u_core/reg_id_ex0_ctrl/fq_valid_reg[0]_1
                         LUT6 (Prop_lut6_I0_O)        0.105     4.881 f  u_soc_top/u_cpu/u_core/reg_id_ex0_ctrl/pc[31]_i_42/O
                         net (fo=1, unplaced)         0.347     5.228    u_soc_top/u_cpu/u_core/reg_id_ex0_ctrl/pc[31]_i_42_n_0
                         LUT6 (Prop_lut6_I1_O)        0.105     5.333 f  u_soc_top/u_cpu/u_core/reg_id_ex0_ctrl/pc[31]_i_28/O
                         net (fo=1, unplaced)         0.347     5.680    u_soc_top/u_cpu/u_core/reg_id_ex0_ctrl/pc[31]_i_28_n_0
                         LUT6 (Prop_lut6_I0_O)        0.105     5.785 f  u_soc_top/u_cpu/u_core/reg_id_ex0_ctrl/pc[31]_i_16/O
                         net (fo=31, unplaced)        0.417     6.202    u_soc_top/u_cpu/u_core/if_stage/pc_stall_fetch
                         LUT6 (Prop_lut6_I5_O)        0.105     6.307 r  u_soc_top/u_cpu/u_core/if_stage/pc[10]_i_3/O
                         net (fo=8, unplaced)         0.385     6.692    u_soc_top/u_cpu/u_core/reg_id_ex0_ctrl/pc_reg[10]
                         LUT6 (Prop_lut6_I5_O)        0.105     6.797 r  u_soc_top/u_cpu/u_core/reg_id_ex0_ctrl/pc[10]_i_1/O
                         net (fo=1, unplaced)         0.000     6.797    u_soc_top/u_cpu/u_core/next_pc_reg[10]
                         FDRE                                         r  u_soc_top/u_cpu/u_core/pc_reg[10]/D
  -------------------------------------------------------------------    -------------------

                         (clock cpu_clk rise edge)   10.000    10.000 r  
    K21                                               0.000    10.000 r  clk_50M (IN)
                         net (fo=0)                   0.000    10.000    u_soc_top/pll_clk.u_clk_pll/inst/clk_in1
    K21                  IBUF (Prop_ibuf_I_O)         1.328    11.328 r  u_soc_top/pll_clk.u_clk_pll/inst/clkin1_ibufg/O
                         net (fo=1, unplaced)         0.439    11.767    u_soc_top/pll_clk.u_clk_pll/inst/clk_in1_clk_pll
                         PLLE2_ADV (Prop_plle2_adv_CLKIN1_CLKOUT0)
                                                     -5.039     6.728 r  u_soc_top/pll_clk.u_clk_pll/inst/plle2_adv_inst/CLKOUT0
                         net (fo=1, unplaced)         0.613     7.341    u_soc_top/pll_clk.u_clk_pll/inst/cpu_clk_clk_pll
                         BUFG (Prop_bufg_I_O)         0.077     7.418 r  u_soc_top/pll_clk.u_clk_pll/inst/clkout1_buf/O
                         net (fo=5297, unplaced)      0.439     7.857    u_soc_top/u_cpu/u_core/cpu_clk
                         FDRE                                         r  u_soc_top/u_cpu/u_core/pc_reg[10]/C
                         clock pessimism             -0.496     7.361    
                         clock uncertainty           -0.094     7.266    
                         FDRE (Setup_fdre_C_D)        0.029     7.295    u_soc_top/u_cpu/u_core/pc_reg[10]
  -------------------------------------------------------------------
                         required time                          7.295    
                         arrival time                          -6.797    
  -------------------------------------------------------------------
                         slack                                  0.499    

Slack (MET) :             0.499ns  (required time - arrival time)
  Source:                 u_soc_top/u_cpu/u_core/fq_instr_reg[0][16]/C
                            (rising edge-triggered cell FDRE clocked by cpu_clk  {rise@0.000ns fall@5.000ns period=10.000ns})
  Destination:            u_soc_top/u_cpu/u_core/pc_reg[10]/D
                            (rising edge-triggered cell FDRE clocked by cpu_clk  {rise@0.000ns fall@5.000ns period=10.000ns})
  Path Group:             cpu_clk
  Path Type:              Setup (Max at Slow Process Corner)
  Requirement:            10.000ns  (cpu_clk rise@10.000ns - cpu_clk rise@0.000ns)
  Data Path Delay:        9.291ns  (logic 3.954ns (42.557%)  route 5.337ns (57.443%))
  Logic Levels:           22  (CARRY4=8 LUT2=2 LUT4=1 LUT5=2 LUT6=9)
  Clock Path Skew:        -0.145ns (DCD - SCD + CPR)
    Destination Clock Delay (DCD):    -2.143ns = ( 7.857 - 10.000 ) 
    Source Clock Delay      (SCD):    -2.494ns
    Clock Pessimism Removal (CPR):    -0.496ns
  Clock Uncertainty:      0.094ns  ((TSJ^2 + DJ^2)^1/2) / 2 + PE
    Total System Jitter     (TSJ):    0.071ns
    Discrete Jitter          (DJ):    0.175ns
    Phase Error              (PE):    0.000ns

    Location             Delay type                Incr(ns)  Path(ns)    Netlist Resource(s)
  -------------------------------------------------------------------    -------------------
                         (clock cpu_clk rise edge)    0.000     0.000 r  
    K21                                               0.000     0.000 r  clk_50M (IN)
                         net (fo=0)                   0.000     0.000    u_soc_top/pll_clk.u_clk_pll/inst/clk_in1
    K21                  IBUF (Prop_ibuf_I_O)         1.394     1.394 r  u_soc_top/pll_clk.u_clk_pll/inst/clkin1_ibufg/O
                         net (fo=1, unplaced)         0.584     1.978    u_soc_top/pll_clk.u_clk_pll/inst/clk_in1_clk_pll
                         PLLE2_ADV (Prop_plle2_adv_CLKIN1_CLKOUT0)
                                                     -5.783    -3.805 r  u_soc_top/pll_clk.u_clk_pll/inst/plle2_adv_inst/CLKOUT0
                         net (fo=1, unplaced)         0.646    -3.159    u_soc_top/pll_clk.u_clk_pll/inst/cpu_clk_clk_pll
                         BUFG (Prop_bufg_I_O)         0.081    -3.078 r  u_soc_top/pll_clk.u_clk_pll/inst/clkout1_buf/O
                         net (fo=5297, unplaced)      0.584    -2.494    u_soc_top/u_cpu/u_core/cpu_clk
                         FDRE                                         r  u_soc_top/u_cpu/u_core/fq_instr_reg[0][16]/C
  -------------------------------------------------------------------    -------------------
                         FDRE (Prop_fdre_C_Q)         0.379    -2.115 f  u_soc_top/u_cpu/u_core/fq_instr_reg[0][16]/Q
                         net (fo=20, unplaced)        0.422    -1.693    u_soc_top/u_cpu/u_core/reg_id_ex0_data/data_out_reg[100]_0[16]
                         LUT2 (Prop_lut2_I0_O)        0.253    -1.440 r  u_soc_top/u_cpu/u_core/reg_id_ex0_data/data_out[14]_i_9/O
                         net (fo=3, unplaced)         0.365    -1.075    u_soc_top/u_cpu/u_core/reg_id_ex0_data/fq_instr_reg[0][16]
                         LUT6 (Prop_lut6_I2_O)        0.105    -0.970 r  u_soc_top/u_cpu/u_core/reg_id_ex0_data/data_out[87]_i_5/O
                         net (fo=1, unplaced)         0.347    -0.623    u_soc_top/u_cpu/u_core/reg_id_ex0_data/data_out[87]_i_5_n_0
                         LUT4 (Prop_lut4_I3_O)        0.105    -0.518 f  u_soc_top/u_cpu/u_core/reg_id_ex0_data/data_out[87]_i_4__1/O
                         net (fo=2, unplaced)         0.358    -0.160    u_soc_top/u_cpu/u_core/reg_id_ex0_data/data_out[87]_i_4__1_n_0
                         LUT5 (Prop_lut5_I4_O)        0.105    -0.055 r  u_soc_top/u_cpu/u_core/reg_id_ex0_data/data_out[3]_i_2__1/O
                         net (fo=2, unplaced)         0.358     0.303    u_soc_top/u_cpu/u_core/reg_id_ex0_data/data_out[3]_i_2__1_n_0
                         LUT6 (Prop_lut6_I2_O)        0.105     0.408 r  u_soc_top/u_cpu/u_core/reg_id_ex0_data/data_out[84]_i_2__1/O
                         net (fo=2, unplaced)         0.358     0.766    u_soc_top/u_cpu/u_core/reg_id_ex0_data/data_out[84]_i_2__1_n_0
                         LUT6 (Prop_lut6_I0_O)        0.105     0.871 r  u_soc_top/u_cpu/u_core/reg_id_ex0_data/data_out[84]_i_1__3/O
                         net (fo=3, unplaced)         0.365     1.236    u_soc_top/u_cpu/u_core/bp_unit/D[1]
                         LUT2 (Prop_lut2_I1_O)        0.105     1.341 r  u_soc_top/u_cpu/u_core/bp_unit/pc[3]_i_7/O
                         net (fo=1, unplaced)         0.000     1.341    u_soc_top/u_cpu/u_core/bp_unit/pc[3]_i_7_n_0
                         CARRY4 (Prop_carry4_S[1]_CO[3])
                                                      0.457     1.798 r  u_soc_top/u_cpu/u_core/bp_unit/pc_reg[3]_i_4/CO[3]
                         net (fo=1, unplaced)         0.000     1.798    u_soc_top/u_cpu/u_core/bp_unit/pc_reg[3]_i_4_n_0
                         CARRY4 (Prop_carry4_CI_CO[3])
                                                      0.098     1.896 r  u_soc_top/u_cpu/u_core/bp_unit/pc_reg[7]_i_4/CO[3]
                         net (fo=1, unplaced)         0.000     1.896    u_soc_top/u_cpu/u_core/bp_unit/pc_reg[7]_i_4_n_0
                         CARRY4 (Prop_carry4_CI_CO[3])
                                                      0.098     1.994 r  u_soc_top/u_cpu/u_core/bp_unit/pc_reg[11]_i_4/CO[3]
                         net (fo=1, unplaced)         0.000     1.994    u_soc_top/u_cpu/u_core/bp_unit/pc_reg[11]_i_4_n_0
                         CARRY4 (Prop_carry4_CI_CO[3])
                                                      0.098     2.092 r  u_soc_top/u_cpu/u_core/bp_unit/pc_reg[15]_i_4/CO[3]
                         net (fo=1, unplaced)         0.000     2.092    u_soc_top/u_cpu/u_core/bp_unit/pc_reg[15]_i_4_n_0
                         CARRY4 (Prop_carry4_CI_CO[3])
                                                      0.098     2.190 r  u_soc_top/u_cpu/u_core/bp_unit/pc_reg[19]_i_4/CO[3]
                         net (fo=1, unplaced)         0.000     2.190    u_soc_top/u_cpu/u_core/bp_unit/pc_reg[19]_i_4_n_0
                         CARRY4 (Prop_carry4_CI_O[3])
                                                      0.275     2.465 f  u_soc_top/u_cpu/u_core/bp_unit/pc_reg[23]_i_4/O[3]
                         net (fo=3, unplaced)         0.537     3.002    u_soc_top/u_cpu/u_core/bp_unit/bp_jump_pc[23]
                         LUT6 (Prop_lut6_I4_O)        0.250     3.252 r  u_soc_top/u_cpu/u_core/bp_unit/fq_pc[0][31]_i_18/O
                         net (fo=1, unplaced)         0.000     3.252    u_soc_top/u_cpu/u_core/hazard_ctrl/fq_pc_reg[0][31]_i_9_0[3]
                         CARRY4 (Prop_carry4_S[3]_CO[3])
                                                      0.332     3.584 f  u_soc_top/u_cpu/u_core/hazard_ctrl/fq_pc_reg[0][31]_i_13/CO[3]
                         net (fo=1, unplaced)         0.000     3.584    u_soc_top/u_cpu/u_core/hazard_ctrl/fq_pc_reg[0][31]_i_13_n_0
                         CARRY4 (Prop_carry4_CI_CO[2])
                                                      0.209     3.793 f  u_soc_top/u_cpu/u_core/hazard_ctrl/fq_pc_reg[0][31]_i_9/CO[2]
                         net (fo=2, unplaced)         0.360     4.153    u_soc_top/u_cpu/u_core/reg_id_ex0_ctrl/fq_valid_reg[0]_5[0]
                         LUT5 (Prop_lut5_I4_O)        0.252     4.405 f  u_soc_top/u_cpu/u_core/reg_id_ex0_ctrl/fq_instr[1][31]_i_11/O
                         net (fo=4, unplaced)         0.371     4.776    u_soc_top/u_cpu/u_core/reg_id_ex0_ctrl/fq_valid_reg[0]_1
                         LUT6 (Prop_lut6_I0_O)        0.105     4.881 f  u_soc_top/u_cpu/u_core/reg_id_ex0_ctrl/pc[31]_i_42/O
                         net (fo=1, unplaced)         0.347     5.228    u_soc_top/u_cpu/u_core/reg_id_ex0_ctrl/pc[31]_i_42_n_0
                         LUT6 (Prop_lut6_I1_O)        0.105     5.333 f  u_soc_top/u_cpu/u_core/reg_id_ex0_ctrl/pc[31]_i_28/O
                         net (fo=1, unplaced)         0.347     5.680    u_soc_top/u_cpu/u_core/reg_id_ex0_ctrl/pc[31]_i_28_n_0
                         LUT6 (Prop_lut6_I0_O)        0.105     5.785 f  u_soc_top/u_cpu/u_core/reg_id_ex0_ctrl/pc[31]_i_16/O
                         net (fo=31, unplaced)        0.417     6.202    u_soc_top/u_cpu/u_core/if_stage/pc_stall_fetch
                         LUT6 (Prop_lut6_I5_O)        0.105     6.307 r  u_soc_top/u_cpu/u_core/if_stage/pc[10]_i_3/O
                         net (fo=8, unplaced)         0.385     6.692    u_soc_top/u_cpu/u_core/reg_id_ex0_ctrl/pc_reg[10]
                         LUT6 (Prop_lut6_I5_O)        0.105     6.797 r  u_soc_top/u_cpu/u_core/reg_id_ex0_ctrl/pc[10]_i_1/O
                         net (fo=1, unplaced)         0.000     6.797    u_soc_top/u_cpu/u_core/next_pc_reg[10]
                         FDRE                                         r  u_soc_top/u_cpu/u_core/pc_reg[10]/D
  -------------------------------------------------------------------    -------------------

                         (clock cpu_clk rise edge)   10.000    10.000 r  
    K21                                               0.000    10.000 r  clk_50M (IN)
                         net (fo=0)                   0.000    10.000    u_soc_top/pll_clk.u_clk_pll/inst/clk_in1
    K21                  IBUF (Prop_ibuf_I_O)         1.328    11.328 r  u_soc_top/pll_clk.u_clk_pll/inst/clkin1_ibufg/O
                         net (fo=1, unplaced)         0.439    11.767    u_soc_top/pll_clk.u_clk_pll/inst/clk_in1_clk_pll
                         PLLE2_ADV (Prop_plle2_adv_CLKIN1_CLKOUT0)
                                                     -5.039     6.728 r  u_soc_top/pll_clk.u_clk_pll/inst/plle2_adv_inst/CLKOUT0
                         net (fo=1, unplaced)         0.613     7.341    u_soc_top/pll_clk.u_clk_pll/inst/cpu_clk_clk_pll
                         BUFG (Prop_bufg_I_O)         0.077     7.418 r  u_soc_top/pll_clk.u_clk_pll/inst/clkout1_buf/O
                         net (fo=5297, unplaced)      0.439     7.857    u_soc_top/u_cpu/u_core/cpu_clk
                         FDRE                                         r  u_soc_top/u_cpu/u_core/pc_reg[10]/C
                         clock pessimism             -0.496     7.361    
                         clock uncertainty           -0.094     7.266    
                         FDRE (Setup_fdre_C_D)        0.029     7.295    u_soc_top/u_cpu/u_core/pc_reg[10]
  -------------------------------------------------------------------
                         required time                          7.295    
                         arrival time                          -6.797    
  -------------------------------------------------------------------
                         slack                                  0.499    

Slack (MET) :             0.499ns  (required time - arrival time)
  Source:                 u_soc_top/u_cpu/u_core/fq_instr_reg[0][16]/C
                            (rising edge-triggered cell FDRE clocked by cpu_clk  {rise@0.000ns fall@5.000ns period=10.000ns})
  Destination:            u_soc_top/u_cpu/u_core/pc_reg[10]/D
                            (rising edge-triggered cell FDRE clocked by cpu_clk  {rise@0.000ns fall@5.000ns period=10.000ns})
  Path Group:             cpu_clk
  Path Type:              Setup (Max at Slow Process Corner)
  Requirement:            10.000ns  (cpu_clk rise@10.000ns - cpu_clk rise@0.000ns)
  Data Path Delay:        9.291ns  (logic 3.954ns (42.557%)  route 5.337ns (57.443%))
  Logic Levels:           22  (CARRY4=8 LUT2=2 LUT4=1 LUT5=2 LUT6=9)
  Clock Path Skew:        -0.145ns (DCD - SCD + CPR)
    Destination Clock Delay (DCD):    -2.143ns = ( 7.857 - 10.000 ) 
    Source Clock Delay      (SCD):    -2.494ns
    Clock Pessimism Removal (CPR):    -0.496ns
  Clock Uncertainty:      0.094ns  ((TSJ^2 + DJ^2)^1/2) / 2 + PE
    Total System Jitter     (TSJ):    0.071ns
    Discrete Jitter          (DJ):    0.175ns
    Phase Error              (PE):    0.000ns

    Location             Delay type                Incr(ns)  Path(ns)    Netlist Resource(s)
  -------------------------------------------------------------------    -------------------
                         (clock cpu_clk rise edge)    0.000     0.000 r  
    K21                                               0.000     0.000 r  clk_50M (IN)
                         net (fo=0)                   0.000     0.000    u_soc_top/pll_clk.u_clk_pll/inst/clk_in1
    K21                  IBUF (Prop_ibuf_I_O)         1.394     1.394 r  u_soc_top/pll_clk.u_clk_pll/inst/clkin1_ibufg/O
                         net (fo=1, unplaced)         0.584     1.978    u_soc_top/pll_clk.u_clk_pll/inst/clk_in1_clk_pll
                         PLLE2_ADV (Prop_plle2_adv_CLKIN1_CLKOUT0)
                                                     -5.783    -3.805 r  u_soc_top/pll_clk.u_clk_pll/inst/plle2_adv_inst/CLKOUT0
                         net (fo=1, unplaced)         0.646    -3.159    u_soc_top/pll_clk.u_clk_pll/inst/cpu_clk_clk_pll
                         BUFG (Prop_bufg_I_O)         0.081    -3.078 r  u_soc_top/pll_clk.u_clk_pll/inst/clkout1_buf/O
                         net (fo=5297, unplaced)      0.584    -2.494    u_soc_top/u_cpu/u_core/cpu_clk
                         FDRE                                         r  u_soc_top/u_cpu/u_core/fq_instr_reg[0][16]/C
  -------------------------------------------------------------------    -------------------
                         FDRE (Prop_fdre_C_Q)         0.379    -2.115 f  u_soc_top/u_cpu/u_core/fq_instr_reg[0][16]/Q
                         net (fo=20, unplaced)        0.422    -1.693    u_soc_top/u_cpu/u_core/reg_id_ex0_data/data_out_reg[100]_0[16]
                         LUT2 (Prop_lut2_I0_O)        0.253    -1.440 r  u_soc_top/u_cpu/u_core/reg_id_ex0_data/data_out[14]_i_9/O
                         net (fo=3, unplaced)         0.365    -1.075    u_soc_top/u_cpu/u_core/reg_id_ex0_data/fq_instr_reg[0][16]
                         LUT6 (Prop_lut6_I2_O)        0.105    -0.970 r  u_soc_top/u_cpu/u_core/reg_id_ex0_data/data_out[87]_i_5/O
                         net (fo=1, unplaced)         0.347    -0.623    u_soc_top/u_cpu/u_core/reg_id_ex0_data/data_out[87]_i_5_n_0
                         LUT4 (Prop_lut4_I3_O)        0.105    -0.518 f  u_soc_top/u_cpu/u_core/reg_id_ex0_data/data_out[87]_i_4__1/O
                         net (fo=2, unplaced)         0.358    -0.160    u_soc_top/u_cpu/u_core/reg_id_ex0_data/data_out[87]_i_4__1_n_0
                         LUT5 (Prop_lut5_I4_O)        0.105    -0.055 r  u_soc_top/u_cpu/u_core/reg_id_ex0_data/data_out[3]_i_2__1/O
                         net (fo=2, unplaced)         0.358     0.303    u_soc_top/u_cpu/u_core/reg_id_ex0_data/data_out[3]_i_2__1_n_0
                         LUT6 (Prop_lut6_I2_O)        0.105     0.408 r  u_soc_top/u_cpu/u_core/reg_id_ex0_data/data_out[84]_i_2__1/O
                         net (fo=2, unplaced)         0.358     0.766    u_soc_top/u_cpu/u_core/reg_id_ex0_data/data_out[84]_i_2__1_n_0
                         LUT6 (Prop_lut6_I0_O)        0.105     0.871 r  u_soc_top/u_cpu/u_core/reg_id_ex0_data/data_out[84]_i_1__3/O
                         net (fo=3, unplaced)         0.365     1.236    u_soc_top/u_cpu/u_core/bp_unit/D[1]
                         LUT2 (Prop_lut2_I1_O)        0.105     1.341 r  u_soc_top/u_cpu/u_core/bp_unit/pc[3]_i_7/O
                         net (fo=1, unplaced)         0.000     1.341    u_soc_top/u_cpu/u_core/bp_unit/pc[3]_i_7_n_0
                         CARRY4 (Prop_carry4_S[1]_CO[3])
                                                      0.457     1.798 r  u_soc_top/u_cpu/u_core/bp_unit/pc_reg[3]_i_4/CO[3]
                         net (fo=1, unplaced)         0.000     1.798    u_soc_top/u_cpu/u_core/bp_unit/pc_reg[3]_i_4_n_0
                         CARRY4 (Prop_carry4_CI_CO[3])
                                                      0.098     1.896 r  u_soc_top/u_cpu/u_core/bp_unit/pc_reg[7]_i_4/CO[3]
                         net (fo=1, unplaced)         0.000     1.896    u_soc_top/u_cpu/u_core/bp_unit/pc_reg[7]_i_4_n_0
                         CARRY4 (Prop_carry4_CI_CO[3])
                                                      0.098     1.994 r  u_soc_top/u_cpu/u_core/bp_unit/pc_reg[11]_i_4/CO[3]
                         net (fo=1, unplaced)         0.000     1.994    u_soc_top/u_cpu/u_core/bp_unit/pc_reg[11]_i_4_n_0
                         CARRY4 (Prop_carry4_CI_CO[3])
                                                      0.098     2.092 r  u_soc_top/u_cpu/u_core/bp_unit/pc_reg[15]_i_4/CO[3]
                         net (fo=1, unplaced)         0.000     2.092    u_soc_top/u_cpu/u_core/bp_unit/pc_reg[15]_i_4_n_0
                         CARRY4 (Prop_carry4_CI_CO[3])
                                                      0.098     2.190 r  u_soc_top/u_cpu/u_core/bp_unit/pc_reg[19]_i_4/CO[3]
                         net (fo=1, unplaced)         0.000     2.190    u_soc_top/u_cpu/u_core/bp_unit/pc_reg[19]_i_4_n_0
                         CARRY4 (Prop_carry4_CI_O[3])
                                                      0.275     2.465 r  u_soc_top/u_cpu/u_core/bp_unit/pc_reg[23]_i_4/O[3]
                         net (fo=3, unplaced)         0.537     3.002    u_soc_top/u_cpu/u_core/bp_unit/bp_jump_pc[23]
                         LUT6 (Prop_lut6_I4_O)        0.250     3.252 f  u_soc_top/u_cpu/u_core/bp_unit/fq_pc[0][31]_i_18/O
                         net (fo=1, unplaced)         0.000     3.252    u_soc_top/u_cpu/u_core/hazard_ctrl/fq_pc_reg[0][31]_i_9_0[3]
                         CARRY4 (Prop_carry4_S[3]_CO[3])
                                                      0.332     3.584 f  u_soc_top/u_cpu/u_core/hazard_ctrl/fq_pc_reg[0][31]_i_13/CO[3]
                         net (fo=1, unplaced)         0.000     3.584    u_soc_top/u_cpu/u_core/hazard_ctrl/fq_pc_reg[0][31]_i_13_n_0
                         CARRY4 (Prop_carry4_CI_CO[2])
                                                      0.209     3.793 f  u_soc_top/u_cpu/u_core/hazard_ctrl/fq_pc_reg[0][31]_i_9/CO[2]
                         net (fo=2, unplaced)         0.360     4.153    u_soc_top/u_cpu/u_core/reg_id_ex0_ctrl/fq_valid_reg[0]_5[0]
                         LUT5 (Prop_lut5_I4_O)        0.252     4.405 f  u_soc_top/u_cpu/u_core/reg_id_ex0_ctrl/fq_instr[1][31]_i_11/O
                         net (fo=4, unplaced)         0.371     4.776    u_soc_top/u_cpu/u_core/reg_id_ex0_ctrl/fq_valid_reg[0]_1
                         LUT6 (Prop_lut6_I0_O)        0.105     4.881 f  u_soc_top/u_cpu/u_core/reg_id_ex0_ctrl/pc[31]_i_42/O
                         net (fo=1, unplaced)         0.347     5.228    u_soc_top/u_cpu/u_core/reg_id_ex0_ctrl/pc[31]_i_42_n_0
                         LUT6 (Prop_lut6_I1_O)        0.105     5.333 f  u_soc_top/u_cpu/u_core/reg_id_ex0_ctrl/pc[31]_i_28/O
                         net (fo=1, unplaced)         0.347     5.680    u_soc_top/u_cpu/u_core/reg_id_ex0_ctrl/pc[31]_i_28_n_0
                         LUT6 (Prop_lut6_I0_O)        0.105     5.785 f  u_soc_top/u_cpu/u_core/reg_id_ex0_ctrl/pc[31]_i_16/O
                         net (fo=31, unplaced)        0.417     6.202    u_soc_top/u_cpu/u_core/if_stage/pc_stall_fetch
                         LUT6 (Prop_lut6_I5_O)        0.105     6.307 r  u_soc_top/u_cpu/u_core/if_stage/pc[10]_i_3/O
                         net (fo=8, unplaced)         0.385     6.692    u_soc_top/u_cpu/u_core/reg_id_ex0_ctrl/pc_reg[10]
                         LUT6 (Prop_lut6_I5_O)        0.105     6.797 r  u_soc_top/u_cpu/u_core/reg_id_ex0_ctrl/pc[10]_i_1/O
                         net (fo=1, unplaced)         0.000     6.797    u_soc_top/u_cpu/u_core/next_pc_reg[10]
                         FDRE                                         r  u_soc_top/u_cpu/u_core/pc_reg[10]/D
  -------------------------------------------------------------------    -------------------

                         (clock cpu_clk rise edge)   10.000    10.000 r  
    K21                                               0.000    10.000 r  clk_50M (IN)
                         net (fo=0)                   0.000    10.000    u_soc_top/pll_clk.u_clk_pll/inst/clk_in1
    K21                  IBUF (Prop_ibuf_I_O)         1.328    11.328 r  u_soc_top/pll_clk.u_clk_pll/inst/clkin1_ibufg/O
                         net (fo=1, unplaced)         0.439    11.767    u_soc_top/pll_clk.u_clk_pll/inst/clk_in1_clk_pll
                         PLLE2_ADV (Prop_plle2_adv_CLKIN1_CLKOUT0)
                                                     -5.039     6.728 r  u_soc_top/pll_clk.u_clk_pll/inst/plle2_adv_inst/CLKOUT0
                         net (fo=1, unplaced)         0.613     7.341    u_soc_top/pll_clk.u_clk_pll/inst/cpu_clk_clk_pll
                         BUFG (Prop_bufg_I_O)         0.077     7.418 r  u_soc_top/pll_clk.u_clk_pll/inst/clkout1_buf/O
                         net (fo=5297, unplaced)      0.439     7.857    u_soc_top/u_cpu/u_core/cpu_clk
                         FDRE                                         r  u_soc_top/u_cpu/u_core/pc_reg[10]/C
                         clock pessimism             -0.496     7.361    
                         clock uncertainty           -0.094     7.266    
                         FDRE (Setup_fdre_C_D)        0.029     7.295    u_soc_top/u_cpu/u_core/pc_reg[10]
  -------------------------------------------------------------------
                         required time                          7.295    
                         arrival time                          -6.797    
  -------------------------------------------------------------------
                         slack                                  0.499    

Slack (MET) :             0.499ns  (required time - arrival time)
  Source:                 u_soc_top/u_cpu/u_core/fq_instr_reg[0][16]/C
                            (rising edge-triggered cell FDRE clocked by cpu_clk  {rise@0.000ns fall@5.000ns period=10.000ns})
  Destination:            u_soc_top/u_cpu/u_core/pc_reg[10]_rep/D
                            (rising edge-triggered cell FDRE clocked by cpu_clk  {rise@0.000ns fall@5.000ns period=10.000ns})
  Path Group:             cpu_clk
  Path Type:              Setup (Max at Slow Process Corner)
  Requirement:            10.000ns  (cpu_clk rise@10.000ns - cpu_clk rise@0.000ns)
  Data Path Delay:        9.291ns  (logic 3.954ns (42.557%)  route 5.337ns (57.443%))
  Logic Levels:           22  (CARRY4=8 LUT2=2 LUT4=1 LUT5=2 LUT6=9)
  Clock Path Skew:        -0.145ns (DCD - SCD + CPR)
    Destination Clock Delay (DCD):    -2.143ns = ( 7.857 - 10.000 ) 
    Source Clock Delay      (SCD):    -2.494ns
    Clock Pessimism Removal (CPR):    -0.496ns
  Clock Uncertainty:      0.094ns  ((TSJ^2 + DJ^2)^1/2) / 2 + PE
    Total System Jitter     (TSJ):    0.071ns
    Discrete Jitter          (DJ):    0.175ns
    Phase Error              (PE):    0.000ns

    Location             Delay type                Incr(ns)  Path(ns)    Netlist Resource(s)
  -------------------------------------------------------------------    -------------------
                         (clock cpu_clk rise edge)    0.000     0.000 r  
    K21                                               0.000     0.000 r  clk_50M (IN)
                         net (fo=0)                   0.000     0.000    u_soc_top/pll_clk.u_clk_pll/inst/clk_in1
    K21                  IBUF (Prop_ibuf_I_O)         1.394     1.394 r  u_soc_top/pll_clk.u_clk_pll/inst/clkin1_ibufg/O
                         net (fo=1, unplaced)         0.584     1.978    u_soc_top/pll_clk.u_clk_pll/inst/clk_in1_clk_pll
                         PLLE2_ADV (Prop_plle2_adv_CLKIN1_CLKOUT0)
                                                     -5.783    -3.805 r  u_soc_top/pll_clk.u_clk_pll/inst/plle2_adv_inst/CLKOUT0
                         net (fo=1, unplaced)         0.646    -3.159    u_soc_top/pll_clk.u_clk_pll/inst/cpu_clk_clk_pll
                         BUFG (Prop_bufg_I_O)         0.081    -3.078 r  u_soc_top/pll_clk.u_clk_pll/inst/clkout1_buf/O
                         net (fo=5297, unplaced)      0.584    -2.494    u_soc_top/u_cpu/u_core/cpu_clk
                         FDRE                                         r  u_soc_top/u_cpu/u_core/fq_instr_reg[0][16]/C
  -------------------------------------------------------------------    -------------------
                         FDRE (Prop_fdre_C_Q)         0.379    -2.115 f  u_soc_top/u_cpu/u_core/fq_instr_reg[0][16]/Q
                         net (fo=20, unplaced)        0.422    -1.693    u_soc_top/u_cpu/u_core/reg_id_ex0_data/data_out_reg[100]_0[16]
                         LUT2 (Prop_lut2_I0_O)        0.253    -1.440 r  u_soc_top/u_cpu/u_core/reg_id_ex0_data/data_out[14]_i_9/O
                         net (fo=3, unplaced)         0.365    -1.075    u_soc_top/u_cpu/u_core/reg_id_ex0_data/fq_instr_reg[0][16]
                         LUT6 (Prop_lut6_I2_O)        0.105    -0.970 r  u_soc_top/u_cpu/u_core/reg_id_ex0_data/data_out[87]_i_5/O
                         net (fo=1, unplaced)         0.347    -0.623    u_soc_top/u_cpu/u_core/reg_id_ex0_data/data_out[87]_i_5_n_0
                         LUT4 (Prop_lut4_I3_O)        0.105    -0.518 f  u_soc_top/u_cpu/u_core/reg_id_ex0_data/data_out[87]_i_4__1/O
                         net (fo=2, unplaced)         0.358    -0.160    u_soc_top/u_cpu/u_core/reg_id_ex0_data/data_out[87]_i_4__1_n_0
                         LUT5 (Prop_lut5_I4_O)        0.105    -0.055 r  u_soc_top/u_cpu/u_core/reg_id_ex0_data/data_out[3]_i_2__1/O
                         net (fo=2, unplaced)         0.358     0.303    u_soc_top/u_cpu/u_core/reg_id_ex0_data/data_out[3]_i_2__1_n_0
                         LUT6 (Prop_lut6_I2_O)        0.105     0.408 r  u_soc_top/u_cpu/u_core/reg_id_ex0_data/data_out[84]_i_2__1/O
                         net (fo=2, unplaced)         0.358     0.766    u_soc_top/u_cpu/u_core/reg_id_ex0_data/data_out[84]_i_2__1_n_0
                         LUT6 (Prop_lut6_I0_O)        0.105     0.871 r  u_soc_top/u_cpu/u_core/reg_id_ex0_data/data_out[84]_i_1__3/O
                         net (fo=3, unplaced)         0.365     1.236    u_soc_top/u_cpu/u_core/bp_unit/D[1]
                         LUT2 (Prop_lut2_I1_O)        0.105     1.341 r  u_soc_top/u_cpu/u_core/bp_unit/pc[3]_i_7/O
                         net (fo=1, unplaced)         0.000     1.341    u_soc_top/u_cpu/u_core/bp_unit/pc[3]_i_7_n_0
                         CARRY4 (Prop_carry4_S[1]_CO[3])
                                                      0.457     1.798 r  u_soc_top/u_cpu/u_core/bp_unit/pc_reg[3]_i_4/CO[3]
                         net (fo=1, unplaced)         0.000     1.798    u_soc_top/u_cpu/u_core/bp_unit/pc_reg[3]_i_4_n_0
                         CARRY4 (Prop_carry4_CI_CO[3])
                                                      0.098     1.896 r  u_soc_top/u_cpu/u_core/bp_unit/pc_reg[7]_i_4/CO[3]
                         net (fo=1, unplaced)         0.000     1.896    u_soc_top/u_cpu/u_core/bp_unit/pc_reg[7]_i_4_n_0
                         CARRY4 (Prop_carry4_CI_CO[3])
                                                      0.098     1.994 r  u_soc_top/u_cpu/u_core/bp_unit/pc_reg[11]_i_4/CO[3]
                         net (fo=1, unplaced)         0.000     1.994    u_soc_top/u_cpu/u_core/bp_unit/pc_reg[11]_i_4_n_0
                         CARRY4 (Prop_carry4_CI_CO[3])
                                                      0.098     2.092 r  u_soc_top/u_cpu/u_core/bp_unit/pc_reg[15]_i_4/CO[3]
                         net (fo=1, unplaced)         0.000     2.092    u_soc_top/u_cpu/u_core/bp_unit/pc_reg[15]_i_4_n_0
                         CARRY4 (Prop_carry4_CI_CO[3])
                                                      0.098     2.190 r  u_soc_top/u_cpu/u_core/bp_unit/pc_reg[19]_i_4/CO[3]
                         net (fo=1, unplaced)         0.000     2.190    u_soc_top/u_cpu/u_core/bp_unit/pc_reg[19]_i_4_n_0
                         CARRY4 (Prop_carry4_CI_O[3])
                                                      0.275     2.465 r  u_soc_top/u_cpu/u_core/bp_unit/pc_reg[23]_i_4/O[3]
                         net (fo=3, unplaced)         0.537     3.002    u_soc_top/u_cpu/u_core/bp_unit/bp_jump_pc[23]
                         LUT6 (Prop_lut6_I4_O)        0.250     3.252 r  u_soc_top/u_cpu/u_core/bp_unit/fq_pc[0][31]_i_18/O
                         net (fo=1, unplaced)         0.000     3.252    u_soc_top/u_cpu/u_core/hazard_ctrl/fq_pc_reg[0][31]_i_9_0[3]
                         CARRY4 (Prop_carry4_S[3]_CO[3])
                                                      0.332     3.584 r  u_soc_top/u_cpu/u_core/hazard_ctrl/fq_pc_reg[0][31]_i_13/CO[3]
                         net (fo=1, unplaced)         0.000     3.584    u_soc_top/u_cpu/u_core/hazard_ctrl/fq_pc_reg[0][31]_i_13_n_0
                         CARRY4 (Prop_carry4_CI_CO[2])
                                                      0.209     3.793 r  u_soc_top/u_cpu/u_core/hazard_ctrl/fq_pc_reg[0][31]_i_9/CO[2]
                         net (fo=2, unplaced)         0.360     4.153    u_soc_top/u_cpu/u_core/reg_id_ex0_ctrl/fq_valid_reg[0]_5[0]
                         LUT5 (Prop_lut5_I4_O)        0.252     4.405 r  u_soc_top/u_cpu/u_core/reg_id_ex0_ctrl/fq_instr[1][31]_i_11/O
                         net (fo=4, unplaced)         0.371     4.776    u_soc_top/u_cpu/u_core/reg_id_ex0_ctrl/fq_valid_reg[0]_1
                         LUT6 (Prop_lut6_I0_O)        0.105     4.881 r  u_soc_top/u_cpu/u_core/reg_id_ex0_ctrl/pc[31]_i_42/O
                         net (fo=1, unplaced)         0.347     5.228    u_soc_top/u_cpu/u_core/reg_id_ex0_ctrl/pc[31]_i_42_n_0
                         LUT6 (Prop_lut6_I1_O)        0.105     5.333 r  u_soc_top/u_cpu/u_core/reg_id_ex0_ctrl/pc[31]_i_28/O
                         net (fo=1, unplaced)         0.347     5.680    u_soc_top/u_cpu/u_core/reg_id_ex0_ctrl/pc[31]_i_28_n_0
                         LUT6 (Prop_lut6_I0_O)        0.105     5.785 r  u_soc_top/u_cpu/u_core/reg_id_ex0_ctrl/pc[31]_i_16/O
                         net (fo=31, unplaced)        0.417     6.202    u_soc_top/u_cpu/u_core/if_stage/pc_stall_fetch
                         LUT6 (Prop_lut6_I5_O)        0.105     6.307 r  u_soc_top/u_cpu/u_core/if_stage/pc[10]_i_3/O
                         net (fo=8, unplaced)         0.385     6.692    u_soc_top/u_cpu/u_core/reg_id_ex0_ctrl/pc_reg[10]
                         LUT6 (Prop_lut6_I5_O)        0.105     6.797 r  u_soc_top/u_cpu/u_core/reg_id_ex0_ctrl/pc[10]_rep_i_1/O
                         net (fo=1, unplaced)         0.000     6.797    u_soc_top/u_cpu/u_core/reg_id_ex0_ctrl_n_322
                         FDRE                                         r  u_soc_top/u_cpu/u_core/pc_reg[10]_rep/D
  -------------------------------------------------------------------    -------------------

                         (clock cpu_clk rise edge)   10.000    10.000 r  
    K21                                               0.000    10.000 r  clk_50M (IN)
                         net (fo=0)                   0.000    10.000    u_soc_top/pll_clk.u_clk_pll/inst/clk_in1
    K21                  IBUF (Prop_ibuf_I_O)         1.328    11.328 r  u_soc_top/pll_clk.u_clk_pll/inst/clkin1_ibufg/O
                         net (fo=1, unplaced)         0.439    11.767    u_soc_top/pll_clk.u_clk_pll/inst/clk_in1_clk_pll
                         PLLE2_ADV (Prop_plle2_adv_CLKIN1_CLKOUT0)
                                                     -5.039     6.728 r  u_soc_top/pll_clk.u_clk_pll/inst/plle2_adv_inst/CLKOUT0
                         net (fo=1, unplaced)         0.613     7.341    u_soc_top/pll_clk.u_clk_pll/inst/cpu_clk_clk_pll
                         BUFG (Prop_bufg_I_O)         0.077     7.418 r  u_soc_top/pll_clk.u_clk_pll/inst/clkout1_buf/O
                         net (fo=5297, unplaced)      0.439     7.857    u_soc_top/u_cpu/u_core/cpu_clk
                         FDRE                                         r  u_soc_top/u_cpu/u_core/pc_reg[10]_rep/C
                         clock pessimism             -0.496     7.361    
                         clock uncertainty           -0.094     7.266    
                         FDRE (Setup_fdre_C_D)        0.029     7.295    u_soc_top/u_cpu/u_core/pc_reg[10]_rep
  -------------------------------------------------------------------
                         required time                          7.295    
                         arrival time                          -6.797    
  -------------------------------------------------------------------
                         slack                                  0.499    

Slack (MET) :             0.499ns  (required time - arrival time)
  Source:                 u_soc_top/u_cpu/u_core/fq_instr_reg[0][16]/C
                            (rising edge-triggered cell FDRE clocked by cpu_clk  {rise@0.000ns fall@5.000ns period=10.000ns})
  Destination:            u_soc_top/u_cpu/u_core/pc_reg[10]_rep/D
                            (rising edge-triggered cell FDRE clocked by cpu_clk  {rise@0.000ns fall@5.000ns period=10.000ns})
  Path Group:             cpu_clk
  Path Type:              Setup (Max at Slow Process Corner)
  Requirement:            10.000ns  (cpu_clk rise@10.000ns - cpu_clk rise@0.000ns)
  Data Path Delay:        9.291ns  (logic 3.954ns (42.557%)  route 5.337ns (57.443%))
  Logic Levels:           22  (CARRY4=8 LUT2=2 LUT4=1 LUT5=2 LUT6=9)
  Clock Path Skew:        -0.145ns (DCD - SCD + CPR)
    Destination Clock Delay (DCD):    -2.143ns = ( 7.857 - 10.000 ) 
    Source Clock Delay      (SCD):    -2.494ns
    Clock Pessimism Removal (CPR):    -0.496ns
  Clock Uncertainty:      0.094ns  ((TSJ^2 + DJ^2)^1/2) / 2 + PE
    Total System Jitter     (TSJ):    0.071ns
    Discrete Jitter          (DJ):    0.175ns
    Phase Error              (PE):    0.000ns

    Location             Delay type                Incr(ns)  Path(ns)    Netlist Resource(s)
  -------------------------------------------------------------------    -------------------
                         (clock cpu_clk rise edge)    0.000     0.000 r  
    K21                                               0.000     0.000 r  clk_50M (IN)
                         net (fo=0)                   0.000     0.000    u_soc_top/pll_clk.u_clk_pll/inst/clk_in1
    K21                  IBUF (Prop_ibuf_I_O)         1.394     1.394 r  u_soc_top/pll_clk.u_clk_pll/inst/clkin1_ibufg/O
                         net (fo=1, unplaced)         0.584     1.978    u_soc_top/pll_clk.u_clk_pll/inst/clk_in1_clk_pll
                         PLLE2_ADV (Prop_plle2_adv_CLKIN1_CLKOUT0)
                                                     -5.783    -3.805 r  u_soc_top/pll_clk.u_clk_pll/inst/plle2_adv_inst/CLKOUT0
                         net (fo=1, unplaced)         0.646    -3.159    u_soc_top/pll_clk.u_clk_pll/inst/cpu_clk_clk_pll
                         BUFG (Prop_bufg_I_O)         0.081    -3.078 r  u_soc_top/pll_clk.u_clk_pll/inst/clkout1_buf/O
                         net (fo=5297, unplaced)      0.584    -2.494    u_soc_top/u_cpu/u_core/cpu_clk
                         FDRE                                         r  u_soc_top/u_cpu/u_core/fq_instr_reg[0][16]/C
  -------------------------------------------------------------------    -------------------
                         FDRE (Prop_fdre_C_Q)         0.379    -2.115 f  u_soc_top/u_cpu/u_core/fq_instr_reg[0][16]/Q
                         net (fo=20, unplaced)        0.422    -1.693    u_soc_top/u_cpu/u_core/reg_id_ex0_data/data_out_reg[100]_0[16]
                         LUT2 (Prop_lut2_I0_O)        0.253    -1.440 r  u_soc_top/u_cpu/u_core/reg_id_ex0_data/data_out[14]_i_9/O
                         net (fo=3, unplaced)         0.365    -1.075    u_soc_top/u_cpu/u_core/reg_id_ex0_data/fq_instr_reg[0][16]
                         LUT6 (Prop_lut6_I2_O)        0.105    -0.970 r  u_soc_top/u_cpu/u_core/reg_id_ex0_data/data_out[87]_i_5/O
                         net (fo=1, unplaced)         0.347    -0.623    u_soc_top/u_cpu/u_core/reg_id_ex0_data/data_out[87]_i_5_n_0
                         LUT4 (Prop_lut4_I3_O)        0.105    -0.518 f  u_soc_top/u_cpu/u_core/reg_id_ex0_data/data_out[87]_i_4__1/O
                         net (fo=2, unplaced)         0.358    -0.160    u_soc_top/u_cpu/u_core/reg_id_ex0_data/data_out[87]_i_4__1_n_0
                         LUT5 (Prop_lut5_I4_O)        0.105    -0.055 r  u_soc_top/u_cpu/u_core/reg_id_ex0_data/data_out[3]_i_2__1/O
                         net (fo=2, unplaced)         0.358     0.303    u_soc_top/u_cpu/u_core/reg_id_ex0_data/data_out[3]_i_2__1_n_0
                         LUT6 (Prop_lut6_I2_O)        0.105     0.408 r  u_soc_top/u_cpu/u_core/reg_id_ex0_data/data_out[84]_i_2__1/O
                         net (fo=2, unplaced)         0.358     0.766    u_soc_top/u_cpu/u_core/reg_id_ex0_data/data_out[84]_i_2__1_n_0
                         LUT6 (Prop_lut6_I0_O)        0.105     0.871 r  u_soc_top/u_cpu/u_core/reg_id_ex0_data/data_out[84]_i_1__3/O
                         net (fo=3, unplaced)         0.365     1.236    u_soc_top/u_cpu/u_core/bp_unit/D[1]
                         LUT2 (Prop_lut2_I1_O)        0.105     1.341 r  u_soc_top/u_cpu/u_core/bp_unit/pc[3]_i_7/O
                         net (fo=1, unplaced)         0.000     1.341    u_soc_top/u_cpu/u_core/bp_unit/pc[3]_i_7_n_0
                         CARRY4 (Prop_carry4_S[1]_CO[3])
                                                      0.457     1.798 r  u_soc_top/u_cpu/u_core/bp_unit/pc_reg[3]_i_4/CO[3]
                         net (fo=1, unplaced)         0.000     1.798    u_soc_top/u_cpu/u_core/bp_unit/pc_reg[3]_i_4_n_0
                         CARRY4 (Prop_carry4_CI_CO[3])
                                                      0.098     1.896 r  u_soc_top/u_cpu/u_core/bp_unit/pc_reg[7]_i_4/CO[3]
                         net (fo=1, unplaced)         0.000     1.896    u_soc_top/u_cpu/u_core/bp_unit/pc_reg[7]_i_4_n_0
                         CARRY4 (Prop_carry4_CI_CO[3])
                                                      0.098     1.994 r  u_soc_top/u_cpu/u_core/bp_unit/pc_reg[11]_i_4/CO[3]
                         net (fo=1, unplaced)         0.000     1.994    u_soc_top/u_cpu/u_core/bp_unit/pc_reg[11]_i_4_n_0
                         CARRY4 (Prop_carry4_CI_CO[3])
                                                      0.098     2.092 r  u_soc_top/u_cpu/u_core/bp_unit/pc_reg[15]_i_4/CO[3]
                         net (fo=1, unplaced)         0.000     2.092    u_soc_top/u_cpu/u_core/bp_unit/pc_reg[15]_i_4_n_0
                         CARRY4 (Prop_carry4_CI_CO[3])
                                                      0.098     2.190 r  u_soc_top/u_cpu/u_core/bp_unit/pc_reg[19]_i_4/CO[3]
                         net (fo=1, unplaced)         0.000     2.190    u_soc_top/u_cpu/u_core/bp_unit/pc_reg[19]_i_4_n_0
                         CARRY4 (Prop_carry4_CI_O[3])
                                                      0.275     2.465 r  u_soc_top/u_cpu/u_core/bp_unit/pc_reg[23]_i_4/O[3]
                         net (fo=3, unplaced)         0.537     3.002    u_soc_top/u_cpu/u_core/bp_unit/bp_jump_pc[23]
                         LUT6 (Prop_lut6_I4_O)        0.250     3.252 f  u_soc_top/u_cpu/u_core/bp_unit/fq_pc[0][31]_i_18/O
                         net (fo=1, unplaced)         0.000     3.252    u_soc_top/u_cpu/u_core/hazard_ctrl/fq_pc_reg[0][31]_i_9_0[3]
                         CARRY4 (Prop_carry4_S[3]_CO[3])
                                                      0.332     3.584 r  u_soc_top/u_cpu/u_core/hazard_ctrl/fq_pc_reg[0][31]_i_13/CO[3]
                         net (fo=1, unplaced)         0.000     3.584    u_soc_top/u_cpu/u_core/hazard_ctrl/fq_pc_reg[0][31]_i_13_n_0
                         CARRY4 (Prop_carry4_CI_CO[2])
                                                      0.209     3.793 r  u_soc_top/u_cpu/u_core/hazard_ctrl/fq_pc_reg[0][31]_i_9/CO[2]
                         net (fo=2, unplaced)         0.360     4.153    u_soc_top/u_cpu/u_core/reg_id_ex0_ctrl/fq_valid_reg[0]_5[0]
                         LUT5 (Prop_lut5_I4_O)        0.252     4.405 r  u_soc_top/u_cpu/u_core/reg_id_ex0_ctrl/fq_instr[1][31]_i_11/O
                         net (fo=4, unplaced)         0.371     4.776    u_soc_top/u_cpu/u_core/reg_id_ex0_ctrl/fq_valid_reg[0]_1
                         LUT6 (Prop_lut6_I0_O)        0.105     4.881 r  u_soc_top/u_cpu/u_core/reg_id_ex0_ctrl/pc[31]_i_42/O
                         net (fo=1, unplaced)         0.347     5.228    u_soc_top/u_cpu/u_core/reg_id_ex0_ctrl/pc[31]_i_42_n_0
                         LUT6 (Prop_lut6_I1_O)        0.105     5.333 r  u_soc_top/u_cpu/u_core/reg_id_ex0_ctrl/pc[31]_i_28/O
                         net (fo=1, unplaced)         0.347     5.680    u_soc_top/u_cpu/u_core/reg_id_ex0_ctrl/pc[31]_i_28_n_0
                         LUT6 (Prop_lut6_I0_O)        0.105     5.785 r  u_soc_top/u_cpu/u_core/reg_id_ex0_ctrl/pc[31]_i_16/O
                         net (fo=31, unplaced)        0.417     6.202    u_soc_top/u_cpu/u_core/if_stage/pc_stall_fetch
                         LUT6 (Prop_lut6_I5_O)        0.105     6.307 r  u_soc_top/u_cpu/u_core/if_stage/pc[10]_i_3/O
                         net (fo=8, unplaced)         0.385     6.692    u_soc_top/u_cpu/u_core/reg_id_ex0_ctrl/pc_reg[10]
                         LUT6 (Prop_lut6_I5_O)        0.105     6.797 r  u_soc_top/u_cpu/u_core/reg_id_ex0_ctrl/pc[10]_rep_i_1/O
                         net (fo=1, unplaced)         0.000     6.797    u_soc_top/u_cpu/u_core/reg_id_ex0_ctrl_n_322
                         FDRE                                         r  u_soc_top/u_cpu/u_core/pc_reg[10]_rep/D
  -------------------------------------------------------------------    -------------------

                         (clock cpu_clk rise edge)   10.000    10.000 r  
    K21                                               0.000    10.000 r  clk_50M (IN)
                         net (fo=0)                   0.000    10.000    u_soc_top/pll_clk.u_clk_pll/inst/clk_in1
    K21                  IBUF (Prop_ibuf_I_O)         1.328    11.328 r  u_soc_top/pll_clk.u_clk_pll/inst/clkin1_ibufg/O
                         net (fo=1, unplaced)         0.439    11.767    u_soc_top/pll_clk.u_clk_pll/inst/clk_in1_clk_pll
                         PLLE2_ADV (Prop_plle2_adv_CLKIN1_CLKOUT0)
                                                     -5.039     6.728 r  u_soc_top/pll_clk.u_clk_pll/inst/plle2_adv_inst/CLKOUT0
                         net (fo=1, unplaced)         0.613     7.341    u_soc_top/pll_clk.u_clk_pll/inst/cpu_clk_clk_pll
                         BUFG (Prop_bufg_I_O)         0.077     7.418 r  u_soc_top/pll_clk.u_clk_pll/inst/clkout1_buf/O
                         net (fo=5297, unplaced)      0.439     7.857    u_soc_top/u_cpu/u_core/cpu_clk
                         FDRE                                         r  u_soc_top/u_cpu/u_core/pc_reg[10]_rep/C
                         clock pessimism             -0.496     7.361    
                         clock uncertainty           -0.094     7.266    
                         FDRE (Setup_fdre_C_D)        0.029     7.295    u_soc_top/u_cpu/u_core/pc_reg[10]_rep
  -------------------------------------------------------------------
                         required time                          7.295    
                         arrival time                          -6.797    
  -------------------------------------------------------------------
                         slack                                  0.499    

Slack (MET) :             0.499ns  (required time - arrival time)
  Source:                 u_soc_top/u_cpu/u_core/fq_instr_reg[0][16]/C
                            (rising edge-triggered cell FDRE clocked by cpu_clk  {rise@0.000ns fall@5.000ns period=10.000ns})
  Destination:            u_soc_top/u_cpu/u_core/pc_reg[10]_rep/D
                            (rising edge-triggered cell FDRE clocked by cpu_clk  {rise@0.000ns fall@5.000ns period=10.000ns})
  Path Group:             cpu_clk
  Path Type:              Setup (Max at Slow Process Corner)
  Requirement:            10.000ns  (cpu_clk rise@10.000ns - cpu_clk rise@0.000ns)
  Data Path Delay:        9.291ns  (logic 3.954ns (42.557%)  route 5.337ns (57.443%))
  Logic Levels:           22  (CARRY4=8 LUT2=2 LUT4=1 LUT5=2 LUT6=9)
  Clock Path Skew:        -0.145ns (DCD - SCD + CPR)
    Destination Clock Delay (DCD):    -2.143ns = ( 7.857 - 10.000 ) 
    Source Clock Delay      (SCD):    -2.494ns
    Clock Pessimism Removal (CPR):    -0.496ns
  Clock Uncertainty:      0.094ns  ((TSJ^2 + DJ^2)^1/2) / 2 + PE
    Total System Jitter     (TSJ):    0.071ns
    Discrete Jitter          (DJ):    0.175ns
    Phase Error              (PE):    0.000ns

    Location             Delay type                Incr(ns)  Path(ns)    Netlist Resource(s)
  -------------------------------------------------------------------    -------------------
                         (clock cpu_clk rise edge)    0.000     0.000 r  
    K21                                               0.000     0.000 r  clk_50M (IN)
                         net (fo=0)                   0.000     0.000    u_soc_top/pll_clk.u_clk_pll/inst/clk_in1
    K21                  IBUF (Prop_ibuf_I_O)         1.394     1.394 r  u_soc_top/pll_clk.u_clk_pll/inst/clkin1_ibufg/O
                         net (fo=1, unplaced)         0.584     1.978    u_soc_top/pll_clk.u_clk_pll/inst/clk_in1_clk_pll
                         PLLE2_ADV (Prop_plle2_adv_CLKIN1_CLKOUT0)
                                                     -5.783    -3.805 r  u_soc_top/pll_clk.u_clk_pll/inst/plle2_adv_inst/CLKOUT0
                         net (fo=1, unplaced)         0.646    -3.159    u_soc_top/pll_clk.u_clk_pll/inst/cpu_clk_clk_pll
                         BUFG (Prop_bufg_I_O)         0.081    -3.078 r  u_soc_top/pll_clk.u_clk_pll/inst/clkout1_buf/O
                         net (fo=5297, unplaced)      0.584    -2.494    u_soc_top/u_cpu/u_core/cpu_clk
                         FDRE                                         r  u_soc_top/u_cpu/u_core/fq_instr_reg[0][16]/C
  -------------------------------------------------------------------    -------------------
                         FDRE (Prop_fdre_C_Q)         0.379    -2.115 f  u_soc_top/u_cpu/u_core/fq_instr_reg[0][16]/Q
                         net (fo=20, unplaced)        0.422    -1.693    u_soc_top/u_cpu/u_core/reg_id_ex0_data/data_out_reg[100]_0[16]
                         LUT2 (Prop_lut2_I0_O)        0.253    -1.440 r  u_soc_top/u_cpu/u_core/reg_id_ex0_data/data_out[14]_i_9/O
                         net (fo=3, unplaced)         0.365    -1.075    u_soc_top/u_cpu/u_core/reg_id_ex0_data/fq_instr_reg[0][16]
                         LUT6 (Prop_lut6_I2_O)        0.105    -0.970 r  u_soc_top/u_cpu/u_core/reg_id_ex0_data/data_out[87]_i_5/O
                         net (fo=1, unplaced)         0.347    -0.623    u_soc_top/u_cpu/u_core/reg_id_ex0_data/data_out[87]_i_5_n_0
                         LUT4 (Prop_lut4_I3_O)        0.105    -0.518 f  u_soc_top/u_cpu/u_core/reg_id_ex0_data/data_out[87]_i_4__1/O
                         net (fo=2, unplaced)         0.358    -0.160    u_soc_top/u_cpu/u_core/reg_id_ex0_data/data_out[87]_i_4__1_n_0
                         LUT5 (Prop_lut5_I4_O)        0.105    -0.055 r  u_soc_top/u_cpu/u_core/reg_id_ex0_data/data_out[3]_i_2__1/O
                         net (fo=2, unplaced)         0.358     0.303    u_soc_top/u_cpu/u_core/reg_id_ex0_data/data_out[3]_i_2__1_n_0
                         LUT6 (Prop_lut6_I2_O)        0.105     0.408 r  u_soc_top/u_cpu/u_core/reg_id_ex0_data/data_out[84]_i_2__1/O
                         net (fo=2, unplaced)         0.358     0.766    u_soc_top/u_cpu/u_core/reg_id_ex0_data/data_out[84]_i_2__1_n_0
                         LUT6 (Prop_lut6_I0_O)        0.105     0.871 r  u_soc_top/u_cpu/u_core/reg_id_ex0_data/data_out[84]_i_1__3/O
                         net (fo=3, unplaced)         0.365     1.236    u_soc_top/u_cpu/u_core/bp_unit/D[1]
                         LUT2 (Prop_lut2_I1_O)        0.105     1.341 r  u_soc_top/u_cpu/u_core/bp_unit/pc[3]_i_7/O
                         net (fo=1, unplaced)         0.000     1.341    u_soc_top/u_cpu/u_core/bp_unit/pc[3]_i_7_n_0
                         CARRY4 (Prop_carry4_S[1]_CO[3])
                                                      0.457     1.798 r  u_soc_top/u_cpu/u_core/bp_unit/pc_reg[3]_i_4/CO[3]
                         net (fo=1, unplaced)         0.000     1.798    u_soc_top/u_cpu/u_core/bp_unit/pc_reg[3]_i_4_n_0
                         CARRY4 (Prop_carry4_CI_CO[3])
                                                      0.098     1.896 r  u_soc_top/u_cpu/u_core/bp_unit/pc_reg[7]_i_4/CO[3]
                         net (fo=1, unplaced)         0.000     1.896    u_soc_top/u_cpu/u_core/bp_unit/pc_reg[7]_i_4_n_0
                         CARRY4 (Prop_carry4_CI_CO[3])
                                                      0.098     1.994 r  u_soc_top/u_cpu/u_core/bp_unit/pc_reg[11]_i_4/CO[3]
                         net (fo=1, unplaced)         0.000     1.994    u_soc_top/u_cpu/u_core/bp_unit/pc_reg[11]_i_4_n_0
                         CARRY4 (Prop_carry4_CI_CO[3])
                                                      0.098     2.092 r  u_soc_top/u_cpu/u_core/bp_unit/pc_reg[15]_i_4/CO[3]
                         net (fo=1, unplaced)         0.000     2.092    u_soc_top/u_cpu/u_core/bp_unit/pc_reg[15]_i_4_n_0
                         CARRY4 (Prop_carry4_CI_CO[3])
                                                      0.098     2.190 r  u_soc_top/u_cpu/u_core/bp_unit/pc_reg[19]_i_4/CO[3]
                         net (fo=1, unplaced)         0.000     2.190    u_soc_top/u_cpu/u_core/bp_unit/pc_reg[19]_i_4_n_0
                         CARRY4 (Prop_carry4_CI_O[3])
                                                      0.275     2.465 r  u_soc_top/u_cpu/u_core/bp_unit/pc_reg[23]_i_4/O[3]
                         net (fo=3, unplaced)         0.537     3.002    u_soc_top/u_cpu/u_core/bp_unit/bp_jump_pc[23]
                         LUT6 (Prop_lut6_I4_O)        0.250     3.252 r  u_soc_top/u_cpu/u_core/bp_unit/fq_pc[0][31]_i_18/O
                         net (fo=1, unplaced)         0.000     3.252    u_soc_top/u_cpu/u_core/hazard_ctrl/fq_pc_reg[0][31]_i_9_0[3]
                         CARRY4 (Prop_carry4_S[3]_CO[3])
                                                      0.332     3.584 f  u_soc_top/u_cpu/u_core/hazard_ctrl/fq_pc_reg[0][31]_i_13/CO[3]
                         net (fo=1, unplaced)         0.000     3.584    u_soc_top/u_cpu/u_core/hazard_ctrl/fq_pc_reg[0][31]_i_13_n_0
                         CARRY4 (Prop_carry4_CI_CO[2])
                                                      0.209     3.793 r  u_soc_top/u_cpu/u_core/hazard_ctrl/fq_pc_reg[0][31]_i_9/CO[2]
                         net (fo=2, unplaced)         0.360     4.153    u_soc_top/u_cpu/u_core/reg_id_ex0_ctrl/fq_valid_reg[0]_5[0]
                         LUT5 (Prop_lut5_I4_O)        0.252     4.405 r  u_soc_top/u_cpu/u_core/reg_id_ex0_ctrl/fq_instr[1][31]_i_11/O
                         net (fo=4, unplaced)         0.371     4.776    u_soc_top/u_cpu/u_core/reg_id_ex0_ctrl/fq_valid_reg[0]_1
                         LUT6 (Prop_lut6_I0_O)        0.105     4.881 r  u_soc_top/u_cpu/u_core/reg_id_ex0_ctrl/pc[31]_i_42/O
                         net (fo=1, unplaced)         0.347     5.228    u_soc_top/u_cpu/u_core/reg_id_ex0_ctrl/pc[31]_i_42_n_0
                         LUT6 (Prop_lut6_I1_O)        0.105     5.333 r  u_soc_top/u_cpu/u_core/reg_id_ex0_ctrl/pc[31]_i_28/O
                         net (fo=1, unplaced)         0.347     5.680    u_soc_top/u_cpu/u_core/reg_id_ex0_ctrl/pc[31]_i_28_n_0
                         LUT6 (Prop_lut6_I0_O)        0.105     5.785 r  u_soc_top/u_cpu/u_core/reg_id_ex0_ctrl/pc[31]_i_16/O
                         net (fo=31, unplaced)        0.417     6.202    u_soc_top/u_cpu/u_core/if_stage/pc_stall_fetch
                         LUT6 (Prop_lut6_I5_O)        0.105     6.307 r  u_soc_top/u_cpu/u_core/if_stage/pc[10]_i_3/O
                         net (fo=8, unplaced)         0.385     6.692    u_soc_top/u_cpu/u_core/reg_id_ex0_ctrl/pc_reg[10]
                         LUT6 (Prop_lut6_I5_O)        0.105     6.797 r  u_soc_top/u_cpu/u_core/reg_id_ex0_ctrl/pc[10]_rep_i_1/O
                         net (fo=1, unplaced)         0.000     6.797    u_soc_top/u_cpu/u_core/reg_id_ex0_ctrl_n_322
                         FDRE                                         r  u_soc_top/u_cpu/u_core/pc_reg[10]_rep/D
  -------------------------------------------------------------------    -------------------

                         (clock cpu_clk rise edge)   10.000    10.000 r  
    K21                                               0.000    10.000 r  clk_50M (IN)
                         net (fo=0)                   0.000    10.000    u_soc_top/pll_clk.u_clk_pll/inst/clk_in1
    K21                  IBUF (Prop_ibuf_I_O)         1.328    11.328 r  u_soc_top/pll_clk.u_clk_pll/inst/clkin1_ibufg/O
                         net (fo=1, unplaced)         0.439    11.767    u_soc_top/pll_clk.u_clk_pll/inst/clk_in1_clk_pll
                         PLLE2_ADV (Prop_plle2_adv_CLKIN1_CLKOUT0)
                                                     -5.039     6.728 r  u_soc_top/pll_clk.u_clk_pll/inst/plle2_adv_inst/CLKOUT0
                         net (fo=1, unplaced)         0.613     7.341    u_soc_top/pll_clk.u_clk_pll/inst/cpu_clk_clk_pll
                         BUFG (Prop_bufg_I_O)         0.077     7.418 r  u_soc_top/pll_clk.u_clk_pll/inst/clkout1_buf/O
                         net (fo=5297, unplaced)      0.439     7.857    u_soc_top/u_cpu/u_core/cpu_clk
                         FDRE                                         r  u_soc_top/u_cpu/u_core/pc_reg[10]_rep/C
                         clock pessimism             -0.496     7.361    
                         clock uncertainty           -0.094     7.266    
                         FDRE (Setup_fdre_C_D)        0.029     7.295    u_soc_top/u_cpu/u_core/pc_reg[10]_rep
  -------------------------------------------------------------------
                         required time                          7.295    
                         arrival time                          -6.797    
  -------------------------------------------------------------------
                         slack                                  0.499    

Slack (MET) :             0.499ns  (required time - arrival time)
  Source:                 u_soc_top/u_cpu/u_core/fq_instr_reg[0][16]/C
                            (rising edge-triggered cell FDRE clocked by cpu_clk  {rise@0.000ns fall@5.000ns period=10.000ns})
  Destination:            u_soc_top/u_cpu/u_core/pc_reg[10]_rep/D
                            (rising edge-triggered cell FDRE clocked by cpu_clk  {rise@0.000ns fall@5.000ns period=10.000ns})
  Path Group:             cpu_clk
  Path Type:              Setup (Max at Slow Process Corner)
  Requirement:            10.000ns  (cpu_clk rise@10.000ns - cpu_clk rise@0.000ns)
  Data Path Delay:        9.291ns  (logic 3.954ns (42.557%)  route 5.337ns (57.443%))
  Logic Levels:           22  (CARRY4=8 LUT2=2 LUT4=1 LUT5=2 LUT6=9)
  Clock Path Skew:        -0.145ns (DCD - SCD + CPR)
    Destination Clock Delay (DCD):    -2.143ns = ( 7.857 - 10.000 ) 
    Source Clock Delay      (SCD):    -2.494ns
    Clock Pessimism Removal (CPR):    -0.496ns
  Clock Uncertainty:      0.094ns  ((TSJ^2 + DJ^2)^1/2) / 2 + PE
    Total System Jitter     (TSJ):    0.071ns
    Discrete Jitter          (DJ):    0.175ns
    Phase Error              (PE):    0.000ns

    Location             Delay type                Incr(ns)  Path(ns)    Netlist Resource(s)
  -------------------------------------------------------------------    -------------------
                         (clock cpu_clk rise edge)    0.000     0.000 r  
    K21                                               0.000     0.000 r  clk_50M (IN)
                         net (fo=0)                   0.000     0.000    u_soc_top/pll_clk.u_clk_pll/inst/clk_in1
    K21                  IBUF (Prop_ibuf_I_O)         1.394     1.394 r  u_soc_top/pll_clk.u_clk_pll/inst/clkin1_ibufg/O
                         net (fo=1, unplaced)         0.584     1.978    u_soc_top/pll_clk.u_clk_pll/inst/clk_in1_clk_pll
                         PLLE2_ADV (Prop_plle2_adv_CLKIN1_CLKOUT0)
                                                     -5.783    -3.805 r  u_soc_top/pll_clk.u_clk_pll/inst/plle2_adv_inst/CLKOUT0
                         net (fo=1, unplaced)         0.646    -3.159    u_soc_top/pll_clk.u_clk_pll/inst/cpu_clk_clk_pll
                         BUFG (Prop_bufg_I_O)         0.081    -3.078 r  u_soc_top/pll_clk.u_clk_pll/inst/clkout1_buf/O
                         net (fo=5297, unplaced)      0.584    -2.494    u_soc_top/u_cpu/u_core/cpu_clk
                         FDRE                                         r  u_soc_top/u_cpu/u_core/fq_instr_reg[0][16]/C
  -------------------------------------------------------------------    -------------------
                         FDRE (Prop_fdre_C_Q)         0.379    -2.115 f  u_soc_top/u_cpu/u_core/fq_instr_reg[0][16]/Q
                         net (fo=20, unplaced)        0.422    -1.693    u_soc_top/u_cpu/u_core/reg_id_ex0_data/data_out_reg[100]_0[16]
                         LUT2 (Prop_lut2_I0_O)        0.253    -1.440 r  u_soc_top/u_cpu/u_core/reg_id_ex0_data/data_out[14]_i_9/O
                         net (fo=3, unplaced)         0.365    -1.075    u_soc_top/u_cpu/u_core/reg_id_ex0_data/fq_instr_reg[0][16]
                         LUT6 (Prop_lut6_I2_O)        0.105    -0.970 r  u_soc_top/u_cpu/u_core/reg_id_ex0_data/data_out[87]_i_5/O
                         net (fo=1, unplaced)         0.347    -0.623    u_soc_top/u_cpu/u_core/reg_id_ex0_data/data_out[87]_i_5_n_0
                         LUT4 (Prop_lut4_I3_O)        0.105    -0.518 f  u_soc_top/u_cpu/u_core/reg_id_ex0_data/data_out[87]_i_4__1/O
                         net (fo=2, unplaced)         0.358    -0.160    u_soc_top/u_cpu/u_core/reg_id_ex0_data/data_out[87]_i_4__1_n_0
                         LUT5 (Prop_lut5_I4_O)        0.105    -0.055 r  u_soc_top/u_cpu/u_core/reg_id_ex0_data/data_out[3]_i_2__1/O
                         net (fo=2, unplaced)         0.358     0.303    u_soc_top/u_cpu/u_core/reg_id_ex0_data/data_out[3]_i_2__1_n_0
                         LUT6 (Prop_lut6_I2_O)        0.105     0.408 r  u_soc_top/u_cpu/u_core/reg_id_ex0_data/data_out[84]_i_2__1/O
                         net (fo=2, unplaced)         0.358     0.766    u_soc_top/u_cpu/u_core/reg_id_ex0_data/data_out[84]_i_2__1_n_0
                         LUT6 (Prop_lut6_I0_O)        0.105     0.871 r  u_soc_top/u_cpu/u_core/reg_id_ex0_data/data_out[84]_i_1__3/O
                         net (fo=3, unplaced)         0.365     1.236    u_soc_top/u_cpu/u_core/bp_unit/D[1]
                         LUT2 (Prop_lut2_I1_O)        0.105     1.341 r  u_soc_top/u_cpu/u_core/bp_unit/pc[3]_i_7/O
                         net (fo=1, unplaced)         0.000     1.341    u_soc_top/u_cpu/u_core/bp_unit/pc[3]_i_7_n_0
                         CARRY4 (Prop_carry4_S[1]_CO[3])
                                                      0.457     1.798 r  u_soc_top/u_cpu/u_core/bp_unit/pc_reg[3]_i_4/CO[3]
                         net (fo=1, unplaced)         0.000     1.798    u_soc_top/u_cpu/u_core/bp_unit/pc_reg[3]_i_4_n_0
                         CARRY4 (Prop_carry4_CI_CO[3])
                                                      0.098     1.896 r  u_soc_top/u_cpu/u_core/bp_unit/pc_reg[7]_i_4/CO[3]
                         net (fo=1, unplaced)         0.000     1.896    u_soc_top/u_cpu/u_core/bp_unit/pc_reg[7]_i_4_n_0
                         CARRY4 (Prop_carry4_CI_CO[3])
                                                      0.098     1.994 r  u_soc_top/u_cpu/u_core/bp_unit/pc_reg[11]_i_4/CO[3]
                         net (fo=1, unplaced)         0.000     1.994    u_soc_top/u_cpu/u_core/bp_unit/pc_reg[11]_i_4_n_0
                         CARRY4 (Prop_carry4_CI_CO[3])
                                                      0.098     2.092 r  u_soc_top/u_cpu/u_core/bp_unit/pc_reg[15]_i_4/CO[3]
                         net (fo=1, unplaced)         0.000     2.092    u_soc_top/u_cpu/u_core/bp_unit/pc_reg[15]_i_4_n_0
                         CARRY4 (Prop_carry4_CI_CO[3])
                                                      0.098     2.190 r  u_soc_top/u_cpu/u_core/bp_unit/pc_reg[19]_i_4/CO[3]
                         net (fo=1, unplaced)         0.000     2.190    u_soc_top/u_cpu/u_core/bp_unit/pc_reg[19]_i_4_n_0
                         CARRY4 (Prop_carry4_CI_O[3])
                                                      0.275     2.465 r  u_soc_top/u_cpu/u_core/bp_unit/pc_reg[23]_i_4/O[3]
                         net (fo=3, unplaced)         0.537     3.002    u_soc_top/u_cpu/u_core/bp_unit/bp_jump_pc[23]
                         LUT6 (Prop_lut6_I4_O)        0.250     3.252 f  u_soc_top/u_cpu/u_core/bp_unit/fq_pc[0][31]_i_18/O
                         net (fo=1, unplaced)         0.000     3.252    u_soc_top/u_cpu/u_core/hazard_ctrl/fq_pc_reg[0][31]_i_9_0[3]
                         CARRY4 (Prop_carry4_S[3]_CO[3])
                                                      0.332     3.584 f  u_soc_top/u_cpu/u_core/hazard_ctrl/fq_pc_reg[0][31]_i_13/CO[3]
                         net (fo=1, unplaced)         0.000     3.584    u_soc_top/u_cpu/u_core/hazard_ctrl/fq_pc_reg[0][31]_i_13_n_0
                         CARRY4 (Prop_carry4_CI_CO[2])
                                                      0.209     3.793 r  u_soc_top/u_cpu/u_core/hazard_ctrl/fq_pc_reg[0][31]_i_9/CO[2]
                         net (fo=2, unplaced)         0.360     4.153    u_soc_top/u_cpu/u_core/reg_id_ex0_ctrl/fq_valid_reg[0]_5[0]
                         LUT5 (Prop_lut5_I4_O)        0.252     4.405 r  u_soc_top/u_cpu/u_core/reg_id_ex0_ctrl/fq_instr[1][31]_i_11/O
                         net (fo=4, unplaced)         0.371     4.776    u_soc_top/u_cpu/u_core/reg_id_ex0_ctrl/fq_valid_reg[0]_1
                         LUT6 (Prop_lut6_I0_O)        0.105     4.881 r  u_soc_top/u_cpu/u_core/reg_id_ex0_ctrl/pc[31]_i_42/O
                         net (fo=1, unplaced)         0.347     5.228    u_soc_top/u_cpu/u_core/reg_id_ex0_ctrl/pc[31]_i_42_n_0
                         LUT6 (Prop_lut6_I1_O)        0.105     5.333 r  u_soc_top/u_cpu/u_core/reg_id_ex0_ctrl/pc[31]_i_28/O
                         net (fo=1, unplaced)         0.347     5.680    u_soc_top/u_cpu/u_core/reg_id_ex0_ctrl/pc[31]_i_28_n_0
                         LUT6 (Prop_lut6_I0_O)        0.105     5.785 r  u_soc_top/u_cpu/u_core/reg_id_ex0_ctrl/pc[31]_i_16/O
                         net (fo=31, unplaced)        0.417     6.202    u_soc_top/u_cpu/u_core/if_stage/pc_stall_fetch
                         LUT6 (Prop_lut6_I5_O)        0.105     6.307 r  u_soc_top/u_cpu/u_core/if_stage/pc[10]_i_3/O
                         net (fo=8, unplaced)         0.385     6.692    u_soc_top/u_cpu/u_core/reg_id_ex0_ctrl/pc_reg[10]
                         LUT6 (Prop_lut6_I5_O)        0.105     6.797 r  u_soc_top/u_cpu/u_core/reg_id_ex0_ctrl/pc[10]_rep_i_1/O
                         net (fo=1, unplaced)         0.000     6.797    u_soc_top/u_cpu/u_core/reg_id_ex0_ctrl_n_322
                         FDRE                                         r  u_soc_top/u_cpu/u_core/pc_reg[10]_rep/D
  -------------------------------------------------------------------    -------------------

                         (clock cpu_clk rise edge)   10.000    10.000 r  
    K21                                               0.000    10.000 r  clk_50M (IN)
                         net (fo=0)                   0.000    10.000    u_soc_top/pll_clk.u_clk_pll/inst/clk_in1
    K21                  IBUF (Prop_ibuf_I_O)         1.328    11.328 r  u_soc_top/pll_clk.u_clk_pll/inst/clkin1_ibufg/O
                         net (fo=1, unplaced)         0.439    11.767    u_soc_top/pll_clk.u_clk_pll/inst/clk_in1_clk_pll
                         PLLE2_ADV (Prop_plle2_adv_CLKIN1_CLKOUT0)
                                                     -5.039     6.728 r  u_soc_top/pll_clk.u_clk_pll/inst/plle2_adv_inst/CLKOUT0
                         net (fo=1, unplaced)         0.613     7.341    u_soc_top/pll_clk.u_clk_pll/inst/cpu_clk_clk_pll
                         BUFG (Prop_bufg_I_O)         0.077     7.418 r  u_soc_top/pll_clk.u_clk_pll/inst/clkout1_buf/O
                         net (fo=5297, unplaced)      0.439     7.857    u_soc_top/u_cpu/u_core/cpu_clk
                         FDRE                                         r  u_soc_top/u_cpu/u_core/pc_reg[10]_rep/C
                         clock pessimism             -0.496     7.361    
                         clock uncertainty           -0.094     7.266    
                         FDRE (Setup_fdre_C_D)        0.029     7.295    u_soc_top/u_cpu/u_core/pc_reg[10]_rep
  -------------------------------------------------------------------
                         required time                          7.295    
                         arrival time                          -6.797    
  -------------------------------------------------------------------
                         slack                                  0.499    

Slack (MET) :             0.499ns  (required time - arrival time)
  Source:                 u_soc_top/u_cpu/u_core/fq_instr_reg[0][16]/C
                            (rising edge-triggered cell FDRE clocked by cpu_clk  {rise@0.000ns fall@5.000ns period=10.000ns})
  Destination:            u_soc_top/u_cpu/u_core/pc_reg[10]_rep/D
                            (rising edge-triggered cell FDRE clocked by cpu_clk  {rise@0.000ns fall@5.000ns period=10.000ns})
  Path Group:             cpu_clk
  Path Type:              Setup (Max at Slow Process Corner)
  Requirement:            10.000ns  (cpu_clk rise@10.000ns - cpu_clk rise@0.000ns)
  Data Path Delay:        9.291ns  (logic 3.954ns (42.557%)  route 5.337ns (57.443%))
  Logic Levels:           22  (CARRY4=8 LUT2=2 LUT4=1 LUT5=2 LUT6=9)
  Clock Path Skew:        -0.145ns (DCD - SCD + CPR)
    Destination Clock Delay (DCD):    -2.143ns = ( 7.857 - 10.000 ) 
    Source Clock Delay      (SCD):    -2.494ns
    Clock Pessimism Removal (CPR):    -0.496ns
  Clock Uncertainty:      0.094ns  ((TSJ^2 + DJ^2)^1/2) / 2 + PE
    Total System Jitter     (TSJ):    0.071ns
    Discrete Jitter          (DJ):    0.175ns
    Phase Error              (PE):    0.000ns

    Location             Delay type                Incr(ns)  Path(ns)    Netlist Resource(s)
  -------------------------------------------------------------------    -------------------
                         (clock cpu_clk rise edge)    0.000     0.000 r  
    K21                                               0.000     0.000 r  clk_50M (IN)
                         net (fo=0)                   0.000     0.000    u_soc_top/pll_clk.u_clk_pll/inst/clk_in1
    K21                  IBUF (Prop_ibuf_I_O)         1.394     1.394 r  u_soc_top/pll_clk.u_clk_pll/inst/clkin1_ibufg/O
                         net (fo=1, unplaced)         0.584     1.978    u_soc_top/pll_clk.u_clk_pll/inst/clk_in1_clk_pll
                         PLLE2_ADV (Prop_plle2_adv_CLKIN1_CLKOUT0)
                                                     -5.783    -3.805 r  u_soc_top/pll_clk.u_clk_pll/inst/plle2_adv_inst/CLKOUT0
                         net (fo=1, unplaced)         0.646    -3.159    u_soc_top/pll_clk.u_clk_pll/inst/cpu_clk_clk_pll
                         BUFG (Prop_bufg_I_O)         0.081    -3.078 r  u_soc_top/pll_clk.u_clk_pll/inst/clkout1_buf/O
                         net (fo=5297, unplaced)      0.584    -2.494    u_soc_top/u_cpu/u_core/cpu_clk
                         FDRE                                         r  u_soc_top/u_cpu/u_core/fq_instr_reg[0][16]/C
  -------------------------------------------------------------------    -------------------
                         FDRE (Prop_fdre_C_Q)         0.379    -2.115 f  u_soc_top/u_cpu/u_core/fq_instr_reg[0][16]/Q
                         net (fo=20, unplaced)        0.422    -1.693    u_soc_top/u_cpu/u_core/reg_id_ex0_data/data_out_reg[100]_0[16]
                         LUT2 (Prop_lut2_I0_O)        0.253    -1.440 r  u_soc_top/u_cpu/u_core/reg_id_ex0_data/data_out[14]_i_9/O
                         net (fo=3, unplaced)         0.365    -1.075    u_soc_top/u_cpu/u_core/reg_id_ex0_data/fq_instr_reg[0][16]
                         LUT6 (Prop_lut6_I2_O)        0.105    -0.970 r  u_soc_top/u_cpu/u_core/reg_id_ex0_data/data_out[87]_i_5/O
                         net (fo=1, unplaced)         0.347    -0.623    u_soc_top/u_cpu/u_core/reg_id_ex0_data/data_out[87]_i_5_n_0
                         LUT4 (Prop_lut4_I3_O)        0.105    -0.518 f  u_soc_top/u_cpu/u_core/reg_id_ex0_data/data_out[87]_i_4__1/O
                         net (fo=2, unplaced)         0.358    -0.160    u_soc_top/u_cpu/u_core/reg_id_ex0_data/data_out[87]_i_4__1_n_0
                         LUT5 (Prop_lut5_I4_O)        0.105    -0.055 r  u_soc_top/u_cpu/u_core/reg_id_ex0_data/data_out[3]_i_2__1/O
                         net (fo=2, unplaced)         0.358     0.303    u_soc_top/u_cpu/u_core/reg_id_ex0_data/data_out[3]_i_2__1_n_0
                         LUT6 (Prop_lut6_I2_O)        0.105     0.408 r  u_soc_top/u_cpu/u_core/reg_id_ex0_data/data_out[84]_i_2__1/O
                         net (fo=2, unplaced)         0.358     0.766    u_soc_top/u_cpu/u_core/reg_id_ex0_data/data_out[84]_i_2__1_n_0
                         LUT6 (Prop_lut6_I0_O)        0.105     0.871 r  u_soc_top/u_cpu/u_core/reg_id_ex0_data/data_out[84]_i_1__3/O
                         net (fo=3, unplaced)         0.365     1.236    u_soc_top/u_cpu/u_core/bp_unit/D[1]
                         LUT2 (Prop_lut2_I1_O)        0.105     1.341 r  u_soc_top/u_cpu/u_core/bp_unit/pc[3]_i_7/O
                         net (fo=1, unplaced)         0.000     1.341    u_soc_top/u_cpu/u_core/bp_unit/pc[3]_i_7_n_0
                         CARRY4 (Prop_carry4_S[1]_CO[3])
                                                      0.457     1.798 r  u_soc_top/u_cpu/u_core/bp_unit/pc_reg[3]_i_4/CO[3]
                         net (fo=1, unplaced)         0.000     1.798    u_soc_top/u_cpu/u_core/bp_unit/pc_reg[3]_i_4_n_0
                         CARRY4 (Prop_carry4_CI_CO[3])
                                                      0.098     1.896 r  u_soc_top/u_cpu/u_core/bp_unit/pc_reg[7]_i_4/CO[3]
                         net (fo=1, unplaced)         0.000     1.896    u_soc_top/u_cpu/u_core/bp_unit/pc_reg[7]_i_4_n_0
                         CARRY4 (Prop_carry4_CI_CO[3])
                                                      0.098     1.994 r  u_soc_top/u_cpu/u_core/bp_unit/pc_reg[11]_i_4/CO[3]
                         net (fo=1, unplaced)         0.000     1.994    u_soc_top/u_cpu/u_core/bp_unit/pc_reg[11]_i_4_n_0
                         CARRY4 (Prop_carry4_CI_CO[3])
                                                      0.098     2.092 r  u_soc_top/u_cpu/u_core/bp_unit/pc_reg[15]_i_4/CO[3]
                         net (fo=1, unplaced)         0.000     2.092    u_soc_top/u_cpu/u_core/bp_unit/pc_reg[15]_i_4_n_0
                         CARRY4 (Prop_carry4_CI_CO[3])
                                                      0.098     2.190 r  u_soc_top/u_cpu/u_core/bp_unit/pc_reg[19]_i_4/CO[3]
                         net (fo=1, unplaced)         0.000     2.190    u_soc_top/u_cpu/u_core/bp_unit/pc_reg[19]_i_4_n_0
                         CARRY4 (Prop_carry4_CI_O[3])
                                                      0.275     2.465 r  u_soc_top/u_cpu/u_core/bp_unit/pc_reg[23]_i_4/O[3]
                         net (fo=3, unplaced)         0.537     3.002    u_soc_top/u_cpu/u_core/bp_unit/bp_jump_pc[23]
                         LUT6 (Prop_lut6_I4_O)        0.250     3.252 r  u_soc_top/u_cpu/u_core/bp_unit/fq_pc[0][31]_i_18/O
                         net (fo=1, unplaced)         0.000     3.252    u_soc_top/u_cpu/u_core/hazard_ctrl/fq_pc_reg[0][31]_i_9_0[3]
                         CARRY4 (Prop_carry4_S[3]_CO[3])
                                                      0.332     3.584 r  u_soc_top/u_cpu/u_core/hazard_ctrl/fq_pc_reg[0][31]_i_13/CO[3]
                         net (fo=1, unplaced)         0.000     3.584    u_soc_top/u_cpu/u_core/hazard_ctrl/fq_pc_reg[0][31]_i_13_n_0
                         CARRY4 (Prop_carry4_CI_CO[2])
                                                      0.209     3.793 f  u_soc_top/u_cpu/u_core/hazard_ctrl/fq_pc_reg[0][31]_i_9/CO[2]
                         net (fo=2, unplaced)         0.360     4.153    u_soc_top/u_cpu/u_core/reg_id_ex0_ctrl/fq_valid_reg[0]_5[0]
                         LUT5 (Prop_lut5_I4_O)        0.252     4.405 f  u_soc_top/u_cpu/u_core/reg_id_ex0_ctrl/fq_instr[1][31]_i_11/O
                         net (fo=4, unplaced)         0.371     4.776    u_soc_top/u_cpu/u_core/reg_id_ex0_ctrl/fq_valid_reg[0]_1
                         LUT6 (Prop_lut6_I0_O)        0.105     4.881 f  u_soc_top/u_cpu/u_core/reg_id_ex0_ctrl/pc[31]_i_42/O
                         net (fo=1, unplaced)         0.347     5.228    u_soc_top/u_cpu/u_core/reg_id_ex0_ctrl/pc[31]_i_42_n_0
                         LUT6 (Prop_lut6_I1_O)        0.105     5.333 f  u_soc_top/u_cpu/u_core/reg_id_ex0_ctrl/pc[31]_i_28/O
                         net (fo=1, unplaced)         0.347     5.680    u_soc_top/u_cpu/u_core/reg_id_ex0_ctrl/pc[31]_i_28_n_0
                         LUT6 (Prop_lut6_I0_O)        0.105     5.785 f  u_soc_top/u_cpu/u_core/reg_id_ex0_ctrl/pc[31]_i_16/O
                         net (fo=31, unplaced)        0.417     6.202    u_soc_top/u_cpu/u_core/if_stage/pc_stall_fetch
                         LUT6 (Prop_lut6_I5_O)        0.105     6.307 r  u_soc_top/u_cpu/u_core/if_stage/pc[10]_i_3/O
                         net (fo=8, unplaced)         0.385     6.692    u_soc_top/u_cpu/u_core/reg_id_ex0_ctrl/pc_reg[10]
                         LUT6 (Prop_lut6_I5_O)        0.105     6.797 r  u_soc_top/u_cpu/u_core/reg_id_ex0_ctrl/pc[10]_rep_i_1/O
                         net (fo=1, unplaced)         0.000     6.797    u_soc_top/u_cpu/u_core/reg_id_ex0_ctrl_n_322
                         FDRE                                         r  u_soc_top/u_cpu/u_core/pc_reg[10]_rep/D
  -------------------------------------------------------------------    -------------------

                         (clock cpu_clk rise edge)   10.000    10.000 r  
    K21                                               0.000    10.000 r  clk_50M (IN)
                         net (fo=0)                   0.000    10.000    u_soc_top/pll_clk.u_clk_pll/inst/clk_in1
    K21                  IBUF (Prop_ibuf_I_O)         1.328    11.328 r  u_soc_top/pll_clk.u_clk_pll/inst/clkin1_ibufg/O
                         net (fo=1, unplaced)         0.439    11.767    u_soc_top/pll_clk.u_clk_pll/inst/clk_in1_clk_pll
                         PLLE2_ADV (Prop_plle2_adv_CLKIN1_CLKOUT0)
                                                     -5.039     6.728 r  u_soc_top/pll_clk.u_clk_pll/inst/plle2_adv_inst/CLKOUT0
                         net (fo=1, unplaced)         0.613     7.341    u_soc_top/pll_clk.u_clk_pll/inst/cpu_clk_clk_pll
                         BUFG (Prop_bufg_I_O)         0.077     7.418 r  u_soc_top/pll_clk.u_clk_pll/inst/clkout1_buf/O
                         net (fo=5297, unplaced)      0.439     7.857    u_soc_top/u_cpu/u_core/cpu_clk
                         FDRE                                         r  u_soc_top/u_cpu/u_core/pc_reg[10]_rep/C
                         clock pessimism             -0.496     7.361    
                         clock uncertainty           -0.094     7.266    
                         FDRE (Setup_fdre_C_D)        0.029     7.295    u_soc_top/u_cpu/u_core/pc_reg[10]_rep
  -------------------------------------------------------------------
                         required time                          7.295    
                         arrival time                          -6.797    
  -------------------------------------------------------------------
                         slack                                  0.499    

Slack (MET) :             0.499ns  (required time - arrival time)
  Source:                 u_soc_top/u_cpu/u_core/fq_instr_reg[0][16]/C
                            (rising edge-triggered cell FDRE clocked by cpu_clk  {rise@0.000ns fall@5.000ns period=10.000ns})
  Destination:            u_soc_top/u_cpu/u_core/pc_reg[10]_rep/D
                            (rising edge-triggered cell FDRE clocked by cpu_clk  {rise@0.000ns fall@5.000ns period=10.000ns})
  Path Group:             cpu_clk
  Path Type:              Setup (Max at Slow Process Corner)
  Requirement:            10.000ns  (cpu_clk rise@10.000ns - cpu_clk rise@0.000ns)
  Data Path Delay:        9.291ns  (logic 3.954ns (42.557%)  route 5.337ns (57.443%))
  Logic Levels:           22  (CARRY4=8 LUT2=2 LUT4=1 LUT5=2 LUT6=9)
  Clock Path Skew:        -0.145ns (DCD - SCD + CPR)
    Destination Clock Delay (DCD):    -2.143ns = ( 7.857 - 10.000 ) 
    Source Clock Delay      (SCD):    -2.494ns
    Clock Pessimism Removal (CPR):    -0.496ns
  Clock Uncertainty:      0.094ns  ((TSJ^2 + DJ^2)^1/2) / 2 + PE
    Total System Jitter     (TSJ):    0.071ns
    Discrete Jitter          (DJ):    0.175ns
    Phase Error              (PE):    0.000ns

    Location             Delay type                Incr(ns)  Path(ns)    Netlist Resource(s)
  -------------------------------------------------------------------    -------------------
                         (clock cpu_clk rise edge)    0.000     0.000 r  
    K21                                               0.000     0.000 r  clk_50M (IN)
                         net (fo=0)                   0.000     0.000    u_soc_top/pll_clk.u_clk_pll/inst/clk_in1
    K21                  IBUF (Prop_ibuf_I_O)         1.394     1.394 r  u_soc_top/pll_clk.u_clk_pll/inst/clkin1_ibufg/O
                         net (fo=1, unplaced)         0.584     1.978    u_soc_top/pll_clk.u_clk_pll/inst/clk_in1_clk_pll
                         PLLE2_ADV (Prop_plle2_adv_CLKIN1_CLKOUT0)
                                                     -5.783    -3.805 r  u_soc_top/pll_clk.u_clk_pll/inst/plle2_adv_inst/CLKOUT0
                         net (fo=1, unplaced)         0.646    -3.159    u_soc_top/pll_clk.u_clk_pll/inst/cpu_clk_clk_pll
                         BUFG (Prop_bufg_I_O)         0.081    -3.078 r  u_soc_top/pll_clk.u_clk_pll/inst/clkout1_buf/O
                         net (fo=5297, unplaced)      0.584    -2.494    u_soc_top/u_cpu/u_core/cpu_clk
                         FDRE                                         r  u_soc_top/u_cpu/u_core/fq_instr_reg[0][16]/C
  -------------------------------------------------------------------    -------------------
                         FDRE (Prop_fdre_C_Q)         0.379    -2.115 f  u_soc_top/u_cpu/u_core/fq_instr_reg[0][16]/Q
                         net (fo=20, unplaced)        0.422    -1.693    u_soc_top/u_cpu/u_core/reg_id_ex0_data/data_out_reg[100]_0[16]
                         LUT2 (Prop_lut2_I0_O)        0.253    -1.440 r  u_soc_top/u_cpu/u_core/reg_id_ex0_data/data_out[14]_i_9/O
                         net (fo=3, unplaced)         0.365    -1.075    u_soc_top/u_cpu/u_core/reg_id_ex0_data/fq_instr_reg[0][16]
                         LUT6 (Prop_lut6_I2_O)        0.105    -0.970 r  u_soc_top/u_cpu/u_core/reg_id_ex0_data/data_out[87]_i_5/O
                         net (fo=1, unplaced)         0.347    -0.623    u_soc_top/u_cpu/u_core/reg_id_ex0_data/data_out[87]_i_5_n_0
                         LUT4 (Prop_lut4_I3_O)        0.105    -0.518 f  u_soc_top/u_cpu/u_core/reg_id_ex0_data/data_out[87]_i_4__1/O
                         net (fo=2, unplaced)         0.358    -0.160    u_soc_top/u_cpu/u_core/reg_id_ex0_data/data_out[87]_i_4__1_n_0
                         LUT5 (Prop_lut5_I4_O)        0.105    -0.055 r  u_soc_top/u_cpu/u_core/reg_id_ex0_data/data_out[3]_i_2__1/O
                         net (fo=2, unplaced)         0.358     0.303    u_soc_top/u_cpu/u_core/reg_id_ex0_data/data_out[3]_i_2__1_n_0
                         LUT6 (Prop_lut6_I2_O)        0.105     0.408 r  u_soc_top/u_cpu/u_core/reg_id_ex0_data/data_out[84]_i_2__1/O
                         net (fo=2, unplaced)         0.358     0.766    u_soc_top/u_cpu/u_core/reg_id_ex0_data/data_out[84]_i_2__1_n_0
                         LUT6 (Prop_lut6_I0_O)        0.105     0.871 r  u_soc_top/u_cpu/u_core/reg_id_ex0_data/data_out[84]_i_1__3/O
                         net (fo=3, unplaced)         0.365     1.236    u_soc_top/u_cpu/u_core/bp_unit/D[1]
                         LUT2 (Prop_lut2_I1_O)        0.105     1.341 r  u_soc_top/u_cpu/u_core/bp_unit/pc[3]_i_7/O
                         net (fo=1, unplaced)         0.000     1.341    u_soc_top/u_cpu/u_core/bp_unit/pc[3]_i_7_n_0
                         CARRY4 (Prop_carry4_S[1]_CO[3])
                                                      0.457     1.798 r  u_soc_top/u_cpu/u_core/bp_unit/pc_reg[3]_i_4/CO[3]
                         net (fo=1, unplaced)         0.000     1.798    u_soc_top/u_cpu/u_core/bp_unit/pc_reg[3]_i_4_n_0
                         CARRY4 (Prop_carry4_CI_CO[3])
                                                      0.098     1.896 r  u_soc_top/u_cpu/u_core/bp_unit/pc_reg[7]_i_4/CO[3]
                         net (fo=1, unplaced)         0.000     1.896    u_soc_top/u_cpu/u_core/bp_unit/pc_reg[7]_i_4_n_0
                         CARRY4 (Prop_carry4_CI_CO[3])
                                                      0.098     1.994 r  u_soc_top/u_cpu/u_core/bp_unit/pc_reg[11]_i_4/CO[3]
                         net (fo=1, unplaced)         0.000     1.994    u_soc_top/u_cpu/u_core/bp_unit/pc_reg[11]_i_4_n_0
                         CARRY4 (Prop_carry4_CI_CO[3])
                                                      0.098     2.092 r  u_soc_top/u_cpu/u_core/bp_unit/pc_reg[15]_i_4/CO[3]
                         net (fo=1, unplaced)         0.000     2.092    u_soc_top/u_cpu/u_core/bp_unit/pc_reg[15]_i_4_n_0
                         CARRY4 (Prop_carry4_CI_CO[3])
                                                      0.098     2.190 r  u_soc_top/u_cpu/u_core/bp_unit/pc_reg[19]_i_4/CO[3]
                         net (fo=1, unplaced)         0.000     2.190    u_soc_top/u_cpu/u_core/bp_unit/pc_reg[19]_i_4_n_0
                         CARRY4 (Prop_carry4_CI_O[3])
                                                      0.275     2.465 r  u_soc_top/u_cpu/u_core/bp_unit/pc_reg[23]_i_4/O[3]
                         net (fo=3, unplaced)         0.537     3.002    u_soc_top/u_cpu/u_core/bp_unit/bp_jump_pc[23]
                         LUT6 (Prop_lut6_I4_O)        0.250     3.252 f  u_soc_top/u_cpu/u_core/bp_unit/fq_pc[0][31]_i_18/O
                         net (fo=1, unplaced)         0.000     3.252    u_soc_top/u_cpu/u_core/hazard_ctrl/fq_pc_reg[0][31]_i_9_0[3]
                         CARRY4 (Prop_carry4_S[3]_CO[3])
                                                      0.332     3.584 r  u_soc_top/u_cpu/u_core/hazard_ctrl/fq_pc_reg[0][31]_i_13/CO[3]
                         net (fo=1, unplaced)         0.000     3.584    u_soc_top/u_cpu/u_core/hazard_ctrl/fq_pc_reg[0][31]_i_13_n_0
                         CARRY4 (Prop_carry4_CI_CO[2])
                                                      0.209     3.793 f  u_soc_top/u_cpu/u_core/hazard_ctrl/fq_pc_reg[0][31]_i_9/CO[2]
                         net (fo=2, unplaced)         0.360     4.153    u_soc_top/u_cpu/u_core/reg_id_ex0_ctrl/fq_valid_reg[0]_5[0]
                         LUT5 (Prop_lut5_I4_O)        0.252     4.405 f  u_soc_top/u_cpu/u_core/reg_id_ex0_ctrl/fq_instr[1][31]_i_11/O
                         net (fo=4, unplaced)         0.371     4.776    u_soc_top/u_cpu/u_core/reg_id_ex0_ctrl/fq_valid_reg[0]_1
                         LUT6 (Prop_lut6_I0_O)        0.105     4.881 f  u_soc_top/u_cpu/u_core/reg_id_ex0_ctrl/pc[31]_i_42/O
                         net (fo=1, unplaced)         0.347     5.228    u_soc_top/u_cpu/u_core/reg_id_ex0_ctrl/pc[31]_i_42_n_0
                         LUT6 (Prop_lut6_I1_O)        0.105     5.333 f  u_soc_top/u_cpu/u_core/reg_id_ex0_ctrl/pc[31]_i_28/O
                         net (fo=1, unplaced)         0.347     5.680    u_soc_top/u_cpu/u_core/reg_id_ex0_ctrl/pc[31]_i_28_n_0
                         LUT6 (Prop_lut6_I0_O)        0.105     5.785 f  u_soc_top/u_cpu/u_core/reg_id_ex0_ctrl/pc[31]_i_16/O
                         net (fo=31, unplaced)        0.417     6.202    u_soc_top/u_cpu/u_core/if_stage/pc_stall_fetch
                         LUT6 (Prop_lut6_I5_O)        0.105     6.307 r  u_soc_top/u_cpu/u_core/if_stage/pc[10]_i_3/O
                         net (fo=8, unplaced)         0.385     6.692    u_soc_top/u_cpu/u_core/reg_id_ex0_ctrl/pc_reg[10]
                         LUT6 (Prop_lut6_I5_O)        0.105     6.797 r  u_soc_top/u_cpu/u_core/reg_id_ex0_ctrl/pc[10]_rep_i_1/O
                         net (fo=1, unplaced)         0.000     6.797    u_soc_top/u_cpu/u_core/reg_id_ex0_ctrl_n_322
                         FDRE                                         r  u_soc_top/u_cpu/u_core/pc_reg[10]_rep/D
  -------------------------------------------------------------------    -------------------

                         (clock cpu_clk rise edge)   10.000    10.000 r  
    K21                                               0.000    10.000 r  clk_50M (IN)
                         net (fo=0)                   0.000    10.000    u_soc_top/pll_clk.u_clk_pll/inst/clk_in1
    K21                  IBUF (Prop_ibuf_I_O)         1.328    11.328 r  u_soc_top/pll_clk.u_clk_pll/inst/clkin1_ibufg/O
                         net (fo=1, unplaced)         0.439    11.767    u_soc_top/pll_clk.u_clk_pll/inst/clk_in1_clk_pll
                         PLLE2_ADV (Prop_plle2_adv_CLKIN1_CLKOUT0)
                                                     -5.039     6.728 r  u_soc_top/pll_clk.u_clk_pll/inst/plle2_adv_inst/CLKOUT0
                         net (fo=1, unplaced)         0.613     7.341    u_soc_top/pll_clk.u_clk_pll/inst/cpu_clk_clk_pll
                         BUFG (Prop_bufg_I_O)         0.077     7.418 r  u_soc_top/pll_clk.u_clk_pll/inst/clkout1_buf/O
                         net (fo=5297, unplaced)      0.439     7.857    u_soc_top/u_cpu/u_core/cpu_clk
                         FDRE                                         r  u_soc_top/u_cpu/u_core/pc_reg[10]_rep/C
                         clock pessimism             -0.496     7.361    
                         clock uncertainty           -0.094     7.266    
                         FDRE (Setup_fdre_C_D)        0.029     7.295    u_soc_top/u_cpu/u_core/pc_reg[10]_rep
  -------------------------------------------------------------------
                         required time                          7.295    
                         arrival time                          -6.797    
  -------------------------------------------------------------------
                         slack                                  0.499    

Slack (MET) :             0.499ns  (required time - arrival time)
  Source:                 u_soc_top/u_cpu/u_core/fq_instr_reg[0][16]/C
                            (rising edge-triggered cell FDRE clocked by cpu_clk  {rise@0.000ns fall@5.000ns period=10.000ns})
  Destination:            u_soc_top/u_cpu/u_core/pc_reg[10]_rep/D
                            (rising edge-triggered cell FDRE clocked by cpu_clk  {rise@0.000ns fall@5.000ns period=10.000ns})
  Path Group:             cpu_clk
  Path Type:              Setup (Max at Slow Process Corner)
  Requirement:            10.000ns  (cpu_clk rise@10.000ns - cpu_clk rise@0.000ns)
  Data Path Delay:        9.291ns  (logic 3.954ns (42.557%)  route 5.337ns (57.443%))
  Logic Levels:           22  (CARRY4=8 LUT2=2 LUT4=1 LUT5=2 LUT6=9)
  Clock Path Skew:        -0.145ns (DCD - SCD + CPR)
    Destination Clock Delay (DCD):    -2.143ns = ( 7.857 - 10.000 ) 
    Source Clock Delay      (SCD):    -2.494ns
    Clock Pessimism Removal (CPR):    -0.496ns
  Clock Uncertainty:      0.094ns  ((TSJ^2 + DJ^2)^1/2) / 2 + PE
    Total System Jitter     (TSJ):    0.071ns
    Discrete Jitter          (DJ):    0.175ns
    Phase Error              (PE):    0.000ns

    Location             Delay type                Incr(ns)  Path(ns)    Netlist Resource(s)
  -------------------------------------------------------------------    -------------------
                         (clock cpu_clk rise edge)    0.000     0.000 r  
    K21                                               0.000     0.000 r  clk_50M (IN)
                         net (fo=0)                   0.000     0.000    u_soc_top/pll_clk.u_clk_pll/inst/clk_in1
    K21                  IBUF (Prop_ibuf_I_O)         1.394     1.394 r  u_soc_top/pll_clk.u_clk_pll/inst/clkin1_ibufg/O
                         net (fo=1, unplaced)         0.584     1.978    u_soc_top/pll_clk.u_clk_pll/inst/clk_in1_clk_pll
                         PLLE2_ADV (Prop_plle2_adv_CLKIN1_CLKOUT0)
                                                     -5.783    -3.805 r  u_soc_top/pll_clk.u_clk_pll/inst/plle2_adv_inst/CLKOUT0
                         net (fo=1, unplaced)         0.646    -3.159    u_soc_top/pll_clk.u_clk_pll/inst/cpu_clk_clk_pll
                         BUFG (Prop_bufg_I_O)         0.081    -3.078 r  u_soc_top/pll_clk.u_clk_pll/inst/clkout1_buf/O
                         net (fo=5297, unplaced)      0.584    -2.494    u_soc_top/u_cpu/u_core/cpu_clk
                         FDRE                                         r  u_soc_top/u_cpu/u_core/fq_instr_reg[0][16]/C
  -------------------------------------------------------------------    -------------------
                         FDRE (Prop_fdre_C_Q)         0.379    -2.115 f  u_soc_top/u_cpu/u_core/fq_instr_reg[0][16]/Q
                         net (fo=20, unplaced)        0.422    -1.693    u_soc_top/u_cpu/u_core/reg_id_ex0_data/data_out_reg[100]_0[16]
                         LUT2 (Prop_lut2_I0_O)        0.253    -1.440 r  u_soc_top/u_cpu/u_core/reg_id_ex0_data/data_out[14]_i_9/O
                         net (fo=3, unplaced)         0.365    -1.075    u_soc_top/u_cpu/u_core/reg_id_ex0_data/fq_instr_reg[0][16]
                         LUT6 (Prop_lut6_I2_O)        0.105    -0.970 r  u_soc_top/u_cpu/u_core/reg_id_ex0_data/data_out[87]_i_5/O
                         net (fo=1, unplaced)         0.347    -0.623    u_soc_top/u_cpu/u_core/reg_id_ex0_data/data_out[87]_i_5_n_0
                         LUT4 (Prop_lut4_I3_O)        0.105    -0.518 f  u_soc_top/u_cpu/u_core/reg_id_ex0_data/data_out[87]_i_4__1/O
                         net (fo=2, unplaced)         0.358    -0.160    u_soc_top/u_cpu/u_core/reg_id_ex0_data/data_out[87]_i_4__1_n_0
                         LUT5 (Prop_lut5_I4_O)        0.105    -0.055 r  u_soc_top/u_cpu/u_core/reg_id_ex0_data/data_out[3]_i_2__1/O
                         net (fo=2, unplaced)         0.358     0.303    u_soc_top/u_cpu/u_core/reg_id_ex0_data/data_out[3]_i_2__1_n_0
                         LUT6 (Prop_lut6_I2_O)        0.105     0.408 r  u_soc_top/u_cpu/u_core/reg_id_ex0_data/data_out[84]_i_2__1/O
                         net (fo=2, unplaced)         0.358     0.766    u_soc_top/u_cpu/u_core/reg_id_ex0_data/data_out[84]_i_2__1_n_0
                         LUT6 (Prop_lut6_I0_O)        0.105     0.871 r  u_soc_top/u_cpu/u_core/reg_id_ex0_data/data_out[84]_i_1__3/O
                         net (fo=3, unplaced)         0.365     1.236    u_soc_top/u_cpu/u_core/bp_unit/D[1]
                         LUT2 (Prop_lut2_I1_O)        0.105     1.341 r  u_soc_top/u_cpu/u_core/bp_unit/pc[3]_i_7/O
                         net (fo=1, unplaced)         0.000     1.341    u_soc_top/u_cpu/u_core/bp_unit/pc[3]_i_7_n_0
                         CARRY4 (Prop_carry4_S[1]_CO[3])
                                                      0.457     1.798 r  u_soc_top/u_cpu/u_core/bp_unit/pc_reg[3]_i_4/CO[3]
                         net (fo=1, unplaced)         0.000     1.798    u_soc_top/u_cpu/u_core/bp_unit/pc_reg[3]_i_4_n_0
                         CARRY4 (Prop_carry4_CI_CO[3])
                                                      0.098     1.896 r  u_soc_top/u_cpu/u_core/bp_unit/pc_reg[7]_i_4/CO[3]
                         net (fo=1, unplaced)         0.000     1.896    u_soc_top/u_cpu/u_core/bp_unit/pc_reg[7]_i_4_n_0
                         CARRY4 (Prop_carry4_CI_CO[3])
                                                      0.098     1.994 r  u_soc_top/u_cpu/u_core/bp_unit/pc_reg[11]_i_4/CO[3]
                         net (fo=1, unplaced)         0.000     1.994    u_soc_top/u_cpu/u_core/bp_unit/pc_reg[11]_i_4_n_0
                         CARRY4 (Prop_carry4_CI_CO[3])
                                                      0.098     2.092 r  u_soc_top/u_cpu/u_core/bp_unit/pc_reg[15]_i_4/CO[3]
                         net (fo=1, unplaced)         0.000     2.092    u_soc_top/u_cpu/u_core/bp_unit/pc_reg[15]_i_4_n_0
                         CARRY4 (Prop_carry4_CI_CO[3])
                                                      0.098     2.190 r  u_soc_top/u_cpu/u_core/bp_unit/pc_reg[19]_i_4/CO[3]
                         net (fo=1, unplaced)         0.000     2.190    u_soc_top/u_cpu/u_core/bp_unit/pc_reg[19]_i_4_n_0
                         CARRY4 (Prop_carry4_CI_O[3])
                                                      0.275     2.465 f  u_soc_top/u_cpu/u_core/bp_unit/pc_reg[23]_i_4/O[3]
                         net (fo=3, unplaced)         0.537     3.002    u_soc_top/u_cpu/u_core/bp_unit/bp_jump_pc[23]
                         LUT6 (Prop_lut6_I4_O)        0.250     3.252 f  u_soc_top/u_cpu/u_core/bp_unit/fq_pc[0][31]_i_18/O
                         net (fo=1, unplaced)         0.000     3.252    u_soc_top/u_cpu/u_core/hazard_ctrl/fq_pc_reg[0][31]_i_9_0[3]
                         CARRY4 (Prop_carry4_S[3]_CO[3])
                                                      0.332     3.584 r  u_soc_top/u_cpu/u_core/hazard_ctrl/fq_pc_reg[0][31]_i_13/CO[3]
                         net (fo=1, unplaced)         0.000     3.584    u_soc_top/u_cpu/u_core/hazard_ctrl/fq_pc_reg[0][31]_i_13_n_0
                         CARRY4 (Prop_carry4_CI_CO[2])
                                                      0.209     3.793 f  u_soc_top/u_cpu/u_core/hazard_ctrl/fq_pc_reg[0][31]_i_9/CO[2]
                         net (fo=2, unplaced)         0.360     4.153    u_soc_top/u_cpu/u_core/reg_id_ex0_ctrl/fq_valid_reg[0]_5[0]
                         LUT5 (Prop_lut5_I4_O)        0.252     4.405 f  u_soc_top/u_cpu/u_core/reg_id_ex0_ctrl/fq_instr[1][31]_i_11/O
                         net (fo=4, unplaced)         0.371     4.776    u_soc_top/u_cpu/u_core/reg_id_ex0_ctrl/fq_valid_reg[0]_1
                         LUT6 (Prop_lut6_I0_O)        0.105     4.881 f  u_soc_top/u_cpu/u_core/reg_id_ex0_ctrl/pc[31]_i_42/O
                         net (fo=1, unplaced)         0.347     5.228    u_soc_top/u_cpu/u_core/reg_id_ex0_ctrl/pc[31]_i_42_n_0
                         LUT6 (Prop_lut6_I1_O)        0.105     5.333 f  u_soc_top/u_cpu/u_core/reg_id_ex0_ctrl/pc[31]_i_28/O
                         net (fo=1, unplaced)         0.347     5.680    u_soc_top/u_cpu/u_core/reg_id_ex0_ctrl/pc[31]_i_28_n_0
                         LUT6 (Prop_lut6_I0_O)        0.105     5.785 f  u_soc_top/u_cpu/u_core/reg_id_ex0_ctrl/pc[31]_i_16/O
                         net (fo=31, unplaced)        0.417     6.202    u_soc_top/u_cpu/u_core/if_stage/pc_stall_fetch
                         LUT6 (Prop_lut6_I5_O)        0.105     6.307 r  u_soc_top/u_cpu/u_core/if_stage/pc[10]_i_3/O
                         net (fo=8, unplaced)         0.385     6.692    u_soc_top/u_cpu/u_core/reg_id_ex0_ctrl/pc_reg[10]
                         LUT6 (Prop_lut6_I5_O)        0.105     6.797 r  u_soc_top/u_cpu/u_core/reg_id_ex0_ctrl/pc[10]_rep_i_1/O
                         net (fo=1, unplaced)         0.000     6.797    u_soc_top/u_cpu/u_core/reg_id_ex0_ctrl_n_322
                         FDRE                                         r  u_soc_top/u_cpu/u_core/pc_reg[10]_rep/D
  -------------------------------------------------------------------    -------------------

                         (clock cpu_clk rise edge)   10.000    10.000 r  
    K21                                               0.000    10.000 r  clk_50M (IN)
                         net (fo=0)                   0.000    10.000    u_soc_top/pll_clk.u_clk_pll/inst/clk_in1
    K21                  IBUF (Prop_ibuf_I_O)         1.328    11.328 r  u_soc_top/pll_clk.u_clk_pll/inst/clkin1_ibufg/O
                         net (fo=1, unplaced)         0.439    11.767    u_soc_top/pll_clk.u_clk_pll/inst/clk_in1_clk_pll
                         PLLE2_ADV (Prop_plle2_adv_CLKIN1_CLKOUT0)
                                                     -5.039     6.728 r  u_soc_top/pll_clk.u_clk_pll/inst/plle2_adv_inst/CLKOUT0
                         net (fo=1, unplaced)         0.613     7.341    u_soc_top/pll_clk.u_clk_pll/inst/cpu_clk_clk_pll
                         BUFG (Prop_bufg_I_O)         0.077     7.418 r  u_soc_top/pll_clk.u_clk_pll/inst/clkout1_buf/O
                         net (fo=5297, unplaced)      0.439     7.857    u_soc_top/u_cpu/u_core/cpu_clk
                         FDRE                                         r  u_soc_top/u_cpu/u_core/pc_reg[10]_rep/C
                         clock pessimism             -0.496     7.361    
                         clock uncertainty           -0.094     7.266    
                         FDRE (Setup_fdre_C_D)        0.029     7.295    u_soc_top/u_cpu/u_core/pc_reg[10]_rep
  -------------------------------------------------------------------
                         required time                          7.295    
                         arrival time                          -6.797    
  -------------------------------------------------------------------
                         slack                                  0.499    

Slack (MET) :             0.499ns  (required time - arrival time)
  Source:                 u_soc_top/u_cpu/u_core/fq_instr_reg[0][16]/C
                            (rising edge-triggered cell FDRE clocked by cpu_clk  {rise@0.000ns fall@5.000ns period=10.000ns})
  Destination:            u_soc_top/u_cpu/u_core/pc_reg[10]_rep/D
                            (rising edge-triggered cell FDRE clocked by cpu_clk  {rise@0.000ns fall@5.000ns period=10.000ns})
  Path Group:             cpu_clk
  Path Type:              Setup (Max at Slow Process Corner)
  Requirement:            10.000ns  (cpu_clk rise@10.000ns - cpu_clk rise@0.000ns)
  Data Path Delay:        9.291ns  (logic 3.954ns (42.557%)  route 5.337ns (57.443%))
  Logic Levels:           22  (CARRY4=8 LUT2=2 LUT4=1 LUT5=2 LUT6=9)
  Clock Path Skew:        -0.145ns (DCD - SCD + CPR)
    Destination Clock Delay (DCD):    -2.143ns = ( 7.857 - 10.000 ) 
    Source Clock Delay      (SCD):    -2.494ns
    Clock Pessimism Removal (CPR):    -0.496ns
  Clock Uncertainty:      0.094ns  ((TSJ^2 + DJ^2)^1/2) / 2 + PE
    Total System Jitter     (TSJ):    0.071ns
    Discrete Jitter          (DJ):    0.175ns
    Phase Error              (PE):    0.000ns

    Location             Delay type                Incr(ns)  Path(ns)    Netlist Resource(s)
  -------------------------------------------------------------------    -------------------
                         (clock cpu_clk rise edge)    0.000     0.000 r  
    K21                                               0.000     0.000 r  clk_50M (IN)
                         net (fo=0)                   0.000     0.000    u_soc_top/pll_clk.u_clk_pll/inst/clk_in1
    K21                  IBUF (Prop_ibuf_I_O)         1.394     1.394 r  u_soc_top/pll_clk.u_clk_pll/inst/clkin1_ibufg/O
                         net (fo=1, unplaced)         0.584     1.978    u_soc_top/pll_clk.u_clk_pll/inst/clk_in1_clk_pll
                         PLLE2_ADV (Prop_plle2_adv_CLKIN1_CLKOUT0)
                                                     -5.783    -3.805 r  u_soc_top/pll_clk.u_clk_pll/inst/plle2_adv_inst/CLKOUT0
                         net (fo=1, unplaced)         0.646    -3.159    u_soc_top/pll_clk.u_clk_pll/inst/cpu_clk_clk_pll
                         BUFG (Prop_bufg_I_O)         0.081    -3.078 r  u_soc_top/pll_clk.u_clk_pll/inst/clkout1_buf/O
                         net (fo=5297, unplaced)      0.584    -2.494    u_soc_top/u_cpu/u_core/cpu_clk
                         FDRE                                         r  u_soc_top/u_cpu/u_core/fq_instr_reg[0][16]/C
  -------------------------------------------------------------------    -------------------
                         FDRE (Prop_fdre_C_Q)         0.379    -2.115 f  u_soc_top/u_cpu/u_core/fq_instr_reg[0][16]/Q
                         net (fo=20, unplaced)        0.422    -1.693    u_soc_top/u_cpu/u_core/reg_id_ex0_data/data_out_reg[100]_0[16]
                         LUT2 (Prop_lut2_I0_O)        0.253    -1.440 r  u_soc_top/u_cpu/u_core/reg_id_ex0_data/data_out[14]_i_9/O
                         net (fo=3, unplaced)         0.365    -1.075    u_soc_top/u_cpu/u_core/reg_id_ex0_data/fq_instr_reg[0][16]
                         LUT6 (Prop_lut6_I2_O)        0.105    -0.970 r  u_soc_top/u_cpu/u_core/reg_id_ex0_data/data_out[87]_i_5/O
                         net (fo=1, unplaced)         0.347    -0.623    u_soc_top/u_cpu/u_core/reg_id_ex0_data/data_out[87]_i_5_n_0
                         LUT4 (Prop_lut4_I3_O)        0.105    -0.518 f  u_soc_top/u_cpu/u_core/reg_id_ex0_data/data_out[87]_i_4__1/O
                         net (fo=2, unplaced)         0.358    -0.160    u_soc_top/u_cpu/u_core/reg_id_ex0_data/data_out[87]_i_4__1_n_0
                         LUT5 (Prop_lut5_I4_O)        0.105    -0.055 r  u_soc_top/u_cpu/u_core/reg_id_ex0_data/data_out[3]_i_2__1/O
                         net (fo=2, unplaced)         0.358     0.303    u_soc_top/u_cpu/u_core/reg_id_ex0_data/data_out[3]_i_2__1_n_0
                         LUT6 (Prop_lut6_I2_O)        0.105     0.408 r  u_soc_top/u_cpu/u_core/reg_id_ex0_data/data_out[84]_i_2__1/O
                         net (fo=2, unplaced)         0.358     0.766    u_soc_top/u_cpu/u_core/reg_id_ex0_data/data_out[84]_i_2__1_n_0
                         LUT6 (Prop_lut6_I0_O)        0.105     0.871 r  u_soc_top/u_cpu/u_core/reg_id_ex0_data/data_out[84]_i_1__3/O
                         net (fo=3, unplaced)         0.365     1.236    u_soc_top/u_cpu/u_core/bp_unit/D[1]
                         LUT2 (Prop_lut2_I1_O)        0.105     1.341 r  u_soc_top/u_cpu/u_core/bp_unit/pc[3]_i_7/O
                         net (fo=1, unplaced)         0.000     1.341    u_soc_top/u_cpu/u_core/bp_unit/pc[3]_i_7_n_0
                         CARRY4 (Prop_carry4_S[1]_CO[3])
                                                      0.457     1.798 r  u_soc_top/u_cpu/u_core/bp_unit/pc_reg[3]_i_4/CO[3]
                         net (fo=1, unplaced)         0.000     1.798    u_soc_top/u_cpu/u_core/bp_unit/pc_reg[3]_i_4_n_0
                         CARRY4 (Prop_carry4_CI_CO[3])
                                                      0.098     1.896 r  u_soc_top/u_cpu/u_core/bp_unit/pc_reg[7]_i_4/CO[3]
                         net (fo=1, unplaced)         0.000     1.896    u_soc_top/u_cpu/u_core/bp_unit/pc_reg[7]_i_4_n_0
                         CARRY4 (Prop_carry4_CI_CO[3])
                                                      0.098     1.994 r  u_soc_top/u_cpu/u_core/bp_unit/pc_reg[11]_i_4/CO[3]
                         net (fo=1, unplaced)         0.000     1.994    u_soc_top/u_cpu/u_core/bp_unit/pc_reg[11]_i_4_n_0
                         CARRY4 (Prop_carry4_CI_CO[3])
                                                      0.098     2.092 r  u_soc_top/u_cpu/u_core/bp_unit/pc_reg[15]_i_4/CO[3]
                         net (fo=1, unplaced)         0.000     2.092    u_soc_top/u_cpu/u_core/bp_unit/pc_reg[15]_i_4_n_0
                         CARRY4 (Prop_carry4_CI_CO[3])
                                                      0.098     2.190 r  u_soc_top/u_cpu/u_core/bp_unit/pc_reg[19]_i_4/CO[3]
                         net (fo=1, unplaced)         0.000     2.190    u_soc_top/u_cpu/u_core/bp_unit/pc_reg[19]_i_4_n_0
                         CARRY4 (Prop_carry4_CI_O[3])
                                                      0.275     2.465 r  u_soc_top/u_cpu/u_core/bp_unit/pc_reg[23]_i_4/O[3]
                         net (fo=3, unplaced)         0.537     3.002    u_soc_top/u_cpu/u_core/bp_unit/bp_jump_pc[23]
                         LUT6 (Prop_lut6_I4_O)        0.250     3.252 r  u_soc_top/u_cpu/u_core/bp_unit/fq_pc[0][31]_i_18/O
                         net (fo=1, unplaced)         0.000     3.252    u_soc_top/u_cpu/u_core/hazard_ctrl/fq_pc_reg[0][31]_i_9_0[3]
                         CARRY4 (Prop_carry4_S[3]_CO[3])
                                                      0.332     3.584 f  u_soc_top/u_cpu/u_core/hazard_ctrl/fq_pc_reg[0][31]_i_13/CO[3]
                         net (fo=1, unplaced)         0.000     3.584    u_soc_top/u_cpu/u_core/hazard_ctrl/fq_pc_reg[0][31]_i_13_n_0
                         CARRY4 (Prop_carry4_CI_CO[2])
                                                      0.209     3.793 f  u_soc_top/u_cpu/u_core/hazard_ctrl/fq_pc_reg[0][31]_i_9/CO[2]
                         net (fo=2, unplaced)         0.360     4.153    u_soc_top/u_cpu/u_core/reg_id_ex0_ctrl/fq_valid_reg[0]_5[0]
                         LUT5 (Prop_lut5_I4_O)        0.252     4.405 f  u_soc_top/u_cpu/u_core/reg_id_ex0_ctrl/fq_instr[1][31]_i_11/O
                         net (fo=4, unplaced)         0.371     4.776    u_soc_top/u_cpu/u_core/reg_id_ex0_ctrl/fq_valid_reg[0]_1
                         LUT6 (Prop_lut6_I0_O)        0.105     4.881 f  u_soc_top/u_cpu/u_core/reg_id_ex0_ctrl/pc[31]_i_42/O
                         net (fo=1, unplaced)         0.347     5.228    u_soc_top/u_cpu/u_core/reg_id_ex0_ctrl/pc[31]_i_42_n_0
                         LUT6 (Prop_lut6_I1_O)        0.105     5.333 f  u_soc_top/u_cpu/u_core/reg_id_ex0_ctrl/pc[31]_i_28/O
                         net (fo=1, unplaced)         0.347     5.680    u_soc_top/u_cpu/u_core/reg_id_ex0_ctrl/pc[31]_i_28_n_0
                         LUT6 (Prop_lut6_I0_O)        0.105     5.785 f  u_soc_top/u_cpu/u_core/reg_id_ex0_ctrl/pc[31]_i_16/O
                         net (fo=31, unplaced)        0.417     6.202    u_soc_top/u_cpu/u_core/if_stage/pc_stall_fetch
                         LUT6 (Prop_lut6_I5_O)        0.105     6.307 r  u_soc_top/u_cpu/u_core/if_stage/pc[10]_i_3/O
                         net (fo=8, unplaced)         0.385     6.692    u_soc_top/u_cpu/u_core/reg_id_ex0_ctrl/pc_reg[10]
                         LUT6 (Prop_lut6_I5_O)        0.105     6.797 r  u_soc_top/u_cpu/u_core/reg_id_ex0_ctrl/pc[10]_rep_i_1/O
                         net (fo=1, unplaced)         0.000     6.797    u_soc_top/u_cpu/u_core/reg_id_ex0_ctrl_n_322
                         FDRE                                         r  u_soc_top/u_cpu/u_core/pc_reg[10]_rep/D
  -------------------------------------------------------------------    -------------------

                         (clock cpu_clk rise edge)   10.000    10.000 r  
    K21                                               0.000    10.000 r  clk_50M (IN)
                         net (fo=0)                   0.000    10.000    u_soc_top/pll_clk.u_clk_pll/inst/clk_in1
    K21                  IBUF (Prop_ibuf_I_O)         1.328    11.328 r  u_soc_top/pll_clk.u_clk_pll/inst/clkin1_ibufg/O
                         net (fo=1, unplaced)         0.439    11.767    u_soc_top/pll_clk.u_clk_pll/inst/clk_in1_clk_pll
                         PLLE2_ADV (Prop_plle2_adv_CLKIN1_CLKOUT0)
                                                     -5.039     6.728 r  u_soc_top/pll_clk.u_clk_pll/inst/plle2_adv_inst/CLKOUT0
                         net (fo=1, unplaced)         0.613     7.341    u_soc_top/pll_clk.u_clk_pll/inst/cpu_clk_clk_pll
                         BUFG (Prop_bufg_I_O)         0.077     7.418 r  u_soc_top/pll_clk.u_clk_pll/inst/clkout1_buf/O
                         net (fo=5297, unplaced)      0.439     7.857    u_soc_top/u_cpu/u_core/cpu_clk
                         FDRE                                         r  u_soc_top/u_cpu/u_core/pc_reg[10]_rep/C
                         clock pessimism             -0.496     7.361    
                         clock uncertainty           -0.094     7.266    
                         FDRE (Setup_fdre_C_D)        0.029     7.295    u_soc_top/u_cpu/u_core/pc_reg[10]_rep
  -------------------------------------------------------------------
                         required time                          7.295    
                         arrival time                          -6.797    
  -------------------------------------------------------------------
                         slack                                  0.499    

Slack (MET) :             0.499ns  (required time - arrival time)
  Source:                 u_soc_top/u_cpu/u_core/fq_instr_reg[0][16]/C
                            (rising edge-triggered cell FDRE clocked by cpu_clk  {rise@0.000ns fall@5.000ns period=10.000ns})
  Destination:            u_soc_top/u_cpu/u_core/pc_reg[10]_rep/D
                            (rising edge-triggered cell FDRE clocked by cpu_clk  {rise@0.000ns fall@5.000ns period=10.000ns})
  Path Group:             cpu_clk
  Path Type:              Setup (Max at Slow Process Corner)
  Requirement:            10.000ns  (cpu_clk rise@10.000ns - cpu_clk rise@0.000ns)
  Data Path Delay:        9.291ns  (logic 3.954ns (42.557%)  route 5.337ns (57.443%))
  Logic Levels:           22  (CARRY4=8 LUT2=2 LUT4=1 LUT5=2 LUT6=9)
  Clock Path Skew:        -0.145ns (DCD - SCD + CPR)
    Destination Clock Delay (DCD):    -2.143ns = ( 7.857 - 10.000 ) 
    Source Clock Delay      (SCD):    -2.494ns
    Clock Pessimism Removal (CPR):    -0.496ns
  Clock Uncertainty:      0.094ns  ((TSJ^2 + DJ^2)^1/2) / 2 + PE
    Total System Jitter     (TSJ):    0.071ns
    Discrete Jitter          (DJ):    0.175ns
    Phase Error              (PE):    0.000ns

    Location             Delay type                Incr(ns)  Path(ns)    Netlist Resource(s)
  -------------------------------------------------------------------    -------------------
                         (clock cpu_clk rise edge)    0.000     0.000 r  
    K21                                               0.000     0.000 r  clk_50M (IN)
                         net (fo=0)                   0.000     0.000    u_soc_top/pll_clk.u_clk_pll/inst/clk_in1
    K21                  IBUF (Prop_ibuf_I_O)         1.394     1.394 r  u_soc_top/pll_clk.u_clk_pll/inst/clkin1_ibufg/O
                         net (fo=1, unplaced)         0.584     1.978    u_soc_top/pll_clk.u_clk_pll/inst/clk_in1_clk_pll
                         PLLE2_ADV (Prop_plle2_adv_CLKIN1_CLKOUT0)
                                                     -5.783    -3.805 r  u_soc_top/pll_clk.u_clk_pll/inst/plle2_adv_inst/CLKOUT0
                         net (fo=1, unplaced)         0.646    -3.159    u_soc_top/pll_clk.u_clk_pll/inst/cpu_clk_clk_pll
                         BUFG (Prop_bufg_I_O)         0.081    -3.078 r  u_soc_top/pll_clk.u_clk_pll/inst/clkout1_buf/O
                         net (fo=5297, unplaced)      0.584    -2.494    u_soc_top/u_cpu/u_core/cpu_clk
                         FDRE                                         r  u_soc_top/u_cpu/u_core/fq_instr_reg[0][16]/C
  -------------------------------------------------------------------    -------------------
                         FDRE (Prop_fdre_C_Q)         0.379    -2.115 f  u_soc_top/u_cpu/u_core/fq_instr_reg[0][16]/Q
                         net (fo=20, unplaced)        0.422    -1.693    u_soc_top/u_cpu/u_core/reg_id_ex0_data/data_out_reg[100]_0[16]
                         LUT2 (Prop_lut2_I0_O)        0.253    -1.440 r  u_soc_top/u_cpu/u_core/reg_id_ex0_data/data_out[14]_i_9/O
                         net (fo=3, unplaced)         0.365    -1.075    u_soc_top/u_cpu/u_core/reg_id_ex0_data/fq_instr_reg[0][16]
                         LUT6 (Prop_lut6_I2_O)        0.105    -0.970 r  u_soc_top/u_cpu/u_core/reg_id_ex0_data/data_out[87]_i_5/O
                         net (fo=1, unplaced)         0.347    -0.623    u_soc_top/u_cpu/u_core/reg_id_ex0_data/data_out[87]_i_5_n_0
                         LUT4 (Prop_lut4_I3_O)        0.105    -0.518 f  u_soc_top/u_cpu/u_core/reg_id_ex0_data/data_out[87]_i_4__1/O
                         net (fo=2, unplaced)         0.358    -0.160    u_soc_top/u_cpu/u_core/reg_id_ex0_data/data_out[87]_i_4__1_n_0
                         LUT5 (Prop_lut5_I4_O)        0.105    -0.055 r  u_soc_top/u_cpu/u_core/reg_id_ex0_data/data_out[3]_i_2__1/O
                         net (fo=2, unplaced)         0.358     0.303    u_soc_top/u_cpu/u_core/reg_id_ex0_data/data_out[3]_i_2__1_n_0
                         LUT6 (Prop_lut6_I2_O)        0.105     0.408 r  u_soc_top/u_cpu/u_core/reg_id_ex0_data/data_out[84]_i_2__1/O
                         net (fo=2, unplaced)         0.358     0.766    u_soc_top/u_cpu/u_core/reg_id_ex0_data/data_out[84]_i_2__1_n_0
                         LUT6 (Prop_lut6_I0_O)        0.105     0.871 r  u_soc_top/u_cpu/u_core/reg_id_ex0_data/data_out[84]_i_1__3/O
                         net (fo=3, unplaced)         0.365     1.236    u_soc_top/u_cpu/u_core/bp_unit/D[1]
                         LUT2 (Prop_lut2_I1_O)        0.105     1.341 r  u_soc_top/u_cpu/u_core/bp_unit/pc[3]_i_7/O
                         net (fo=1, unplaced)         0.000     1.341    u_soc_top/u_cpu/u_core/bp_unit/pc[3]_i_7_n_0
                         CARRY4 (Prop_carry4_S[1]_CO[3])
                                                      0.457     1.798 r  u_soc_top/u_cpu/u_core/bp_unit/pc_reg[3]_i_4/CO[3]
                         net (fo=1, unplaced)         0.000     1.798    u_soc_top/u_cpu/u_core/bp_unit/pc_reg[3]_i_4_n_0
                         CARRY4 (Prop_carry4_CI_CO[3])
                                                      0.098     1.896 r  u_soc_top/u_cpu/u_core/bp_unit/pc_reg[7]_i_4/CO[3]
                         net (fo=1, unplaced)         0.000     1.896    u_soc_top/u_cpu/u_core/bp_unit/pc_reg[7]_i_4_n_0
                         CARRY4 (Prop_carry4_CI_CO[3])
                                                      0.098     1.994 r  u_soc_top/u_cpu/u_core/bp_unit/pc_reg[11]_i_4/CO[3]
                         net (fo=1, unplaced)         0.000     1.994    u_soc_top/u_cpu/u_core/bp_unit/pc_reg[11]_i_4_n_0
                         CARRY4 (Prop_carry4_CI_CO[3])
                                                      0.098     2.092 r  u_soc_top/u_cpu/u_core/bp_unit/pc_reg[15]_i_4/CO[3]
                         net (fo=1, unplaced)         0.000     2.092    u_soc_top/u_cpu/u_core/bp_unit/pc_reg[15]_i_4_n_0
                         CARRY4 (Prop_carry4_CI_CO[3])
                                                      0.098     2.190 r  u_soc_top/u_cpu/u_core/bp_unit/pc_reg[19]_i_4/CO[3]
                         net (fo=1, unplaced)         0.000     2.190    u_soc_top/u_cpu/u_core/bp_unit/pc_reg[19]_i_4_n_0
                         CARRY4 (Prop_carry4_CI_O[3])
                                                      0.275     2.465 f  u_soc_top/u_cpu/u_core/bp_unit/pc_reg[23]_i_4/O[3]
                         net (fo=3, unplaced)         0.537     3.002    u_soc_top/u_cpu/u_core/bp_unit/bp_jump_pc[23]
                         LUT6 (Prop_lut6_I4_O)        0.250     3.252 r  u_soc_top/u_cpu/u_core/bp_unit/fq_pc[0][31]_i_18/O
                         net (fo=1, unplaced)         0.000     3.252    u_soc_top/u_cpu/u_core/hazard_ctrl/fq_pc_reg[0][31]_i_9_0[3]
                         CARRY4 (Prop_carry4_S[3]_CO[3])
                                                      0.332     3.584 f  u_soc_top/u_cpu/u_core/hazard_ctrl/fq_pc_reg[0][31]_i_13/CO[3]
                         net (fo=1, unplaced)         0.000     3.584    u_soc_top/u_cpu/u_core/hazard_ctrl/fq_pc_reg[0][31]_i_13_n_0
                         CARRY4 (Prop_carry4_CI_CO[2])
                                                      0.209     3.793 f  u_soc_top/u_cpu/u_core/hazard_ctrl/fq_pc_reg[0][31]_i_9/CO[2]
                         net (fo=2, unplaced)         0.360     4.153    u_soc_top/u_cpu/u_core/reg_id_ex0_ctrl/fq_valid_reg[0]_5[0]
                         LUT5 (Prop_lut5_I4_O)        0.252     4.405 f  u_soc_top/u_cpu/u_core/reg_id_ex0_ctrl/fq_instr[1][31]_i_11/O
                         net (fo=4, unplaced)         0.371     4.776    u_soc_top/u_cpu/u_core/reg_id_ex0_ctrl/fq_valid_reg[0]_1
                         LUT6 (Prop_lut6_I0_O)        0.105     4.881 f  u_soc_top/u_cpu/u_core/reg_id_ex0_ctrl/pc[31]_i_42/O
                         net (fo=1, unplaced)         0.347     5.228    u_soc_top/u_cpu/u_core/reg_id_ex0_ctrl/pc[31]_i_42_n_0
                         LUT6 (Prop_lut6_I1_O)        0.105     5.333 f  u_soc_top/u_cpu/u_core/reg_id_ex0_ctrl/pc[31]_i_28/O
                         net (fo=1, unplaced)         0.347     5.680    u_soc_top/u_cpu/u_core/reg_id_ex0_ctrl/pc[31]_i_28_n_0
                         LUT6 (Prop_lut6_I0_O)        0.105     5.785 f  u_soc_top/u_cpu/u_core/reg_id_ex0_ctrl/pc[31]_i_16/O
                         net (fo=31, unplaced)        0.417     6.202    u_soc_top/u_cpu/u_core/if_stage/pc_stall_fetch
                         LUT6 (Prop_lut6_I5_O)        0.105     6.307 r  u_soc_top/u_cpu/u_core/if_stage/pc[10]_i_3/O
                         net (fo=8, unplaced)         0.385     6.692    u_soc_top/u_cpu/u_core/reg_id_ex0_ctrl/pc_reg[10]
                         LUT6 (Prop_lut6_I5_O)        0.105     6.797 r  u_soc_top/u_cpu/u_core/reg_id_ex0_ctrl/pc[10]_rep_i_1/O
                         net (fo=1, unplaced)         0.000     6.797    u_soc_top/u_cpu/u_core/reg_id_ex0_ctrl_n_322
                         FDRE                                         r  u_soc_top/u_cpu/u_core/pc_reg[10]_rep/D
  -------------------------------------------------------------------    -------------------

                         (clock cpu_clk rise edge)   10.000    10.000 r  
    K21                                               0.000    10.000 r  clk_50M (IN)
                         net (fo=0)                   0.000    10.000    u_soc_top/pll_clk.u_clk_pll/inst/clk_in1
    K21                  IBUF (Prop_ibuf_I_O)         1.328    11.328 r  u_soc_top/pll_clk.u_clk_pll/inst/clkin1_ibufg/O
                         net (fo=1, unplaced)         0.439    11.767    u_soc_top/pll_clk.u_clk_pll/inst/clk_in1_clk_pll
                         PLLE2_ADV (Prop_plle2_adv_CLKIN1_CLKOUT0)
                                                     -5.039     6.728 r  u_soc_top/pll_clk.u_clk_pll/inst/plle2_adv_inst/CLKOUT0
                         net (fo=1, unplaced)         0.613     7.341    u_soc_top/pll_clk.u_clk_pll/inst/cpu_clk_clk_pll
                         BUFG (Prop_bufg_I_O)         0.077     7.418 r  u_soc_top/pll_clk.u_clk_pll/inst/clkout1_buf/O
                         net (fo=5297, unplaced)      0.439     7.857    u_soc_top/u_cpu/u_core/cpu_clk
                         FDRE                                         r  u_soc_top/u_cpu/u_core/pc_reg[10]_rep/C
                         clock pessimism             -0.496     7.361    
                         clock uncertainty           -0.094     7.266    
                         FDRE (Setup_fdre_C_D)        0.029     7.295    u_soc_top/u_cpu/u_core/pc_reg[10]_rep
  -------------------------------------------------------------------
                         required time                          7.295    
                         arrival time                          -6.797    
  -------------------------------------------------------------------
                         slack                                  0.499    

Slack (MET) :             0.499ns  (required time - arrival time)
  Source:                 u_soc_top/u_cpu/u_core/fq_instr_reg[0][16]/C
                            (rising edge-triggered cell FDRE clocked by cpu_clk  {rise@0.000ns fall@5.000ns period=10.000ns})
  Destination:            u_soc_top/u_cpu/u_core/pc_reg[10]_rep/D
                            (rising edge-triggered cell FDRE clocked by cpu_clk  {rise@0.000ns fall@5.000ns period=10.000ns})
  Path Group:             cpu_clk
  Path Type:              Setup (Max at Slow Process Corner)
  Requirement:            10.000ns  (cpu_clk rise@10.000ns - cpu_clk rise@0.000ns)
  Data Path Delay:        9.291ns  (logic 3.954ns (42.557%)  route 5.337ns (57.443%))
  Logic Levels:           22  (CARRY4=8 LUT2=2 LUT4=1 LUT5=2 LUT6=9)
  Clock Path Skew:        -0.145ns (DCD - SCD + CPR)
    Destination Clock Delay (DCD):    -2.143ns = ( 7.857 - 10.000 ) 
    Source Clock Delay      (SCD):    -2.494ns
    Clock Pessimism Removal (CPR):    -0.496ns
  Clock Uncertainty:      0.094ns  ((TSJ^2 + DJ^2)^1/2) / 2 + PE
    Total System Jitter     (TSJ):    0.071ns
    Discrete Jitter          (DJ):    0.175ns
    Phase Error              (PE):    0.000ns

    Location             Delay type                Incr(ns)  Path(ns)    Netlist Resource(s)
  -------------------------------------------------------------------    -------------------
                         (clock cpu_clk rise edge)    0.000     0.000 r  
    K21                                               0.000     0.000 r  clk_50M (IN)
                         net (fo=0)                   0.000     0.000    u_soc_top/pll_clk.u_clk_pll/inst/clk_in1
    K21                  IBUF (Prop_ibuf_I_O)         1.394     1.394 r  u_soc_top/pll_clk.u_clk_pll/inst/clkin1_ibufg/O
                         net (fo=1, unplaced)         0.584     1.978    u_soc_top/pll_clk.u_clk_pll/inst/clk_in1_clk_pll
                         PLLE2_ADV (Prop_plle2_adv_CLKIN1_CLKOUT0)
                                                     -5.783    -3.805 r  u_soc_top/pll_clk.u_clk_pll/inst/plle2_adv_inst/CLKOUT0
                         net (fo=1, unplaced)         0.646    -3.159    u_soc_top/pll_clk.u_clk_pll/inst/cpu_clk_clk_pll
                         BUFG (Prop_bufg_I_O)         0.081    -3.078 r  u_soc_top/pll_clk.u_clk_pll/inst/clkout1_buf/O
                         net (fo=5297, unplaced)      0.584    -2.494    u_soc_top/u_cpu/u_core/cpu_clk
                         FDRE                                         r  u_soc_top/u_cpu/u_core/fq_instr_reg[0][16]/C
  -------------------------------------------------------------------    -------------------
                         FDRE (Prop_fdre_C_Q)         0.379    -2.115 f  u_soc_top/u_cpu/u_core/fq_instr_reg[0][16]/Q
                         net (fo=20, unplaced)        0.422    -1.693    u_soc_top/u_cpu/u_core/reg_id_ex0_data/data_out_reg[100]_0[16]
                         LUT2 (Prop_lut2_I0_O)        0.253    -1.440 r  u_soc_top/u_cpu/u_core/reg_id_ex0_data/data_out[14]_i_9/O
                         net (fo=3, unplaced)         0.365    -1.075    u_soc_top/u_cpu/u_core/reg_id_ex0_data/fq_instr_reg[0][16]
                         LUT6 (Prop_lut6_I2_O)        0.105    -0.970 r  u_soc_top/u_cpu/u_core/reg_id_ex0_data/data_out[87]_i_5/O
                         net (fo=1, unplaced)         0.347    -0.623    u_soc_top/u_cpu/u_core/reg_id_ex0_data/data_out[87]_i_5_n_0
                         LUT4 (Prop_lut4_I3_O)        0.105    -0.518 f  u_soc_top/u_cpu/u_core/reg_id_ex0_data/data_out[87]_i_4__1/O
                         net (fo=2, unplaced)         0.358    -0.160    u_soc_top/u_cpu/u_core/reg_id_ex0_data/data_out[87]_i_4__1_n_0
                         LUT5 (Prop_lut5_I4_O)        0.105    -0.055 r  u_soc_top/u_cpu/u_core/reg_id_ex0_data/data_out[3]_i_2__1/O
                         net (fo=2, unplaced)         0.358     0.303    u_soc_top/u_cpu/u_core/reg_id_ex0_data/data_out[3]_i_2__1_n_0
                         LUT6 (Prop_lut6_I2_O)        0.105     0.408 r  u_soc_top/u_cpu/u_core/reg_id_ex0_data/data_out[84]_i_2__1/O
                         net (fo=2, unplaced)         0.358     0.766    u_soc_top/u_cpu/u_core/reg_id_ex0_data/data_out[84]_i_2__1_n_0
                         LUT6 (Prop_lut6_I0_O)        0.105     0.871 r  u_soc_top/u_cpu/u_core/reg_id_ex0_data/data_out[84]_i_1__3/O
                         net (fo=3, unplaced)         0.365     1.236    u_soc_top/u_cpu/u_core/bp_unit/D[1]
                         LUT2 (Prop_lut2_I1_O)        0.105     1.341 r  u_soc_top/u_cpu/u_core/bp_unit/pc[3]_i_7/O
                         net (fo=1, unplaced)         0.000     1.341    u_soc_top/u_cpu/u_core/bp_unit/pc[3]_i_7_n_0
                         CARRY4 (Prop_carry4_S[1]_CO[3])
                                                      0.457     1.798 r  u_soc_top/u_cpu/u_core/bp_unit/pc_reg[3]_i_4/CO[3]
                         net (fo=1, unplaced)         0.000     1.798    u_soc_top/u_cpu/u_core/bp_unit/pc_reg[3]_i_4_n_0
                         CARRY4 (Prop_carry4_CI_CO[3])
                                                      0.098     1.896 r  u_soc_top/u_cpu/u_core/bp_unit/pc_reg[7]_i_4/CO[3]
                         net (fo=1, unplaced)         0.000     1.896    u_soc_top/u_cpu/u_core/bp_unit/pc_reg[7]_i_4_n_0
                         CARRY4 (Prop_carry4_CI_CO[3])
                                                      0.098     1.994 r  u_soc_top/u_cpu/u_core/bp_unit/pc_reg[11]_i_4/CO[3]
                         net (fo=1, unplaced)         0.000     1.994    u_soc_top/u_cpu/u_core/bp_unit/pc_reg[11]_i_4_n_0
                         CARRY4 (Prop_carry4_CI_CO[3])
                                                      0.098     2.092 r  u_soc_top/u_cpu/u_core/bp_unit/pc_reg[15]_i_4/CO[3]
                         net (fo=1, unplaced)         0.000     2.092    u_soc_top/u_cpu/u_core/bp_unit/pc_reg[15]_i_4_n_0
                         CARRY4 (Prop_carry4_CI_CO[3])
                                                      0.098     2.190 r  u_soc_top/u_cpu/u_core/bp_unit/pc_reg[19]_i_4/CO[3]
                         net (fo=1, unplaced)         0.000     2.190    u_soc_top/u_cpu/u_core/bp_unit/pc_reg[19]_i_4_n_0
                         CARRY4 (Prop_carry4_CI_O[3])
                                                      0.275     2.465 r  u_soc_top/u_cpu/u_core/bp_unit/pc_reg[23]_i_4/O[3]
                         net (fo=3, unplaced)         0.537     3.002    u_soc_top/u_cpu/u_core/bp_unit/bp_jump_pc[23]
                         LUT6 (Prop_lut6_I4_O)        0.250     3.252 f  u_soc_top/u_cpu/u_core/bp_unit/fq_pc[0][31]_i_18/O
                         net (fo=1, unplaced)         0.000     3.252    u_soc_top/u_cpu/u_core/hazard_ctrl/fq_pc_reg[0][31]_i_9_0[3]
                         CARRY4 (Prop_carry4_S[3]_CO[3])
                                                      0.332     3.584 f  u_soc_top/u_cpu/u_core/hazard_ctrl/fq_pc_reg[0][31]_i_13/CO[3]
                         net (fo=1, unplaced)         0.000     3.584    u_soc_top/u_cpu/u_core/hazard_ctrl/fq_pc_reg[0][31]_i_13_n_0
                         CARRY4 (Prop_carry4_CI_CO[2])
                                                      0.209     3.793 f  u_soc_top/u_cpu/u_core/hazard_ctrl/fq_pc_reg[0][31]_i_9/CO[2]
                         net (fo=2, unplaced)         0.360     4.153    u_soc_top/u_cpu/u_core/reg_id_ex0_ctrl/fq_valid_reg[0]_5[0]
                         LUT5 (Prop_lut5_I4_O)        0.252     4.405 f  u_soc_top/u_cpu/u_core/reg_id_ex0_ctrl/fq_instr[1][31]_i_11/O
                         net (fo=4, unplaced)         0.371     4.776    u_soc_top/u_cpu/u_core/reg_id_ex0_ctrl/fq_valid_reg[0]_1
                         LUT6 (Prop_lut6_I0_O)        0.105     4.881 f  u_soc_top/u_cpu/u_core/reg_id_ex0_ctrl/pc[31]_i_42/O
                         net (fo=1, unplaced)         0.347     5.228    u_soc_top/u_cpu/u_core/reg_id_ex0_ctrl/pc[31]_i_42_n_0
                         LUT6 (Prop_lut6_I1_O)        0.105     5.333 f  u_soc_top/u_cpu/u_core/reg_id_ex0_ctrl/pc[31]_i_28/O
                         net (fo=1, unplaced)         0.347     5.680    u_soc_top/u_cpu/u_core/reg_id_ex0_ctrl/pc[31]_i_28_n_0
                         LUT6 (Prop_lut6_I0_O)        0.105     5.785 f  u_soc_top/u_cpu/u_core/reg_id_ex0_ctrl/pc[31]_i_16/O
                         net (fo=31, unplaced)        0.417     6.202    u_soc_top/u_cpu/u_core/if_stage/pc_stall_fetch
                         LUT6 (Prop_lut6_I5_O)        0.105     6.307 r  u_soc_top/u_cpu/u_core/if_stage/pc[10]_i_3/O
                         net (fo=8, unplaced)         0.385     6.692    u_soc_top/u_cpu/u_core/reg_id_ex0_ctrl/pc_reg[10]
                         LUT6 (Prop_lut6_I5_O)        0.105     6.797 r  u_soc_top/u_cpu/u_core/reg_id_ex0_ctrl/pc[10]_rep_i_1/O
                         net (fo=1, unplaced)         0.000     6.797    u_soc_top/u_cpu/u_core/reg_id_ex0_ctrl_n_322
                         FDRE                                         r  u_soc_top/u_cpu/u_core/pc_reg[10]_rep/D
  -------------------------------------------------------------------    -------------------

                         (clock cpu_clk rise edge)   10.000    10.000 r  
    K21                                               0.000    10.000 r  clk_50M (IN)
                         net (fo=0)                   0.000    10.000    u_soc_top/pll_clk.u_clk_pll/inst/clk_in1
    K21                  IBUF (Prop_ibuf_I_O)         1.328    11.328 r  u_soc_top/pll_clk.u_clk_pll/inst/clkin1_ibufg/O
                         net (fo=1, unplaced)         0.439    11.767    u_soc_top/pll_clk.u_clk_pll/inst/clk_in1_clk_pll
                         PLLE2_ADV (Prop_plle2_adv_CLKIN1_CLKOUT0)
                                                     -5.039     6.728 r  u_soc_top/pll_clk.u_clk_pll/inst/plle2_adv_inst/CLKOUT0
                         net (fo=1, unplaced)         0.613     7.341    u_soc_top/pll_clk.u_clk_pll/inst/cpu_clk_clk_pll
                         BUFG (Prop_bufg_I_O)         0.077     7.418 r  u_soc_top/pll_clk.u_clk_pll/inst/clkout1_buf/O
                         net (fo=5297, unplaced)      0.439     7.857    u_soc_top/u_cpu/u_core/cpu_clk
                         FDRE                                         r  u_soc_top/u_cpu/u_core/pc_reg[10]_rep/C
                         clock pessimism             -0.496     7.361    
                         clock uncertainty           -0.094     7.266    
                         FDRE (Setup_fdre_C_D)        0.029     7.295    u_soc_top/u_cpu/u_core/pc_reg[10]_rep
  -------------------------------------------------------------------
                         required time                          7.295    
                         arrival time                          -6.797    
  -------------------------------------------------------------------
                         slack                                  0.499    




